date,TwitSIX
2015-01-01,0.5855485588559668
2015-01-02,0.5608542718423025
2015-01-03,0.5625504756272647
2015-01-04,0.558479183490851
2015-01-05,0.5478148949402342
2015-01-06,0.5513904582893834
2015-01-07,0.5491484294201013
2015-01-08,0.5491878833883229
2015-01-09,0.5533139636595346
2015-01-10,0.5628223557636041
2015-01-11,0.5600408347527279
2015-01-12,0.5539309903814131
2015-01-13,0.5501790961489151
2015-01-14,0.5527131395471783
2015-01-15,0.5526718271629482
2015-01-16,0.5583020362362442
2015-01-17,0.5648885596159396
2015-01-18,0.5606252856394258
2015-01-19,0.5529016757977654
2015-01-20,0.5514297814375988
2015-01-21,0.547192804592726
2015-01-22,0.5460987107129741
2015-01-23,0.5524077405082536
2015-01-24,0.5610692438449701
2015-01-25,0.55877294774071
2015-01-26,0.5455824438871183
2015-01-27,0.5443834103059393
2015-01-28,0.5479677451729441
2015-01-29,0.5485287912337581
2015-01-30,0.5528863751552449
2015-01-31,0.5627842323927023
2015-02-01,0.5658332327811043
2015-02-02,0.5476138000568002
2015-02-03,0.5515083441470894
2015-02-04,0.5521308714196296
2015-02-05,0.5526087553492477
2015-02-06,0.5564791396110346
2015-02-07,0.5641925668512572
2015-02-08,0.5606348074469292
2015-02-09,0.552170370161292
2015-02-10,0.5504179823371097
2015-02-11,0.5525560295971211
2015-02-12,0.5532585523603828
2015-02-13,0.5608530976864231
2015-02-14,0.5794547479085226
2015-02-15,0.5658168334546083
2015-02-16,0.5520012989309772
2015-02-17,0.5503062390694011
2015-02-18,0.5484584028735943
2015-02-19,0.5507183356657567
2015-02-20,0.5567275571751741
2015-02-21,0.5616117777437815
2015-02-22,0.5596406114185215
2015-02-23,0.5526234533508265
2015-02-24,0.5491571929923329
2015-02-25,0.5515566869164755
2015-02-26,0.551202945504976
2015-02-27,0.5552888955785605
2015-02-28,0.5656584459570019
2015-03-01,0.5659235207165983
2015-03-02,0.5490986685287739
2015-03-03,0.5500327298238615
2015-03-04,0.5514853494348598
2015-03-05,0.551824375901443
2015-03-06,0.5569025419879409
2015-03-07,0.56671683264057
2015-03-08,0.5703302267091525
2015-03-09,0.5483527381280537
2015-03-10,0.5494195038358495
2015-03-11,0.5505123372146328
2015-03-12,0.5544139765485684
2015-03-13,0.5609427600282695
2015-03-14,0.5676165031066552
2015-03-15,0.5632818548659556
2015-03-16,0.5503831309675573
2015-03-17,0.5540858537764576
2015-03-18,0.5540374352192524
2015-03-19,0.5540772043111389
2015-03-20,0.5595485244996171
2015-03-21,0.5678266374567266
2015-03-22,0.5628385693986547
2015-03-23,0.5515832197414088
2015-03-24,0.5531186031516044
2015-03-25,0.547355961258086
2015-03-26,0.5511367275177252
2015-03-27,0.5631457181375198
2015-03-28,0.5665846217164093
2015-03-29,0.5648845649009366
2015-03-30,0.5535555139303275
2015-03-31,0.5546039825792494
2015-04-01,0.5558485762964922
2015-04-02,0.5585731293017214
2015-04-03,0.563785872412353
2015-04-04,0.5655412517290981
2015-04-05,0.569583551743517
2015-04-06,0.5538186154783087
2015-04-07,0.551931888931618
2015-04-08,0.5527934069143652
2015-04-09,0.5527498224820774
2015-04-10,0.5562646764002328
2015-04-11,0.5677082587194807
2015-04-12,0.5653026074481441
2015-04-13,0.5511609805189089
2015-04-14,0.5487528007160135
2015-04-15,0.5494985791253417
2015-04-16,0.5522679463052251
2015-04-17,0.5566740926411419
2015-04-18,0.5643547401538107
2015-04-19,0.5582456752794385
2015-04-20,0.5481633663544355
2015-04-21,0.5493540570273077
2015-04-22,0.5493907983224207
2015-04-23,0.5525455201783432
2015-04-24,0.5540204584648489
2015-04-25,0.5624336743976743
2015-04-26,0.5592625881492469
2015-04-27,0.5459080331716957
2015-04-28,0.576871990019036
2015-04-29,0.5833618154349803
2015-04-30,0.586445392097454
2015-05-01,0.6007652294137489
2015-05-02,0.6027479058316183
2015-05-03,0.6017393570014975
2015-05-04,0.5887482715472976
2015-05-05,0.5880896995163898
2015-05-06,0.5876503052233448
2015-05-07,0.5858166407880457
2015-05-08,0.5931873722761022
2015-05-09,0.6087022530890127
2015-05-10,0.6119494607815884
2015-05-11,0.5851861007933478
2015-05-12,0.5854026456416273
2015-05-13,0.5883861110020386
2015-05-14,0.5940607085653615
2015-05-15,0.5953250646207152
2015-05-16,0.6116722884057436
2015-05-17,0.6067688164710674
2015-05-18,0.5869581535858113
2015-05-19,0.5883722440771517
2015-05-20,0.5907701718587998
2015-05-21,0.5938572056242196
2015-05-22,0.6004251382963038
2015-05-23,0.6140203602145944
2015-05-24,0.6115190392309718
2015-05-25,0.5957693655167393
2015-05-26,0.5874004675936301
2015-05-27,0.589518809033826
2015-05-28,0.594488284324418
2015-05-29,0.6004918053621389
2015-05-30,0.6139809116496454
2015-05-31,0.6119608618650024
2015-06-01,0.5962420462941815
2015-06-02,0.5953465692997554
2015-06-03,0.593731969126792
2015-06-04,0.5970411062340499
2015-06-05,0.6004559803847818
2015-06-06,0.6140380865750853
2015-06-07,0.6119729120257311
2015-06-08,0.593300024989839
2015-06-09,0.5934033094671227
2015-06-10,0.5936489434072496
2015-06-11,0.59776347764094
2015-06-12,0.6068099943107577
2015-06-13,0.6184849205133877
2015-06-14,0.6132821198056172
2015-06-15,0.5944628109992034
2015-06-16,0.5951682267484075
2015-06-17,0.5992077925440198
2015-06-18,0.5985189344749666
2015-06-19,0.6029403768448123
2015-06-20,0.6161423218321143
2015-06-21,0.6195794320356753
2015-06-22,0.5967414673379631
2015-06-23,0.5949391169451782
2015-06-24,0.5990114778351704
2015-06-25,0.6048438750894087
2015-06-26,0.6142133493712841
2015-06-27,0.6236789783735044
2015-06-28,0.6227889058149163
2015-06-29,0.6066805910103983
2015-06-30,0.6055968880329652
2015-07-01,0.6070762331020483
2015-07-02,0.6071881086046443
2015-07-03,0.612367035351775
2015-07-04,0.6226100341892022
2015-07-05,0.6222958625812284
2015-07-06,0.6037466209907241
2015-07-07,0.6025523662661947
2015-07-08,0.6029193842023846
2015-07-09,0.6069641900194819
2015-07-10,0.6106609037976382
2015-07-11,0.6219122154937975
2015-07-12,0.6192408117499482
2015-07-13,0.604474008325587
2015-07-14,0.6050737362926296
2015-07-15,0.6075386594728277
2015-07-16,0.609483079547152
2015-07-17,0.6183159455621816
2015-07-18,0.6215933627817142
2015-07-19,0.622086435130169
2015-07-20,0.6126641709096177
2015-07-21,0.6096910827417709
2015-07-22,0.6101041236393816
2015-07-23,0.6103678409505843
2015-07-24,0.6143925539169218
2015-07-25,0.624665593140413
2015-07-26,0.6229846290439386
2015-07-27,0.606692074136748
2015-07-28,0.6060438324656686
2015-07-29,0.6087604557783162
2015-07-30,0.6107030812735552
2015-07-31,0.6160896161111853
2015-08-01,0.6234603834740289
2015-08-02,0.6277793048369799
2015-08-03,0.6104115808462277
2015-08-04,0.6078814043538183
2015-08-05,0.6076151699479208
2015-08-06,0.608751727346784
2015-08-07,0.6139044837618727
2015-08-08,0.6260860095446659
2015-08-09,0.6259304654792587
2015-08-10,0.6100164659375078
2015-08-11,0.6092048803453846
2015-08-12,0.6106539382646203
2015-08-13,0.6119770321291199
2015-08-14,0.6162577320908124
2015-08-15,0.6279205361975547
2015-08-16,0.627188557476199
2015-08-17,0.6147803358501587
2015-08-18,0.6109882347034781
2015-08-19,0.6114194332257865
2015-08-20,0.6150384530886981
2015-08-21,0.6180774012097574
2015-08-22,0.6293202285351028
2015-08-23,0.6278393666668843
2015-08-24,0.6093909990610644
2015-08-25,0.609534974449879
2015-08-26,0.608408025503628
2015-08-27,0.6141108469141354
2015-08-28,0.6216001214010248
2015-08-29,0.6336635026786243
2015-08-30,0.6323650086051162
2015-08-31,0.6139831762318203
2015-09-01,0.6124785094575587
2015-09-02,0.6129050725937203
2015-09-03,0.6134986073079342
2015-09-04,0.6200105619289977
2015-09-05,0.6338409214553953
2015-09-06,0.6335693333933806
2015-09-07,0.6194908069915287
2015-09-08,0.6102715019670557
2015-09-09,0.612049024228096
2015-09-10,0.6137682184237276
2015-09-11,0.6194057076288844
2015-09-12,0.6340442762496545
2015-09-13,0.6339834616840129
2015-09-14,0.6129573421498425
2015-09-15,0.613686605811373
2015-09-16,0.615553095542799
2015-09-17,0.6160891310279258
2015-09-18,0.6234859874881854
2015-09-19,0.6382842523921615
2015-09-20,0.6364337543604908
2015-09-21,0.6182792693821687
2015-09-22,0.6185640465427428
2015-09-23,0.6184396076158738
2015-09-24,0.6256232216227391
2015-09-25,0.621667513276082
2015-09-26,0.6333605701357602
2015-09-27,0.6312747193246309
2015-09-28,0.6108290459974687
2015-09-29,0.6116037497209819
2015-09-30,0.6114614708010154
2015-10-01,0.6150826724420098
2015-10-02,0.6156283088192999
2015-10-03,0.6325843867120464
2015-10-04,0.6321684364984276
2015-10-05,0.6117371647647397
2015-10-06,0.6145188990271477
2015-10-07,0.6156101796422748
2015-10-08,0.6169405210104272
2015-10-09,0.6227773480937098
2015-10-10,0.6360913078523605
2015-10-11,0.6372073522344505
2015-10-12,0.6220010320237364
2015-10-13,0.6162485503082626
2015-10-14,0.6187878435372093
2015-10-15,0.618069201729053
2015-10-16,0.6221960930533873
2015-10-17,0.6356114232237206
2015-10-18,0.6347011275752867
2015-10-19,0.614627280796126
2015-10-20,0.6157379461426277
2015-10-21,0.6169616006335734
2015-10-22,0.6183198247540672
2015-10-23,0.6245847325069922
2015-10-24,0.6353074115727885
2015-10-25,0.6329448430202821
2015-10-26,0.6146522427073503
2015-10-27,0.6150505176469597
2015-10-28,0.6122428120090139
2015-10-29,0.6202228428459053
2015-10-30,0.627784618977855
2015-10-31,0.6421787377581932
2015-11-01,0.6389047478292439
2015-11-02,0.6162749895678037
2015-11-03,0.6172431465651727
2015-11-04,0.6176101361867853
2015-11-05,0.6198295659844428
2015-11-06,0.6252880176158209
2015-11-07,0.6339033506538404
2015-11-08,0.6346367916353212
2015-11-09,0.6189360842557986
2015-11-10,0.6205671918296831
2015-11-11,0.6226068104719216
2015-11-12,0.6220847616015043
2015-11-13,0.6252943210871598
2015-11-14,0.6329765890080558
2015-11-15,0.6348448924597818
2015-11-16,0.6180283137581175
2015-11-17,0.6178276032409898
2015-11-18,0.6206959128555068
2015-11-19,0.6232002388771943
2015-11-20,0.6296242174943646
2015-11-21,0.6390742401639932
2015-11-22,0.6412767060240901
2015-11-23,0.6238692557681589
2015-11-24,0.6200840040028187
2015-11-25,0.6233913173738008
2015-11-26,0.6295106751065359
2015-11-27,0.6290237661175789
2015-11-28,0.6386111150290267
2015-11-29,0.6363478479094172
2015-11-30,0.6176988154152425
2015-12-01,0.6196522092153044
2015-12-02,0.619892332329506
2015-12-03,0.6219664532561223
2015-12-04,0.6273739240875995
2015-12-05,0.6405256524078408
2015-12-06,0.6389458364617141
2015-12-07,0.6226331210624101
2015-12-08,0.620992926380487
2015-12-09,0.6220411795660978
2015-12-10,0.6210803668978676
2015-12-11,0.6262992564939383
2015-12-12,0.637506534053705
2015-12-13,0.6354491527881584
2015-12-14,0.618919259685803
2015-12-15,0.619349150010626
2015-12-16,0.6213956045762318
2015-12-17,0.6241321259364085
2015-12-18,0.6310926024972919
2015-12-19,0.6389346255175546
2015-12-20,0.6389257237399427
2015-12-21,0.6241995203948288
2015-12-22,0.6246360588556031
2015-12-23,0.6276994625613806
2015-12-24,0.643183338097258
2015-12-25,0.6572417850476807
2015-12-26,0.6363156592059503
2015-12-27,0.6322761626656302
2015-12-28,0.6221305124331572
2015-12-29,0.6251416135604615
2015-12-30,0.628496404136622
2015-12-31,0.6517063724707327
2016-01-01,0.6242337374096494
2016-01-02,0.5877926862423427
2016-01-03,0.5826905589443919
2016-01-04,0.5852026183719905
2016-01-05,0.604794709376149
2016-01-06,0.6068431975714683
2016-01-07,0.6075960442606183
2016-01-08,0.6104113962419453
2016-01-09,0.6216258957245593
2016-01-10,0.6221551496773887
2016-01-11,0.6071528150783578
2016-01-12,0.6051112815019427
2016-01-13,0.6066757412308564
2016-01-14,0.6116026797495309
2016-01-15,0.6206801153065091
2016-01-16,0.625319448205069
2016-01-17,0.6256401886930317
2016-01-18,0.6095050308843701
2016-01-19,0.6080418938149483
2016-01-20,0.6098100765735315
2016-01-21,0.6098386601701382
2016-01-22,0.6142468554416547
2016-01-23,0.6233771331711109
2016-01-24,0.6225554399514391
2016-01-25,0.6075766564828547
2016-01-26,0.6080435623801573
2016-01-27,0.6092183393541305
2016-01-28,0.6119476844093322
2016-01-29,0.6156125854859634
2016-01-30,0.6275867646824478
2016-01-31,0.6267360883722587
2016-02-01,0.6135315118510442
2016-02-02,0.6111280230580071
2016-02-03,0.6108203973874882
2016-02-04,0.614316211498675
2016-02-05,0.6182975201404824
2016-02-06,0.6304383692496114
2016-02-07,0.6304160281827769
2016-02-08,0.6192054859832115
2016-02-09,0.6163529260097305
2016-02-10,0.61485907786126
2016-02-11,0.6148688450878554
2016-02-12,0.6196724049349361
2016-02-13,0.6329480843506835
2016-02-14,0.6417704371605023
2016-02-15,0.6194315779141826
2016-02-16,0.6149239375943965
2016-02-17,0.6118049295482181
2016-02-18,0.6130748833755918
2016-02-19,0.6177801789712005
2016-02-20,0.6305162656261832
2016-02-21,0.6306665214243437
2016-02-22,0.6138649643410079
2016-02-23,0.6138436940591407
2016-02-24,0.6134045330904467
2016-02-25,0.6149245789565749
2016-02-26,0.6189854921909271
2016-02-27,0.631127365760736
2016-02-28,0.6313675553017578
2016-02-29,0.615005756319479
2016-03-01,0.6152742886248059
2016-03-02,0.6158671782730758
2016-03-03,0.6163079626721036
2016-03-04,0.6196385806379657
2016-03-05,0.6311554235547431
2016-03-06,0.6305264733664679
2016-03-07,0.6154906819629816
2016-03-08,0.6224032893493212
2016-03-09,0.6184515692612265
2016-03-10,0.6163845319685932
2016-03-11,0.6203574240841995
2016-03-12,0.6327276569925189
2016-03-13,0.6323898174946004
2016-03-14,0.6145643848873744
2016-03-15,0.6167306740184771
2016-03-16,0.6171527895206511
2016-03-17,0.6208484084447788
2016-03-18,0.6229278919027585
2016-03-19,0.6368657725725868
2016-03-20,0.6383329517993324
2016-03-21,0.6217049660661429
2016-03-22,0.6148284536534229
2016-03-23,0.6192613979757806
2016-03-24,0.6226003093915455
2016-03-25,0.6322489768494386
2016-03-26,0.6364612642968441
2016-03-27,0.6413313924069253
2016-03-28,0.6176247403676177
2016-03-29,0.6156642236326221
2016-03-30,0.6174901004745461
2016-03-31,0.6192568555695064
2016-04-01,0.6237160139068495
2016-04-02,0.6355307373122582
2016-04-03,0.6362219430049647
2016-04-04,0.6178285092673634
2016-04-05,0.6179008898657118
2016-04-06,0.6194367195810382
2016-04-07,0.6211501460029846
2016-04-08,0.6250236462703154
2016-04-09,0.6344813834295753
2016-04-10,0.636903858401703
2016-04-11,0.6183635650781003
2016-04-12,0.6189229704750068
2016-04-13,0.6203473442614929
2016-04-14,0.6206691303485312
2016-04-15,0.6248296580784557
2016-04-16,0.6312536992945702
2016-04-17,0.5930772926015552
2016-04-18,0.6048972678046272
2016-04-19,0.6203371838377634
2016-04-20,0.6230172456116846
2016-04-21,0.6279854993737423
2016-04-22,0.6299091491972294
2016-04-23,0.6361083812629371
2016-04-24,0.6349337420577081
2016-04-25,0.618119315864111
2016-04-26,0.6185490281964188
2016-04-27,0.6203632887969985
2016-04-28,0.6229434003483703
2016-04-29,0.6263399102303523
2016-04-30,0.6388577868131107
2016-05-01,0.6421766700072149
2016-05-02,0.6256210721452774
2016-05-03,0.6245945297363362
2016-05-04,0.627666982717472
2016-05-05,0.6306151425616501
2016-05-06,0.6313969608046665
2016-05-07,0.6398481425668286
2016-05-08,0.6445222616427848
2016-05-09,0.621773798300557
2016-05-10,0.6199975889891235
2016-05-11,0.620388231431351
2016-05-12,0.6239611366335995
2016-05-13,0.6282728167237779
2016-05-14,0.639073109161843
2016-05-15,0.6383520962572613
2016-05-16,0.6218088877501333
2016-05-17,0.6204359454545455
2016-05-18,0.6207927585570013
2016-05-19,0.6228023648721477
2016-05-20,0.6265374760732011
2016-05-21,0.6341672219146769
2016-05-22,0.6352972091681492
2016-05-23,0.6168363970658086
2016-05-24,0.6161992439851193
2016-05-25,0.6168444219881443
2016-05-26,0.621221969700795
2016-05-27,0.6121439652630276
2016-05-28,0.6215385449660211
2016-05-29,0.6221254430963553
2016-05-30,0.6057363055937124
2016-05-31,0.6026989940730934
2016-06-01,0.6219426737428967
2016-06-02,0.6238363951690935
2016-06-03,0.6298152730019285
2016-06-04,0.6379637111371335
2016-06-05,0.6384774087626408
2016-06-06,0.6236088391629526
2016-06-07,0.6225873809368608
2016-06-08,0.6223869692966766
2016-06-09,0.6259337978970761
2016-06-10,0.6280486629818954
2016-06-11,0.6395649311638554
2016-06-12,0.6401234169661727
2016-06-13,0.6229399857721545
2016-06-14,0.6224839497774716
2016-06-15,0.6250638045864787
2016-06-16,0.6261756699727632
2016-06-17,0.6311061695424071
2016-06-18,0.6499383363625523
2016-06-19,0.6448266527453669
2016-06-20,0.6258322115947026
2016-06-21,0.6040949996056548
2016-06-22,0.5840735709252933
2016-06-23,0.5845119953993102
2016-06-24,0.6133060505674894
2016-06-25,0.6422081436402446
2016-06-26,0.6424109829504149
2016-06-27,0.623502749738546
2016-06-28,0.6227931130101391
2016-06-29,0.6248225942064596
2016-06-30,0.6275726604994442
2016-07-01,0.6331501302487236
2016-07-02,0.639895034988885
2016-07-03,0.6403971663333623
2016-07-04,0.6331060209206633
2016-07-05,0.6309381544342341
2016-07-06,0.6319949196221822
2016-07-07,0.6280987457716319
2016-07-08,0.6316222681574605
2016-07-09,0.640704594293121
2016-07-10,0.6411775899312014
2016-07-11,0.6283758180465002
2016-07-12,0.6280807631878484
2016-07-13,0.6284928149803642
2016-07-14,0.6226320382126059
2016-07-15,0.6330995178496829
2016-07-16,0.646912087804085
2016-07-17,0.6455005546788299
2016-07-18,0.6325122703590307
2016-07-19,0.6286360278218821
2016-07-20,0.6337237094388366
2016-07-21,0.6340277744534787
2016-07-22,0.6344371300719744
2016-07-23,0.646003324738395
2016-07-24,0.6449079835297402
2016-07-25,0.6278248512858225
2016-07-26,0.6295164947633688
2016-07-27,0.6305048493306297
2016-07-28,0.6316930074730458
2016-07-29,0.5958439772970379
2016-07-30,0.6012837713963136
2016-07-31,0.6038314170305676
2016-08-01,0.6157176196813332
2016-08-02,0.6286525367049169
2016-08-03,0.6300271883831019
2016-08-04,0.633182467465652
2016-08-05,0.635988393362661
2016-08-06,0.6456389758865934
2016-08-07,0.6463089931546503
2016-08-08,0.6295255180949092
2016-08-09,0.6297144285785778
2016-08-10,0.6301325028718278
2016-08-11,0.6338914276482062
2016-08-12,0.6364757329154795
2016-08-13,0.6444377766181576
2016-08-14,0.6111313902916365
2016-08-15,0.6050214383580734
2016-08-16,0.6291436247416334
2016-08-17,0.632651279497588
2016-08-18,0.6313886895985876
2016-08-19,0.635270326313281
2016-08-20,0.6437861155538728
2016-08-21,0.6025390383618455
2016-08-22,0.5834523267913793
2016-08-23,0.5855061278799059
2016-08-24,0.5837594818312326
2016-08-25,0.5883276830618458
2016-08-26,0.5936971730399829
2016-08-27,0.6040049258940065
2016-08-28,0.606914109409586
2016-08-29,0.5879682632722945
2016-08-30,0.5895715166043574
2016-08-31,0.586169521475924
2016-09-01,0.6324705261991811
2016-09-02,0.634789463736705
2016-09-03,0.6304149121734957
2016-09-04,0.6088858063460854
2016-09-05,0.5901310662109868
2016-09-06,0.5865866805078426
2016-09-07,0.5928826894077134
2016-09-08,0.589021203150445
2016-09-09,0.592298379821562
2016-09-10,0.602643587413194
2016-09-11,0.6073193165264442
2016-09-12,0.6115947858768476
2016-09-13,0.6297025989027286
2016-09-14,0.63128552555135
2016-09-15,0.6321732881136634
2016-09-16,0.6370466756643093
2016-09-17,0.6460072950738234
2016-09-18,0.6442726008079965
2016-09-19,0.6309016347178241
2016-09-20,0.6306208633032543
2016-09-21,0.6330190681390248
2016-09-22,0.6369084162403121
2016-09-23,0.6395219789570852
2016-09-24,0.6329791009167106
2016-09-25,0.6077642857892793
2016-09-26,0.5895179081367925
2016-09-27,0.6236036036418564
2016-09-28,0.6325541030032418
2016-09-29,0.6335551835101194
2016-09-30,0.6341210068146516
2016-10-01,0.6495745631847134
2016-10-02,0.6479222825768064
2016-10-03,0.6339660943884049
2016-10-04,0.632254838989606
2016-10-05,0.6326057423290908
2016-10-06,0.6349214118311762
2016-10-07,0.6405240260139865
2016-10-08,0.6492671517174904
2016-10-09,0.6434267612140491
2016-10-10,0.5902627014283883
2016-10-11,0.6235898999483713
2016-10-12,0.6369776773104803
2016-10-13,0.6338221335163851
2016-10-14,0.6396823730131712
2016-10-15,0.6499307386101015
2016-10-16,0.6501862360634623
2016-10-17,0.6348926503590793
2016-10-18,0.6341997497300194
2016-10-19,0.6356098124792767
2016-10-20,0.6357929001683491
2016-10-21,0.637206492025659
2016-10-22,0.6569132200251588
2016-10-23,0.6561663152022433
2016-10-24,0.6416403712462709
2016-10-25,0.6397335831088218
2016-10-26,0.6352998941589499
2016-10-27,0.6360145104218707
2016-10-28,0.6433498421963096
2016-10-29,0.6528442260453868
2016-10-30,0.652093082542553
2016-10-31,0.6432732523484895
2016-11-01,0.6393558273408728
2016-11-02,0.6368623426849623
2016-11-03,0.6362102610471058
2016-11-04,0.6420124713718667
2016-11-05,0.6339233543644542
2016-11-06,0.6072061723855601
2016-11-07,0.6286047218594539
2016-11-08,0.6334147426560497
2016-11-09,0.6266177452013963
2016-11-10,0.591912726744186
2016-11-11,0.594489316654126
2016-11-12,0.6036395911965453
2016-11-13,0.6074524474756274
2016-11-14,0.5947772365673205
2016-11-15,0.5964578041365491
2016-11-16,0.5901455678693706
2016-11-17,0.5920995615774838
2016-11-18,0.5955377993216275
2016-11-19,0.6466671630429082
2016-11-20,0.6486154098616083
2016-11-21,0.6331281926158306
2016-11-22,0.6357520134275751
2016-11-23,0.6397911456099828
2016-11-24,0.6441235945239141
2016-11-25,0.6439758202129986
2016-11-26,0.6478225244615547
2016-11-27,0.6421570837743933
2016-11-28,0.6280544587236468
2016-11-29,0.6307578346913696
2016-11-30,0.626865096228979
2016-12-01,0.6391027965603576
2016-12-02,0.6432616417167507
2016-12-03,0.6528697814996075
2016-12-04,0.6525319813417947
2016-12-05,0.637294820486185
2016-12-06,0.6377030742987112
2016-12-07,0.6390814730377925
2016-12-08,0.6411865467559881
2016-12-09,0.644016689783459
2016-12-10,0.610793466396045
2016-12-11,0.6132941108729553
2016-12-12,0.5987327222497126
2016-12-13,0.595400116873164
2016-12-14,0.5974291085051011
2016-12-15,0.6011321862195074
2016-12-16,0.6021953133508987
2016-12-17,0.6123103458277678
2016-12-18,0.6438712166371797
2016-12-19,0.6378126148672989
2016-12-20,0.6397467368208337
2016-12-21,0.642543328253478
2016-12-22,0.6437558794954611
2016-12-23,0.6461662083660658
2016-12-24,0.6643317374575116
2016-12-25,0.6761487450952259
2016-12-26,0.6444044894118968
2016-12-27,0.6377217066410729
2016-12-28,0.6381055989340572
2016-12-29,0.641110947721435
2016-12-30,0.640225781695564
2016-12-31,0.6616991964465133
2017-01-01,0.6823056014352119
2017-01-02,0.6538674122741777
2017-01-03,0.6425331066389904
2017-01-04,0.6418016552849141
2017-01-05,0.6413148010210963
2017-01-06,0.6452813849586544
2017-01-07,0.6549700258378109
2017-01-08,0.6536327779449628
2017-01-09,0.6427291661308597
2017-01-10,0.6440940638208915
2017-01-11,0.6454347286180121
2017-01-12,0.645267756221312
2017-01-13,0.6498263925117799
2017-01-14,0.6589910104763842
2017-01-15,0.6583904270793317
2017-01-16,0.6473096798295455
2017-01-17,0.6448566488584082
2017-01-18,0.6471238595048033
2017-01-19,0.6473502511548056
2017-01-20,0.6486112222897299
2017-01-21,0.6567610246307091
2017-01-22,0.6565553965463751
2017-01-23,0.6416412459531299
2017-01-24,0.6426770571971914
2017-01-25,0.645484519800665
2017-01-26,0.6484446923424467
2017-01-27,0.6524312347530415
2017-01-28,0.6607690733211473
2017-01-29,0.6569528725407418
2017-01-30,0.6443692751202613
2017-01-31,0.645980701330351
2017-02-01,0.6504115081593289
2017-02-02,0.6497203059995784
2017-02-03,0.6524460999531152
2017-02-04,0.6605750898543217
2017-02-05,0.6605857623643246
2017-02-06,0.6455265668863073
2017-02-07,0.6461220373484335
2017-02-08,0.6496893427912651
2017-02-09,0.6497049461893227
2017-02-10,0.6534628350999306
2017-02-11,0.6632346186356907
2017-02-12,0.662819719645831
2017-02-13,0.6518032005817233
2017-02-14,0.6666882076737763
2017-02-15,0.6563749338653911
2017-02-16,0.6512488369370807
2017-02-17,0.6535976202362235
2017-02-18,0.661974757002439
2017-02-19,0.6634215798602356
2017-02-20,0.6511166973206335
2017-02-21,0.6491833059510067
2017-02-22,0.6517856640737008
2017-02-23,0.6526104661864308
2017-02-24,0.6568070898595294
2017-02-25,0.6646978983645724
2017-02-26,0.6642555417335296
2017-02-27,0.6526797332588425
2017-02-28,0.6460883675972569
2017-03-01,0.6542197709183695
2017-03-02,0.6541171382428869
2017-03-03,0.6570251802029373
2017-03-04,0.661931991721684
2017-03-05,0.6638260086779489
2017-03-06,0.651208182406429
2017-03-07,0.6511468042908076
2017-03-08,0.6595903756894581
2017-03-09,0.6552788457563754
2017-03-10,0.657106257737117
2017-03-11,0.6655737390757462
2017-03-12,0.665778459126666
2017-03-13,0.652812623496954
2017-03-14,0.651598070683934
2017-03-15,0.652385337061119
2017-03-16,0.6532062225940635
2017-03-17,0.6597962700328186
2017-03-18,0.665963716462168
2017-03-19,0.6670736195283369
2017-03-20,0.656882212950698
2017-03-21,0.65211022005666
2017-03-22,0.6539129484983564
2017-03-23,0.6506440752504276
2017-03-24,0.6510535065917552
2017-03-25,0.6658542034956929
2017-03-26,0.665377101897517
2017-03-27,0.6521649093607346
2017-03-28,0.6529953552808722
2017-03-29,0.6542056240820634
2017-03-30,0.6544348472349724
2017-03-31,0.6569881190029404
2017-04-01,0.6654053184376932
2017-04-02,0.665849691802285
2017-04-03,0.6521188484525308
2017-04-04,0.6506321058747934
2017-04-05,0.6524387142592358
2017-04-06,0.6525312764811616
2017-04-07,0.6560714845443958
2017-04-08,0.6658543509116015
2017-04-09,0.6674261482040508
2017-04-10,0.654183301692404
2017-04-11,0.652099788974656
2017-04-12,0.6548228928701529
2017-04-13,0.6546288436824146
2017-04-14,0.6609802925686148
2017-04-15,0.6651237110564107
2017-04-16,0.6708742448796073
2017-04-17,0.6512799061095208
2017-04-18,0.6506860876831282
2017-04-19,0.6535933117836269
2017-04-20,0.6556655644336851
2017-04-21,0.6601121401174805
2017-04-22,0.6681214279636333
2017-04-23,0.6682699235778731
2017-04-24,0.6552492012567842
2017-04-25,0.6531215550925814
2017-04-26,0.6527635810159567
2017-04-27,0.6544849126012988
2017-04-28,0.6592483718312812
2017-04-29,0.6667316031768967
2017-04-30,0.6662365596880666
2017-05-01,0.6602274080402092
2017-05-02,0.6567002078753978
2017-05-03,0.6589229861324963
2017-05-04,0.6587915328425973
2017-05-05,0.6604330522313907
2017-05-06,0.668704033152283
2017-05-07,0.6671114252279622
2017-05-08,0.6541759943397976
2017-05-09,0.6543246118672923
2017-05-10,0.6575374054224133
2017-05-11,0.6551967370725587
2017-05-12,0.6587051194133732
2017-05-13,0.6667294236674643
2017-05-14,0.6752942978981553
2017-05-15,0.6558032881052855
2017-05-16,0.6544089201028054
2017-05-17,0.6552864063821091
2017-05-18,0.6546332543954597
2017-05-19,0.6568249192630897
2017-05-20,0.6695997419761747
2017-05-21,0.6694135885696147
2017-05-22,0.6534124692339429
2017-05-23,0.6533310034169374
2017-05-24,0.6559679810867404
2017-05-25,0.6557461676857927
2017-05-26,0.6604381851385063
2017-05-27,0.6696097168741366
2017-05-28,0.6695133260271511
2017-05-29,0.6612517637604851
2017-05-30,0.6437458776371014
2017-05-31,0.6557633628507898
2017-06-01,0.6588999962177855
2017-06-02,0.6617405763858047
2017-06-03,0.6708037166579001
2017-06-04,0.6688831402065524
2017-06-05,0.6539756355392464
2017-06-06,0.6547593435077215
2017-06-07,0.6581823047138492
2017-06-08,0.6584776423362968
2017-06-09,0.6620023213602055
2017-06-10,0.6701008359339965
2017-06-11,0.6710541615540039
2017-06-12,0.6594792666057546
2017-06-13,0.6570687723479076
2017-06-14,0.6601010168919613
2017-06-15,0.6604425843877685
2017-06-16,0.6633730484826209
2017-06-17,0.6720308314735384
2017-06-18,0.6759195440022743
2017-06-19,0.6579065675478877
2017-06-20,0.6558774398823558
2017-06-21,0.6579807259925122
2017-06-22,0.6590255813534883
2017-06-23,0.6612664355965283
2017-06-24,0.6690595650892034
2017-06-25,0.6706869826441134
2017-06-26,0.6572802500736131
2017-06-27,0.6536024426538902
2017-06-28,0.6544782766561867
2017-06-29,0.6540819458166389
2017-06-30,0.6586997614069844
2017-07-01,0.667330380250066
2017-07-02,0.6680425323818164
2017-07-03,0.6578126324717606
2017-07-04,0.6672459972866386
2017-07-05,0.6625122820232802
2017-07-06,0.6560971847516989
2017-07-07,0.6615630809067116
2017-07-08,0.6696108981742651
2017-07-09,0.6699482235155492
2017-07-10,0.6591209153434968
2017-07-11,0.6573334841867764
2017-07-12,0.6576388881011189
2017-07-13,0.6576205439530266
2017-07-14,0.6596962284198383
2017-07-15,0.6665063941601796
2017-07-16,0.6693460273847571
2017-07-17,0.6588324668802857
2017-07-18,0.6558445553551918
2017-07-19,0.6583633667436782
2017-07-20,0.6601808577910151
2017-07-21,0.6630902595452576
2017-07-22,0.6697845383226447
2017-07-23,0.6699460637272786
2017-07-24,0.6587855376081926
2017-07-25,0.6575878197704014
2017-07-26,0.6590848027612823
2017-07-27,0.658223747042662
2017-07-28,0.6622685277487731
2017-07-29,0.669019698635526
2017-07-30,0.6695836963002163
2017-07-31,0.6569123181719422
2017-08-01,0.6592799890839349
2017-08-02,0.6571920500825537
2017-08-03,0.6569196670670667
2017-08-04,0.6610414579525182
2017-08-05,0.6697384269259483
2017-08-06,0.6713853905809328
2017-08-07,0.6582612748928208
2017-08-08,0.6565484189675572
2017-08-09,0.6589807973874025
2017-08-10,0.6602159117139575
2017-08-11,0.662590805411307
2017-08-12,0.6693201101420281
2017-08-13,0.6704183835604742
2017-08-14,0.659216726922943
2017-08-15,0.6570840766465843
2017-08-16,0.6573053287469892
2017-08-17,0.6572258606076661
2017-08-18,0.6592839152727172
2017-08-19,0.6685265378079099
2017-08-20,0.6703340609498715
2017-08-21,0.658162237227183
2017-08-22,0.655173738449491
2017-08-23,0.6641198374829774
2017-08-24,0.6607687275997698
2017-08-25,0.6628808167073407
2017-08-26,0.6703556270418584
2017-08-27,0.6693200337274716
2017-08-28,0.6570322700238346
2017-08-29,0.6549423942272962
2017-08-30,0.6567606863315478
2017-08-31,0.6564513584590518
2017-09-01,0.6651742816542554
2017-09-02,0.6687886509499527
2017-09-03,0.6677743753898675
2017-09-04,0.6599067741029435
2017-09-05,0.6545702660568635
2017-09-06,0.6549760888433404
2017-09-07,0.6558655231083387
2017-09-08,0.6584335623594056
2017-09-09,0.6642722863242833
2017-09-10,0.6642722863242833
2017-09-11,0.6642722863242833
2017-09-12,0.6642722863242833
2017-09-13,0.6642722863242833
2017-09-14,0.6642722863242833
2017-09-15,0.6642722863242833
2017-09-16,0.6642722863242833
2017-09-17,0.6642722863242833
2017-09-18,0.6642722863242833
2017-09-19,0.6642722863242833
2017-09-20,0.6642722863242833
2017-09-21,0.6642722863242833
2017-09-22,0.6642722863242833
2017-09-23,0.6642722863242833
2017-09-24,0.6642722863242833
2017-09-25,0.6642722863242833
2017-09-26,0.6642722863242833
2017-09-27,0.6642722863242833
2017-09-28,0.6642722863242833
2017-09-29,0.6642722863242833
2017-09-30,0.6642722863242833
2017-10-01,0.6706600645520752
2017-10-02,0.658430587778037
2017-10-03,0.6589665753742193
2017-10-04,0.6594793073160191
2017-10-05,0.662689264561739
2017-10-06,0.6609218012707511
2017-10-07,0.6675470005154719
2017-10-08,0.6659474176903998
2017-10-09,0.6605713441710597
2017-10-10,0.6614406240421655
2017-10-11,0.6608205223791349
2017-10-12,0.6635631878517991
2017-10-13,0.6639607534559463
2017-10-14,0.6710394402946579
2017-10-15,0.6711193946948764
2017-10-16,0.6602515116980996
2017-10-17,0.6629237113210437
2017-10-18,0.6633996084801355
2017-10-19,0.6625201966739022
2017-10-20,0.6654211440245605
2017-10-21,0.6712964416901568
2017-10-22,0.6677955867528729
2017-10-23,0.660167757074307
2017-10-24,0.6594477665235461
2017-10-25,0.6552977450843995
2017-10-26,0.6607237388716967
2017-10-27,0.6625426093556422
2017-10-28,0.6718496340632918
2017-10-29,0.669879830318215
2017-10-30,0.6590853545948064
2017-10-31,0.6708567549811607
2017-11-01,0.6646825362448473
2017-11-02,0.662107455775331
2017-11-03,0.6642194141782854
2017-11-04,0.6710954616624268
2017-11-05,0.6701412557879014
2017-11-06,0.6576812161472504
2017-11-07,0.6577819456431729
2017-11-08,0.6550018141448161
2017-11-09,0.6609354959453227
2017-11-10,0.6633595157240105
2017-11-11,0.6717636542085024
2017-11-12,0.6707408117265681
2017-11-13,0.6580583797624535
2017-11-14,0.6534335047992085
2017-11-15,0.6587072733334635
2017-11-16,0.6603224431102436
2017-11-17,0.6643239356318756
2017-11-18,0.6701001116282149
2017-11-19,0.6728834322849971
2017-11-20,0.6615923715802868
2017-11-21,0.6611735999803288
2017-11-22,0.6623869206093934
2017-11-23,0.6735635624111717
2017-11-24,0.6693762431740213
2017-11-25,0.674144520699028
2017-11-26,0.6716858399512065
2017-11-27,0.6621660054325836
2017-11-28,0.660291021787391
2017-11-29,0.6587828629925435
2017-11-30,0.664121231265823
2017-12-01,0.668184832371167
2017-12-02,0.6736874428541777
2017-12-03,0.6755408442353781
2017-12-04,0.6626372888042991
2017-12-05,0.6610873896621333
2017-12-06,0.6632603091838598
2017-12-07,0.6644628540045857
2017-12-08,0.6660677973836961
2017-12-09,0.6753594723725047
2017-12-10,0.6728147113661459
2017-12-11,0.6539074510631645
2017-12-12,0.6587013902842036
2017-12-13,0.6675652989862152
2017-12-14,0.6645211290976969
2017-12-15,0.6613262028485198
2017-12-16,0.6664806065997131
2017-12-17,0.6629401788266825
2017-12-18,0.6521800441437087
2017-12-19,0.6561727183747327
2017-12-20,0.6579830998240283
2017-12-21,0.6533985468362283
2017-12-22,0.6569082868121734
2017-12-23,0.6668165243172193
2017-12-24,0.6767640654219135
2017-12-25,0.6946674567755718
2017-12-26,0.6662297438112775
2017-12-27,0.6623151514039342
2017-12-28,0.6607831005576779
2017-12-29,0.6601129467046678
2017-12-30,0.6697998667814568
2017-12-31,0.6825059896990924
2018-01-01,0.7065056410601643
2018-01-02,0.6697946609810028
2018-01-03,0.6471040904380791
2018-01-04,0.6420163500079967
2018-01-05,0.6584817728989963
2018-01-06,0.6694690856680463
2018-01-07,0.669894584142129
2018-01-08,0.65579479025604
2018-01-09,0.6573309417068034
2018-01-10,0.6595382694345918
2018-01-11,0.6601998936786388
2018-01-12,0.6608367679320123
2018-01-13,0.6672109519237521
2018-01-14,0.6719977581009109
2018-01-15,0.6548158916589372
2018-01-16,0.6541994782606904
2018-01-17,0.6543038761812555
2018-01-18,0.6532356969369686
2018-01-19,0.6580609048556868
2018-01-20,0.6669369208285432
2018-01-21,0.6688141026608986
2018-01-22,0.6596113659688572
2018-01-23,0.6531737677269354
2018-01-24,0.6546472372191063
2018-01-25,0.6600164869995571
2018-01-26,0.6657024657393603
2018-01-27,0.6703545738899171
2018-01-28,0.6682896887515699
2018-01-29,0.6533466161309924
2018-01-30,0.6629329855248267
2018-01-31,0.6619077294556021
2018-02-01,0.6595050679544588
2018-02-02,0.6603145300923866
2018-02-03,0.669113573604234
2018-02-04,0.6717770695648807
2018-02-05,0.6613564105815107
2018-02-06,0.6589173622016621
2018-02-07,0.6564638194205357
2018-02-08,0.6551560734462765
2018-02-09,0.6604787318501477
2018-02-10,0.6718724482934241
2018-02-11,0.6751270037551413
2018-02-12,0.6561776189695658
2018-02-13,0.659001334972
2018-02-14,0.6690022065589959
2018-02-15,0.6590143462426854
2018-02-16,0.6530696696337843
2018-02-17,0.6577235839046112
2018-02-18,0.6592914546384678
2018-02-19,0.6518198604245489
2018-02-20,0.6461956031871765
2018-02-21,0.6480971244277807
2018-02-22,0.6508772125990765
2018-02-23,0.6531994614345212
2018-02-24,0.6563058064441546
2018-02-25,0.6560926863878646
2018-02-26,0.6443472366410632
2018-02-27,0.6458993715368496
2018-02-28,0.6502792413668169
2018-03-01,0.6466612064883994
2018-03-02,0.6535157796679075
2018-03-03,0.6493007679545331
2018-03-04,0.6285397633697872
2018-03-05,0.6408096048806287
2018-03-06,0.6440418355774378
2018-03-07,0.6463052667136112
2018-03-08,0.6379768822733362
2018-03-09,0.6579776560929801
2018-03-10,0.6584230497627142
2018-03-11,0.6583280855298436
2018-03-12,0.6526636102100911
2018-03-13,0.6504863905818842
2018-03-14,0.6481908676803821
2018-03-15,0.6450272352007912
2018-03-16,0.6567794622706138
2018-03-17,0.6569727702812025
2018-03-18,0.6549257555448317
2018-03-19,0.653620548323614
2018-03-20,0.6533559836900644
2018-03-21,0.6492396438066037
2018-03-22,0.6495925252092991
2018-03-23,0.6590442845265022
2018-03-24,0.6630425549094193
2018-03-25,0.6611065736559844
2018-03-26,0.6586716222904463
2018-03-27,0.6570320683448233
2018-03-28,0.6519179337052586
2018-03-29,0.6513330219897492
2018-03-30,0.6579607231432214
2018-03-31,0.6697126254283539
2018-04-01,0.6710899305018188
2018-04-02,0.6534263594518
2018-04-03,0.6492873898385298
2018-04-04,0.6451454605456192
2018-04-05,0.6417134925541426
2018-04-06,0.6464584161477775
2018-04-07,0.6510365368215487
2018-04-08,0.6491736552430795
2018-04-09,0.6205503644391663
2018-04-10,0.6085321457618481
2018-04-11,0.6316977685425641
2018-04-12,0.6308350733182579
2018-04-13,0.6322308962423993
2018-04-14,0.6371070161566758
2018-04-15,0.6370257900437485
2018-04-16,0.6372237998767777
2018-04-17,0.6425243344448458
2018-04-18,0.6369992832221685
2018-04-19,0.6215736323501025
2018-04-20,0.6076026367046377
2018-04-21,0.6428958660075641
2018-04-22,0.6395523162718546
2018-04-23,0.626367451040981
2018-04-24,0.623500854630665
2018-04-25,0.6389614620027447
2018-04-26,0.642706053502715
2018-04-27,0.6440261663782991
2018-04-28,0.6400807245237492
2018-04-29,0.6243668895996582
2018-04-30,0.5990874849134723
2018-05-01,0.6281343026196675
2018-05-02,0.6192881554733392
2018-05-03,0.6220719926621036
2018-05-04,0.640463748012406
2018-05-05,0.6569224865801229
2018-05-06,0.6547029387004338
2018-05-07,0.6371068419776181
2018-05-08,0.6195123746609983
2018-05-09,0.6078411962748791
2018-05-10,0.591850226193047
2018-05-11,0.6256363248454134
2018-05-12,0.6320735969588455
2018-05-13,0.6372910663581214
2018-05-14,0.635953913840202
2018-05-15,0.644801358126925
2018-05-16,0.6257424407409937
2018-05-17,0.6172321794317571
2018-05-18,0.6103514589556934
2018-05-19,0.6175891231629284
2018-05-20,0.6085510536366365
2018-05-21,0.5985031040443081
2018-05-22,0.5973788031968216
2018-05-23,0.5997138482307733
2018-05-24,0.6158406731035284
2018-05-25,0.6397523728783263
2018-05-26,0.6439445169146124
2018-05-27,0.635754189715718
2018-05-28,0.6216771399196792
2018-05-29,0.5947643175746283
2018-05-30,0.591933075362048
2018-05-31,0.605000582577453
2018-06-01,0.6020950222341745
2018-06-02,0.6180213705413
2018-06-03,0.6097923477327498
2018-06-04,0.601842652040731
2018-06-05,0.6101525796292292
2018-06-06,0.6270465770084452
2018-06-07,0.6226095695672534
2018-06-08,0.6360089364484662
2018-06-09,0.6420423511605833
2018-06-10,0.6332527135746431
2018-06-11,0.6274002285174074
2018-06-12,0.6247931302130771
2018-06-13,0.6088156416414877
2018-06-14,0.6107379149686899
2018-06-15,0.6222715415980512
2018-06-16,0.6332674433262088
2018-06-17,0.6140687131921092
2018-06-18,0.5815995300035446
2018-06-19,0.5883768518150531
2018-06-20,0.6216966155747908
2018-06-21,0.6212941241414571
2018-06-22,0.6357783573096139
2018-06-23,0.6549414653205563
2018-06-24,0.6621843641408
2018-06-25,0.6354439708168723
2018-06-26,0.6196914867792321
2018-06-27,0.5931227571767279
2018-06-28,0.6002880413062089
2018-06-29,0.6421680529018806
2018-06-30,0.6656171163415836
2018-07-01,0.669216576462472
2018-07-02,0.655481707586836
2018-07-03,0.6536469091287794
2018-07-04,0.6615943812418728
2018-07-05,0.6466999478168014
2018-07-06,0.6201585850744346
2018-07-07,0.6220736700726405
2018-07-08,0.6319932442314503
2018-07-09,0.6502647356824544
2018-07-10,0.6564212346558889
2018-07-11,0.652085244593592
2018-07-12,0.6483100364478214
2018-07-13,0.6436727256720751
2018-07-14,0.6558405904480821
2018-07-15,0.64293065689775
2018-07-16,0.6246569921016932
2018-07-17,0.5795834382983807
2018-07-18,0.5741179201795956
2018-07-19,0.5736920549570035
2018-07-20,0.5787065756264586
2018-07-21,0.5815696695928223
2018-07-22,0.5770948333832755
2018-07-23,0.5710260643146533
2018-07-24,0.574688036811431
2018-07-25,0.5718009646387482
2018-07-26,0.5724813877274113
2018-07-27,0.5754472928067735
2018-07-28,0.5775669896343886
2018-07-29,0.5758174869392557
2018-07-30,0.5697922266713474
2018-07-31,0.5700064711624744
2018-08-01,0.5726907647534435
2018-08-02,0.5717286349180124
2018-08-03,0.5743683023167336
2018-08-04,0.5789846558052361
2018-08-05,0.5768770269682992
2018-08-06,0.5689640060712904
2018-08-07,0.5706593427341936
2018-08-08,0.5730005926848483
2018-08-09,0.5711732744208122
2018-08-10,0.5784336133967454
2018-08-11,0.5828787264272309
2018-08-12,0.5813413082321525
2018-08-13,0.5733661445016898
2018-08-14,0.6399453533832481
2018-08-15,0.5821160315472899
2018-08-16,0.5715266652377655
2018-08-17,0.5779406148906119
2018-08-18,0.573127918488937
2018-08-19,0.5701797558490981
2018-08-20,0.5734074073629492
2018-08-21,0.5642927689812136
2018-08-22,0.5885807215970682
2018-08-23,0.5836526630534385
2018-08-24,0.5768523309656599
2018-08-25,0.5794111715210437
2018-08-26,0.5748532245771001
2018-08-27,0.5703322721621455
2018-08-28,0.5711392731058496
2018-08-29,0.5727160282371131
2018-08-30,0.5750015868449072
2018-08-31,0.5798442172593159
2018-09-01,0.5821678771413559
2018-09-02,0.578236982658015
2018-09-03,0.5692949160327581
2018-09-04,0.5658855442440635
2018-09-05,0.572097739676021
2018-09-06,0.5738506764840045
2018-09-07,0.6516241110455046
2018-09-08,0.5845231951331896
2018-09-09,0.572924184959521
2018-09-10,0.5662121442207303
2018-09-11,0.5702229186939146
2018-09-12,0.5789144611836574
2018-09-13,0.5741421095819846
2018-09-14,0.5769135618950788
2018-09-15,0.5799320079794995
2018-09-16,0.5751437187930003
2018-09-17,0.5736620118502601
2018-09-18,0.57401095932239
2018-09-19,0.5800343229190736
2018-09-20,0.5817214051605392
2018-09-21,0.5793168622248828
2018-09-22,0.5832786178317474
2018-09-23,0.5779589234410428
2018-09-24,0.5738830709581599
2018-09-25,0.5739934970195574
2018-09-26,0.5728659657787418
2018-09-27,0.5726313493580169
2018-09-28,0.5814877045040286
2018-09-29,0.5795808264076505
2018-09-30,0.572276634404323
2018-10-01,0.5727905151460871
2018-10-02,0.5728707186746976
2018-10-03,0.5743321053600631
2018-10-04,0.582691948058979
2018-10-05,0.5714959617873506
2018-10-06,0.5804982726840991
2018-10-07,0.5764465387473044
2018-10-08,0.5761872960730805
2018-10-09,0.5719605900847257
2018-10-10,0.5799379676466129
2018-10-11,0.5888588743113574
2018-10-12,0.6746390645251051
2018-10-13,0.665677433395352
2018-10-14,0.6694965682318368
2018-10-15,0.6601395541358117
2018-10-16,0.6598480146028867
2018-10-17,0.6691361008322139
2018-10-18,0.6695739365277296
2018-10-19,0.6626289717078189
2018-10-20,0.6704803181592451
2018-10-21,0.666328286504965
2018-10-22,0.6559986308617235
2018-10-23,0.65900360539629
2018-10-24,0.6830719341434554
2018-10-25,0.6595102685114352
2018-10-26,0.6696940386212646
2018-10-27,0.6820719839716903
2018-10-28,0.6693371676136364
2018-10-29,0.6747748325453625
2018-10-30,0.6464255844904773
2018-10-31,0.6938166769791948
2018-11-01,0.6587231140507356
2018-11-02,0.6767292588084561
2018-11-03,0.584341959798995
2018-11-04,0.6726534180615712
2018-11-05,0.6711132398749221
2018-11-06,0.6675680755403541
2018-11-07,0.6654741708068003
2018-11-08,0.6630666093906762
2018-11-09,0.6569141082661474
2018-11-10,0.5762014884437596
2018-11-11,0.6809994037247379
2018-11-12,0.665234508451188
2018-11-13,0.6615782028999065
2018-11-14,0.6668867842612887
2018-11-15,0.657066777808149
2018-11-16,0.6702040858679135
2018-11-17,0.672528359312386
2018-11-18,0.6824129630928135
2018-11-19,0.6705221057611858
2018-11-20,0.6612978751843048
2018-11-21,0.5854160283539975
2018-11-22,0.5826311096752931
2018-11-23,0.6272799915320889
2018-11-24,0.6569651204865466
2018-11-25,0.6640877056866566
2018-11-26,0.6459077066493858
2018-11-27,0.5727499188039733
2018-11-28,0.5747479816121925
2018-11-29,0.5767054429942712
2018-11-30,0.5797829191383642
2018-12-01,0.5838958424352378
2018-12-02,0.5783208335775705
2018-12-03,0.5738409362615994
2018-12-04,0.5751515723691619
2018-12-05,0.5724305621308436
2018-12-06,0.5782677414903588
2018-12-07,0.5798961748274538
2018-12-08,0.583301062614573
2018-12-09,0.5772456430068532
2018-12-10,0.5718654458332258
2018-12-11,0.5746475330689661
2018-12-12,0.5758771347442762
2018-12-13,0.5758241988350362
2018-12-14,0.5759334868610604
2018-12-15,0.5790376106146169
2018-12-16,0.5691438523674512
2018-12-17,0.5708184919624574
2018-12-18,0.5698736343130486
2018-12-19,0.5733989628688693
2018-12-20,0.573542120157449
2018-12-21,0.5745822098383578
2018-12-22,0.5773595483310265
2018-12-23,0.5765192319930462
2018-12-24,0.5871454878949939
2018-12-25,0.605025194004195
2018-12-26,0.5724060948699482
2018-12-27,0.5674735883858072
2018-12-28,0.5706494881063817
2018-12-29,0.5741306740534441
2018-12-30,0.5752862588387962
2018-12-31,0.6035029323543174
2019-01-01,0.616308414924316
2019-01-02,0.5763286043341121
2019-01-03,0.5705071109073175
2019-01-04,0.570337464613241
2019-01-05,0.5738919132400487
2019-01-06,0.5717627368469558
2019-01-07,0.5690530262225018
2019-01-08,0.568454321241197
2019-01-09,0.5702822725472912
2019-01-10,0.5707726275735551
2019-01-11,0.5734432279813197
2019-01-12,0.5757709511403079
2019-01-13,0.5737285878310324
2019-01-14,0.5700550789898814
2019-01-15,0.5701570523677278
2019-01-16,0.5704394903982744
2019-01-17,0.5708335735066352
2019-01-18,0.5737242759873946
2019-01-19,0.5747899989903611
2019-01-20,0.5698269781896184
2019-01-21,0.5641567087609959
2019-01-22,0.5674683299532473
2019-01-23,0.5709179812553389
2019-01-24,0.5706506698502911
2019-01-25,0.5741606733723009
2019-01-26,0.5782238933642274
2019-01-27,0.5742802397225611
2019-01-28,0.5692466648918512
2019-01-29,0.5662679752845472
2019-01-30,0.56849600655037
2019-01-31,0.5703910112190105
2019-02-01,0.5769771741225601
2019-02-02,0.5781492680607352
2019-02-03,0.575794140691607
2019-02-04,0.5658574394613897
2019-02-05,0.5742203685174381
2019-02-06,0.5719838798429501
2019-02-07,0.5726729966319699
2019-02-08,0.5714563433856582
2019-02-09,0.5793510304219694
2019-02-10,0.5744644969024024
2019-02-11,0.5721615348624904
2019-02-12,0.5695450927602257
2019-02-13,0.5737088661402353
2019-02-14,0.5868355829493301
2019-02-15,0.5770705087691799
2019-02-16,0.5781603899297324
2019-02-17,0.5766613749446102
2019-02-18,0.5710245168264241
2019-02-19,0.5708010702184981
2019-02-20,0.5733844184507891
2019-02-21,0.5729460398176266
2019-02-22,0.5782193286260557
2019-02-23,0.5797157727665427
2019-02-24,0.5765903272411317
2019-02-25,0.5773815396948946
2019-02-26,0.5744147003628192
2019-02-27,0.5745339671607492
2019-02-28,0.575525340253986
2019-03-01,0.5822190311176297
2019-03-02,0.5842641281666219
2019-03-03,0.5808064759028803
2019-03-04,0.5722360516922949
2019-03-05,0.5717218129847748
2019-03-06,0.5728999833117463
2019-03-07,0.578637155269391
2019-03-08,0.5952355685717108
2019-03-09,0.5875765914766047
2019-03-10,0.5810544838839335
2019-03-11,0.5764216101622603
2019-03-12,0.5781483527456936
2019-03-13,0.566802793679473
2019-03-14,0.5775732487163883
2019-03-15,0.5770678229926293
2019-03-16,0.58502698304095
2019-03-17,0.5862997003509439
2019-03-18,0.5777886066659911
2019-03-19,0.5805307510036075
2019-03-20,0.5818007855844843
2019-03-21,0.582657622555536
2019-03-22,0.5821275947915244
2019-03-23,0.5853188315445045
2019-03-24,0.5818939983804237
2019-03-25,0.5768898010317837
2019-03-26,0.5747526935354498
2019-03-27,0.578183303680695
2019-03-28,0.5798902521154395
2019-03-29,0.5828156330330876
2019-03-30,0.5844774894046622
2019-03-31,0.5794464454843823
2019-04-01,0.5730364652604599
2019-04-02,0.5757867340398016
2019-04-03,0.5782492687606097
2019-04-04,0.5784539709337698
2019-04-05,0.584030375337268
2019-04-06,0.5869354193425663
2019-04-07,0.5818446149263655
2019-04-08,0.576154194254282
2019-04-09,0.5742927735154532
2019-04-10,0.5782960859890734
2019-04-11,0.5800723215640454
2019-04-12,0.5842039256506121
2019-04-13,0.5869181645076451
2019-04-14,0.5802416782304474
2019-04-15,0.5672019328064337
2019-04-16,0.5739216467578128
2019-04-17,0.5779247343858173
2019-04-18,0.5787449261644344
2019-04-19,0.5830997435681445
2019-04-20,0.5843533841517518
2019-04-21,0.5837300212308897
2019-04-22,0.5761506401740046
2019-04-23,0.5790777339234742
2019-04-24,0.5754541509921483
2019-04-25,0.5770816987093824
2019-04-26,0.5799446459853629
2019-04-27,0.5853794829614807
2019-04-28,0.5808235916450228
2019-04-29,0.5729787810772857
2019-04-30,0.581128513380515
2019-05-01,0.5835439803404273
2019-05-02,0.5799827362160843
2019-05-03,0.5839832278017496
2019-05-04,0.5853745867597746
2019-05-05,0.5821799071742998
2019-05-06,0.5744819651606671
2019-05-07,0.5746343231121916
2019-05-08,0.5750662161278114
2019-05-09,0.5743077271857479
2019-05-10,0.58220332793198
2019-05-11,0.5846147614254014
2019-05-12,0.5874709459547877
2019-05-13,0.5693602693848177
2019-05-14,0.5762666536385825
2019-05-15,0.5755857002305006
2019-05-16,0.5764686144155003
2019-05-17,0.579726641880573
2019-05-18,0.5866590154809271
2019-05-19,0.5815999879184743
2019-05-20,0.5708147812193948
2019-05-21,0.5762441256663678
2019-05-22,0.5783862661220488
2019-05-23,0.5821381795316704
2019-05-24,0.5827892539113687
2019-05-25,0.5854212401403682
2019-05-26,0.5804914280982993
2019-05-27,0.5748249949664914
2019-05-28,0.574000548456848
2019-05-29,0.5764934335300416
2019-05-30,0.578313368773227
2019-05-31,0.5830685639182523
2019-06-01,0.5865851156900886
2019-06-02,0.5812869878888728
2019-06-03,0.5767909461810443
2019-06-04,0.5804530601011668
2019-06-05,0.5818055134959226
2019-06-06,0.575098135732283
2019-06-07,0.5719507620817843
2019-06-08,0.5728420644599304
2019-06-09,0.5750630670016751
2019-06-10,0.5751572737341772
2019-06-11,0.5613089818181818
2019-06-12,0.5780572096985583
2019-06-13,0.5745106318758815
2019-06-14,0.58111090513834
2019-06-15,0.5621918761408083
2019-06-16,0.5712238979848867
2019-06-17,0.5804125107296138
2019-06-18,0.5698837689463956
2019-06-19,0.5877410747176368
2019-06-20,0.5755221833832336
2019-06-21,0.5812098624401913
2019-06-22,0.5710170627839736
2019-06-23,0.5720056467311577
2019-06-24,0.5763624246486814
2019-06-25,0.5763458552818982
2019-06-26,0.5765419081505597
2019-06-27,0.5761836499492979
2019-06-28,0.5805627915736223
2019-06-29,0.582992186929341
2019-06-30,0.580427400879346
2019-07-01,0.5761831433697892
2019-07-02,0.5655927874653058
2019-07-03,0.5694419423904682
2019-07-04,0.5812043086676866
2019-07-05,0.5734691102570182
2019-07-06,0.5922152230065975
2019-07-07,0.5707875812969907
2019-07-08,0.5733945370754421
2019-07-09,0.5750851016232349
2019-07-10,0.5759455043449115
2019-07-11,0.5733862644579564
2019-07-12,0.574620207342188
2019-07-13,0.5834323773593924
2019-07-14,0.5804190985560416
2019-07-15,0.5760464103418172
2019-07-16,0.5756305136507897
2019-07-17,0.5763821709953032
2019-07-18,0.5727034384524414
2019-07-19,0.5788975807365909
2019-07-20,0.5815449010637688
2019-07-21,0.5787783031042252
2019-07-22,0.5737600144664762
2019-07-23,0.5730630468956907
2019-07-24,0.5725540374867439
2019-07-25,0.5718270971241294
2019-07-26,0.5779610742103279
2019-07-27,0.5792854368070979
2019-07-28,0.5773454635851003
2019-07-29,0.5717906981895771
2019-07-30,0.5721266908137727
2019-07-31,0.5727750918148017
2019-08-01,0.5775342709182512
2019-08-02,0.5780569845212582
2019-08-03,0.5803918763523479
2019-08-04,0.5739236828869577
2019-08-05,0.5716884711463156
2019-08-06,0.57231698483966
2019-08-07,0.574029023684028
2019-08-08,0.5751532287208633
2019-08-09,0.5792195905817785
2019-08-10,0.5813866831200962
2019-08-11,0.5817516297792077
2019-08-12,0.5754008923520569
2019-08-13,0.574100504370806
2019-08-14,0.5746253940703684
2019-08-15,0.5787118558060459
2019-08-16,0.5795913833876415
2019-08-17,0.5816557083698461
2019-08-18,0.5788680847832082
2019-08-19,0.5732904837333864
2019-08-20,0.5716541498058434
2019-08-21,0.5725287671097409
2019-08-22,0.5745212877858
2019-08-23,0.5760137671749188
2019-08-24,0.5804364463568138
2019-08-25,0.5767291516465672
2019-08-26,0.5745132948613629
2019-08-27,0.5729295253697511
2019-08-28,0.5717983737489671
2019-08-29,0.5748049017803251
2019-08-30,0.5782737420467053
2019-08-31,0.579545167799813
2019-09-01,0.5790768899409476
2019-09-02,0.5728026162471974
2019-09-03,0.5679203591216061
2019-09-04,0.5698570869203963
2019-09-05,0.573267134899385
2019-09-06,0.5774132839690338
2019-09-07,0.5801743057182397
2019-09-08,0.5761076765744976
2019-09-09,0.5697506130767849
2019-09-10,0.5718231015730159
2019-09-11,0.5712064928125159
2019-09-12,0.5818183499799535
2019-09-13,0.5847440187529391
2019-09-14,0.5908823031424496
2019-09-15,0.5860642210338027
2019-09-16,0.5812802097937351
2019-09-17,0.5826167194243584
2019-09-18,0.5807298205409878
2019-09-19,0.5783118947540238
2019-09-20,0.5866717901177765
2019-09-21,0.589695406064959
2019-09-22,0.5837912472694062
2019-09-23,0.5803123025258631
2019-09-24,0.5791711774836513
2019-09-25,0.5810002260937697
2019-09-26,0.5803004897999164
2019-09-27,0.5855066881232296
2019-09-28,0.5897205799559234
2019-09-29,0.5863060818768726
2019-09-30,0.5782569323756529
2019-10-01,0.5747601093865631
2019-10-02,0.5722490315480048
2019-10-03,0.5751149694812915
2019-10-04,0.5802835025820913
2019-10-05,0.5820893666767007
2019-10-06,0.5770428508564639
2019-10-07,0.5714770425301569
2019-10-08,0.5731005895475932
2019-10-09,0.5729250741911387
2019-10-10,0.5726796918509652
2019-10-11,0.5777502593381114
2019-10-12,0.5782553524178838
2019-10-13,0.5757907445908734
2019-10-14,0.5710676949389278
2019-10-15,0.5716309120737848
2019-10-16,0.5737071613199902
2019-10-17,0.5731621382064785
2019-10-18,0.5764665428792881
2019-10-19,0.5794363202601839
2019-10-20,0.5759026658610986
2019-10-21,0.570874182767761
2019-10-22,0.5744629481920464
2019-10-23,0.5741117561022274
2019-10-24,0.5750746004640063
2019-10-25,0.5790494758574932
2019-10-26,0.583254838307705
2019-10-27,0.5806304891465962
2019-10-28,0.5711954003214215
2019-10-29,0.5725101869737172
2019-10-30,0.5722467399161508
2019-10-31,0.5805349378051554
2019-11-01,0.5814287443966274
2019-11-02,0.581881756813654
2019-11-03,0.575082465083412
2019-11-04,0.5724451777055098
2019-11-05,0.57166525230754
2019-11-06,0.5746214625019352
2019-11-07,0.5746702159919921
2019-11-08,0.5806733640879501
2019-11-09,0.5833540976254517
2019-11-10,0.5778799586659639
2019-11-11,0.5725139677745057
2019-11-12,0.5720092987997268
2019-11-13,0.5753173343750133
2019-11-14,0.5769671069380378
2019-11-15,0.5720717582404403
2019-11-16,0.5720717582404403
2019-11-17,0.580763014488809
2019-11-18,0.5734320311864042
2019-11-19,0.5736130584753788
2019-11-20,0.5758204213210387
2019-11-21,0.5749827702119322
2019-11-22,0.5782967264616374
2019-11-23,0.5780847695206723
2019-11-24,0.5774613584612952
2019-11-25,0.5732350627184937
2019-11-26,0.5736536670604582
2019-11-27,0.5742843644820329
2019-11-28,0.5787247662442165
2019-11-29,0.5773089347748049
2019-11-30,0.5791785306113026
2019-12-01,0.5760910758631375
2019-12-02,0.5713315879150408
2019-12-03,0.5739229061652928
2019-12-04,0.5755937544905831
2019-12-05,0.5783167237805212
2019-12-06,0.5795693112072162
2019-12-07,0.5821305184645899
2019-12-08,0.575505317315407
2019-12-09,0.5718928345468509
2019-12-10,0.5727480136970121
2019-12-11,0.5754609992724746
2019-12-12,0.576155648898527
2019-12-13,0.5783259479349676
2019-12-14,0.5818673043851118
2019-12-15,0.5786996975327829
2019-12-16,0.5724463443703717
2019-12-17,0.574016448542532
2019-12-18,0.5754923034809784
2019-12-19,0.5753164567314829
2019-12-20,0.5801158930581825
2019-12-21,0.5793107155518389
2019-12-22,0.5769656600992392
2019-12-23,0.5744339401867492
2019-12-24,0.5913507293708797
2019-12-25,0.6095117937526711
2019-12-26,0.5780546188749449
2019-12-27,0.5741939770859452
2019-12-28,0.577379763312511
2019-12-29,0.5751141695841425
2019-12-30,0.576953262037372
2019-12-31,0.6077228759008929
2020-01-01,0.6299184378109383
2020-01-02,0.5903613272424382
2020-01-03,0.5797806881471804
2020-01-04,0.5839396433075571
2020-01-05,0.5796408230254021
2020-01-06,0.5795324567322995
2020-01-07,0.5781200808505436
2020-01-08,0.5770945115690449
2020-01-09,0.5797776693903498
2020-01-10,0.5840740255780723
2020-01-11,0.5858780890558235
2020-01-12,0.5844440352371159
2020-01-13,0.5816615452385955
2020-01-14,0.5817670318584578
2020-01-15,0.5826862807810956
2020-01-16,0.5817776661894243
2020-01-17,0.5847916743718313
2020-01-18,0.5879705176254613
2020-01-19,0.5864731871011382
2020-01-20,0.5820640185625257
2020-01-21,0.5792045996326346
2020-01-22,0.5809569777603049
2020-01-23,0.5824378415549399
2020-01-24,0.5862053058460346
2020-01-25,0.5893851443337075
2020-01-26,0.5711470763030669
2020-01-27,0.5712941288320403
2020-01-28,0.5788949673733027
2020-01-29,0.5812455288171462
2020-01-30,0.5815309649425324
2020-01-31,0.5827261423012294
2020-02-01,0.587161577781954
2020-02-02,0.5867359257052724
2020-02-03,0.5803562772202062
2020-02-04,0.5796797385077722
2020-02-05,0.5789601194648261
2020-02-06,0.580854776920504
2020-02-07,0.5855790789519543
2020-02-08,0.589747252639949
2020-02-09,0.586731024353975
2020-02-10,0.5848289758846325
2020-02-11,0.5838987759320052
2020-02-12,0.5836571609309126
2020-02-13,0.5854738178504238
2020-02-14,0.6001728158865788
2020-02-15,0.5917934015959544
2020-02-16,0.5854601310788743
2020-02-17,0.5799692919219401
2020-02-18,0.5780284652556674
2020-02-19,0.5790382504710148
2020-02-20,0.5817399889956008
2020-02-21,0.5861955620708968
2020-02-22,0.5904276791474149
2020-02-23,0.5873082019881929
2020-02-24,0.5843494911984786
2020-02-25,0.5807396992446665
2020-02-26,0.5770048419046662
2020-02-27,0.577783043422212
2020-02-28,0.5796020610431496
2020-02-29,0.5835348246770502
2020-03-01,0.5839654594073532
2020-03-02,0.5763880977146795
2020-03-03,0.5781865207905453
2020-03-04,0.5771170091119602
2020-03-05,0.5809977979474308
2020-03-06,0.5827653878292636
2020-03-07,0.5865258327955736
2020-03-08,0.5933418752882328
2020-03-09,0.5778082556931434
2020-03-10,0.5761264838861522
2020-03-11,0.5693386096435968
2020-03-12,0.5576199352890336
2020-03-13,0.5643601781053726
2020-03-14,0.5729195496357681
2020-03-15,0.5707331394013938
2020-03-16,0.5586289486823034
2020-03-17,0.5642280818995583
2020-03-18,0.5666699237424233
2020-03-19,0.5705449496026597
2020-03-20,0.5733933915686683
2020-03-21,0.576991274099366
2020-03-22,0.5776662767157051
2020-03-23,0.567956594975405
2020-03-24,0.5698019688292455
2020-03-25,0.5727701326848575
2020-03-26,0.5760232670905017
2020-03-27,0.5766926432143002
2020-03-28,0.5778795893329023
2020-03-29,0.5767246063832483
2020-03-30,0.569555556550922
2020-03-31,0.5744205570186455
2020-04-01,0.5725225237305344
2020-04-02,0.5779751050246527
2020-04-03,0.5766814261268234
2020-04-04,0.5784884730266402
2020-04-05,0.58005006934441
2020-04-06,0.575646724280085
2020-04-07,0.5777248186972719
2020-04-08,0.5774512654164906
2020-04-09,0.5768516573421152
2020-04-10,0.5793895517755611
2020-04-11,0.5799610522410643
2020-04-12,0.5865300080352326
2020-04-13,0.5756706420004623
2020-04-14,0.5791579147857108
2020-04-15,0.5782941534188605
2020-04-16,0.5818673987623919
2020-04-17,0.5839270029173229
2020-04-18,0.5835422088074905
2020-04-19,0.5823252000002734
2020-04-20,0.5774828522469199
2020-04-21,0.5815172690187738
2020-04-22,0.5835492685972858
2020-04-23,0.5872832327893689
2020-04-24,0.5833907879093243
2020-04-25,0.5851183223731847
2020-04-26,0.58422054643294
2020-04-27,0.5820294760766211
2020-04-28,0.5822820139671824
2020-04-29,0.579611647766471
2020-04-30,0.5852662445053038
2020-05-01,0.5917784622100599
2020-05-02,0.5888623938658603
2020-05-03,0.587391151512539
2020-05-04,0.5836802798018804
2020-05-05,0.5829948714949377
2020-05-06,0.5835744367757559
2020-05-07,0.5843177900602498
2020-05-08,0.5866353860709567
2020-05-09,0.589389142116424
2020-05-10,0.5953905539598531
2020-05-11,0.5824649701267657
2020-05-12,0.5860015225528026
2020-05-13,0.5854995786844924
2020-05-14,0.5868309448661231
2020-05-15,0.5875876949735356
2020-05-16,0.5896988101957226
2020-05-17,0.5876437101376868
2020-05-18,0.5855378715322568
2020-05-19,0.5870545435269755
2020-05-20,0.5866228572208426
2020-05-21,0.5869596101841441
2020-05-22,0.58746451038964
2020-05-23,0.5901306609695133
2020-05-24,0.5927967371204961
2020-05-25,0.5860774545518642
2020-05-26,0.5827291143162205
2020-05-27,0.5832950103192407
2020-05-28,0.5823190507620691
2020-05-29,0.5829246515062781
2020-05-30,0.5846347919236333
2020-05-31,0.5754535530943657
2020-06-01,0.5772339743384137
2020-06-02,0.5732654429162811
2020-06-03,0.5804033523136508
2020-06-04,0.5833802083298405
2020-06-05,0.5860765332746083
2020-06-06,0.5898445207908484
2020-06-07,0.5886197061692555
2020-06-08,0.5853124126840143
2020-06-09,0.5853943305561888
2020-06-10,0.5863478226662411
2020-06-11,0.5871247158057373
2020-06-12,0.5923366809918647
2020-06-13,0.5931563158670585
2020-06-14,0.5889804819209262
2020-06-15,0.5842271317305745
2020-06-16,0.58432582974258
2020-06-17,0.5838010073990535
2020-06-18,0.5867128952010542
2020-06-19,0.5905651070614792
2020-06-20,0.5923784530275051
2020-06-21,0.598660070141914
2020-06-22,0.5858689477242308
2020-06-23,0.5840327148574309
2020-06-24,0.5867771849419618
2020-06-25,0.5859878847948373
2020-06-26,0.5881075391063112
2020-06-27,0.5897490376688138
2020-06-28,0.5904030053600463
2020-06-29,0.5857941318040559
2020-06-30,0.5841128780418139
2020-07-01,0.588475677301469
2020-07-02,0.5866610147300579
2020-07-03,0.590167843950173
2020-07-04,0.5968194381633635
2020-07-05,0.5920926424549711
2020-07-06,0.5843491464131689
2020-07-07,0.5842592820902583
2020-07-08,0.5847156748014054
2020-07-09,0.5833248980972363
2020-07-10,0.5882613286183639
2020-07-11,0.591688934987015
2020-07-12,0.5898384053371877
2020-07-13,0.5835538614299699
2020-07-14,0.5837372530695478
2020-07-15,0.5865296517393281
2020-07-16,0.5852997480064515
2020-07-17,0.5891364931328883
2020-07-18,0.5924903765161871
2020-07-19,0.5912305750111861
2020-07-20,0.5890539691003064
2020-07-21,0.5861143254410877
2020-07-22,0.5874363353837292
2020-07-23,0.5893843727623296
2020-07-24,0.5913026864010765
2020-07-25,0.5938611593096649
2020-07-26,0.5932060936130419
2020-07-27,0.5863475301321271
2020-07-28,0.5853267475488435
2020-07-29,0.5871904159180653
2020-07-30,0.5855979580976389
2020-07-31,0.5919822415313541
2020-08-01,0.5953128229705366
2020-08-02,0.5933701774274884
2020-08-03,0.5904785485395557
2020-08-04,0.584356661854492
2020-08-05,0.588915463462614
2020-08-06,0.5859332546963741
2020-08-07,0.5883952510494559
2020-08-08,0.5910727426053136
2020-08-09,0.5922012033636398
2020-08-10,0.5867515214088612
2020-08-11,0.5880195545607626
2020-08-12,0.5872763035257991
2020-08-13,0.5852820818931157
2020-08-14,0.5880448435622941
2020-08-15,0.5966435407247694
2020-08-16,0.5884453635821595
2020-08-17,0.583299461289194
2020-08-18,0.5861738033359937
2020-08-19,0.5879496516931051
2020-08-20,0.58713966033752
2020-08-21,0.589553202091431
2020-08-22,0.5939011893415665
2020-08-23,0.5880575482196385
2020-08-24,0.5854930509093508
2020-08-25,0.5849376331594532
2020-08-26,0.586608759097176
2020-08-27,0.5829677068238243
2020-08-28,0.5877873866013382
2020-08-29,0.5826085026231405
2020-08-30,0.5899760832749463
2020-08-31,0.5878505518026836
2020-09-01,0.5895826392668011
2020-09-02,0.5894739087381748
2020-09-03,0.589921498557246
2020-09-04,0.5918090097301997
2020-09-05,0.5957882730824
2020-09-06,0.5914153731662231
2020-09-07,0.5875951884023117
2020-09-08,0.5888050284163349
2020-09-09,0.5861319044362795
2020-09-10,0.5800620809373237
2020-09-11,0.5856937085726962
2020-09-12,0.5942462663951323
2020-09-13,0.5932374448352438
2020-09-14,0.5850991347545185
2020-09-15,0.5869911536931366
2020-09-16,0.5880150480123175
2020-09-17,0.5899445942872654
2020-09-18,0.5888273855020496
2020-09-19,0.5886987192957948
2020-09-20,0.5890009460387959
2020-09-21,0.5887287737552755
2020-09-22,0.5856066014586657
2020-09-23,0.586322566796972
2020-09-24,0.5845781166544102
2020-09-25,0.5885319103906225
2020-09-26,0.5919982213827089
2020-09-27,0.5886753257786274
2020-09-28,0.5839088735095125
2020-09-29,0.5864224265309383
2020-09-30,0.5788368954589006
2020-10-01,0.5883391589379705
2020-10-02,0.5880969692158549
2020-10-03,0.5899731202745252
2020-10-04,0.5853064058161979
2020-10-05,0.583178541761473
2020-10-06,0.58249529779994
2020-10-07,0.5845071741418284
2020-10-08,0.5838368658390188
2020-10-09,0.5862927632147151
2020-10-10,0.5861983518786036
2020-10-11,0.5894963028918434
2020-10-12,0.5880447774674094
2020-10-13,0.5844672320945138
2020-10-14,0.5829672448526676
2020-10-15,0.5867239260915387
2020-10-16,0.5855302791331924
2020-10-17,0.5909365296832391
2020-10-18,0.5899008625507954
2020-10-19,0.5839989535116904
2020-10-20,0.5832112990328787
2020-10-21,0.580749345518121
2020-10-22,0.5856687999661933
2020-10-23,0.5868204289269374
2020-10-24,0.5924306046541113
2020-10-25,0.5887012555717394
2020-10-26,0.5862733572160416
2020-10-27,0.5829195724701082
2020-10-28,0.5834779711843816
2020-10-29,0.5855188663912205
2020-10-30,0.5893586092808263
2020-10-31,0.5974593999368689
2020-11-01,0.590491858589146
2020-11-02,0.5835885937260752
2020-11-03,0.5869268288101712
2020-11-04,0.5737755132051672
2020-11-05,0.5734543793908549
2020-11-06,0.587418798016823
2020-11-07,0.5955879789584028
2020-11-08,0.5896185426646556
2020-11-09,0.5834909387183267
2020-11-10,0.5840548525677354
2020-11-11,0.5877683112502103
2020-11-12,0.5836677409815545
2020-11-13,0.5878614785133107
2020-11-14,0.5969715410060713
2020-11-15,0.5871595856854334
2020-11-16,0.5830417024103711
2020-11-17,0.5840633870495767
2020-11-18,0.5849356330881661
2020-11-19,0.5847103523347967
2020-11-20,0.5891189339143625
2020-11-21,0.5916591364089815
2020-11-22,0.5897324272595849
2020-11-23,0.5879643371400389
2020-11-24,0.586731387728111
2020-11-25,0.5820079674575347
2020-11-26,0.5932401987114674
2020-11-27,0.5909294683149677
2020-11-28,0.5917490037112273
2020-11-29,0.5855939757831534
2020-11-30,0.5861400817007079
2020-12-01,0.5895643550451045
2020-12-02,0.5910154816617798
2020-12-03,0.5913797045525558
2020-12-04,0.5931084516014605
2020-12-05,0.5948570090065073
2020-12-06,0.5926452371261869
2020-12-07,0.5861242717902068
2020-12-08,0.5865629269470543
2020-12-09,0.5880683386626527
2020-12-10,0.5879019656196908
2020-12-11,0.5923042068420551
2020-12-12,0.594946211793916
2020-12-13,0.5904347942171646
2020-12-14,0.5847057452580238
2020-12-15,0.5878943463905906
2020-12-16,0.5899439481157033
2020-12-17,0.5908777767887158
2020-12-18,0.5932965227699146
2020-12-19,0.5927663836527617
2020-12-20,0.5907098655092309
2020-12-21,0.5872079918736383
2020-12-22,0.5934956234501046
2020-12-23,0.5925386146093516
2020-12-24,0.6108081577686865
2020-12-25,0.6333101874791285
2020-12-26,0.5984085568339306
2020-12-27,0.588937399433709
2020-12-28,0.5863928337182108
2020-12-29,0.5882434709476609
2020-12-30,0.5902781233620905
2020-12-31,0.6220645082812912
2021-01-01,0.6341276109462779
2021-01-02,0.5883482653359631
2021-01-03,0.5817821066956405
2021-01-04,0.5753858045910999
2021-01-05,0.5784834464333992
2021-01-06,0.5711211721647103
2021-01-07,0.5661574302282425
2021-01-08,0.575106058159158
2021-01-09,0.5783852087510508
2021-01-10,0.5776446217991759
2021-01-11,0.5784834660501059
2021-01-12,0.5757196726196444
2021-01-13,0.5746385981630953
2021-01-14,0.5805059863552277
2021-01-15,0.5820995249908143
2021-01-16,0.5829407510657143
2021-01-17,0.5794527041068386
2021-01-18,0.5764798117677015
2021-01-19,0.5808713190182543
2021-01-20,0.5838376782903199
2021-01-21,0.5813169464509075
2021-01-22,0.5815702210725796
2021-01-23,0.5854027159958907
2021-01-24,0.5810491382062076
2021-01-25,0.5837819287671847
2021-01-26,0.5816257597298307
2021-01-27,0.5770667681450385
2021-01-28,0.5778491371406221
2021-01-29,0.5819354655494373
2021-01-30,0.5834987579846713
2021-01-31,0.584191711345464
2021-02-01,0.5797031898632633
2021-02-02,0.5727502203320877
2021-02-03,0.5792154237725021
2021-02-04,0.5841993009635963
2021-02-05,0.5867218304261996
2021-02-06,0.5859585685573695
2021-02-07,0.5806706874292239
2021-02-08,0.5743693085371653
2021-02-09,0.5786595651959017
2021-02-10,0.5840890389558293
2021-02-11,0.5855322040580272
2021-02-12,0.5868372167348801
2021-02-13,0.5854947490570728
2021-02-14,0.5943775506141767
2021-02-15,0.5791340400896139
2021-02-16,0.580197614520824
2021-02-17,0.5790792989394244
2021-02-18,0.582088008308654
2021-02-19,0.5861640159884689
2021-02-20,0.5873941428726713
2021-02-21,0.5851454995015506
2021-02-22,0.5828243854959018
2021-02-23,0.5846240972746803
2021-02-24,0.5833226533957305
2021-02-25,0.5825005395710314
2021-02-26,0.5827748484219203
2021-02-27,0.5911684589473997
2021-02-28,0.5891252084065812
2021-03-01,0.5867356546270923
2021-03-02,0.5828124781206256
2021-03-03,0.5809369109027666
2021-03-04,0.5838317536860809
2021-03-05,0.5865232202047764
2021-03-06,0.5908430723058187
2021-03-07,0.5873247705297204
2021-03-08,0.5926044546466473
2021-03-09,0.5844624981543024
2021-03-10,0.584086138036996
2021-03-11,0.5844780096687369
2021-03-12,0.5868614899998136
2021-03-13,0.5882369001169979
2021-03-14,0.5888674856413146
2021-03-15,0.5846909926125335
2021-03-16,0.5838305303056197
2021-03-17,0.5852428732583242
2021-03-18,0.5843218643994308
2021-03-19,0.5915183078517166
2021-03-20,0.5909167335489267
2021-03-21,0.5899543091582816
2021-03-22,0.583304226801481
2021-03-23,0.5830637497789443
2021-03-24,0.583519771122505
2021-03-25,0.5859630999797161
2021-03-26,0.5896363934616795
2021-03-27,0.5927166196208505
2021-03-28,0.5932573506942027
2021-03-29,0.5859492120260406
2021-03-30,0.5827295242014423
2021-03-31,0.5856665985936268
2021-04-01,0.5912186851998766
2021-04-02,0.592050801878667
2021-04-03,0.5916739655011384
2021-04-04,0.598164861651612
2021-04-05,0.5847203060028187
2021-04-06,0.5827645501613249
2021-04-07,0.5834536229327668
2021-04-08,0.5855509471746018
2021-04-09,0.5860265046331818
2021-04-10,0.5926473756441518
2021-04-11,0.589715010819956
2021-04-12,0.5862262385312591
2021-04-13,0.587865617856
2021-04-14,0.5877462644011568
2021-04-15,0.5850979001549719
2021-04-16,0.5877818583430021
2021-04-17,0.5895014505374008
2021-04-18,0.5884876927514042
2021-04-19,0.5829530714876997
2021-04-20,0.5841659059136909
2021-04-21,0.5837678112689831
2021-04-22,0.5880411877496884
2021-04-23,0.5906141617938526
2021-04-24,0.5934776887937221
2021-04-25,0.5885783750791574
2021-04-26,0.5859171926778971
2021-04-27,0.5861785149979931
2021-04-28,0.5828014427046299
2021-04-29,0.5865024335592512
2021-04-30,0.5873370834527522
2021-05-01,0.5958288291615496
2021-05-02,0.5917336071830018
2021-05-03,0.5853257757268346
2021-05-04,0.5844220606888562
2021-05-05,0.5791835623221536
2021-05-06,0.5851934289151149
2021-05-07,0.5906931501339955
2021-05-08,0.5945086495009293
2021-05-09,0.5990639079309016
2021-05-10,0.5891185418066984
2021-05-11,0.5861769645918274
2021-05-12,0.5870214475456109
2021-05-13,0.5935403948005111
2021-05-14,0.5936180018599835
2021-05-15,0.5962011509638688
2021-05-16,0.5893717079183594
2021-05-17,0.5859251878117759
2021-05-18,0.5884480755326854
2021-05-19,0.5902131085083546
2021-05-20,0.588670630361165
2021-05-21,0.5931719750078412
2021-05-22,0.5958090925343082
2021-05-23,0.5903215422762926
2021-05-24,0.5890249879550866
2021-05-25,0.5891760610757103
2021-05-26,0.5882560514965363
2021-05-27,0.5904158594491418
2021-05-28,0.591418523707802
2021-05-29,0.5935685563606421
2021-05-30,0.5941619405941064
2021-05-31,0.5885409771637434
2021-06-01,0.5946543139393996
2021-06-02,0.5902312949477465
2021-06-03,0.5918340739250711
2021-06-04,0.5909254532509363
2021-06-05,0.5986260261490458
2021-06-06,0.5936401046762518
2021-06-07,0.5886939489347222
2021-06-08,0.5901776571245461
2021-06-09,0.5906064165459772
2021-06-10,0.5905916324753844
2021-06-11,0.5943315609526055
2021-06-12,0.5975244515073816
2021-06-13,0.5978694926658729
2021-06-14,0.589032880520858
2021-06-15,0.5898749924222026
2021-06-16,0.5888214113807159
2021-06-17,0.5904008968974533
2021-06-18,0.5929747060116918
2021-06-19,0.5959011581349882
2021-06-20,0.6003666591069373
2021-06-21,0.5934706707770454
2021-06-22,0.5906510321374274
2021-06-23,0.5894733032861466
2021-06-24,0.5929662901422182
2021-06-25,0.5933606303839216
2021-06-26,0.5960940205547228
2021-06-27,0.5934062398135281
2021-06-28,0.5863855948654578
2021-06-29,0.5859666256301365
2021-06-30,0.5888459090061929
2021-07-01,0.5938174246771535
2021-07-02,0.5921314456830363
2021-07-03,0.5963469815815369
2021-07-04,0.598330784197038
2021-07-05,0.5933488961123526
2021-07-06,0.5897877253693431
2021-07-07,0.5889825937193323
2021-07-08,0.589720357874044
2021-07-09,0.594220804516972
2021-07-10,0.5965702106606133
2021-07-11,0.5870421362611319
2021-07-12,0.586861190248591
2021-07-13,0.5888202779176008
2021-07-14,0.5902415126437802
2021-07-15,0.5892516476155791
2021-07-16,0.5945497014652938
2021-07-17,0.596992435235546
2021-07-18,0.5929904934942987
2021-07-19,0.5907181007802983
2021-07-20,0.5941845994749612
2021-07-21,0.5890338006559694
2021-07-22,0.5923767473347221
2021-07-23,0.5958881197173299
2021-07-24,0.5996724187135241
2021-07-25,0.5954166911580472
2021-07-26,0.590341585454052
2021-07-27,0.5880192403919117
2021-07-28,0.5843134728258119
2021-07-29,0.5839885776571575
2021-07-30,0.5854035146513141
2021-07-31,0.5933600785208293
2021-08-01,0.5956138340017708
2021-08-02,0.5877650693347424
2021-08-03,0.5843532602739597
2021-08-04,0.5880078031628172
2021-08-05,0.5827153251950484
2021-08-06,0.5914085541754365
2021-08-07,0.5979675943868352
2021-08-08,0.5929396693961629
2021-08-09,0.5915341852041804
2021-08-10,0.5882221792135769
2021-08-11,0.5871739532869785
2021-08-12,0.588238513853829
2021-08-13,0.5912533765908448
2021-08-14,0.5948847577184513
2021-08-15,0.5956207970082743
2021-08-16,0.5836600291560616
2021-08-17,0.58628986022085
2021-08-18,0.5882747625450285
2021-08-19,0.5887032131971982
2021-08-20,0.5930358330472892
2021-08-21,0.5955709398788632
2021-08-22,0.5943146265689571
2021-08-23,0.589293873634642
2021-08-24,0.5883642939363091
2021-08-25,0.5891700140163529
2021-08-26,0.5867374745972401
2021-08-27,0.5925232297028923
2021-08-28,0.5945701769698948
2021-08-29,0.5924773297870721
2021-08-30,0.5920208222933623
2021-08-31,0.5920208222933623
2021-09-01,0.6021829403903294
2021-09-02,0.5973205496555533
2021-09-03,0.5996242989658116
2021-09-04,0.6074632409963755
2021-09-05,0.6073736533889088
2021-09-06,0.601913671053182
2021-09-07,0.6009142811551715
2021-09-08,0.5997619019325254
2021-09-09,0.6013150626349245
2021-09-10,0.6058350331716379
2021-09-11,0.6077349971422946
2021-09-12,0.6018530330639617
2021-09-13,0.5991125793076324
2021-09-14,0.6006031702862624
2021-09-15,0.6021365341101987
2021-09-16,0.603011621230621
2021-09-17,0.609385619593094
2021-09-18,0.6089770052543058
2021-09-19,0.6038424034286568
2021-09-20,0.602235028418258
2021-09-21,0.6013699348447202
2021-09-22,0.6007068153676265
2021-09-23,0.6052723461135674
2021-09-24,0.6061612300584714
2021-09-25,0.6090951078869684
2021-09-26,0.6024997364960518
2021-09-27,0.602373210225917
2021-09-28,0.5994410353321673
2021-09-29,0.600213800045072
2021-09-30,0.6031939018432334
2021-10-01,0.6062086692610079
2021-10-02,0.6071881213375708
2021-10-03,0.5999762460044354
2021-10-04,0.5802942165809291
2021-10-05,0.597887292795806
2021-10-06,0.6002018107079852
2021-10-07,0.6028902432685608
2021-10-08,0.6038803567829284
2021-10-09,0.6097618633000957
2021-10-10,0.6021176217978839
2021-10-11,0.6002018292079084
2021-10-12,0.6022711596707181
2021-10-13,0.6031749396685134
2021-10-14,0.6030787867801491
2021-10-15,0.6086963696237757
2021-10-16,0.6099075113589099
2021-10-17,0.6062165910752494
2021-10-18,0.6002493951686145
2021-10-19,0.6015020440046166
2021-10-20,0.602098114090352
2021-10-21,0.6040447493566966
2021-10-22,0.608583702757449
2021-10-23,0.6099457134139836
2021-10-24,0.602148077511343
2021-10-25,0.6004180728012931
2021-10-26,0.6026729247525309
2021-10-27,0.60295176654425
2021-10-28,0.6016327439910633
2021-10-29,0.6090510780100123
2021-10-30,0.6104762132005247
2021-10-31,0.6100961902187185
2021-11-01,0.6078426686586891
2021-11-02,0.6035439269400849
2021-11-03,0.6049349042600243
2021-11-04,0.6119043588470562
2021-11-05,0.6119043588470562
2021-11-06,0.6034311664838257
2021-11-07,0.6032540718627256
2021-11-08,0.6033918846695197
2021-11-09,0.6009446817727523
2021-11-10,0.6076770006001913
2021-11-11,0.6078693768684008
2021-11-12,0.6076572963615834
2021-11-13,0.6125749507041705
2021-11-14,0.6096755055172947
2021-11-15,0.6059281034032427
2021-11-16,0.6036306989321968
2021-11-17,0.6002340300523317
2021-11-18,0.6048519195786155
2021-11-19,0.608843271811119
2021-11-20,0.6099648841151399
2021-11-21,0.6076377672516854
2021-11-22,0.6035606050710192
2021-11-23,0.6046369745859304
2021-11-24,0.6028927831236642
2021-11-25,0.6119348879160836
2021-11-26,0.6053601430911267
2021-11-27,0.6035694744006845
2021-11-28,0.6018509480944649
2021-11-29,0.600759542180973
2021-11-30,0.6023260624482326
2021-12-01,0.6114425736044563
2021-12-02,0.6092677184998913
2021-12-03,0.6102137249674815
2021-12-04,0.6114953820953312
2021-12-05,0.606924736024777
2021-12-06,0.6047740723713734
2021-12-07,0.6050424267154519
2021-12-08,0.6018473709500497
2021-12-09,0.6075262877633237
2021-12-10,0.6065024965174838
2021-12-11,0.6119163816486023
2021-12-12,0.6059338976879773
2021-12-13,0.6040335709286931
2021-12-14,0.6039079825423638
2021-12-15,0.604425574457378
2021-12-16,0.604285857586917
2021-12-17,0.6068154542413265
2021-12-18,0.6085480830439338
2021-12-19,0.6072258631720722
2021-12-20,0.6027297986254799
2021-12-21,0.6039801872342611
2021-12-22,0.6055631442714585
2021-12-23,0.6094281649033427
2021-12-24,0.6297635603145469
2021-12-25,0.6503954283701228
2021-12-26,0.6127906487924236
2021-12-27,0.6003951523007572
2021-12-28,0.6028812987884203
2021-12-29,0.6043246071491564
2021-12-30,0.6067739917509494
2021-12-31,0.6347477501504605
2022-01-01,0.6565860062574644
2022-01-02,0.6128693767046962
2022-01-03,0.6041950870888736
2022-01-04,0.600894790463182
2022-01-05,0.6009893814593757
2022-01-06,0.5987416052821057
2022-01-07,0.6041677721129645
2022-01-08,0.6123815574982953
2022-01-09,0.6142586888381204
2022-01-10,0.6088605841677273
2022-01-11,0.6070086753146727
2022-01-12,0.6098275281688068
2022-01-13,0.6101134119206096
2022-01-14,0.6141271951207251
2022-01-15,0.6146234150526206
2022-01-16,0.6116267185312426
2022-01-17,0.6071012461878085
2022-01-18,0.6067487296626205
2022-01-19,0.6082324195086147
2022-01-20,0.6087841355561942
2022-01-21,0.6112139664830044
2022-01-22,0.6144867851315214
2022-01-23,0.6115094879481199
2022-01-24,0.6015527690795737
2022-01-25,0.6079095895828217
2022-01-26,0.6140912111987153
2022-01-27,0.6081335546846016
2022-01-28,0.6107909275966483
2022-01-29,0.6143616731475742
2022-01-30,0.6147765317472075
2022-01-31,0.6042485270844159
2022-02-01,0.6113627309310786
2022-02-02,0.6096300199428908
2022-02-03,0.6084717604876951
2022-02-04,0.6098564531078094
2022-02-05,0.6153263842325564
2022-02-06,0.6111470574699319
2022-02-07,0.6058210466593674
2022-02-08,0.6032998223908564
2022-02-09,0.6065775522852518
2022-02-10,0.6090737637002115
2022-02-11,0.6132323189029805
2022-02-12,0.612850329260403
2022-02-13,0.6160794279528599
2022-02-14,0.6146945499573757
2022-02-15,0.6018199265303397
2022-02-16,0.6071766732530721
2022-02-17,0.6083761488584294
2022-02-18,0.609160621385837
2022-02-19,0.6134792525235642
2022-02-20,0.6126064263237077
2022-02-21,0.6041431739190739
2022-02-22,0.60910684518716
2022-02-23,0.6082889492776172
2022-02-24,0.5886096136779564
2022-02-25,0.6011737008500286
2022-02-26,0.6011737008500286
2022-02-27,0.59472934147012
2022-02-28,0.6046449128209026
2022-03-01,0.6046449128209026
2022-03-02,0.6026833963225635
2022-03-03,0.6038546538048807
2022-03-04,0.6041294168948383
2022-03-05,0.6096393238381952
2022-03-06,0.6022281352375124
2022-03-07,0.5987645385678064
2022-03-08,0.6103489605301171
2022-03-09,0.6012335299102617
2022-03-10,0.6035540258314139
2022-03-11,0.6069180537763113
2022-03-12,0.6115724182419875
2022-03-13,0.6114014380712326
2022-03-14,0.6041852763706617
2022-03-15,0.6039105288814445
2022-03-16,0.6030539465106654
2022-03-17,0.6093812896235442
2022-03-18,0.6121196431036995
2022-03-19,0.6118945426095735
2022-03-20,0.6107508929764512
2022-03-21,0.6087441357711078
2022-03-22,0.604958488970573
2022-03-23,0.6061382071751982
2022-03-24,0.607324990582067
2022-03-25,0.6102162057987647
2022-03-26,0.6124271925455043
2022-03-27,0.6144629379783009
2022-03-28,0.6073418244612341
2022-03-29,0.6055324917983886
2022-03-30,0.6062086884701756
2022-03-31,0.603725013639087
2022-04-01,0.6136446752846093
2022-04-02,0.6136446752846093
2022-04-03,0.6136446752846093
2022-04-04,0.6066417249319223
2022-04-05,0.6070765822725271
2022-04-06,0.6055739470231594
2022-04-07,0.6097586533993614
2022-04-08,0.6120399236257498
2022-04-09,0.6117705699892103
2022-04-10,0.6147806450531631
2022-04-11,0.6059882423886747
2022-04-12,0.6031222598329051
2022-04-13,0.6045161889519801
2022-04-14,0.6083647377631842
2022-04-15,0.6135278888210721
2022-04-16,0.6154702220609427
2022-04-17,0.6177141839046417
2022-04-18,0.6059012623312963
2022-04-19,0.6049516922839014
2022-04-20,0.6063016551093537
2022-04-21,0.608610865698471
2022-04-22,0.61161429948816
2022-04-23,0.6156220128880139
2022-04-24,0.6119177364171149
2022-04-25,0.6087810653547113
2022-04-26,0.6060444277855785
2022-04-27,0.6085002219753667
2022-04-28,0.6082320657075436
2022-04-29,0.6118313685791973
2022-04-30,0.6169757032028557
2022-05-01,0.6206318293898988
2022-05-02,0.6190739378086278
2022-05-03,0.6119635585085934
2022-05-04,0.6086941248431896
2022-05-05,0.611434452678977
2022-05-06,0.610858021364821
2022-05-07,0.6151090588711169
2022-05-08,0.616663394503282
2022-05-09,0.6078223067157562
2022-05-10,0.6075910128737285
2022-05-11,0.607376635529925
2022-05-12,0.6064339462584639
2022-05-13,0.6090620866063997
2022-05-14,0.6143514252706515
2022-05-15,0.6122934367005801
2022-05-16,0.6074512083629836
2022-05-17,0.6070388196048919
2022-05-18,0.6062554234839319
2022-05-19,0.6081391797473543
2022-05-20,0.611803166513766
2022-05-21,0.6134800199801402
2022-05-22,0.610075550491989
2022-05-23,0.6073941429424408
2022-05-24,0.6049542076946884
2022-05-25,0.600064467048884
2022-05-26,0.6030625578796661
2022-05-27,0.6087198867774283
2022-05-28,0.6108231709679268
2022-05-29,0.6107712509282907
2022-05-30,0.6061987286915147
2022-05-31,0.6054559958744121
2022-06-01,0.6110952495419
2022-06-02,0.610034309120637
2022-06-03,0.609051345354525
2022-06-04,0.6171786803790815
2022-06-05,0.6118728157186777
2022-06-06,0.6039602573667795
2022-06-07,0.6069232438383201
2022-06-08,0.6080510867142653
2022-06-09,0.605670564138078
2022-06-10,0.6128474417090575
2022-06-11,0.6147406561935455
2022-06-12,0.6138457325295061
2022-06-13,0.608206676583466
2022-06-14,0.6041315043953787
2022-06-15,0.6069388190416829
2022-06-16,0.6081683071481777
2022-06-17,0.6093294435077617
2022-06-18,0.6140064069888584
2022-06-19,0.6183083746510685
2022-06-20,0.6097876656715877
2022-06-21,0.6088142898412772
2022-06-22,0.6059600900235681
2022-06-23,0.6064082866146933
2022-06-24,0.6020821561828885
2022-06-25,0.6113548241262896
2022-06-26,0.6120764318554879
2022-06-27,0.606115723019528
2022-06-28,0.6073503499360806
2022-06-29,0.604664229402702
2022-06-30,0.6070767232722261
2022-07-01,0.6133601967100092
2022-07-02,0.6133460783212421
2022-07-03,0.6101303746319825
2022-07-04,0.6116469100458881
2022-07-05,0.6058738365092121
2022-07-06,0.6035409011831225
2022-07-07,0.6059164635438166
2022-07-08,0.6042973514144139
2022-07-09,0.6149317935759785
2022-07-10,0.6128583702724384
2022-07-11,0.6047644587146798
2022-07-12,0.6063345716022295
2022-07-13,0.607846065382023
2022-07-14,0.6032453753932205
2022-07-15,0.6068207361037885
2022-07-16,0.6138438025827584
2022-07-17,0.6133768259984529
2022-07-18,0.6104416527697394
2022-07-19,0.6055451686386132
2022-07-20,0.6069018273517259
2022-07-21,0.6087291098294336
2022-07-22,0.6119924267803957
2022-07-23,0.6134185715152679
2022-07-24,0.6114962540723687
2022-07-25,0.6076019135561205
2022-07-26,0.6073759428042464
2022-07-27,0.6060796597885152
2022-07-28,0.6038428083096915
2022-07-29,0.6098354058339062
2022-07-30,0.6136752827220784
2022-07-31,0.616026224188236
2022-08-01,0.6083419796425433
2022-08-02,0.6054591708122281
2022-08-03,0.6071262564022342
2022-08-04,0.2625170484828434
2022-08-05,0.6007509600474009
2022-08-06,0.5995915831135495
2022-08-07,0.6015232656010936
2022-08-08,0.5983782593284904
2022-08-09,0.6230204129019696
2022-08-10,0.6012612272738936
2022-08-11,0.6154336218773577
2022-08-12,0.6111248478147179
2022-08-13,0.6133557615414482
2022-08-14,0.6173020104568017
2022-08-15,0.6006897663634696
2022-08-16,0.6094596222587869
2022-08-17,0.6124456524929396
2022-08-18,0.6119177137045466
2022-08-19,0.6153501876641257
2022-08-20,0.6163367413802602
2022-08-21,0.606058080497775
2022-08-22,0.6093865132038617
2022-08-23,0.6025411557069917
2022-08-24,0.6148782404530154
2022-08-25,0.6125810407965401
2022-08-26,0.6042676996583833
2022-08-27,0.6093116971290435
2022-08-28,0.6164573457032346
2022-08-29,0.6435677857268258
2022-08-30,0.6104845878984492
2022-08-31,0.612581068139942
2022-09-01,0.6143969632738843
2022-09-02,0.6107984766147488
2022-09-03,0.6121645798205332
2022-09-04,0.6144258272916754
2022-09-05,0.6101704899911667
2022-09-06,0.6057130603379947
2022-09-07,0.6039996329218935
2022-09-08,0.5971200238753878
2022-09-09,0.6035827168500523
2022-09-10,0.6039139050731172
2022-09-11,0.6030886598709544
2022-09-12,0.5892244606829431
2022-09-13,0.598821134499961
2022-09-14,0.6096188243549288
2022-09-15,0.6123658067615406
2022-09-16,0.6037432686336869
2022-09-17,0.6156288943333352
2022-09-18,0.6045238849701384
2022-09-19,0.5996938376810742
2022-09-20,0.5968396818901597
2022-09-21,0.6104031441889275
2022-09-22,0.6060669655600582
2022-09-23,0.6037962286285515
2022-09-24,0.5986766281184912
2022-09-25,0.6064413710233073
2022-09-26,0.6132023728982461
2022-09-27,0.6103275394298333
2022-09-28,0.5781557410686569
2022-09-29,0.6078292170342757
2022-09-30,0.6043104317333999
2022-10-01,0.6113984614948259
2022-10-02,0.6043876900092536
2022-10-03,0.5988961133572633
2022-10-04,0.6067302194499281
2022-10-05,0.5630208877031175
2022-10-06,0.6143672178835448
2022-10-07,0.6005286255737404
2022-10-08,0.6204899083364851
2022-10-09,0.5993127698983066
2022-10-10,0.6109110909524416
2022-10-11,0.6072889012154723
2022-10-12,0.6110190402451202
2022-10-13,0.6065709038217881
2022-10-14,0.6035370784477603
2022-10-15,0.6062929434734265
2022-10-16,0.6094857638635213
2022-10-17,0.6071675450731338
2022-10-18,0.6084154942798075
2022-10-19,0.6060556758408477
2022-10-20,0.6110018681102709
2022-10-21,0.6126386807408446
2022-10-22,0.6165176045953998
2022-10-23,0.6145880096071628
2022-10-24,0.610843179682614
2022-10-25,0.6068169499488325
2022-10-26,0.6082069242549574
2022-10-27,0.6083165976761775
2022-10-28,0.6128309532080639
2022-10-29,0.6137352090595912
2022-10-30,0.6028983316235084
2022-10-31,0.609459718224993
2022-11-01,0.6073451797708679
2022-11-02,0.6086988749254238
2022-11-03,0.6151404549391054
2022-11-04,0.6259794127663816
2022-11-05,0.6172259874420631
2022-11-06,0.608605353286357
2022-11-07,0.601443352940149
2022-11-08,0.5990033623345721
2022-11-09,0.5998571659194771
2022-11-10,0.60583708823651
2022-11-11,0.6141781792391733
2022-11-12,0.6188436453024242
2022-11-13,0.6159340069510445
2022-11-14,0.6036866081213681
2022-11-15,0.6148378020142939
2022-11-16,0.606177944077263
2022-11-17,0.6033537420741508
2022-11-18,0.6038979872237252
2022-11-19,0.5994369559773319
2022-11-20,0.6030887345430068
2022-11-21,0.6146903835867584
2022-11-22,0.6137980007499506
2022-11-23,0.6041496887113329
2022-11-24,0.6061510497863699
2022-11-25,0.6005327378668173
2022-11-26,0.6232708828955349
2022-11-27,0.6157814861270002
2022-11-28,0.6095604130030565
2022-11-29,0.6040917434768481
2022-11-30,0.6191377418603663
2022-12-01,0.6184793410439404
2022-12-02,0.5964523316703823
2022-12-03,0.6052206118431434
2022-12-04,0.6037344788939479
2022-12-05,0.6095820230005745
2022-12-06,0.6128634302254234
2022-12-07,0.6173796373899403
2022-12-08,0.60642011779195
2022-12-09,0.6065260111165858
2022-12-10,0.6039882555900925
2022-12-11,0.6134287819078665
2022-12-12,0.6052899855748545
2022-12-13,0.5994985607764153
2022-12-14,0.5913943909733906
2022-12-15,0.6121528885697494
2022-12-16,0.6119997857961434
2022-12-17,0.6158339028099765
2022-12-18,0.6042787904499336
2022-12-19,0.6067578273287133
2022-12-20,0.5952171836142149
2022-12-21,0.6056788083341181
2022-12-22,0.604390160446184
2022-12-23,0.6147204727040886
2022-12-24,0.6089645435744927
2022-12-25,0.6490940765558196
2022-12-26,0.6070204650209149
2022-12-27,0.5914268989578838
2022-12-28,0.6026132822082757
2022-12-29,0.6018366113140678
2022-12-30,0.6158673012176938
2022-12-31,0.6407812625892151
2023-01-01,0.6471967462245576
2023-01-02,0.6072518427938605
2023-01-03,0.598846629293811
2023-01-04,0.5932743123476067
2023-01-05,0.6095359999281088
2023-01-06,0.6006796796754958
2023-01-07,0.6200361424823804
2023-01-08,0.607153014452088
2023-01-09,0.5978725976345645
2023-01-10,0.5932772248470498
2023-01-11,0.6007550042944699
2023-01-12,0.6084327265910056
2023-01-13,0.6007637673744161
2023-01-14,0.6112388424287009
2023-01-15,0.6000077834569499
2023-01-16,0.600590095366003
2023-01-17,0.5954624741202903
2023-01-18,0.6116176660618405
2023-01-19,0.615873704668194
2023-01-20,0.609371104007992
2023-01-21,0.6116212048193093
2023-01-22,0.6180768620812047
2023-01-23,0.583537050807274
2023-01-24,0.5939435183781969
2023-01-25,0.5955678234230547
2023-01-26,0.6087650236928508
2023-01-27,0.6176824085106476
2023-01-28,0.6009557414461947
2023-01-29,0.6006023619975113
2023-01-30,0.5914928437806963
2023-01-31,0.612153485411301
2023-02-01,0.606111359590159
2023-02-02,0.6045760944928059
2023-02-03,0.5913067285583343
2023-02-04,0.5991385213782047
2023-02-05,0.6152334132072361
2023-02-06,0.6340906010356275
2023-02-07,0.594092446980083
2023-02-08,0.5886476343693029
2023-02-09,0.5962176182918129
2023-02-10,0.6024050608784318
2023-02-11,0.5954130038664671
2023-02-12,0.6152390448027266
2023-02-13,0.6019407271670518
2023-02-14,0.6191750457585387
2023-02-15,0.6078061704048183
2023-02-16,0.5911743368349328
2023-02-17,0.6022355549875356
2023-02-18,0.6023514512443117
2023-02-19,0.6103502150023483
2023-02-20,0.6156955547235532
2023-02-21,0.6012378703482963
2023-02-22,0.601424228189851
2023-02-23,0.6003044502969979
2023-02-24,0.6066562708037332
2023-02-25,0.5951627886637809
2023-02-26,0.6174292293394424
2023-02-27,0.6063852826459799
2023-02-28,0.604706354652386
2023-03-01,0.6027706543238993
2023-03-02,0.6110143667625777
2023-03-03,0.5940676528899792
2023-03-04,0.6195333850898138
2023-03-05,0.6019561795208547
2023-03-06,0.6093693123025978
2023-03-07,0.6104497163883243
2023-03-08,0.6104497163883243
2023-03-09,0.5959396618409734
2023-03-10,0.6134917842268744
2023-03-11,0.6106387583108623
2023-03-12,0.603464653812904
2023-03-13,0.5956906796416948
2023-03-14,0.6099276316554373
2023-03-15,0.5874125832322622
2023-03-16,0.5874125832322622
2023-03-17,0.5874125832322622
2023-03-18,0.5874125832322622
2023-03-19,0.5874125832322622
2023-03-20,0.5885016858298524
2023-03-21,0.6150292945962719
2023-03-22,0.6110499631307439
2023-03-23,0.6129598333333334
2023-03-24,0.7426446666666667
2023-03-25,0.5920361818181819
2023-03-26,0.5967045652173913
2023-03-27,0.50629055
2023-03-28,0.4710796086956521
2023-03-29,0.4458802272727272
2023-03-30,0.6353380555555556
2023-03-31,0.4614250999999999
2023-04-01,0.5162203636363636
2023-04-02,0.6478293076923076
2023-04-03,0.5486960000000001
2023-04-04,0.6029973038125842
2023-04-05,0.5963002806072558
2023-04-06,0.5994460923424697
2023-04-07,0.606516031375942
2023-04-08,0.6073690452278848
2023-04-09,0.615395261120284
2023-04-10,0.5985311102423654
2023-04-11,0.6007046553187807
2023-04-12,0.5984917650032751
2023-04-13,0.610397276245026
2023-04-14,0.6099784610344223
2023-04-15,0.6063596114532988
2023-04-16,0.621110306935168
2023-04-17,0.5943493166039746
2023-04-18,0.5994449076784091
2023-04-19,0.6031246246432043
2023-04-20,0.5956408846239111
2023-04-21,0.6190699028447983
2023-04-22,0.60532891539639
2023-04-23,0.6405306026852576
2023-04-24,0.611624164569754
2023-04-25,0.6103512735155983
2023-04-26,0.5958244063635817
2023-04-27,0.599359185199457
2023-04-28,0.6099861549374636
2023-04-29,0.5836969211280468
2023-04-30,0.5978219298607549
2023-05-01,0.6218917055706762
2023-05-02,0.5831670867403503
2023-05-03,0.6196593572045637
2023-05-04,0.6138941972285256
2023-05-05,0.6034643405072274
2023-05-06,0.6004085621955689
2023-05-07,0.5977014931602557
2023-05-08,0.6071950250100218
2023-05-09,0.5535869930096418
2023-05-10,0.6033536886533497
2023-05-11,0.6236196032323167
2023-05-12,0.610203987325847
2023-05-13,0.6119530680864392
2023-05-14,0.6147264738988572
2023-05-15,0.5885480844766694
2023-05-16,0.585564662170695
2023-05-17,0.5866217325429295
2023-05-18,0.5950067380569096
2023-05-19,0.6120933016064504
2023-05-20,0.6208569228723556
2023-05-21,0.6219649301473468
2023-05-22,0.5883986011782173
2023-05-23,0.5977158567233672
2023-05-24,0.6012221986830123
2023-05-25,0.5933190923068132
2023-05-26,0.6075609299745106
2023-05-27,0.605781082158441
2023-05-28,0.5798002082927229
2023-05-29,0.6140816012761622
2023-05-30,0.5972068364161162
2023-05-31,0.6086050547449902
2023-06-01,0.593654753472101
2023-06-02,0.5950013241907574
2023-06-03,0.598430025133459
2023-06-04,0.5952923047626434
2023-06-05,0.5952923047626434
2023-06-06,0.5883674793698356
2023-06-07,0.6055588850158242
2023-06-08,0.5941097143299121
2023-06-09,0.6037492878074707
2023-06-10,0.6057173756125469
2023-06-11,0.603361451648673
2023-06-12,0.5997635946440297
2023-06-13,0.6023881226490291
2023-06-14,0.5965767660492447
2023-06-15,0.6041114560246997
2023-06-16,0.6103784949388096
2023-06-17,0.6221578292030139
