date,ConSIX
2015-01-01,98.1
2015-01-02,98.1
2015-01-03,98.1
2015-01-04,98.1
2015-01-05,98.1
2015-01-06,98.1
2015-01-07,98.1
2015-01-08,98.1
2015-01-09,98.1
2015-01-10,98.1
2015-01-11,98.1
2015-01-12,98.1
2015-01-13,98.1
2015-01-14,98.1
2015-01-15,98.1
2015-01-16,98.1
2015-01-17,98.1
2015-01-18,98.1
2015-01-19,98.1
2015-01-20,98.1
2015-01-21,98.1
2015-01-22,98.1
2015-01-23,98.1
2015-01-24,98.1
2015-01-25,98.1
2015-01-26,98.1
2015-01-27,98.1
2015-01-28,98.1
2015-01-29,98.1
2015-01-30,98.1
2015-01-31,98.1
2015-02-01,95.4
2015-02-02,95.4
2015-02-03,95.4
2015-02-04,95.4
2015-02-05,95.4
2015-02-06,95.4
2015-02-07,95.4
2015-02-08,95.4
2015-02-09,95.4
2015-02-10,95.4
2015-02-11,95.4
2015-02-12,95.4
2015-02-13,95.4
2015-02-14,95.4
2015-02-15,95.4
2015-02-16,95.4
2015-02-17,95.4
2015-02-18,95.4
2015-02-19,95.4
2015-02-20,95.4
2015-02-21,95.4
2015-02-22,95.4
2015-02-23,95.4
2015-02-24,95.4
2015-02-25,95.4
2015-02-26,95.4
2015-02-27,95.4
2015-02-28,95.4
2015-03-01,93.0
2015-03-02,93.0
2015-03-03,93.0
2015-03-04,93.0
2015-03-05,93.0
2015-03-06,93.0
2015-03-07,93.0
2015-03-08,93.0
2015-03-09,93.0
2015-03-10,93.0
2015-03-11,93.0
2015-03-12,93.0
2015-03-13,93.0
2015-03-14,93.0
2015-03-15,93.0
2015-03-16,93.0
2015-03-17,93.0
2015-03-18,93.0
2015-03-19,93.0
2015-03-20,93.0
2015-03-21,93.0
2015-03-22,93.0
2015-03-23,93.0
2015-03-24,93.0
2015-03-25,93.0
2015-03-26,93.0
2015-03-27,93.0
2015-03-28,93.0
2015-03-29,93.0
2015-03-30,93.0
2015-03-31,93.0
2015-04-01,95.9
2015-04-02,95.9
2015-04-03,95.9
2015-04-04,95.9
2015-04-05,95.9
2015-04-06,95.9
2015-04-07,95.9
2015-04-08,95.9
2015-04-09,95.9
2015-04-10,95.9
2015-04-11,95.9
2015-04-12,95.9
2015-04-13,95.9
2015-04-14,95.9
2015-04-15,95.9
2015-04-16,95.9
2015-04-17,95.9
2015-04-18,95.9
2015-04-19,95.9
2015-04-20,95.9
2015-04-21,95.9
2015-04-22,95.9
2015-04-23,95.9
2015-04-24,95.9
2015-04-25,95.9
2015-04-26,95.9
2015-04-27,95.9
2015-04-28,95.9
2015-04-29,95.9
2015-04-30,95.9
2015-05-01,90.7
2015-05-02,90.7
2015-05-03,90.7
2015-05-04,90.7
2015-05-05,90.7
2015-05-06,90.7
2015-05-07,90.7
2015-05-08,90.7
2015-05-09,90.7
2015-05-10,90.7
2015-05-11,90.7
2015-05-12,90.7
2015-05-13,90.7
2015-05-14,90.7
2015-05-15,90.7
2015-05-16,90.7
2015-05-17,90.7
2015-05-18,90.7
2015-05-19,90.7
2015-05-20,90.7
2015-05-21,90.7
2015-05-22,90.7
2015-05-23,90.7
2015-05-24,90.7
2015-05-25,90.7
2015-05-26,90.7
2015-05-27,90.7
2015-05-28,90.7
2015-05-29,90.7
2015-05-30,90.7
2015-05-31,90.7
2015-06-01,96.1
2015-06-02,96.1
2015-06-03,96.1
2015-06-04,96.1
2015-06-05,96.1
2015-06-06,96.1
2015-06-07,96.1
2015-06-08,96.1
2015-06-09,96.1
2015-06-10,96.1
2015-06-11,96.1
2015-06-12,96.1
2015-06-13,96.1
2015-06-14,96.1
2015-06-15,96.1
2015-06-16,96.1
2015-06-17,96.1
2015-06-18,96.1
2015-06-19,96.1
2015-06-20,96.1
2015-06-21,96.1
2015-06-22,96.1
2015-06-23,96.1
2015-06-24,96.1
2015-06-25,96.1
2015-06-26,96.1
2015-06-27,96.1
2015-06-28,96.1
2015-06-29,96.1
2015-06-30,96.1
2015-07-01,93.1
2015-07-02,93.1
2015-07-03,93.1
2015-07-04,93.1
2015-07-05,93.1
2015-07-06,93.1
2015-07-07,93.1
2015-07-08,93.1
2015-07-09,93.1
2015-07-10,93.1
2015-07-11,93.1
2015-07-12,93.1
2015-07-13,93.1
2015-07-14,93.1
2015-07-15,93.1
2015-07-16,93.1
2015-07-17,93.1
2015-07-18,93.1
2015-07-19,93.1
2015-07-20,93.1
2015-07-21,93.1
2015-07-22,93.1
2015-07-23,93.1
2015-07-24,93.1
2015-07-25,93.1
2015-07-26,93.1
2015-07-27,93.1
2015-07-28,93.1
2015-07-29,93.1
2015-07-30,93.1
2015-07-31,93.1
2015-08-01,91.9
2015-08-02,91.9
2015-08-03,91.9
2015-08-04,91.9
2015-08-05,91.9
2015-08-06,91.9
2015-08-07,91.9
2015-08-08,91.9
2015-08-09,91.9
2015-08-10,91.9
2015-08-11,91.9
2015-08-12,91.9
2015-08-13,91.9
2015-08-14,91.9
2015-08-15,91.9
2015-08-16,91.9
2015-08-17,91.9
2015-08-18,91.9
2015-08-19,91.9
2015-08-20,91.9
2015-08-21,91.9
2015-08-22,91.9
2015-08-23,91.9
2015-08-24,91.9
2015-08-25,91.9
2015-08-26,91.9
2015-08-27,91.9
2015-08-28,91.9
2015-08-29,91.9
2015-08-30,91.9
2015-08-31,91.9
2015-09-01,87.2
2015-09-02,87.2
2015-09-03,87.2
2015-09-04,87.2
2015-09-05,87.2
2015-09-06,87.2
2015-09-07,87.2
2015-09-08,87.2
2015-09-09,87.2
2015-09-10,87.2
2015-09-11,87.2
2015-09-12,87.2
2015-09-13,87.2
2015-09-14,87.2
2015-09-15,87.2
2015-09-16,87.2
2015-09-17,87.2
2015-09-18,87.2
2015-09-19,87.2
2015-09-20,87.2
2015-09-21,87.2
2015-09-22,87.2
2015-09-23,87.2
2015-09-24,87.2
2015-09-25,87.2
2015-09-26,87.2
2015-09-27,87.2
2015-09-28,87.2
2015-09-29,87.2
2015-09-30,87.2
2015-10-01,90.0
2015-10-02,90.0
2015-10-03,90.0
2015-10-04,90.0
2015-10-05,90.0
2015-10-06,90.0
2015-10-07,90.0
2015-10-08,90.0
2015-10-09,90.0
2015-10-10,90.0
2015-10-11,90.0
2015-10-12,90.0
2015-10-13,90.0
2015-10-14,90.0
2015-10-15,90.0
2015-10-16,90.0
2015-10-17,90.0
2015-10-18,90.0
2015-10-19,90.0
2015-10-20,90.0
2015-10-21,90.0
2015-10-22,90.0
2015-10-23,90.0
2015-10-24,90.0
2015-10-25,90.0
2015-10-26,90.0
2015-10-27,90.0
2015-10-28,90.0
2015-10-29,90.0
2015-10-30,90.0
2015-10-31,90.0
2015-11-01,91.3
2015-11-02,91.3
2015-11-03,91.3
2015-11-04,91.3
2015-11-05,91.3
2015-11-06,91.3
2015-11-07,91.3
2015-11-08,91.3
2015-11-09,91.3
2015-11-10,91.3
2015-11-11,91.3
2015-11-12,91.3
2015-11-13,91.3
2015-11-14,91.3
2015-11-15,91.3
2015-11-16,91.3
2015-11-17,91.3
2015-11-18,91.3
2015-11-19,91.3
2015-11-20,91.3
2015-11-21,91.3
2015-11-22,91.3
2015-11-23,91.3
2015-11-24,91.3
2015-11-25,91.3
2015-11-26,91.3
2015-11-27,91.3
2015-11-28,91.3
2015-11-29,91.3
2015-11-30,91.3
2015-12-01,92.6
2015-12-02,92.6
2015-12-03,92.6
2015-12-04,92.6
2015-12-05,92.6
2015-12-06,92.6
2015-12-07,92.6
2015-12-08,92.6
2015-12-09,92.6
2015-12-10,92.6
2015-12-11,92.6
2015-12-12,92.6
2015-12-13,92.6
2015-12-14,92.6
2015-12-15,92.6
2015-12-16,92.6
2015-12-17,92.6
2015-12-18,92.6
2015-12-19,92.6
2015-12-20,92.6
2015-12-21,92.6
2015-12-22,92.6
2015-12-23,92.6
2015-12-24,92.6
2015-12-25,92.6
2015-12-26,92.6
2015-12-27,92.6
2015-12-28,92.6
2015-12-29,92.6
2015-12-30,92.6
2015-12-31,92.6
2016-01-01,92.0
2016-01-02,92.0
2016-01-03,92.0
2016-01-04,92.0
2016-01-05,92.0
2016-01-06,92.0
2016-01-07,92.0
2016-01-08,92.0
2016-01-09,92.0
2016-01-10,92.0
2016-01-11,92.0
2016-01-12,92.0
2016-01-13,92.0
2016-01-14,92.0
2016-01-15,92.0
2016-01-16,92.0
2016-01-17,92.0
2016-01-18,92.0
2016-01-19,92.0
2016-01-20,92.0
2016-01-21,92.0
2016-01-22,92.0
2016-01-23,92.0
2016-01-24,92.0
2016-01-25,92.0
2016-01-26,92.0
2016-01-27,92.0
2016-01-28,92.0
2016-01-29,92.0
2016-01-30,92.0
2016-01-31,92.0
2016-02-01,91.7
2016-02-02,91.7
2016-02-03,91.7
2016-02-04,91.7
2016-02-05,91.7
2016-02-06,91.7
2016-02-07,91.7
2016-02-08,91.7
2016-02-09,91.7
2016-02-10,91.7
2016-02-11,91.7
2016-02-12,91.7
2016-02-13,91.7
2016-02-14,91.7
2016-02-15,91.7
2016-02-16,91.7
2016-02-17,91.7
2016-02-18,91.7
2016-02-19,91.7
2016-02-20,91.7
2016-02-21,91.7
2016-02-22,91.7
2016-02-23,91.7
2016-02-24,91.7
2016-02-25,91.7
2016-02-26,91.7
2016-02-27,91.7
2016-02-28,91.7
2016-02-29,91.7
2016-03-01,91.0
2016-03-02,91.0
2016-03-03,91.0
2016-03-04,91.0
2016-03-05,91.0
2016-03-06,91.0
2016-03-07,91.0
2016-03-08,91.0
2016-03-09,91.0
2016-03-10,91.0
2016-03-11,91.0
2016-03-12,91.0
2016-03-13,91.0
2016-03-14,91.0
2016-03-15,91.0
2016-03-16,91.0
2016-03-17,91.0
2016-03-18,91.0
2016-03-19,91.0
2016-03-20,91.0
2016-03-21,91.0
2016-03-22,91.0
2016-03-23,91.0
2016-03-24,91.0
2016-03-25,91.0
2016-03-26,91.0
2016-03-27,91.0
2016-03-28,91.0
2016-03-29,91.0
2016-03-30,91.0
2016-03-31,91.0
2016-04-01,89.0
2016-04-02,89.0
2016-04-03,89.0
2016-04-04,89.0
2016-04-05,89.0
2016-04-06,89.0
2016-04-07,89.0
2016-04-08,89.0
2016-04-09,89.0
2016-04-10,89.0
2016-04-11,89.0
2016-04-12,89.0
2016-04-13,89.0
2016-04-14,89.0
2016-04-15,89.0
2016-04-16,89.0
2016-04-17,89.0
2016-04-18,89.0
2016-04-19,89.0
2016-04-20,89.0
2016-04-21,89.0
2016-04-22,89.0
2016-04-23,89.0
2016-04-24,89.0
2016-04-25,89.0
2016-04-26,89.0
2016-04-27,89.0
2016-04-28,89.0
2016-04-29,89.0
2016-04-30,89.0
2016-05-01,94.7
2016-05-02,94.7
2016-05-03,94.7
2016-05-04,94.7
2016-05-05,94.7
2016-05-06,94.7
2016-05-07,94.7
2016-05-08,94.7
2016-05-09,94.7
2016-05-10,94.7
2016-05-11,94.7
2016-05-12,94.7
2016-05-13,94.7
2016-05-14,94.7
2016-05-15,94.7
2016-05-16,94.7
2016-05-17,94.7
2016-05-18,94.7
2016-05-19,94.7
2016-05-20,94.7
2016-05-21,94.7
2016-05-22,94.7
2016-05-23,94.7
2016-05-24,94.7
2016-05-25,94.7
2016-05-26,94.7
2016-05-27,94.7
2016-05-28,94.7
2016-05-29,94.7
2016-05-30,94.7
2016-05-31,94.7
2016-06-01,93.5
2016-06-02,93.5
2016-06-03,93.5
2016-06-04,93.5
2016-06-05,93.5
2016-06-06,93.5
2016-06-07,93.5
2016-06-08,93.5
2016-06-09,93.5
2016-06-10,93.5
2016-06-11,93.5
2016-06-12,93.5
2016-06-13,93.5
2016-06-14,93.5
2016-06-15,93.5
2016-06-16,93.5
2016-06-17,93.5
2016-06-18,93.5
2016-06-19,93.5
2016-06-20,93.5
2016-06-21,93.5
2016-06-22,93.5
2016-06-23,93.5
2016-06-24,93.5
2016-06-25,93.5
2016-06-26,93.5
2016-06-27,93.5
2016-06-28,93.5
2016-06-29,93.5
2016-06-30,93.5
2016-07-01,90.0
2016-07-02,90.0
2016-07-03,90.0
2016-07-04,90.0
2016-07-05,90.0
2016-07-06,90.0
2016-07-07,90.0
2016-07-08,90.0
2016-07-09,90.0
2016-07-10,90.0
2016-07-11,90.0
2016-07-12,90.0
2016-07-13,90.0
2016-07-14,90.0
2016-07-15,90.0
2016-07-16,90.0
2016-07-17,90.0
2016-07-18,90.0
2016-07-19,90.0
2016-07-20,90.0
2016-07-21,90.0
2016-07-22,90.0
2016-07-23,90.0
2016-07-24,90.0
2016-07-25,90.0
2016-07-26,90.0
2016-07-27,90.0
2016-07-28,90.0
2016-07-29,90.0
2016-07-30,90.0
2016-07-31,90.0
2016-08-01,89.8
2016-08-02,89.8
2016-08-03,89.8
2016-08-04,89.8
2016-08-05,89.8
2016-08-06,89.8
2016-08-07,89.8
2016-08-08,89.8
2016-08-09,89.8
2016-08-10,89.8
2016-08-11,89.8
2016-08-12,89.8
2016-08-13,89.8
2016-08-14,89.8
2016-08-15,89.8
2016-08-16,89.8
2016-08-17,89.8
2016-08-18,89.8
2016-08-19,89.8
2016-08-20,89.8
2016-08-21,89.8
2016-08-22,89.8
2016-08-23,89.8
2016-08-24,89.8
2016-08-25,89.8
2016-08-26,89.8
2016-08-27,89.8
2016-08-28,89.8
2016-08-29,89.8
2016-08-30,89.8
2016-08-31,89.8
2016-09-01,91.2
2016-09-02,91.2
2016-09-03,91.2
2016-09-04,91.2
2016-09-05,91.2
2016-09-06,91.2
2016-09-07,91.2
2016-09-08,91.2
2016-09-09,91.2
2016-09-10,91.2
2016-09-11,91.2
2016-09-12,91.2
2016-09-13,91.2
2016-09-14,91.2
2016-09-15,91.2
2016-09-16,91.2
2016-09-17,91.2
2016-09-18,91.2
2016-09-19,91.2
2016-09-20,91.2
2016-09-21,91.2
2016-09-22,91.2
2016-09-23,91.2
2016-09-24,91.2
2016-09-25,91.2
2016-09-26,91.2
2016-09-27,91.2
2016-09-28,91.2
2016-09-29,91.2
2016-09-30,91.2
2016-10-01,87.2
2016-10-02,87.2
2016-10-03,87.2
2016-10-04,87.2
2016-10-05,87.2
2016-10-06,87.2
2016-10-07,87.2
2016-10-08,87.2
2016-10-09,87.2
2016-10-10,87.2
2016-10-11,87.2
2016-10-12,87.2
2016-10-13,87.2
2016-10-14,87.2
2016-10-15,87.2
2016-10-16,87.2
2016-10-17,87.2
2016-10-18,87.2
2016-10-19,87.2
2016-10-20,87.2
2016-10-21,87.2
2016-10-22,87.2
2016-10-23,87.2
2016-10-24,87.2
2016-10-25,87.2
2016-10-26,87.2
2016-10-27,87.2
2016-10-28,87.2
2016-10-29,87.2
2016-10-30,87.2
2016-10-31,87.2
2016-11-01,93.8
2016-11-02,93.8
2016-11-03,93.8
2016-11-04,93.8
2016-11-05,93.8
2016-11-06,93.8
2016-11-07,93.8
2016-11-08,93.8
2016-11-09,93.8
2016-11-10,93.8
2016-11-11,93.8
2016-11-12,93.8
2016-11-13,93.8
2016-11-14,93.8
2016-11-15,93.8
2016-11-16,93.8
2016-11-17,93.8
2016-11-18,93.8
2016-11-19,93.8
2016-11-20,93.8
2016-11-21,93.8
2016-11-22,93.8
2016-11-23,93.8
2016-11-24,93.8
2016-11-25,93.8
2016-11-26,93.8
2016-11-27,93.8
2016-11-28,93.8
2016-11-29,93.8
2016-11-30,93.8
2016-12-01,98.2
2016-12-02,98.2
2016-12-03,98.2
2016-12-04,98.2
2016-12-05,98.2
2016-12-06,98.2
2016-12-07,98.2
2016-12-08,98.2
2016-12-09,98.2
2016-12-10,98.2
2016-12-11,98.2
2016-12-12,98.2
2016-12-13,98.2
2016-12-14,98.2
2016-12-15,98.2
2016-12-16,98.2
2016-12-17,98.2
2016-12-18,98.2
2016-12-19,98.2
2016-12-20,98.2
2016-12-21,98.2
2016-12-22,98.2
2016-12-23,98.2
2016-12-24,98.2
2016-12-25,98.2
2016-12-26,98.2
2016-12-27,98.2
2016-12-28,98.2
2016-12-29,98.2
2016-12-30,98.2
2016-12-31,98.2
2017-01-01,98.5
2017-01-02,98.5
2017-01-03,98.5
2017-01-04,98.5
2017-01-05,98.5
2017-01-06,98.5
2017-01-07,98.5
2017-01-08,98.5
2017-01-09,98.5
2017-01-10,98.5
2017-01-11,98.5
2017-01-12,98.5
2017-01-13,98.5
2017-01-14,98.5
2017-01-15,98.5
2017-01-16,98.5
2017-01-17,98.5
2017-01-18,98.5
2017-01-19,98.5
2017-01-20,98.5
2017-01-21,98.5
2017-01-22,98.5
2017-01-23,98.5
2017-01-24,98.5
2017-01-25,98.5
2017-01-26,98.5
2017-01-27,98.5
2017-01-28,98.5
2017-01-29,98.5
2017-01-30,98.5
2017-01-31,98.5
2017-02-01,96.3
2017-02-02,96.3
2017-02-03,96.3
2017-02-04,96.3
2017-02-05,96.3
2017-02-06,96.3
2017-02-07,96.3
2017-02-08,96.3
2017-02-09,96.3
2017-02-10,96.3
2017-02-11,96.3
2017-02-12,96.3
2017-02-13,96.3
2017-02-14,96.3
2017-02-15,96.3
2017-02-16,96.3
2017-02-17,96.3
2017-02-18,96.3
2017-02-19,96.3
2017-02-20,96.3
2017-02-21,96.3
2017-02-22,96.3
2017-02-23,96.3
2017-02-24,96.3
2017-02-25,96.3
2017-02-26,96.3
2017-02-27,96.3
2017-02-28,96.3
2017-03-01,96.9
2017-03-02,96.9
2017-03-03,96.9
2017-03-04,96.9
2017-03-05,96.9
2017-03-06,96.9
2017-03-07,96.9
2017-03-08,96.9
2017-03-09,96.9
2017-03-10,96.9
2017-03-11,96.9
2017-03-12,96.9
2017-03-13,96.9
2017-03-14,96.9
2017-03-15,96.9
2017-03-16,96.9
2017-03-17,96.9
2017-03-18,96.9
2017-03-19,96.9
2017-03-20,96.9
2017-03-21,96.9
2017-03-22,96.9
2017-03-23,96.9
2017-03-24,96.9
2017-03-25,96.9
2017-03-26,96.9
2017-03-27,96.9
2017-03-28,96.9
2017-03-29,96.9
2017-03-30,96.9
2017-03-31,96.9
2017-04-01,97.0
2017-04-02,97.0
2017-04-03,97.0
2017-04-04,97.0
2017-04-05,97.0
2017-04-06,97.0
2017-04-07,97.0
2017-04-08,97.0
2017-04-09,97.0
2017-04-10,97.0
2017-04-11,97.0
2017-04-12,97.0
2017-04-13,97.0
2017-04-14,97.0
2017-04-15,97.0
2017-04-16,97.0
2017-04-17,97.0
2017-04-18,97.0
2017-04-19,97.0
2017-04-20,97.0
2017-04-21,97.0
2017-04-22,97.0
2017-04-23,97.0
2017-04-24,97.0
2017-04-25,97.0
2017-04-26,97.0
2017-04-27,97.0
2017-04-28,97.0
2017-04-29,97.0
2017-04-30,97.0
2017-05-01,97.1
2017-05-02,97.1
2017-05-03,97.1
2017-05-04,97.1
2017-05-05,97.1
2017-05-06,97.1
2017-05-07,97.1
2017-05-08,97.1
2017-05-09,97.1
2017-05-10,97.1
2017-05-11,97.1
2017-05-12,97.1
2017-05-13,97.1
2017-05-14,97.1
2017-05-15,97.1
2017-05-16,97.1
2017-05-17,97.1
2017-05-18,97.1
2017-05-19,97.1
2017-05-20,97.1
2017-05-21,97.1
2017-05-22,97.1
2017-05-23,97.1
2017-05-24,97.1
2017-05-25,97.1
2017-05-26,97.1
2017-05-27,97.1
2017-05-28,97.1
2017-05-29,97.1
2017-05-30,97.1
2017-05-31,97.1
2017-06-01,95.0
2017-06-02,95.0
2017-06-03,95.0
2017-06-04,95.0
2017-06-05,95.0
2017-06-06,95.0
2017-06-07,95.0
2017-06-08,95.0
2017-06-09,95.0
2017-06-10,95.0
2017-06-11,95.0
2017-06-12,95.0
2017-06-13,95.0
2017-06-14,95.0
2017-06-15,95.0
2017-06-16,95.0
2017-06-17,95.0
2017-06-18,95.0
2017-06-19,95.0
2017-06-20,95.0
2017-06-21,95.0
2017-06-22,95.0
2017-06-23,95.0
2017-06-24,95.0
2017-06-25,95.0
2017-06-26,95.0
2017-06-27,95.0
2017-06-28,95.0
2017-06-29,95.0
2017-06-30,95.0
2017-07-01,93.4
2017-07-02,93.4
2017-07-03,93.4
2017-07-04,93.4
2017-07-05,93.4
2017-07-06,93.4
2017-07-07,93.4
2017-07-08,93.4
2017-07-09,93.4
2017-07-10,93.4
2017-07-11,93.4
2017-07-12,93.4
2017-07-13,93.4
2017-07-14,93.4
2017-07-15,93.4
2017-07-16,93.4
2017-07-17,93.4
2017-07-18,93.4
2017-07-19,93.4
2017-07-20,93.4
2017-07-21,93.4
2017-07-22,93.4
2017-07-23,93.4
2017-07-24,93.4
2017-07-25,93.4
2017-07-26,93.4
2017-07-27,93.4
2017-07-28,93.4
2017-07-29,93.4
2017-07-30,93.4
2017-07-31,93.4
2017-08-01,96.8
2017-08-02,96.8
2017-08-03,96.8
2017-08-04,96.8
2017-08-05,96.8
2017-08-06,96.8
2017-08-07,96.8
2017-08-08,96.8
2017-08-09,96.8
2017-08-10,96.8
2017-08-11,96.8
2017-08-12,96.8
2017-08-13,96.8
2017-08-14,96.8
2017-08-15,96.8
2017-08-16,96.8
2017-08-17,96.8
2017-08-18,96.8
2017-08-19,96.8
2017-08-20,96.8
2017-08-21,96.8
2017-08-22,96.8
2017-08-23,96.8
2017-08-24,96.8
2017-08-25,96.8
2017-08-26,96.8
2017-08-27,96.8
2017-08-28,96.8
2017-08-29,96.8
2017-08-30,96.8
2017-08-31,96.8
2017-09-01,95.1
2017-09-02,95.1
2017-09-03,95.1
2017-09-04,95.1
2017-09-05,95.1
2017-09-06,95.1
2017-09-07,95.1
2017-09-08,95.1
2017-09-09,95.1
2017-09-10,95.1
2017-09-11,95.1
2017-09-12,95.1
2017-09-13,95.1
2017-09-14,95.1
2017-09-15,95.1
2017-09-16,95.1
2017-09-17,95.1
2017-09-18,95.1
2017-09-19,95.1
2017-09-20,95.1
2017-09-21,95.1
2017-09-22,95.1
2017-09-23,95.1
2017-09-24,95.1
2017-09-25,95.1
2017-09-26,95.1
2017-09-27,95.1
2017-09-28,95.1
2017-09-29,95.1
2017-09-30,95.1
2017-10-01,100.7
2017-10-02,100.7
2017-10-03,100.7
2017-10-04,100.7
2017-10-05,100.7
2017-10-06,100.7
2017-10-07,100.7
2017-10-08,100.7
2017-10-09,100.7
2017-10-10,100.7
2017-10-11,100.7
2017-10-12,100.7
2017-10-13,100.7
2017-10-14,100.7
2017-10-15,100.7
2017-10-16,100.7
2017-10-17,100.7
2017-10-18,100.7
2017-10-19,100.7
2017-10-20,100.7
2017-10-21,100.7
2017-10-22,100.7
2017-10-23,100.7
2017-10-24,100.7
2017-10-25,100.7
2017-10-26,100.7
2017-10-27,100.7
2017-10-28,100.7
2017-10-29,100.7
2017-10-30,100.7
2017-10-31,100.7
2017-11-01,98.5
2017-11-02,98.5
2017-11-03,98.5
2017-11-04,98.5
2017-11-05,98.5
2017-11-06,98.5
2017-11-07,98.5
2017-11-08,98.5
2017-11-09,98.5
2017-11-10,98.5
2017-11-11,98.5
2017-11-12,98.5
2017-11-13,98.5
2017-11-14,98.5
2017-11-15,98.5
2017-11-16,98.5
2017-11-17,98.5
2017-11-18,98.5
2017-11-19,98.5
2017-11-20,98.5
2017-11-21,98.5
2017-11-22,98.5
2017-11-23,98.5
2017-11-24,98.5
2017-11-25,98.5
2017-11-26,98.5
2017-11-27,98.5
2017-11-28,98.5
2017-11-29,98.5
2017-11-30,98.5
2017-12-01,95.9
2017-12-02,95.9
2017-12-03,95.9
2017-12-04,95.9
2017-12-05,95.9
2017-12-06,95.9
2017-12-07,95.9
2017-12-08,95.9
2017-12-09,95.9
2017-12-10,95.9
2017-12-11,95.9
2017-12-12,95.9
2017-12-13,95.9
2017-12-14,95.9
2017-12-15,95.9
2017-12-16,95.9
2017-12-17,95.9
2017-12-18,95.9
2017-12-19,95.9
2017-12-20,95.9
2017-12-21,95.9
2017-12-22,95.9
2017-12-23,95.9
2017-12-24,95.9
2017-12-25,95.9
2017-12-26,95.9
2017-12-27,95.9
2017-12-28,95.9
2017-12-29,95.9
2017-12-30,95.9
2017-12-31,95.9
2018-01-01,95.7
2018-01-02,95.7
2018-01-03,95.7
2018-01-04,95.7
2018-01-05,95.7
2018-01-06,95.7
2018-01-07,95.7
2018-01-08,95.7
2018-01-09,95.7
2018-01-10,95.7
2018-01-11,95.7
2018-01-12,95.7
2018-01-13,95.7
2018-01-14,95.7
2018-01-15,95.7
2018-01-16,95.7
2018-01-17,95.7
2018-01-18,95.7
2018-01-19,95.7
2018-01-20,95.7
2018-01-21,95.7
2018-01-22,95.7
2018-01-23,95.7
2018-01-24,95.7
2018-01-25,95.7
2018-01-26,95.7
2018-01-27,95.7
2018-01-28,95.7
2018-01-29,95.7
2018-01-30,95.7
2018-01-31,95.7
2018-02-01,99.7
2018-02-02,99.7
2018-02-03,99.7
2018-02-04,99.7
2018-02-05,99.7
2018-02-06,99.7
2018-02-07,99.7
2018-02-08,99.7
2018-02-09,99.7
2018-02-10,99.7
2018-02-11,99.7
2018-02-12,99.7
2018-02-13,99.7
2018-02-14,99.7
2018-02-15,99.7
2018-02-16,99.7
2018-02-17,99.7
2018-02-18,99.7
2018-02-19,99.7
2018-02-20,99.7
2018-02-21,99.7
2018-02-22,99.7
2018-02-23,99.7
2018-02-24,99.7
2018-02-25,99.7
2018-02-26,99.7
2018-02-27,99.7
2018-02-28,99.7
2018-03-01,101.4
2018-03-02,101.4
2018-03-03,101.4
2018-03-04,101.4
2018-03-05,101.4
2018-03-06,101.4
2018-03-07,101.4
2018-03-08,101.4
2018-03-09,101.4
2018-03-10,101.4
2018-03-11,101.4
2018-03-12,101.4
2018-03-13,101.4
2018-03-14,101.4
2018-03-15,101.4
2018-03-16,101.4
2018-03-17,101.4
2018-03-18,101.4
2018-03-19,101.4
2018-03-20,101.4
2018-03-21,101.4
2018-03-22,101.4
2018-03-23,101.4
2018-03-24,101.4
2018-03-25,101.4
2018-03-26,101.4
2018-03-27,101.4
2018-03-28,101.4
2018-03-29,101.4
2018-03-30,101.4
2018-03-31,101.4
2018-04-01,98.8
2018-04-02,98.8
2018-04-03,98.8
2018-04-04,98.8
2018-04-05,98.8
2018-04-06,98.8
2018-04-07,98.8
2018-04-08,98.8
2018-04-09,98.8
2018-04-10,98.8
2018-04-11,98.8
2018-04-12,98.8
2018-04-13,98.8
2018-04-14,98.8
2018-04-15,98.8
2018-04-16,98.8
2018-04-17,98.8
2018-04-18,98.8
2018-04-19,98.8
2018-04-20,98.8
2018-04-21,98.8
2018-04-22,98.8
2018-04-23,98.8
2018-04-24,98.8
2018-04-25,98.8
2018-04-26,98.8
2018-04-27,98.8
2018-04-28,98.8
2018-04-29,98.8
2018-04-30,98.8
2018-05-01,98.0
2018-05-02,98.0
2018-05-03,98.0
2018-05-04,98.0
2018-05-05,98.0
2018-05-06,98.0
2018-05-07,98.0
2018-05-08,98.0
2018-05-09,98.0
2018-05-10,98.0
2018-05-11,98.0
2018-05-12,98.0
2018-05-13,98.0
2018-05-14,98.0
2018-05-15,98.0
2018-05-16,98.0
2018-05-17,98.0
2018-05-18,98.0
2018-05-19,98.0
2018-05-20,98.0
2018-05-21,98.0
2018-05-22,98.0
2018-05-23,98.0
2018-05-24,98.0
2018-05-25,98.0
2018-05-26,98.0
2018-05-27,98.0
2018-05-28,98.0
2018-05-29,98.0
2018-05-30,98.0
2018-05-31,98.0
2018-06-01,98.2
2018-06-02,98.2
2018-06-03,98.2
2018-06-04,98.2
2018-06-05,98.2
2018-06-06,98.2
2018-06-07,98.2
2018-06-08,98.2
2018-06-09,98.2
2018-06-10,98.2
2018-06-11,98.2
2018-06-12,98.2
2018-06-13,98.2
2018-06-14,98.2
2018-06-15,98.2
2018-06-16,98.2
2018-06-17,98.2
2018-06-18,98.2
2018-06-19,98.2
2018-06-20,98.2
2018-06-21,98.2
2018-06-22,98.2
2018-06-23,98.2
2018-06-24,98.2
2018-06-25,98.2
2018-06-26,98.2
2018-06-27,98.2
2018-06-28,98.2
2018-06-29,98.2
2018-06-30,98.2
2018-07-01,97.9
2018-07-02,97.9
2018-07-03,97.9
2018-07-04,97.9
2018-07-05,97.9
2018-07-06,97.9
2018-07-07,97.9
2018-07-08,97.9
2018-07-09,97.9
2018-07-10,97.9
2018-07-11,97.9
2018-07-12,97.9
2018-07-13,97.9
2018-07-14,97.9
2018-07-15,97.9
2018-07-16,97.9
2018-07-17,97.9
2018-07-18,97.9
2018-07-19,97.9
2018-07-20,97.9
2018-07-21,97.9
2018-07-22,97.9
2018-07-23,97.9
2018-07-24,97.9
2018-07-25,97.9
2018-07-26,97.9
2018-07-27,97.9
2018-07-28,97.9
2018-07-29,97.9
2018-07-30,97.9
2018-07-31,97.9
2018-08-01,96.2
2018-08-02,96.2
2018-08-03,96.2
2018-08-04,96.2
2018-08-05,96.2
2018-08-06,96.2
2018-08-07,96.2
2018-08-08,96.2
2018-08-09,96.2
2018-08-10,96.2
2018-08-11,96.2
2018-08-12,96.2
2018-08-13,96.2
2018-08-14,96.2
2018-08-15,96.2
2018-08-16,96.2
2018-08-17,96.2
2018-08-18,96.2
2018-08-19,96.2
2018-08-20,96.2
2018-08-21,96.2
2018-08-22,96.2
2018-08-23,96.2
2018-08-24,96.2
2018-08-25,96.2
2018-08-26,96.2
2018-08-27,96.2
2018-08-28,96.2
2018-08-29,96.2
2018-08-30,96.2
2018-08-31,96.2
2018-09-01,100.1
2018-09-02,100.1
2018-09-03,100.1
2018-09-04,100.1
2018-09-05,100.1
2018-09-06,100.1
2018-09-07,100.1
2018-09-08,100.1
2018-09-09,100.1
2018-09-10,100.1
2018-09-11,100.1
2018-09-12,100.1
2018-09-13,100.1
2018-09-14,100.1
2018-09-15,100.1
2018-09-16,100.1
2018-09-17,100.1
2018-09-18,100.1
2018-09-19,100.1
2018-09-20,100.1
2018-09-21,100.1
2018-09-22,100.1
2018-09-23,100.1
2018-09-24,100.1
2018-09-25,100.1
2018-09-26,100.1
2018-09-27,100.1
2018-09-28,100.1
2018-09-29,100.1
2018-09-30,100.1
2018-10-01,98.6
2018-10-02,98.6
2018-10-03,98.6
2018-10-04,98.6
2018-10-05,98.6
2018-10-06,98.6
2018-10-07,98.6
2018-10-08,98.6
2018-10-09,98.6
2018-10-10,98.6
2018-10-11,98.6
2018-10-12,98.6
2018-10-13,98.6
2018-10-14,98.6
2018-10-15,98.6
2018-10-16,98.6
2018-10-17,98.6
2018-10-18,98.6
2018-10-19,98.6
2018-10-20,98.6
2018-10-21,98.6
2018-10-22,98.6
2018-10-23,98.6
2018-10-24,98.6
2018-10-25,98.6
2018-10-26,98.6
2018-10-27,98.6
2018-10-28,98.6
2018-10-29,98.6
2018-10-30,98.6
2018-10-31,98.6
2018-11-01,97.5
2018-11-02,97.5
2018-11-03,97.5
2018-11-04,97.5
2018-11-05,97.5
2018-11-06,97.5
2018-11-07,97.5
2018-11-08,97.5
2018-11-09,97.5
2018-11-10,97.5
2018-11-11,97.5
2018-11-12,97.5
2018-11-13,97.5
2018-11-14,97.5
2018-11-15,97.5
2018-11-16,97.5
2018-11-17,97.5
2018-11-18,97.5
2018-11-19,97.5
2018-11-20,97.5
2018-11-21,97.5
2018-11-22,97.5
2018-11-23,97.5
2018-11-24,97.5
2018-11-25,97.5
2018-11-26,97.5
2018-11-27,97.5
2018-11-28,97.5
2018-11-29,97.5
2018-11-30,97.5
2018-12-01,98.3
2018-12-02,98.3
2018-12-03,98.3
2018-12-04,98.3
2018-12-05,98.3
2018-12-06,98.3
2018-12-07,98.3
2018-12-08,98.3
2018-12-09,98.3
2018-12-10,98.3
2018-12-11,98.3
2018-12-12,98.3
2018-12-13,98.3
2018-12-14,98.3
2018-12-15,98.3
2018-12-16,98.3
2018-12-17,98.3
2018-12-18,98.3
2018-12-19,98.3
2018-12-20,98.3
2018-12-21,98.3
2018-12-22,98.3
2018-12-23,98.3
2018-12-24,98.3
2018-12-25,98.3
2018-12-26,98.3
2018-12-27,98.3
2018-12-28,98.3
2018-12-29,98.3
2018-12-30,98.3
2018-12-31,98.3
2019-01-01,91.2
2019-01-02,91.2
2019-01-03,91.2
2019-01-04,91.2
2019-01-05,91.2
2019-01-06,91.2
2019-01-07,91.2
2019-01-08,91.2
2019-01-09,91.2
2019-01-10,91.2
2019-01-11,91.2
2019-01-12,91.2
2019-01-13,91.2
2019-01-14,91.2
2019-01-15,91.2
2019-01-16,91.2
2019-01-17,91.2
2019-01-18,91.2
2019-01-19,91.2
2019-01-20,91.2
2019-01-21,91.2
2019-01-22,91.2
2019-01-23,91.2
2019-01-24,91.2
2019-01-25,91.2
2019-01-26,91.2
2019-01-27,91.2
2019-01-28,91.2
2019-01-29,91.2
2019-01-30,91.2
2019-01-31,91.2
2019-02-01,93.8
2019-02-02,93.8
2019-02-03,93.8
2019-02-04,93.8
2019-02-05,93.8
2019-02-06,93.8
2019-02-07,93.8
2019-02-08,93.8
2019-02-09,93.8
2019-02-10,93.8
2019-02-11,93.8
2019-02-12,93.8
2019-02-13,93.8
2019-02-14,93.8
2019-02-15,93.8
2019-02-16,93.8
2019-02-17,93.8
2019-02-18,93.8
2019-02-19,93.8
2019-02-20,93.8
2019-02-21,93.8
2019-02-22,93.8
2019-02-23,93.8
2019-02-24,93.8
2019-02-25,93.8
2019-02-26,93.8
2019-02-27,93.8
2019-02-28,93.8
2019-03-01,98.4
2019-03-02,98.4
2019-03-03,98.4
2019-03-04,98.4
2019-03-05,98.4
2019-03-06,98.4
2019-03-07,98.4
2019-03-08,98.4
2019-03-09,98.4
2019-03-10,98.4
2019-03-11,98.4
2019-03-12,98.4
2019-03-13,98.4
2019-03-14,98.4
2019-03-15,98.4
2019-03-16,98.4
2019-03-17,98.4
2019-03-18,98.4
2019-03-19,98.4
2019-03-20,98.4
2019-03-21,98.4
2019-03-22,98.4
2019-03-23,98.4
2019-03-24,98.4
2019-03-25,98.4
2019-03-26,98.4
2019-03-27,98.4
2019-03-28,98.4
2019-03-29,98.4
2019-03-30,98.4
2019-03-31,98.4
2019-04-01,97.2
2019-04-02,97.2
2019-04-03,97.2
2019-04-04,97.2
2019-04-05,97.2
2019-04-06,97.2
2019-04-07,97.2
2019-04-08,97.2
2019-04-09,97.2
2019-04-10,97.2
2019-04-11,97.2
2019-04-12,97.2
2019-04-13,97.2
2019-04-14,97.2
2019-04-15,97.2
2019-04-16,97.2
2019-04-17,97.2
2019-04-18,97.2
2019-04-19,97.2
2019-04-20,97.2
2019-04-21,97.2
2019-04-22,97.2
2019-04-23,97.2
2019-04-24,97.2
2019-04-25,97.2
2019-04-26,97.2
2019-04-27,97.2
2019-04-28,97.2
2019-04-29,97.2
2019-04-30,97.2
2019-05-01,100.0
2019-05-02,100.0
2019-05-03,100.0
2019-05-04,100.0
2019-05-05,100.0
2019-05-06,100.0
2019-05-07,100.0
2019-05-08,100.0
2019-05-09,100.0
2019-05-10,100.0
2019-05-11,100.0
2019-05-12,100.0
2019-05-13,100.0
2019-05-14,100.0
2019-05-15,100.0
2019-05-16,100.0
2019-05-17,100.0
2019-05-18,100.0
2019-05-19,100.0
2019-05-20,100.0
2019-05-21,100.0
2019-05-22,100.0
2019-05-23,100.0
2019-05-24,100.0
2019-05-25,100.0
2019-05-26,100.0
2019-05-27,100.0
2019-05-28,100.0
2019-05-29,100.0
2019-05-30,100.0
2019-05-31,100.0
2019-06-01,98.2
2019-06-02,98.2
2019-06-03,98.2
2019-06-04,98.2
2019-06-05,98.2
2019-06-06,98.2
2019-06-07,98.2
2019-06-08,98.2
2019-06-09,98.2
2019-06-10,98.2
2019-06-11,98.2
2019-06-12,98.2
2019-06-13,98.2
2019-06-14,98.2
2019-06-15,98.2
2019-06-16,98.2
2019-06-17,98.2
2019-06-18,98.2
2019-06-19,98.2
2019-06-20,98.2
2019-06-21,98.2
2019-06-22,98.2
2019-06-23,98.2
2019-06-24,98.2
2019-06-25,98.2
2019-06-26,98.2
2019-06-27,98.2
2019-06-28,98.2
2019-06-29,98.2
2019-06-30,98.2
2019-07-01,98.4
2019-07-02,98.4
2019-07-03,98.4
2019-07-04,98.4
2019-07-05,98.4
2019-07-06,98.4
2019-07-07,98.4
2019-07-08,98.4
2019-07-09,98.4
2019-07-10,98.4
2019-07-11,98.4
2019-07-12,98.4
2019-07-13,98.4
2019-07-14,98.4
2019-07-15,98.4
2019-07-16,98.4
2019-07-17,98.4
2019-07-18,98.4
2019-07-19,98.4
2019-07-20,98.4
2019-07-21,98.4
2019-07-22,98.4
2019-07-23,98.4
2019-07-24,98.4
2019-07-25,98.4
2019-07-26,98.4
2019-07-27,98.4
2019-07-28,98.4
2019-07-29,98.4
2019-07-30,98.4
2019-07-31,98.4
2019-08-01,89.8
2019-08-02,89.8
2019-08-03,89.8
2019-08-04,89.8
2019-08-05,89.8
2019-08-06,89.8
2019-08-07,89.8
2019-08-08,89.8
2019-08-09,89.8
2019-08-10,89.8
2019-08-11,89.8
2019-08-12,89.8
2019-08-13,89.8
2019-08-14,89.8
2019-08-15,89.8
2019-08-16,89.8
2019-08-17,89.8
2019-08-18,89.8
2019-08-19,89.8
2019-08-20,89.8
2019-08-21,89.8
2019-08-22,89.8
2019-08-23,89.8
2019-08-24,89.8
2019-08-25,89.8
2019-08-26,89.8
2019-08-27,89.8
2019-08-28,89.8
2019-08-29,89.8
2019-08-30,89.8
2019-08-31,89.8
2019-09-01,93.2
2019-09-02,93.2
2019-09-03,93.2
2019-09-04,93.2
2019-09-05,93.2
2019-09-06,93.2
2019-09-07,93.2
2019-09-08,93.2
2019-09-09,93.2
2019-09-10,93.2
2019-09-11,93.2
2019-09-12,93.2
2019-09-13,93.2
2019-09-14,93.2
2019-09-15,93.2
2019-09-16,93.2
2019-09-17,93.2
2019-09-18,93.2
2019-09-19,93.2
2019-09-20,93.2
2019-09-21,93.2
2019-09-22,93.2
2019-09-23,93.2
2019-09-24,93.2
2019-09-25,93.2
2019-09-26,93.2
2019-09-27,93.2
2019-09-28,93.2
2019-09-29,93.2
2019-09-30,93.2
2019-10-01,95.5
2019-10-02,95.5
2019-10-03,95.5
2019-10-04,95.5
2019-10-05,95.5
2019-10-06,95.5
2019-10-07,95.5
2019-10-08,95.5
2019-10-09,95.5
2019-10-10,95.5
2019-10-11,95.5
2019-10-12,95.5
2019-10-13,95.5
2019-10-14,95.5
2019-10-15,95.5
2019-10-16,95.5
2019-10-17,95.5
2019-10-18,95.5
2019-10-19,95.5
2019-10-20,95.5
2019-10-21,95.5
2019-10-22,95.5
2019-10-23,95.5
2019-10-24,95.5
2019-10-25,95.5
2019-10-26,95.5
2019-10-27,95.5
2019-10-28,95.5
2019-10-29,95.5
2019-10-30,95.5
2019-10-31,95.5
2019-11-01,96.8
2019-11-02,96.8
2019-11-03,96.8
2019-11-04,96.8
2019-11-05,96.8
2019-11-06,96.8
2019-11-07,96.8
2019-11-08,96.8
2019-11-09,96.8
2019-11-10,96.8
2019-11-11,96.8
2019-11-12,96.8
2019-11-13,96.8
2019-11-14,96.8
2019-11-15,96.8
2019-11-16,96.8
2019-11-17,96.8
2019-11-18,96.8
2019-11-19,96.8
2019-11-20,96.8
2019-11-21,96.8
2019-11-22,96.8
2019-11-23,96.8
2019-11-24,96.8
2019-11-25,96.8
2019-11-26,96.8
2019-11-27,96.8
2019-11-28,96.8
2019-11-29,96.8
2019-11-30,96.8
2019-12-01,99.3
2019-12-02,99.3
2019-12-03,99.3
2019-12-04,99.3
2019-12-05,99.3
2019-12-06,99.3
2019-12-07,99.3
2019-12-08,99.3
2019-12-09,99.3
2019-12-10,99.3
2019-12-11,99.3
2019-12-12,99.3
2019-12-13,99.3
2019-12-14,99.3
2019-12-15,99.3
2019-12-16,99.3
2019-12-17,99.3
2019-12-18,99.3
2019-12-19,99.3
2019-12-20,99.3
2019-12-21,99.3
2019-12-22,99.3
2019-12-23,99.3
2019-12-24,99.3
2019-12-25,99.3
2019-12-26,99.3
2019-12-27,99.3
2019-12-28,99.3
2019-12-29,99.3
2019-12-30,99.3
2019-12-31,99.3
2020-01-01,99.8
2020-01-02,99.8
2020-01-03,99.8
2020-01-04,99.8
2020-01-05,99.8
2020-01-06,99.8
2020-01-07,99.8
2020-01-08,99.8
2020-01-09,99.8
2020-01-10,99.8
2020-01-11,99.8
2020-01-12,99.8
2020-01-13,99.8
2020-01-14,99.8
2020-01-15,99.8
2020-01-16,99.8
2020-01-17,99.8
2020-01-18,99.8
2020-01-19,99.8
2020-01-20,99.8
2020-01-21,99.8
2020-01-22,99.8
2020-01-23,99.8
2020-01-24,99.8
2020-01-25,99.8
2020-01-26,99.8
2020-01-27,99.8
2020-01-28,99.8
2020-01-29,99.8
2020-01-30,99.8
2020-01-31,99.8
2020-02-01,101.0
2020-02-02,101.0
2020-02-03,101.0
2020-02-04,101.0
2020-02-05,101.0
2020-02-06,101.0
2020-02-07,101.0
2020-02-08,101.0
2020-02-09,101.0
2020-02-10,101.0
2020-02-11,101.0
2020-02-12,101.0
2020-02-13,101.0
2020-02-14,101.0
2020-02-15,101.0
2020-02-16,101.0
2020-02-17,101.0
2020-02-18,101.0
2020-02-19,101.0
2020-02-20,101.0
2020-02-21,101.0
2020-02-22,101.0
2020-02-23,101.0
2020-02-24,101.0
2020-02-25,101.0
2020-02-26,101.0
2020-02-27,101.0
2020-02-28,101.0
2020-02-29,101.0
2020-03-01,89.1
2020-03-02,89.1
2020-03-03,89.1
2020-03-04,89.1
2020-03-05,89.1
2020-03-06,89.1
2020-03-07,89.1
2020-03-08,89.1
2020-03-09,89.1
2020-03-10,89.1
2020-03-11,89.1
2020-03-12,89.1
2020-03-13,89.1
2020-03-14,89.1
2020-03-15,89.1
2020-03-16,89.1
2020-03-17,89.1
2020-03-18,89.1
2020-03-19,89.1
2020-03-20,89.1
2020-03-21,89.1
2020-03-22,89.1
2020-03-23,89.1
2020-03-24,89.1
2020-03-25,89.1
2020-03-26,89.1
2020-03-27,89.1
2020-03-28,89.1
2020-03-29,89.1
2020-03-30,89.1
2020-03-31,89.1
2020-04-01,71.8
2020-04-02,71.8
2020-04-03,71.8
2020-04-04,71.8
2020-04-05,71.8
2020-04-06,71.8
2020-04-07,71.8
2020-04-08,71.8
2020-04-09,71.8
2020-04-10,71.8
2020-04-11,71.8
2020-04-12,71.8
2020-04-13,71.8
2020-04-14,71.8
2020-04-15,71.8
2020-04-16,71.8
2020-04-17,71.8
2020-04-18,71.8
2020-04-19,71.8
2020-04-20,71.8
2020-04-21,71.8
2020-04-22,71.8
2020-04-23,71.8
2020-04-24,71.8
2020-04-25,71.8
2020-04-26,71.8
2020-04-27,71.8
2020-04-28,71.8
2020-04-29,71.8
2020-04-30,71.8
2020-05-01,72.3
2020-05-02,72.3
2020-05-03,72.3
2020-05-04,72.3
2020-05-05,72.3
2020-05-06,72.3
2020-05-07,72.3
2020-05-08,72.3
2020-05-09,72.3
2020-05-10,72.3
2020-05-11,72.3
2020-05-12,72.3
2020-05-13,72.3
2020-05-14,72.3
2020-05-15,72.3
2020-05-16,72.3
2020-05-17,72.3
2020-05-18,72.3
2020-05-19,72.3
2020-05-20,72.3
2020-05-21,72.3
2020-05-22,72.3
2020-05-23,72.3
2020-05-24,72.3
2020-05-25,72.3
2020-05-26,72.3
2020-05-27,72.3
2020-05-28,72.3
2020-05-29,72.3
2020-05-30,72.3
2020-05-31,72.3
2020-06-01,78.1
2020-06-02,78.1
2020-06-03,78.1
2020-06-04,78.1
2020-06-05,78.1
2020-06-06,78.1
2020-06-07,78.1
2020-06-08,78.1
2020-06-09,78.1
2020-06-10,78.1
2020-06-11,78.1
2020-06-12,78.1
2020-06-13,78.1
2020-06-14,78.1
2020-06-15,78.1
2020-06-16,78.1
2020-06-17,78.1
2020-06-18,78.1
2020-06-19,78.1
2020-06-20,78.1
2020-06-21,78.1
2020-06-22,78.1
2020-06-23,78.1
2020-06-24,78.1
2020-06-25,78.1
2020-06-26,78.1
2020-06-27,78.1
2020-06-28,78.1
2020-06-29,78.1
2020-06-30,78.1
2020-07-01,72.5
2020-07-02,72.5
2020-07-03,72.5
2020-07-04,72.5
2020-07-05,72.5
2020-07-06,72.5
2020-07-07,72.5
2020-07-08,72.5
2020-07-09,72.5
2020-07-10,72.5
2020-07-11,72.5
2020-07-12,72.5
2020-07-13,72.5
2020-07-14,72.5
2020-07-15,72.5
2020-07-16,72.5
2020-07-17,72.5
2020-07-18,72.5
2020-07-19,72.5
2020-07-20,72.5
2020-07-21,72.5
2020-07-22,72.5
2020-07-23,72.5
2020-07-24,72.5
2020-07-25,72.5
2020-07-26,72.5
2020-07-27,72.5
2020-07-28,72.5
2020-07-29,72.5
2020-07-30,72.5
2020-07-31,72.5
2020-08-01,74.1
2020-08-02,74.1
2020-08-03,74.1
2020-08-04,74.1
2020-08-05,74.1
2020-08-06,74.1
2020-08-07,74.1
2020-08-08,74.1
2020-08-09,74.1
2020-08-10,74.1
2020-08-11,74.1
2020-08-12,74.1
2020-08-13,74.1
2020-08-14,74.1
2020-08-15,74.1
2020-08-16,74.1
2020-08-17,74.1
2020-08-18,74.1
2020-08-19,74.1
2020-08-20,74.1
2020-08-21,74.1
2020-08-22,74.1
2020-08-23,74.1
2020-08-24,74.1
2020-08-25,74.1
2020-08-26,74.1
2020-08-27,74.1
2020-08-28,74.1
2020-08-29,74.1
2020-08-30,74.1
2020-08-31,74.1
2020-09-01,80.4
2020-09-02,80.4
2020-09-03,80.4
2020-09-04,80.4
2020-09-05,80.4
2020-09-06,80.4
2020-09-07,80.4
2020-09-08,80.4
2020-09-09,80.4
2020-09-10,80.4
2020-09-11,80.4
2020-09-12,80.4
2020-09-13,80.4
2020-09-14,80.4
2020-09-15,80.4
2020-09-16,80.4
2020-09-17,80.4
2020-09-18,80.4
2020-09-19,80.4
2020-09-20,80.4
2020-09-21,80.4
2020-09-22,80.4
2020-09-23,80.4
2020-09-24,80.4
2020-09-25,80.4
2020-09-26,80.4
2020-09-27,80.4
2020-09-28,80.4
2020-09-29,80.4
2020-09-30,80.4
2020-10-01,81.8
2020-10-02,81.8
2020-10-03,81.8
2020-10-04,81.8
2020-10-05,81.8
2020-10-06,81.8
2020-10-07,81.8
2020-10-08,81.8
2020-10-09,81.8
2020-10-10,81.8
2020-10-11,81.8
2020-10-12,81.8
2020-10-13,81.8
2020-10-14,81.8
2020-10-15,81.8
2020-10-16,81.8
2020-10-17,81.8
2020-10-18,81.8
2020-10-19,81.8
2020-10-20,81.8
2020-10-21,81.8
2020-10-22,81.8
2020-10-23,81.8
2020-10-24,81.8
2020-10-25,81.8
2020-10-26,81.8
2020-10-27,81.8
2020-10-28,81.8
2020-10-29,81.8
2020-10-30,81.8
2020-10-31,81.8
2020-11-01,76.9
2020-11-02,76.9
2020-11-03,76.9
2020-11-04,76.9
2020-11-05,76.9
2020-11-06,76.9
2020-11-07,76.9
2020-11-08,76.9
2020-11-09,76.9
2020-11-10,76.9
2020-11-11,76.9
2020-11-12,76.9
2020-11-13,76.9
2020-11-14,76.9
2020-11-15,76.9
2020-11-16,76.9
2020-11-17,76.9
2020-11-18,76.9
2020-11-19,76.9
2020-11-20,76.9
2020-11-21,76.9
2020-11-22,76.9
2020-11-23,76.9
2020-11-24,76.9
2020-11-25,76.9
2020-11-26,76.9
2020-11-27,76.9
2020-11-28,76.9
2020-11-29,76.9
2020-11-30,76.9
2020-12-01,80.7
2020-12-02,80.7
2020-12-03,80.7
2020-12-04,80.7
2020-12-05,80.7
2020-12-06,80.7
2020-12-07,80.7
2020-12-08,80.7
2020-12-09,80.7
2020-12-10,80.7
2020-12-11,80.7
2020-12-12,80.7
2020-12-13,80.7
2020-12-14,80.7
2020-12-15,80.7
2020-12-16,80.7
2020-12-17,80.7
2020-12-18,80.7
2020-12-19,80.7
2020-12-20,80.7
2020-12-21,80.7
2020-12-22,80.7
2020-12-23,80.7
2020-12-24,80.7
2020-12-25,80.7
2020-12-26,80.7
2020-12-27,80.7
2020-12-28,80.7
2020-12-29,80.7
2020-12-30,80.7
2020-12-31,80.7
2021-01-01,79.0
2021-01-02,79.0
2021-01-03,79.0
2021-01-04,79.0
2021-01-05,79.0
2021-01-06,79.0
2021-01-07,79.0
2021-01-08,79.0
2021-01-09,79.0
2021-01-10,79.0
2021-01-11,79.0
2021-01-12,79.0
2021-01-13,79.0
2021-01-14,79.0
2021-01-15,79.0
2021-01-16,79.0
2021-01-17,79.0
2021-01-18,79.0
2021-01-19,79.0
2021-01-20,79.0
2021-01-21,79.0
2021-01-22,79.0
2021-01-23,79.0
2021-01-24,79.0
2021-01-25,79.0
2021-01-26,79.0
2021-01-27,79.0
2021-01-28,79.0
2021-01-29,79.0
2021-01-30,79.0
2021-01-31,79.0
2021-02-01,76.8
2021-02-02,76.8
2021-02-03,76.8
2021-02-04,76.8
2021-02-05,76.8
2021-02-06,76.8
2021-02-07,76.8
2021-02-08,76.8
2021-02-09,76.8
2021-02-10,76.8
2021-02-11,76.8
2021-02-12,76.8
2021-02-13,76.8
2021-02-14,76.8
2021-02-15,76.8
2021-02-16,76.8
2021-02-17,76.8
2021-02-18,76.8
2021-02-19,76.8
2021-02-20,76.8
2021-02-21,76.8
2021-02-22,76.8
2021-02-23,76.8
2021-02-24,76.8
2021-02-25,76.8
2021-02-26,76.8
2021-02-27,76.8
2021-02-28,76.8
2021-03-01,84.9
2021-03-02,84.9
2021-03-03,84.9
2021-03-04,84.9
2021-03-05,84.9
2021-03-06,84.9
2021-03-07,84.9
2021-03-08,84.9
2021-03-09,84.9
2021-03-10,84.9
2021-03-11,84.9
2021-03-12,84.9
2021-03-13,84.9
2021-03-14,84.9
2021-03-15,84.9
2021-03-16,84.9
2021-03-17,84.9
2021-03-18,84.9
2021-03-19,84.9
2021-03-20,84.9
2021-03-21,84.9
2021-03-22,84.9
2021-03-23,84.9
2021-03-24,84.9
2021-03-25,84.9
2021-03-26,84.9
2021-03-27,84.9
2021-03-28,84.9
2021-03-29,84.9
2021-03-30,84.9
2021-03-31,84.9
2021-04-01,88.3
2021-04-02,88.3
2021-04-03,88.3
2021-04-04,88.3
2021-04-05,88.3
2021-04-06,88.3
2021-04-07,88.3
2021-04-08,88.3
2021-04-09,88.3
2021-04-10,88.3
2021-04-11,88.3
2021-04-12,88.3
2021-04-13,88.3
2021-04-14,88.3
2021-04-15,88.3
2021-04-16,88.3
2021-04-17,88.3
2021-04-18,88.3
2021-04-19,88.3
2021-04-20,88.3
2021-04-21,88.3
2021-04-22,88.3
2021-04-23,88.3
2021-04-24,88.3
2021-04-25,88.3
2021-04-26,88.3
2021-04-27,88.3
2021-04-28,88.3
2021-04-29,88.3
2021-04-30,88.3
2021-05-01,82.9
2021-05-02,82.9
2021-05-03,82.9
2021-05-04,82.9
2021-05-05,82.9
2021-05-06,82.9
2021-05-07,82.9
2021-05-08,82.9
2021-05-09,82.9
2021-05-10,82.9
2021-05-11,82.9
2021-05-12,82.9
2021-05-13,82.9
2021-05-14,82.9
2021-05-15,82.9
2021-05-16,82.9
2021-05-17,82.9
2021-05-18,82.9
2021-05-19,82.9
2021-05-20,82.9
2021-05-21,82.9
2021-05-22,82.9
2021-05-23,82.9
2021-05-24,82.9
2021-05-25,82.9
2021-05-26,82.9
2021-05-27,82.9
2021-05-28,82.9
2021-05-29,82.9
2021-05-30,82.9
2021-05-31,82.9
2021-06-01,85.5
2021-06-02,85.5
2021-06-03,85.5
2021-06-04,85.5
2021-06-05,85.5
2021-06-06,85.5
2021-06-07,85.5
2021-06-08,85.5
2021-06-09,85.5
2021-06-10,85.5
2021-06-11,85.5
2021-06-12,85.5
2021-06-13,85.5
2021-06-14,85.5
2021-06-15,85.5
2021-06-16,85.5
2021-06-17,85.5
2021-06-18,85.5
2021-06-19,85.5
2021-06-20,85.5
2021-06-21,85.5
2021-06-22,85.5
2021-06-23,85.5
2021-06-24,85.5
2021-06-25,85.5
2021-06-26,85.5
2021-06-27,85.5
2021-06-28,85.5
2021-06-29,85.5
2021-06-30,85.5
2021-07-01,81.2
2021-07-02,81.2
2021-07-03,81.2
2021-07-04,81.2
2021-07-05,81.2
2021-07-06,81.2
2021-07-07,81.2
2021-07-08,81.2
2021-07-09,81.2
2021-07-10,81.2
2021-07-11,81.2
2021-07-12,81.2
2021-07-13,81.2
2021-07-14,81.2
2021-07-15,81.2
2021-07-16,81.2
2021-07-17,81.2
2021-07-18,81.2
2021-07-19,81.2
2021-07-20,81.2
2021-07-21,81.2
2021-07-22,81.2
2021-07-23,81.2
2021-07-24,81.2
2021-07-25,81.2
2021-07-26,81.2
2021-07-27,81.2
2021-07-28,81.2
2021-07-29,81.2
2021-07-30,81.2
2021-07-31,81.2
2021-08-01,70.3
2021-08-02,70.3
2021-08-03,70.3
2021-08-04,70.3
2021-08-05,70.3
2021-08-06,70.3
2021-08-07,70.3
2021-08-08,70.3
2021-08-09,70.3
2021-08-10,70.3
2021-08-11,70.3
2021-08-12,70.3
2021-08-13,70.3
2021-08-14,70.3
2021-08-15,70.3
2021-08-16,70.3
2021-08-17,70.3
2021-08-18,70.3
2021-08-19,70.3
2021-08-20,70.3
2021-08-21,70.3
2021-08-22,70.3
2021-08-23,70.3
2021-08-24,70.3
2021-08-25,70.3
2021-08-26,70.3
2021-08-27,70.3
2021-08-28,70.3
2021-08-29,70.3
2021-08-30,70.3
2021-08-31,70.3
2021-09-01,72.8
2021-09-02,72.8
2021-09-03,72.8
2021-09-04,72.8
2021-09-05,72.8
2021-09-06,72.8
2021-09-07,72.8
2021-09-08,72.8
2021-09-09,72.8
2021-09-10,72.8
2021-09-11,72.8
2021-09-12,72.8
2021-09-13,72.8
2021-09-14,72.8
2021-09-15,72.8
2021-09-16,72.8
2021-09-17,72.8
2021-09-18,72.8
2021-09-19,72.8
2021-09-20,72.8
2021-09-21,72.8
2021-09-22,72.8
2021-09-23,72.8
2021-09-24,72.8
2021-09-25,72.8
2021-09-26,72.8
2021-09-27,72.8
2021-09-28,72.8
2021-09-29,72.8
2021-09-30,72.8
2021-10-01,71.7
2021-10-02,71.7
2021-10-03,71.7
2021-10-04,71.7
2021-10-05,71.7
2021-10-06,71.7
2021-10-07,71.7
2021-10-08,71.7
2021-10-09,71.7
2021-10-10,71.7
2021-10-11,71.7
2021-10-12,71.7
2021-10-13,71.7
2021-10-14,71.7
2021-10-15,71.7
2021-10-16,71.7
2021-10-17,71.7
2021-10-18,71.7
2021-10-19,71.7
2021-10-20,71.7
2021-10-21,71.7
2021-10-22,71.7
2021-10-23,71.7
2021-10-24,71.7
2021-10-25,71.7
2021-10-26,71.7
2021-10-27,71.7
2021-10-28,71.7
2021-10-29,71.7
2021-10-30,71.7
2021-10-31,71.7
2021-11-01,67.4
2021-11-02,67.4
2021-11-03,67.4
2021-11-04,67.4
2021-11-05,67.4
2021-11-06,67.4
2021-11-07,67.4
2021-11-08,67.4
2021-11-09,67.4
2021-11-10,67.4
2021-11-11,67.4
2021-11-12,67.4
2021-11-13,67.4
2021-11-14,67.4
2021-11-15,67.4
2021-11-16,67.4
2021-11-17,67.4
2021-11-18,67.4
2021-11-19,67.4
2021-11-20,67.4
2021-11-21,67.4
2021-11-22,67.4
2021-11-23,67.4
2021-11-24,67.4
2021-11-25,67.4
2021-11-26,67.4
2021-11-27,67.4
2021-11-28,67.4
2021-11-29,67.4
2021-11-30,67.4
2021-12-01,70.6
2021-12-02,70.6
2021-12-03,70.6
2021-12-04,70.6
2021-12-05,70.6
2021-12-06,70.6
2021-12-07,70.6
2021-12-08,70.6
2021-12-09,70.6
2021-12-10,70.6
2021-12-11,70.6
2021-12-12,70.6
2021-12-13,70.6
2021-12-14,70.6
2021-12-15,70.6
2021-12-16,70.6
2021-12-17,70.6
2021-12-18,70.6
2021-12-19,70.6
2021-12-20,70.6
2021-12-21,70.6
2021-12-22,70.6
2021-12-23,70.6
2021-12-24,70.6
2021-12-25,70.6
2021-12-26,70.6
2021-12-27,70.6
2021-12-28,70.6
2021-12-29,70.6
2021-12-30,70.6
2021-12-31,70.6
2022-01-01,67.2
2022-01-02,67.2
2022-01-03,67.2
2022-01-04,67.2
2022-01-05,67.2
2022-01-06,67.2
2022-01-07,67.2
2022-01-08,67.2
2022-01-09,67.2
2022-01-10,67.2
2022-01-11,67.2
2022-01-12,67.2
2022-01-13,67.2
2022-01-14,67.2
2022-01-15,67.2
2022-01-16,67.2
2022-01-17,67.2
2022-01-18,67.2
2022-01-19,67.2
2022-01-20,67.2
2022-01-21,67.2
2022-01-22,67.2
2022-01-23,67.2
2022-01-24,67.2
2022-01-25,67.2
2022-01-26,67.2
2022-01-27,67.2
2022-01-28,67.2
2022-01-29,67.2
2022-01-30,67.2
2022-01-31,67.2
2022-02-01,62.8
2022-02-02,62.8
2022-02-03,62.8
2022-02-04,62.8
2022-02-05,62.8
2022-02-06,62.8
2022-02-07,62.8
2022-02-08,62.8
2022-02-09,62.8
2022-02-10,62.8
2022-02-11,62.8
2022-02-12,62.8
2022-02-13,62.8
2022-02-14,62.8
2022-02-15,62.8
2022-02-16,62.8
2022-02-17,62.8
2022-02-18,62.8
2022-02-19,62.8
2022-02-20,62.8
2022-02-21,62.8
2022-02-22,62.8
2022-02-23,62.8
2022-02-24,62.8
2022-02-25,62.8
2022-02-26,62.8
2022-02-27,62.8
2022-02-28,62.8
2022-03-01,59.4
2022-03-02,59.4
2022-03-03,59.4
2022-03-04,59.4
2022-03-05,59.4
2022-03-06,59.4
2022-03-07,59.4
2022-03-08,59.4
2022-03-09,59.4
2022-03-10,59.4
2022-03-11,59.4
2022-03-12,59.4
2022-03-13,59.4
2022-03-14,59.4
2022-03-15,59.4
2022-03-16,59.4
2022-03-17,59.4
2022-03-18,59.4
2022-03-19,59.4
2022-03-20,59.4
2022-03-21,59.4
2022-03-22,59.4
2022-03-23,59.4
2022-03-24,59.4
2022-03-25,59.4
2022-03-26,59.4
2022-03-27,59.4
2022-03-28,59.4
2022-03-29,59.4
2022-03-30,59.4
2022-03-31,59.4
2022-04-01,65.2
2022-04-02,65.2
2022-04-03,65.2
2022-04-04,65.2
2022-04-05,65.2
2022-04-06,65.2
2022-04-07,65.2
2022-04-08,65.2
2022-04-09,65.2
2022-04-10,65.2
2022-04-11,65.2
2022-04-12,65.2
2022-04-13,65.2
2022-04-14,65.2
2022-04-15,65.2
2022-04-16,65.2
2022-04-17,65.2
2022-04-18,65.2
2022-04-19,65.2
2022-04-20,65.2
2022-04-21,65.2
2022-04-22,65.2
2022-04-23,65.2
2022-04-24,65.2
2022-04-25,65.2
2022-04-26,65.2
2022-04-27,65.2
2022-04-28,65.2
2022-04-29,65.2
2022-04-30,65.2
2022-05-01,58.4
2022-05-02,58.4
2022-05-03,58.4
2022-05-04,58.4
2022-05-05,58.4
2022-05-06,58.4
2022-05-07,58.4
2022-05-08,58.4
2022-05-09,58.4
2022-05-10,58.4
2022-05-11,58.4
2022-05-12,58.4
2022-05-13,58.4
2022-05-14,58.4
2022-05-15,58.4
2022-05-16,58.4
2022-05-17,58.4
2022-05-18,58.4
2022-05-19,58.4
2022-05-20,58.4
2022-05-21,58.4
2022-05-22,58.4
2022-05-23,58.4
2022-05-24,58.4
2022-05-25,58.4
2022-05-26,58.4
2022-05-27,58.4
2022-05-28,58.4
2022-05-29,58.4
2022-05-30,58.4
2022-05-31,58.4
2022-06-01,50.0
2022-06-02,50.0
2022-06-03,50.0
2022-06-04,50.0
2022-06-05,50.0
2022-06-06,50.0
2022-06-07,50.0
2022-06-08,50.0
2022-06-09,50.0
2022-06-10,50.0
2022-06-11,50.0
2022-06-12,50.0
2022-06-13,50.0
2022-06-14,50.0
2022-06-15,50.0
2022-06-16,50.0
2022-06-17,50.0
2022-06-18,50.0
2022-06-19,50.0
2022-06-20,50.0
2022-06-21,50.0
2022-06-22,50.0
2022-06-23,50.0
2022-06-24,50.0
2022-06-25,50.0
2022-06-26,50.0
2022-06-27,50.0
2022-06-28,50.0
2022-06-29,50.0
2022-06-30,50.0
2022-07-01,51.5
2022-07-02,51.5
2022-07-03,51.5
2022-07-04,51.5
2022-07-05,51.5
2022-07-06,51.5
2022-07-07,51.5
2022-07-08,51.5
2022-07-09,51.5
2022-07-10,51.5
2022-07-11,51.5
2022-07-12,51.5
2022-07-13,51.5
2022-07-14,51.5
2022-07-15,51.5
2022-07-16,51.5
2022-07-17,51.5
2022-07-18,51.5
2022-07-19,51.5
2022-07-20,51.5
2022-07-21,51.5
2022-07-22,51.5
2022-07-23,51.5
2022-07-24,51.5
2022-07-25,51.5
2022-07-26,51.5
2022-07-27,51.5
2022-07-28,51.5
2022-07-29,51.5
2022-07-30,51.5
2022-07-31,51.5
2022-08-01,58.2
2022-08-02,58.2
2022-08-03,58.2
2022-08-04,58.2
2022-08-05,58.2
2022-08-06,58.2
2022-08-07,58.2
2022-08-08,58.2
2022-08-09,58.2
2022-08-10,58.2
2022-08-11,58.2
2022-08-12,58.2
2022-08-13,58.2
2022-08-14,58.2
2022-08-15,58.2
2022-08-16,58.2
2022-08-17,58.2
2022-08-18,58.2
2022-08-19,58.2
2022-08-20,58.2
2022-08-21,58.2
2022-08-22,58.2
2022-08-23,58.2
2022-08-24,58.2
2022-08-25,58.2
2022-08-26,58.2
2022-08-27,58.2
2022-08-28,58.2
2022-08-29,58.2
2022-08-30,58.2
2022-08-31,58.2
2022-09-01,58.6
2022-09-02,58.6
2022-09-03,58.6
2022-09-04,58.6
2022-09-05,58.6
2022-09-06,58.6
2022-09-07,58.6
2022-09-08,58.6
2022-09-09,58.6
2022-09-10,58.6
2022-09-11,58.6
2022-09-12,58.6
2022-09-13,58.6
2022-09-14,58.6
2022-09-15,58.6
2022-09-16,58.6
2022-09-17,58.6
2022-09-18,58.6
2022-09-19,58.6
2022-09-20,58.6
2022-09-21,58.6
2022-09-22,58.6
2022-09-23,58.6
2022-09-24,58.6
2022-09-25,58.6
2022-09-26,58.6
2022-09-27,58.6
2022-09-28,58.6
2022-09-29,58.6
2022-09-30,58.6
2022-10-01,59.9
2022-10-02,59.9
2022-10-03,59.9
2022-10-04,59.9
2022-10-05,59.9
2022-10-06,59.9
2022-10-07,59.9
2022-10-08,59.9
2022-10-09,59.9
2022-10-10,59.9
2022-10-11,59.9
2022-10-12,59.9
2022-10-13,59.9
2022-10-14,59.9
2022-10-15,59.9
2022-10-16,59.9
2022-10-17,59.9
2022-10-18,59.9
2022-10-19,59.9
2022-10-20,59.9
2022-10-21,59.9
2022-10-22,59.9
2022-10-23,59.9
2022-10-24,59.9
2022-10-25,59.9
2022-10-26,59.9
2022-10-27,59.9
2022-10-28,59.9
2022-10-29,59.9
2022-10-30,59.9
2022-10-31,59.9
2022-11-01,56.7
2022-11-02,56.7
2022-11-03,56.7
2022-11-04,56.7
2022-11-05,56.7
2022-11-06,56.7
2022-11-07,56.7
2022-11-08,56.7
2022-11-09,56.7
2022-11-10,56.7
2022-11-11,56.7
2022-11-12,56.7
2022-11-13,56.7
2022-11-14,56.7
2022-11-15,56.7
2022-11-16,56.7
2022-11-17,56.7
2022-11-18,56.7
2022-11-19,56.7
2022-11-20,56.7
2022-11-21,56.7
2022-11-22,56.7
2022-11-23,56.7
2022-11-24,56.7
2022-11-25,56.7
2022-11-26,56.7
2022-11-27,56.7
2022-11-28,56.7
2022-11-29,56.7
2022-11-30,56.7
2022-12-01,59.8
2022-12-02,59.8
2022-12-03,59.8
2022-12-04,59.8
2022-12-05,59.8
2022-12-06,59.8
2022-12-07,59.8
2022-12-08,59.8
2022-12-09,59.8
2022-12-10,59.8
2022-12-11,59.8
2022-12-12,59.8
2022-12-13,59.8
2022-12-14,59.8
2022-12-15,59.8
2022-12-16,59.8
2022-12-17,59.8
2022-12-18,59.8
2022-12-19,59.8
2022-12-20,59.8
2022-12-21,59.8
2022-12-22,59.8
2022-12-23,59.8
2022-12-24,59.8
2022-12-25,59.8
2022-12-26,59.8
2022-12-27,59.8
2022-12-28,59.8
2022-12-29,59.8
2022-12-30,59.8
2022-12-31,59.8
2023-01-01,64.9
2023-01-02,64.9
2023-01-03,64.9
2023-01-04,64.9
2023-01-05,64.9
2023-01-06,64.9
2023-01-07,64.9
2023-01-08,64.9
2023-01-09,64.9
2023-01-10,64.9
2023-01-11,64.9
2023-01-12,64.9
2023-01-13,64.9
2023-01-14,64.9
2023-01-15,64.9
2023-01-16,64.9
2023-01-17,64.9
2023-01-18,64.9
2023-01-19,64.9
2023-01-20,64.9
2023-01-21,64.9
2023-01-22,64.9
2023-01-23,64.9
2023-01-24,64.9
2023-01-25,64.9
2023-01-26,64.9
2023-01-27,64.9
2023-01-28,64.9
2023-01-29,64.9
2023-01-30,64.9
2023-01-31,64.9
2023-02-01,66.9
2023-02-02,66.9
2023-02-03,66.9
2023-02-04,66.9
2023-02-05,66.9
2023-02-06,66.9
2023-02-07,66.9
2023-02-08,66.9
2023-02-09,66.9
2023-02-10,66.9
2023-02-11,66.9
2023-02-12,66.9
2023-02-13,66.9
2023-02-14,66.9
2023-02-15,66.9
2023-02-16,66.9
2023-02-17,66.9
2023-02-18,66.9
2023-02-19,66.9
2023-02-20,66.9
2023-02-21,66.9
2023-02-22,66.9
2023-02-23,66.9
2023-02-24,66.9
2023-02-25,66.9
2023-02-26,66.9
2023-02-27,66.9
2023-02-28,66.9
2023-03-01,62.0
2023-03-02,62.0
2023-03-03,62.0
2023-03-04,62.0
2023-03-05,62.0
2023-03-06,62.0
2023-03-07,62.0
2023-03-08,62.0
2023-03-09,62.0
2023-03-10,62.0
2023-03-11,62.0
2023-03-12,62.0
2023-03-13,62.0
2023-03-14,62.0
2023-03-15,62.0
2023-03-16,62.0
2023-03-17,62.0
2023-03-18,62.0
2023-03-19,62.0
2023-03-20,62.0
2023-03-21,62.0
2023-03-22,62.0
2023-03-23,62.0
2023-03-24,62.0
2023-03-25,62.0
2023-03-26,62.0
2023-03-27,62.0
2023-03-28,62.0
2023-03-29,62.0
2023-03-30,62.0
2023-03-31,62.0
2023-04-01,63.7
2023-04-02,63.7
2023-04-03,63.7
2023-04-04,63.7
2023-04-05,63.7
2023-04-06,63.7
2023-04-07,63.7
2023-04-08,63.7
2023-04-09,63.7
2023-04-10,63.7
2023-04-11,63.7
2023-04-12,63.7
2023-04-13,63.7
2023-04-14,63.7
2023-04-15,63.7
2023-04-16,63.7
2023-04-17,63.7
2023-04-18,63.7
2023-04-19,63.7
2023-04-20,63.7
2023-04-21,63.7
2023-04-22,63.7
2023-04-23,63.7
2023-04-24,63.7
2023-04-25,63.7
2023-04-26,63.7
2023-04-27,63.7
2023-04-28,63.7
2023-04-29,63.7
2023-04-30,63.7
2023-05-01,59.0
2023-05-02,59.0
2023-05-03,59.0
2023-05-04,59.0
2023-05-05,59.0
2023-05-06,59.0
2023-05-07,59.0
2023-05-08,59.0
2023-05-09,59.0
2023-05-10,59.0
2023-05-11,59.0
2023-05-12,59.0
2023-05-13,59.0
2023-05-14,59.0
2023-05-15,59.0
2023-05-16,59.0
2023-05-17,59.0
2023-05-18,59.0
2023-05-19,59.0
2023-05-20,59.0
2023-05-21,59.0
2023-05-22,59.0
2023-05-23,59.0
2023-05-24,59.0
2023-05-25,59.0
2023-05-26,59.0
2023-05-27,59.0
2023-05-28,59.0
2023-05-29,59.0
2023-05-30,59.0
2023-05-31,59.0
2023-06-01,64.2
2023-06-02,64.2
2023-06-03,64.2
2023-06-04,64.2
2023-06-05,64.2
2023-06-06,64.2
2023-06-07,64.2
2023-06-08,64.2
2023-06-09,64.2
2023-06-10,64.2
2023-06-11,64.2
2023-06-12,64.2
2023-06-13,64.2
2023-06-14,64.2
2023-06-15,64.2
2023-06-16,64.2
2023-06-17,64.2
2023-06-18,64.2
2023-06-19,64.2
2023-06-20,64.2
2023-06-21,64.2
2023-06-22,64.2
2023-06-23,64.2
2023-06-24,64.2
2023-06-25,64.2
2023-06-26,64.2
2023-06-27,64.2
2023-06-28,64.2
2023-06-29,64.2
2023-06-30,64.2
2023-07-01,71.5
2023-07-02,71.5
2023-07-03,71.5
2023-07-04,71.5
2023-07-05,71.5
2023-07-06,71.5
2023-07-07,71.5
2023-07-08,71.5
2023-07-09,71.5
2023-07-10,71.5
2023-07-11,71.5
2023-07-12,71.5
2023-07-13,71.5
2023-07-14,71.5
2023-07-15,71.5
2023-07-16,71.5
2023-07-17,71.5
2023-07-18,71.5
2023-07-19,71.5
2023-07-20,71.5
2023-07-21,71.5
2023-07-22,71.5
2023-07-23,71.5
2023-07-24,71.5
2023-07-25,71.5
2023-07-26,71.5
2023-07-27,71.5
2023-07-28,71.5
2023-07-29,71.5
2023-07-30,71.5
2023-07-31,71.5
2023-08-01,69.4
2023-08-02,69.4
2023-08-03,69.4
2023-08-04,69.4
2023-08-05,69.4
2023-08-06,69.4
2023-08-07,69.4
2023-08-08,69.4
2023-08-09,69.4
2023-08-10,69.4
2023-08-11,69.4
2023-08-12,69.4
2023-08-13,69.4
2023-08-14,69.4
2023-08-15,69.4
2023-08-16,69.4
2023-08-17,69.4
2023-08-18,69.4
2023-08-19,69.4
2023-08-20,69.4
2023-08-21,69.4
2023-08-22,69.4
2023-08-23,69.4
2023-08-24,69.4
2023-08-25,69.4
2023-08-26,69.4
2023-08-27,69.4
2023-08-28,69.4
2023-08-29,69.4
2023-08-30,69.4
2023-08-31,69.4
2023-09-01,67.8
2023-09-02,67.8
2023-09-03,67.8
2023-09-04,67.8
2023-09-05,67.8
2023-09-06,67.8
2023-09-07,67.8
2023-09-08,67.8
2023-09-09,67.8
2023-09-10,67.8
2023-09-11,67.8
2023-09-12,67.8
2023-09-13,67.8
2023-09-14,67.8
2023-09-15,67.8
2023-09-16,67.8
2023-09-17,67.8
2023-09-18,67.8
2023-09-19,67.8
2023-09-20,67.8
2023-09-21,67.8
2023-09-22,67.8
2023-09-23,67.8
2023-09-24,67.8
2023-09-25,67.8
2023-09-26,67.8
2023-09-27,67.8
2023-09-28,67.8
2023-09-29,67.8
2023-09-30,67.8
2023-10-01,63.8
2023-10-02,63.8
2023-10-03,63.8
2023-10-04,63.8
2023-10-05,63.8
2023-10-06,63.8
2023-10-07,63.8
2023-10-08,63.8
2023-10-09,63.8
2023-10-10,63.8
2023-10-11,63.8
2023-10-12,63.8
2023-10-13,63.8
2023-10-14,63.8
2023-10-15,63.8
2023-10-16,63.8
2023-10-17,63.8
2023-10-18,63.8
2023-10-19,63.8
2023-10-20,63.8
2023-10-21,63.8
2023-10-22,63.8
2023-10-23,63.8
2023-10-24,63.8
2023-10-25,63.8
2023-10-26,63.8
2023-10-27,63.8
2023-10-28,63.8
2023-10-29,63.8
2023-10-30,63.8
2023-10-31,63.8
2023-11-01,61.3
2023-11-02,61.3
2023-11-03,61.3
2023-11-04,61.3
2023-11-05,61.3
2023-11-06,61.3
2023-11-07,61.3
2023-11-08,61.3
2023-11-09,61.3
2023-11-10,61.3
2023-11-11,61.3
2023-11-12,61.3
2023-11-13,61.3
2023-11-14,61.3
2023-11-15,61.3
2023-11-16,61.3
2023-11-17,61.3
2023-11-18,61.3
2023-11-19,61.3
2023-11-20,61.3
2023-11-21,61.3
2023-11-22,61.3
2023-11-23,61.3
2023-11-24,61.3
2023-11-25,61.3
2023-11-26,61.3
2023-11-27,61.3
2023-11-28,61.3
2023-11-29,61.3
2023-11-30,61.3
2023-12-01,69.7
2023-12-02,69.7
2023-12-03,69.7
2023-12-04,69.7
2023-12-05,69.7
2023-12-06,69.7
2023-12-07,69.7
2023-12-08,69.7
2023-12-09,69.7
2023-12-10,69.7
2023-12-11,69.7
2023-12-12,69.7
2023-12-13,69.7
2023-12-14,69.7
2023-12-15,69.7
2023-12-16,69.7
2023-12-17,69.7
2023-12-18,69.7
2023-12-19,69.7
2023-12-20,69.7
2023-12-21,69.7
2023-12-22,69.7
2023-12-23,69.7
2023-12-24,69.7
2023-12-25,69.7
2023-12-26,69.7
2023-12-27,69.7
2023-12-28,69.7
2023-12-29,69.7
2023-12-30,69.7
2023-12-31,69.7
2024-01-01,79.0
2024-01-02,79.0
2024-01-03,79.0
2024-01-04,79.0
2024-01-05,79.0
2024-01-06,79.0
2024-01-07,79.0
2024-01-08,79.0
2024-01-09,79.0
2024-01-10,79.0
2024-01-11,79.0
2024-01-12,79.0
2024-01-13,79.0
2024-01-14,79.0
2024-01-15,79.0
2024-01-16,79.0
2024-01-17,79.0
2024-01-18,79.0
2024-01-19,79.0
2024-01-20,79.0
2024-01-21,79.0
2024-01-22,79.0
2024-01-23,79.0
2024-01-24,79.0
2024-01-25,79.0
2024-01-26,79.0
2024-01-27,79.0
2024-01-28,79.0
2024-01-29,79.0
2024-01-30,79.0
2024-01-31,79.0
2024-02-01,76.9
2024-02-02,76.9
2024-02-03,76.9
2024-02-04,76.9
2024-02-05,76.9
2024-02-06,76.9
2024-02-07,76.9
2024-02-08,76.9
2024-02-09,76.9
2024-02-10,76.9
2024-02-11,76.9
2024-02-12,76.9
2024-02-13,76.9
2024-02-14,76.9
2024-02-15,76.9
2024-02-16,76.9
2024-02-17,76.9
2024-02-18,76.9
2024-02-19,76.9
2024-02-20,76.9
2024-02-21,76.9
2024-02-22,76.9
2024-02-23,76.9
2024-02-24,76.9
2024-02-25,76.9
2024-02-26,76.9
2024-02-27,76.9
2024-02-28,76.9
2024-02-29,76.9
2024-03-01,79.4
2024-03-02,79.4
2024-03-03,79.4
2024-03-04,79.4
2024-03-05,79.4
2024-03-06,79.4
2024-03-07,79.4
2024-03-08,79.4
2024-03-09,79.4
2024-03-10,79.4
2024-03-11,79.4
2024-03-12,79.4
2024-03-13,79.4
2024-03-14,79.4
2024-03-15,79.4
2024-03-16,79.4
2024-03-17,79.4
2024-03-18,79.4
2024-03-19,79.4
2024-03-20,79.4
2024-03-21,79.4
2024-03-22,79.4
2024-03-23,79.4
2024-03-24,79.4
2024-03-25,79.4
2024-03-26,79.4
2024-03-27,79.4
2024-03-28,79.4
2024-03-29,79.4
2024-03-30,79.4
2024-03-31,79.4
2024-04-01,77.2
2024-04-02,77.2
2024-04-03,77.2
2024-04-04,77.2
2024-04-05,77.2
2024-04-06,77.2
2024-04-07,77.2
2024-04-08,77.2
2024-04-09,77.2
2024-04-10,77.2
2024-04-11,77.2
2024-04-12,77.2
2024-04-13,77.2
2024-04-14,77.2
2024-04-15,77.2
2024-04-16,77.2
2024-04-17,77.2
2024-04-18,77.2
2024-04-19,77.2
2024-04-20,77.2
2024-04-21,77.2
2024-04-22,77.2
2024-04-23,77.2
2024-04-24,77.2
2024-04-25,77.2
2024-04-26,77.2
2024-04-27,77.2
2024-04-28,77.2
2024-04-29,77.2
2024-04-30,77.2
2024-05-01,69.1
2024-05-02,69.1
2024-05-03,69.1
2024-05-04,69.1
2024-05-05,69.1
2024-05-06,69.1
2024-05-07,69.1
2024-05-08,69.1
2024-05-09,69.1
2024-05-10,69.1
2024-05-11,69.1
2024-05-12,69.1
2024-05-13,69.1
2024-05-14,69.1
2024-05-15,69.1
2024-05-16,69.1
2024-05-17,69.1
2024-05-18,69.1
2024-05-19,69.1
2024-05-20,69.1
2024-05-21,69.1
2024-05-22,69.1
2024-05-23,69.1
2024-05-24,69.1
2024-05-25,69.1
2024-05-26,69.1
2024-05-27,69.1
2024-05-28,69.1
2024-05-29,69.1
2024-05-30,69.1
2024-05-31,69.1
2024-06-01,68.2
2024-06-02,68.2
2024-06-03,68.2
2024-06-04,68.2
2024-06-05,68.2
2024-06-06,68.2
2024-06-07,68.2
2024-06-08,68.2
2024-06-09,68.2
2024-06-10,68.2
2024-06-11,68.2
2024-06-12,68.2
2024-06-13,68.2
2024-06-14,68.2
2024-06-15,68.2
2024-06-16,68.2
2024-06-17,68.2
2024-06-18,68.2
2024-06-19,68.2
2024-06-20,68.2
2024-06-21,68.2
2024-06-22,68.2
2024-06-23,68.2
2024-06-24,68.2
2024-06-25,68.2
2024-06-26,68.2
2024-06-27,68.2
2024-06-28,68.2
2024-06-29,68.2
2024-06-30,68.2
2024-07-01,66.4
2024-07-02,66.4
2024-07-03,66.4
2024-07-04,66.4
2024-07-05,66.4
2024-07-06,66.4
2024-07-07,66.4
2024-07-08,66.4
2024-07-09,66.4
2024-07-10,66.4
2024-07-11,66.4
2024-07-12,66.4
2024-07-13,66.4
2024-07-14,66.4
2024-07-15,66.4
2024-07-16,66.4
2024-07-17,66.4
2024-07-18,66.4
2024-07-19,66.4
2024-07-20,66.4
2024-07-21,66.4
2024-07-22,66.4
2024-07-23,66.4
2024-07-24,66.4
2024-07-25,66.4
2024-07-26,66.4
2024-07-27,66.4
2024-07-28,66.4
2024-07-29,66.4
2024-07-30,66.4
2024-07-31,66.4
2024-08-01,67.9
2024-08-02,67.9
2024-08-03,67.9
2024-08-04,67.9
2024-08-05,67.9
2024-08-06,67.9
2024-08-07,67.9
2024-08-08,67.9
2024-08-09,67.9
2024-08-10,67.9
2024-08-11,67.9
2024-08-12,67.9
2024-08-13,67.9
2024-08-14,67.9
2024-08-15,67.9
2024-08-16,67.9
2024-08-17,67.9
2024-08-18,67.9
2024-08-19,67.9
2024-08-20,67.9
2024-08-21,67.9
2024-08-22,67.9
2024-08-23,67.9
2024-08-24,67.9
2024-08-25,67.9
2024-08-26,67.9
2024-08-27,67.9
2024-08-28,67.9
2024-08-29,67.9
2024-08-30,67.9
2024-08-31,67.9
2024-09-01,70.1
2024-09-02,70.1
2024-09-03,70.1
2024-09-04,70.1
2024-09-05,70.1
2024-09-06,70.1
2024-09-07,70.1
2024-09-08,70.1
2024-09-09,70.1
2024-09-10,70.1
2024-09-11,70.1
2024-09-12,70.1
2024-09-13,70.1
2024-09-14,70.1
2024-09-15,70.1
2024-09-16,70.1
2024-09-17,70.1
2024-09-18,70.1
2024-09-19,70.1
2024-09-20,70.1
2024-09-21,70.1
2024-09-22,70.1
2024-09-23,70.1
2024-09-24,70.1
2024-09-25,70.1
2024-09-26,70.1
2024-09-27,70.1
2024-09-28,70.1
2024-09-29,70.1
2024-09-30,70.1
2024-10-01,70.5
2024-10-02,70.5
2024-10-03,70.5
2024-10-04,70.5
2024-10-05,70.5
2024-10-06,70.5
2024-10-07,70.5
2024-10-08,70.5
2024-10-09,70.5
2024-10-10,70.5
2024-10-11,70.5
2024-10-12,70.5
2024-10-13,70.5
2024-10-14,70.5
2024-10-15,70.5
2024-10-16,70.5
2024-10-17,70.5
2024-10-18,70.5
2024-10-19,70.5
2024-10-20,70.5
2024-10-21,70.5
2024-10-22,70.5
2024-10-23,70.5
2024-10-24,70.5
2024-10-25,70.5
2024-10-26,70.5
2024-10-27,70.5
2024-10-28,70.5
2024-10-29,70.5
2024-10-30,70.5
2024-10-31,70.5
2024-11-01,71.8
2024-11-02,71.8
2024-11-03,71.8
2024-11-04,71.8
2024-11-05,71.8
2024-11-06,71.8
2024-11-07,71.8
2024-11-08,71.8
2024-11-09,71.8
2024-11-10,71.8
2024-11-11,71.8
2024-11-12,71.8
2024-11-13,71.8
2024-11-14,71.8
2024-11-15,71.8
2024-11-16,71.8
2024-11-17,71.8
2024-11-18,71.8
2024-11-19,71.8
2024-11-20,71.8
2024-11-21,71.8
2024-11-22,71.8
2024-11-23,71.8
2024-11-24,71.8
2024-11-25,71.8
2024-11-26,71.8
2024-11-27,71.8
2024-11-28,71.8
2024-11-29,71.8
2024-11-30,71.8
2024-12-01,74.0
2024-12-02,74.0
2024-12-03,74.0
2024-12-04,74.0
2024-12-05,74.0
2024-12-06,74.0
2024-12-07,74.0
2024-12-08,74.0
2024-12-09,74.0
2024-12-10,74.0
2024-12-11,74.0
2024-12-12,74.0
2024-12-13,74.0
2024-12-14,74.0
2024-12-15,74.0
2024-12-16,74.0
2024-12-17,74.0
2024-12-18,74.0
2024-12-19,74.0
2024-12-20,74.0
2024-12-21,74.0
2024-12-22,74.0
2024-12-23,74.0
2024-12-24,74.0
2024-12-25,74.0
2024-12-26,74.0
2024-12-27,74.0
2024-12-28,74.0
2024-12-29,74.0
2024-12-30,74.0
2024-12-31,74.0
2025-01-01,71.7
2025-01-02,71.7
2025-01-03,71.7
2025-01-04,71.7
2025-01-05,71.7
2025-01-06,71.7
2025-01-07,71.7
2025-01-08,71.7
2025-01-09,71.7
2025-01-10,71.7
2025-01-11,71.7
2025-01-12,71.7
2025-01-13,71.7
2025-01-14,71.7
2025-01-15,71.7
2025-01-16,71.7
2025-01-17,71.7
2025-01-18,71.7
2025-01-19,71.7
2025-01-20,71.7
2025-01-21,71.7
2025-01-22,71.7
2025-01-23,71.7
2025-01-24,71.7
2025-01-25,71.7
2025-01-26,71.7
2025-01-27,71.7
2025-01-28,71.7
2025-01-29,71.7
2025-01-30,71.7
2025-01-31,71.7
2025-02-01,64.7
2025-02-02,64.7
2025-02-03,64.7
2025-02-04,64.7
2025-02-05,64.7
2025-02-06,64.7
2025-02-07,64.7
2025-02-08,64.7
2025-02-09,64.7
2025-02-10,64.7
2025-02-11,64.7
2025-02-12,64.7
2025-02-13,64.7
2025-02-14,64.7
2025-02-15,64.7
2025-02-16,64.7
2025-02-17,64.7
2025-02-18,64.7
2025-02-19,64.7
2025-02-20,64.7
2025-02-21,64.7
2025-02-22,64.7
2025-02-23,64.7
2025-02-24,64.7
2025-02-25,64.7
2025-02-26,64.7
2025-02-27,64.7
2025-02-28,64.7
2025-03-01,57.0
2025-03-02,57.0
2025-03-03,57.0
2025-03-04,57.0
2025-03-05,57.0
2025-03-06,57.0
2025-03-07,57.0
2025-03-08,57.0
2025-03-09,57.0
2025-03-10,57.0
2025-03-11,57.0
2025-03-12,57.0
2025-03-13,57.0
2025-03-14,57.0
2025-03-15,57.0
2025-03-16,57.0
2025-03-17,57.0
2025-03-18,57.0
2025-03-19,57.0
2025-03-20,57.0
2025-03-21,57.0
2025-03-22,57.0
2025-03-23,57.0
2025-03-24,57.0
2025-03-25,57.0
2025-03-26,57.0
2025-03-27,57.0
2025-03-28,57.0
2025-03-29,57.0
2025-03-30,57.0
2025-03-31,57.0
2025-04-01,52.2
2025-04-02,52.2
2025-04-03,52.2
2025-04-04,52.2
2025-04-05,52.2
2025-04-06,52.2
2025-04-07,52.2
2025-04-08,52.2
2025-04-09,52.2
2025-04-10,52.2
2025-04-11,52.2
2025-04-12,52.2
2025-04-13,52.2
2025-04-14,52.2
2025-04-15,52.2
2025-04-16,52.2
2025-04-17,52.2
2025-04-18,52.2
2025-04-19,52.2
2025-04-20,52.2
2025-04-21,52.2
2025-04-22,52.2
2025-04-23,52.2
2025-04-24,52.2
2025-04-25,52.2
2025-04-26,52.2
2025-04-27,52.2
2025-04-28,52.2
2025-04-29,52.2
2025-04-30,52.2
2025-05-01,52.2
2025-05-02,52.2
2025-05-03,52.2
2025-05-04,52.2
2025-05-05,52.2
2025-05-06,52.2
2025-05-07,52.2
2025-05-08,52.2
2025-05-09,52.2
2025-05-10,52.2
2025-05-11,52.2
2025-05-12,52.2
2025-05-13,52.2
2025-05-14,52.2
2025-05-15,52.2
2025-05-16,52.2
2025-05-17,52.2
2025-05-18,52.2
2025-05-19,52.2
2025-05-20,52.2
2025-05-21,52.2
2025-05-22,52.2
2025-05-23,52.2
2025-05-24,52.2
2025-05-25,52.2
2025-05-26,52.2
2025-05-27,52.2
2025-05-28,52.2
2025-05-29,52.2
2025-05-30,52.2
2025-05-31,52.2
