symbol,n,nobs,n_regs,regs_used,opt_hac_lag,r2,adj_r2,aic,bic,log_likelihood,fstat,f_pval,durbin_watson,coef_Intercept,stderr_Intercept,tval_Intercept,pval_Intercept,coef_log_daily_return,stderr_log_daily_return,tval_log_daily_return,pval_log_daily_return,coef_diff_EPU_DUS,stderr_diff_EPU_DUS,tval_diff_EPU_DUS,pval_diff_EPU_DUS,coef_log_diff_AdrActCnt,stderr_log_diff_AdrActCnt,tval_log_diff_AdrActCnt,pval_log_diff_AdrActCnt,coef_log_diff_volume_trusted_spot_usd_1d,stderr_log_diff_volume_trusted_spot_usd_1d,tval_log_diff_volume_trusted_spot_usd_1d,pval_log_diff_volume_trusted_spot_usd_1d,coef_log_diff_TxCnt,stderr_log_diff_TxCnt,tval_log_diff_TxCnt,pval_log_diff_TxCnt,coef_log_UnemRt,stderr_log_UnemRt,tval_log_UnemRt,pval_log_UnemRt,coef_log_IndPro,stderr_log_IndPro,tval_log_IndPro,pval_log_IndPro,coef_log_CPIPrc,stderr_log_CPIPrc,tval_log_CPIPrc,pval_log_CPIPrc,coef_log_TotRes,stderr_log_TotRes,tval_log_TotRes,pval_log_TotRes
1INCH,1616,1616,9,"log_daily_return,diff_EPU_DUS,log_diff_AdrActCnt,log_diff_volume_trusted_spot_usd_1d,log_diff_TxCnt,log_UnemRt,log_IndPro,log_CPIPrc,log_TotRes",0,0.00523419192386565,-0.0004501841222837033,10028.736279813264,10082.419676676378,-5004.368139906632,0.672902512350297,0.7341067821797207,1.9881910330877988,-0.07885848617414247,0.15125536273246773,-0.5213599356052128,0.6021893539909209,-0.1523462800016828,0.22001307135872697,-0.6924419492934817,0.48876190518929763,-0.17204943739921047,0.18330489634257124,-0.9385970633194332,0.348081572262418,0.18711587079749925,0.30596432225151216,0.6115610781693828,0.5409164566217116,0.19671487459312692,0.19551190691465323,1.0061529126151831,0.31449656888854255,-0.13978937448146844,0.3460332715070251,-0.403976686613589,0.6862847072674836,0.6923516727246299,0.5394778218055174,1.2833737453885987,0.19954996208351558,-0.3047537980466402,0.6390044904311037,-0.47691965019062443,0.6334855020134234,0.8436724646258282,0.7018939658446482,1.201994183851639,0.22954647273416642,-0.09689202857066576,0.17082797579991696,-0.56719063793246,0.5706654956979167
AAVE,1694,1694,9,"log_daily_return,diff_EPU_DUS,log_diff_AdrActCnt,log_diff_volume_trusted_spot_usd_1d,log_diff_TxCnt,log_UnemRt,log_IndPro,log_CPIPrc,log_TotRes",0,0.01423810697240635,0.008874227264275558,10688.091909050221,10742.261705264033,-5334.045954525111,2.850480374826299,0.0024548234575356657,1.9165713998460714,0.047779772516789346,0.14934167251649189,0.3199359677153274,0.7490572795047441,-0.6652015189678133,0.1415610400780098,-4.699043738314171,2.8302963677464883e-06,-0.05587552244607013,0.1607811410124461,-0.3475253508851812,0.7282408934324269,0.008143375657990476,0.3649915935230453,0.022311132098652868,0.9822024601341952,0.107374911637733,0.3460388641943782,0.31029726064936447,0.7563740074195643,0.021759476861548048,0.4779429136753582,0.04552735533668385,0.9636924669237571,0.7647200649762871,0.47284892712576165,1.617260865166133,0.1060126651795715,0.40012458036964893,0.7140176337163409,0.5603847320787699,0.5752929365915722,0.2851886230319407,0.7061466400546741,0.40386600580562093,0.6863634644550711,-0.12246477923517328,0.15078139734980514,-0.8122008509515352,0.41679326814210216
ADA,2738,2738,9,"log_daily_return,diff_EPU_DUS,log_diff_AdrActCnt,log_diff_volume_trusted_spot_usd_1d,log_diff_TxCnt,log_UnemRt,log_IndPro,log_CPIPrc,log_TotRes",0,0.0067260472465455745,0.003412679724387968,17225.375865177106,17284.41552151743,-8602.687932588553,2.0270984201891817,0.032856911860239126,2.0769594381402623,0.0727749750644831,0.11101492166128497,0.6555422818432024,0.5121745649114515,-0.14416729750039795,0.10651884733419065,-1.3534440252445616,0.17602719891719376,-0.15600674853806493,0.12054980181002227,-1.2941269599424163,0.19573233176882662,-0.305267064527486,0.22196256200339518,-1.3753087988001174,0.1691499096428705,0.058731419556602465,0.13658759802549297,0.4299908659762852,0.6672366258255538,0.35521544795191295,0.2092626081527983,1.697462585826817,0.08972456670183185,0.5924876301333103,0.2613125551958519,2.26735232713654,0.023447501136707113,-0.004774411391702649,0.31781519018253146,-0.01502260288112897,0.9880152586642044,0.48760252972323836,0.23806938542659745,2.0481530157668173,0.04064160437859667,-0.0916936407091848,0.19925677775424946,-0.46017827720908877,0.6454253447787933
ALGO,2170,2170,9,"log_daily_return,diff_EPU_DUS,log_diff_AdrActCnt,log_diff_volume_trusted_spot_usd_1d,log_diff_TxCnt,log_UnemRt,log_IndPro,log_CPIPrc,log_TotRes",0,0.00865977449531341,0.004471012979096467,13735.152881341211,13791.83849242137,-6857.576440670606,1.8451755671711483,0.055903160637897076,2.0533453803693713,-0.09404472525265012,0.12813665829714083,-0.7339408292868567,0.463065580075698,-0.07382372581048544,0.22532303274907495,-0.3276350620253602,0.7432198068126495,-0.1474080755072818,0.1339271747752527,-1.1006584418334204,0.27116970916270433,-0.09370708609484102,0.13819135294371251,-0.6780965964853776,0.49778410397001693,0.09509049570009513,0.13578412416850494,0.7003064333359771,0.4838124381187108,0.32555548367706755,0.16493058653786766,1.9738939302342249,0.048522841224661335,0.5563103360652131,0.3535477905862987,1.573508167432378,0.11574971288357443,-0.16642257663509247,0.3575098209385423,-0.4655049089230512,0.6416175129364796,0.5956854637074431,0.27187579892180125,2.1910205544950996,0.028558298368333807,0.1988181540825693,0.2045297714133074,0.9720743963518337,0.3311239121342434
ALPHA,1693,1693,9,"log_daily_return,diff_EPU_DUS,log_diff_AdrActCnt,log_diff_volume_trusted_spot_usd_1d,log_diff_TxCnt,log_UnemRt,log_IndPro,log_CPIPrc,log_TotRes",0,0.008603856391151687,0.0032060552462760405,11137.456308211624,11191.620093003554,-5558.728154105812,0.9114853991560908,0.5140848473838009,2.019490610943204,0.01809514859428261,0.17288732150292618,0.10466440475206473,0.9166548054015357,-0.20768749884790932,0.23132449496689214,-0.8978188793955183,0.3694128655575114,-0.20055742612040633,0.17038508997506197,-1.1770831951889715,0.2393317608413079,0.08973260899196765,0.2778975217700488,0.32289819794153646,0.7468131795673538,0.3217440860876188,0.2299925877073115,1.3989324147136002,0.16202085158797638,-0.17060557972493962,0.3273222141926897,-0.5212160138465477,0.6022861173885543,1.055361721414578,0.5692511019992996,1.8539476124121346,0.06392468436630006,-0.2380270792905017,0.7469291447110288,-0.31867424236416614,0.7500138085456344,0.9154812464309052,0.7214349605478709,1.2689726676617834,0.20462946470498528,-0.16971283127575315,0.17105104120330172,-0.9921765461459071,0.32125662274058586
ANT,2627,2627,9,"log_daily_return,diff_EPU_DUS,log_diff_AdrActCnt,log_diff_volume_trusted_spot_usd_1d,log_diff_TxCnt,log_UnemRt,log_IndPro,log_CPIPrc,log_TotRes",0,0.019023743725911313,0.015650115026458855,18496.135497193423,18554.87147509028,-9238.067748596712,1.4560374641213967,0.1586156007476289,2.153569460397143,0.024995901469135016,0.1592554307936999,0.15695478229257254,0.875292592179473,-1.0691630303343276,0.44395034550789975,-2.408294173329577,0.016095996446009623,0.10876587693750522,0.13443504313727458,0.8090589655737455,0.41855477751779435,-0.22894656163085278,0.3044086969305603,-0.7521025645436096,0.4520570190941847,0.14627971241456567,0.16902723765843053,0.8654209489607056,0.3868871122314198,0.4706845573233496,0.3090627242071564,1.522941851143014,0.1278940746863986,0.257203104986451,0.3567634664360876,0.7209345383814059,0.47101418617476265,-0.2476747362751683,0.42239126402744903,-0.5863633019149591,0.5576819705603406,0.41243280149944894,0.29368083304213755,1.4043572310361594,0.16033116773357883,0.012344642689122942,0.31456156412845543,0.039243963970378284,0.9686988758192656
BAL,1801,1801,9,"log_daily_return,diff_EPU_DUS,log_diff_AdrActCnt,log_diff_volume_trusted_spot_usd_1d,log_diff_TxCnt,log_UnemRt,log_IndPro,log_CPIPrc,log_TotRes",0,0.02358662306423609,0.018596435447869375,11248.443408411633,11303.23640478946,-5614.221704205816,2.580040976033742,0.0059444704067994,1.8939707152512681,-0.14667855893933177,0.14014157865686916,-1.0466455447777432,0.29540672273348884,-0.7864479116878407,0.21355149912716415,-3.682708456284506,0.0002377322026342654,-0.022543296471003005,0.15363159788502412,-0.14673606719806503,0.883357145088472,-0.19828049199632652,0.2493353386566754,-0.795236219079842,0.4265832755752875,-0.4490900766357966,0.20129220138815437,-2.2310356463825953,0.025804250314698966,0.7274662737551199,0.26644101904542433,2.730308855451035,0.006390549079426118,0.3211788054204075,0.48035040226741055,0.6686344050183758,0.5038163542149899,0.11996178643572863,0.6736947833585843,0.17806548217232837,0.8586920304902846,0.06518579165719832,0.49567621416491964,0.13150881521926314,0.8953878358737049,-0.06411526586858311,0.14719079550014985,-0.4355929027404288,0.6631855056539105
BAT,2794,2794,9,"log_daily_return,diff_EPU_DUS,log_diff_AdrActCnt,log_diff_volume_trusted_spot_usd_1d,log_diff_TxCnt,log_UnemRt,log_IndPro,log_CPIPrc,log_TotRes",0,0.00494701181608026,0.0016952046651523833,17702.37269959683,17761.61704144571,-8841.186349798416,0.7205319545624084,0.6905253681052597,2.0455835130988036,-0.019478565827015855,0.1115000216446413,-0.1746956237290739,0.8613316478905237,-0.35159607178078295,0.22394988836280205,-1.5699765440882572,0.11653544605000764,-0.07684476196755949,0.11210625608717513,-0.6854636364611455,0.49310909186127894,0.147670622299052,0.25527158620568163,0.5784843683310229,0.5629844500184751,-0.06141229357707879,0.14538669226182588,-0.4224065670775549,0.6727612601008288,-0.10957217290128175,0.2687010814322838,-0.40778463680614324,0.683463490897112,0.3158276049855162,0.27205943192194065,1.1608772493362167,0.24579243540066337,0.11152666790758414,0.32278814232028147,0.3455104239762425,0.7297370632367985,0.11112015941370215,0.2521827191599286,0.4406335207418881,0.6595129150720168,-0.054453376711392804,0.24351925807292124,-0.22361014542466648,0.8230772538002508
BCH,2860,2860,9,"log_daily_return,diff_EPU_DUS,log_diff_AdrActCnt,log_diff_volume_trusted_spot_usd_1d,log_diff_TxCnt,log_UnemRt,log_IndPro,log_CPIPrc,log_TotRes",0,0.0010655385840931952,-0.002122550122553468,18269.142228793873,18328.622548700245,-9124.571114396937,0.5125193571709649,0.8665265456935265,1.9765704373468385,0.008000675590130107,0.1137535384101985,0.07033342172864498,0.9439332687053272,0.11708272137705326,0.08050192197113852,1.4544090191912393,0.14594422967771375,-0.028836114135735405,0.10428735171050522,-0.2765063419750321,0.7821794525439157,-0.1296372891727952,0.211622912266992,-0.6125862638599339,0.540199336566462,0.042709459909279254,0.1487544469654302,0.28711383612756614,0.7740462526265119,0.09782600018738082,0.1777841259515637,0.550251602407028,0.5821903948137732,0.24433856643429092,0.24831922286987035,0.9839696001397948,0.325214871783599,0.09475387793452861,0.3344754435965042,0.28329098517867674,0.77697458134919,0.22572969345005867,0.20554867915001207,1.0981811918398086,0.27221913145696125,-0.16009086664254346,0.2031576869242346,-0.7880128439454401,0.4307554246781906
BNB,2877,2877,9,"log_daily_return,diff_EPU_DUS,log_diff_AdrActCnt,log_diff_volume_trusted_spot_usd_1d,log_diff_TxCnt,log_UnemRt,log_IndPro,log_CPIPrc,log_TotRes",0,0.008628412596400237,0.005483419897551967,18037.78461985847,18097.32483073125,-9008.892309929235,1.93194658913085,0.043426818045146975,1.9726944789143144,0.31576773476470177,0.1063962071419474,2.9678476634361926,0.003024009768671355,0.2951442381623208,0.24060275103912196,1.226686880709566,0.22004209515004253,0.06083334002008085,0.09577798507847297,0.6351495071674225,0.525382132886366,-0.11950563842751522,0.49811221733934785,-0.23991709953602655,0.8104118572101682,0.12463150400220739,0.12201014294224767,1.021484779844906,0.30711191196418997,-0.18684239945401032,0.5111075106767939,-0.36556379147432005,0.7147178510415328,0.399261732764753,0.2451269526332895,1.6287957259520518,0.10346729745968952,0.2468083119611662,0.309077698431753,0.7985316094090936,0.42462889769132006,0.04076519175336449,0.18633086987459585,0.2187785189904401,0.8268383177107966,-0.30748691870720746,0.18490387810364728,-1.6629554872550951,0.09643180467395214
BSV,2389,2389,9,"log_daily_return,diff_EPU_DUS,log_diff_AdrActCnt,log_diff_volume_trusted_spot_usd_1d,log_diff_TxCnt,log_UnemRt,log_IndPro,log_CPIPrc,log_TotRes",0,0.0045662111546656,0.0007522885920397959,15342.290218748127,15399.950149542203,-7661.145109374063,1.192480740619575,0.2951152819436457,2.0807908440510428,-0.03664288317372386,0.1274855022158588,-0.2874278450241348,0.7738100963989942,0.1318167241733938,0.18855584115601956,0.6990858695505632,0.4845675807235902,0.14080803006090245,0.11634868164793834,1.2102245428699925,0.22631450838376532,-0.18220993391984752,0.1727286867182721,-1.0548909818149648,0.29158367324506973,-0.05888074401506582,0.1263847740255293,-0.4658847908623242,0.6413411623236005,-0.26054828580223893,0.14582785333676287,-1.7866839553658524,0.0741175031226706,-0.0715956502301783,0.3784985594789003,-0.18915699528354335,0.8499861134928384,-0.18314721366088793,0.4618487237588805,-0.3965523866132939,0.6917335903364998,0.07946620935706677,0.23171279871761663,0.3429513164437262,0.7316657724162804,-0.023200677163138547,0.2218399922643763,-0.10458293352034244,0.916715686119531
BTC,3803,3803,9,"log_daily_return,diff_EPU_DUS,log_diff_AdrActCnt,log_diff_volume_trusted_spot_usd_1d,log_diff_TxCnt,log_UnemRt,log_IndPro,log_CPIPrc,log_TotRes",0,0.0031944449374581296,0.0008103763763200877,20478.5469072274,20540.903164427044,-10229.2734536137,1.4654534675418895,0.15470465470711273,2.039289818906288,0.15665463381790315,0.05874018086022946,2.6669075839357435,0.007688041619244676,-0.08834379096910189,0.08555114631922177,-1.0326429834085422,0.3018373664626267,-0.004922276672762222,0.05617018048279202,-0.08763149113024807,0.9301742349455908,0.11687133185620209,0.06922521651613264,1.6882768698739385,0.09144095330424828,-0.0032603738410924704,0.06824874165989837,-0.04777192607212863,0.9619005458715819,-0.0887734989377289,0.060121001854050594,-1.4765804993275884,0.13987179828395896,0.2964822970460048,0.11955644213006221,2.4798521247685654,0.01318713325108445,0.10833369820595384,0.19749931304414878,0.5485269621253672,0.5833626619021517,0.2906476410121915,0.16122924626570945,1.8026980076133183,0.07151563361911745,-0.24796880280727632,0.1412903395663804,-1.755030128516159,0.07933552474232351
BTG,2775,2775,9,"log_daily_return,diff_EPU_DUS,log_diff_AdrActCnt,log_diff_volume_trusted_spot_usd_1d,log_diff_TxCnt,log_UnemRt,log_IndPro,log_CPIPrc,log_TotRes",0,0.005062090018448928,0.0017880713018734173,18662.39593062445,18721.57129416389,-9321.197965312225,0.9951272472894712,0.4416287585497246,2.029947719203108,-0.1940562219284128,0.13857419673636892,-1.4003777506832378,0.16151366178384227,0.12411934392562107,0.1586340742389745,0.7824254941510318,0.4340322910509433,-0.28739952848018413,0.17131082039621365,-1.677649595136352,0.09352978371347571,-0.36677967855177385,0.41620651352595195,-0.8812444462835247,0.37826296215053923,0.07953087185318106,0.14328549753957193,0.5550517897403859,0.5789046276330587,0.23383966451865373,0.2892431816475872,0.8084535067919529,0.41889987525397365,0.2590708369479992,0.3060548577429246,0.8464849695854514,0.3973563122171112,0.01577416375317832,0.40209995539203575,0.039229459097549435,0.9687103099260248,-0.025093605371119064,0.26687158670347794,-0.09402876372523189,0.925093195383568,0.07038877521403099,0.2403963642691228,0.2928029940387577,0.7696949513833281
BUSD,2080,2080,9,"log_daily_return,diff_EPU_DUS,log_diff_AdrActCnt,log_diff_volume_trusted_spot_usd_1d,log_diff_TxCnt,log_UnemRt,log_IndPro,log_CPIPrc,log_TotRes",0,0.20111585248118824,0.1975913635950759,8115.664987369901,8171.920938091225,-4047.8324936849504,1.7066751905973088,0.08229224841244996,2.3267636061058297,-0.0004904733529840499,0.04076389493336406,-0.01203205321242774,0.9904012186458911,-0.8656320886250748,0.31587032969587125,-2.7404666005146145,0.006188666938750568,-0.002187661367323952,0.03020675894864897,-0.07242290942377973,0.9422724531521234,-0.05307707464344815,0.10515061001704833,-0.5047719136849765,0.6137735648688588,-0.009105684993122223,0.014043652112978108,-0.6483844031359492,0.5168093292764574,0.083307697041416,0.11752109017186421,0.7088744404905183,0.47848339605151957,-0.010288857986450434,0.04768275117667944,-0.21577735622525243,0.8291828712299955,0.009388696761594149,0.022815901920697212,0.41149794534649925,0.6807506744980796,-0.019085697159964582,0.09379463298818405,-0.203483894034416,0.8387771276891036,-0.011538084365786346,0.018180857647716986,-0.6346281671280348,0.5257421163640581
COMP,1808,1808,9,"log_daily_return,diff_EPU_DUS,log_diff_AdrActCnt,log_diff_volume_trusted_spot_usd_1d,log_diff_TxCnt,log_UnemRt,log_IndPro,log_CPIPrc,log_TotRes",0,0.0290361932738048,0.02409350421241585,11325.604670837538,11380.437114998276,-5652.802335418769,7.2750187789259035,1.87150078337879e-10,2.13375067859536,-0.07476384216605776,0.13857287312008598,-0.539527257266782,0.5895910333953549,0.9544290300592079,0.12464073159578176,7.657440852918652,3.1019006864039336e-14,-0.19900576506560333,0.1366912158072865,-1.4558782280945597,0.14560382840893304,-0.15718624044257695,0.25547467047206773,-0.6152713306259568,0.5384547328417032,-0.061434570493453314,0.22604063417913461,-0.27178551642518894,0.7858186747359381,0.012154267500486513,0.30712852948852415,0.03957387977185837,0.968437320064524,0.7069136547730334,0.5138053694379872,1.3758393680203707,0.16904563020589627,0.7903860391466159,0.6842475956243548,1.1551170134918969,0.24819860203832822,-0.055349358136974336,0.4496919757496734,-0.12308282362544365,0.9020555021883311,-0.1907386480978696,0.14864356944705232,-1.2831947510908759,0.19959202874313248
CRO,2264,2264,9,"log_daily_return,diff_EPU_DUS,log_diff_AdrActCnt,log_diff_volume_trusted_spot_usd_1d,log_diff_TxCnt,log_UnemRt,log_IndPro,log_CPIPrc,log_TotRes",0,0.004482871170072178,0.0004542496954905717,13713.561651617354,13770.677141413646,-6846.780825808677,1.4383982824431625,0.16587530298753758,2.119238772606747,0.01658522996729228,0.10861238088640217,0.1527010993768638,0.8786478456684399,0.0047953432093186255,0.1350805419519108,0.03549988133024952,0.97168432682043,0.12312491182531447,0.13065617899461904,0.9423581247572322,0.3461116693462024,-0.06256277197276953,0.29549579888547867,-0.21172135850573004,0.8323438238375169,-0.05356057703156514,0.14609850404935554,-0.3666059237230184,0.7139478627372928,-0.027120538562058094,0.33548946997032447,-0.08083871772326275,0.9355774901329988,-0.0755695703855669,0.26940941920941774,-0.28050084739919595,0.7791193646428644,-0.5794894812245556,0.28482217038321284,-2.034565920359654,0.042012974841862095,0.2162205670072576,0.22637510689006685,0.9551428599093251,0.3396092622226651,0.3158940490411051,0.18521098981304143,1.705590199371969,0.08822404034560537
CRV,1750,1750,9,"log_daily_return,diff_EPU_DUS,log_diff_AdrActCnt,log_diff_volume_trusted_spot_usd_1d,log_diff_TxCnt,log_UnemRt,log_IndPro,log_CPIPrc,log_TotRes",0,0.010525933248632824,0.0053181750025730334,11808.31806196291,11862.818857660985,-5894.159030981455,2.4722410836737847,0.00841003764101839,2.000594373299159,-0.15812748285313688,0.18566493986616403,-0.8516819759676898,0.39450988161871725,-0.4087308669004164,0.1475920739808603,-2.7693280260660913,0.005677877494283252,-0.1600421765636309,0.18796240313997395,-0.8514584506798889,0.39463395410391844,-0.05234945413539642,0.35811489140007186,-0.14618061240272098,0.8837960401510441,0.5392180078352222,0.2684512020049332,2.0086257904902705,0.04473378876290772,-0.23473677002789706,0.43717421785781885,-0.5369410190246854,0.5913782086940828,0.2134011480195074,0.6124797781765887,0.348421540797352,0.7275665172414122,1.2539946178144328,1.0182663659244955,1.231499595565957,0.2183053998568341,-0.8931585580817429,0.8471318124920967,-1.0543324485173617,0.29187968288329824,0.1717623888106002,0.20162445511790938,0.8518926372803044,0.3943929711791725
CVC,2819,2819,9,"log_daily_return,diff_EPU_DUS,log_diff_AdrActCnt,log_diff_volume_trusted_spot_usd_1d,log_diff_TxCnt,log_UnemRt,log_IndPro,log_CPIPrc,log_TotRes",0,0.007311653070857349,0.004096757380910532,18704.60604010897,18763.940423985245,-9342.303020054485,1.513613225637052,0.1370336001073264,2.008109702298356,-0.043848732255599134,0.1294226040499756,-0.3388027352522382,0.7347839372507344,-0.37399368558494755,0.310337094737005,-1.2051207926074332,0.22825928411406493,-0.05028129526867169,0.10838347431809503,-0.4639203124371244,0.6427411748605238,-0.4856200900097966,0.29524489635835083,-1.6448043505564263,0.10012326348502137,0.2858513345256861,0.17071721688468885,1.6744142139967333,0.094161743513404,0.15841832730960564,0.29279122586639006,0.5410624134682812,0.5885079310107666,0.5522734933329071,0.38821689428285994,1.4225900558838467,0.15496726330366994,0.18924059318846442,0.42962867175883435,0.44047477654073286,0.6596275355855419,0.2958840278714939,0.28206652177722163,1.0489866929517622,0.2942754597664167,-0.02725285258229168,0.3174604176194305,-0.08584645854955758,0.9315946583760939
DAI,2019,2019,9,"log_daily_return,diff_EPU_DUS,log_diff_AdrActCnt,log_diff_volume_trusted_spot_usd_1d,log_diff_TxCnt,log_UnemRt,log_IndPro,log_CPIPrc,log_TotRes",0,0.004690204430536027,0.00016378292466179278,1261.6668849670723,1317.620757755612,-620.8334424835361,0.43543763584210066,0.916471884026822,2.616009555002195,0.003603471572521196,0.007608214567974697,0.473629067677627,0.6358166860118237,-0.01458861204456276,0.016988665106154918,-0.8587262126485365,0.39059558094021174,-0.005247236973401799,0.010852336389144221,-0.4835121936185742,0.6287855950826626,0.006689670623471628,0.009306157873199774,0.7188434491033937,0.47232224821585334,0.010727312366509091,0.009717206894536166,1.1039501868114892,0.2697489572766929,-0.023496200990803025,0.0173000123237486,-1.3581609394895402,0.1745674327787519,-0.004500208281608291,0.024504773069912042,-0.18364619287716766,0.8543098362018292,-0.009256510455065339,0.02538837287205783,-0.3645964434866542,0.7154516242201617,0.008130346864343274,0.021356676362621646,0.3806934527777444,0.7034715864876553,0.006530601567975614,0.008111048959442008,0.8051488285462008,0.42083052277724087
DASH,3803,3803,9,"log_daily_return,diff_EPU_DUS,log_diff_AdrActCnt,log_diff_volume_trusted_spot_usd_1d,log_diff_TxCnt,log_UnemRt,log_IndPro,log_CPIPrc,log_TotRes",0,0.004347097917231979,0.001965786166303274,23664.814295175736,23727.17055237538,-11822.407147587868,1.8702210106612789,0.05177472444199847,2.003467521170416,0.07219276872390726,0.08979282285609254,0.8039926402537516,0.4214520116073974,-0.2139525753278481,0.13674229356121195,-1.5646408273243813,0.11775123620966352,0.0758783075857641,0.08193550949181988,0.9260735431606669,0.35446714909841126,0.11841223813771078,0.10714291517984482,1.1051802906328414,0.26915213166713414,-0.026030744731397576,0.10148090063732312,-0.25650880675987875,0.797572003379445,-0.12208278629491574,0.14739798470550086,-0.8282527508014134,0.407579901726707,0.3145303998976524,0.1969673086162184,1.5968660084120874,0.11037954421174466,-0.029455980386548286,0.3088474780686511,-0.09537387376691081,0.9240229454758292,0.38832495869833056,0.22545419393623065,1.7224117765055533,0.08507711934239552,-0.3541894524532862,0.23025143736836065,-1.538272492460697,0.12406607963655424
DCR,3301,3301,9,"log_daily_return,diff_EPU_DUS,log_diff_AdrActCnt,log_diff_volume_trusted_spot_usd_1d,log_diff_TxCnt,log_UnemRt,log_IndPro,log_CPIPrc,log_TotRes",0,0.013235831755999516,0.01051247158605284,21205.200488890412,21266.128999165798,-10592.600244445206,2.9161439913182843,0.001917379657485411,2.0957816677026906,0.06777561087842363,0.10769996731156305,0.629300199157507,0.5291966229318987,-0.4314987628525353,0.2865188794088162,-1.5060046435434231,0.1321628355947886,-0.10171039922407209,0.10026012587840702,-1.0144651059726768,0.3104361325214502,0.26134814139299334,0.27825137537243083,0.9392519301771176,0.34767097539543523,-0.29052649503498884,0.12878234717402615,-2.2559496810723183,0.024139770842076365,-0.40920936642969097,0.3191914753762831,-1.2820184685298661,0.19992730203243994,0.784128333284551,0.23549290943057138,3.329732241962596,0.0008789598202410851,0.6785575381223368,0.3129540968614299,2.1682334403910652,0.030213018995964236,0.36265104255086833,0.23803077724453647,1.5235468570449004,0.12771891182205866,-0.7004001525223761,0.2665691147609309,-2.6274617490871774,0.008642744524430984
DGB,3763,3763,9,"log_daily_return,diff_EPU_DUS,log_diff_AdrActCnt,log_diff_volume_trusted_spot_usd_1d,log_diff_TxCnt,log_UnemRt,log_IndPro,log_CPIPrc,log_TotRes",0,0.0025165414122324536,0.00010521959453435592,25931.196146070088,25993.445820859233,-12955.598073035044,1.1451476027165393,0.3266129340461976,2.0597588948374037,0.11876782948822065,0.1276579931182639,0.9303595222446643,0.3522452895652145,-0.062250308463846216,0.12336759236472525,-0.504592067257086,0.6138752454598245,-0.013833300466861972,0.11833867709946033,-0.11689585185438124,0.9069488905526235,0.11843878194172566,0.12322054983463818,0.9611934218819049,0.3365173441198124,0.07419120197897236,0.14728731291232827,0.5037175335199043,0.6144896886760807,-0.020857789278370398,0.13940947969793901,-0.1496152867334656,0.8810762509172763,0.5638051415399455,0.2528955673909272,2.2293990652213083,0.02584679796100238,-0.007684874857270263,0.4409795242795345,-0.017426829215768446,0.9860970395904838,0.7159531642603446,0.36189182698831457,1.9783623471647582,0.047961443549747365,-0.5085082446026243,0.2900861586758069,-1.7529559042867693,0.07969187609170421
DOGE,3803,3803,9,"log_daily_return,diff_EPU_DUS,log_diff_AdrActCnt,log_diff_volume_trusted_spot_usd_1d,log_diff_TxCnt,log_UnemRt,log_IndPro,log_CPIPrc,log_TotRes",0,0.005064400609436137,0.0026848044376278635,25058.897347159873,25121.253604359517,-12519.448673579936,1.5250268713024693,0.13290659305763491,1.99354354752972,0.18651374289657727,0.10769603835845705,1.731853332206912,0.0833816297236821,0.0029961153684153613,0.24174401877636092,0.01239375180234382,0.990112126945202,0.041664073082357526,0.10547764445583802,0.39500382566660064,0.6928624527541963,-0.0287288950929738,0.10729894499300444,-0.26774629605954503,0.7889092855120474,0.31022547069523754,0.13786291279543214,2.250246019069433,0.024490863596708785,0.013302056065092133,0.09101150322654353,0.14615796458147703,0.8838045173309081,0.7012207549157025,0.2670876593615993,2.625433000505455,0.008688909161103146,0.7129008223230072,0.3703341301850508,1.9250205806491036,0.054302077170451775,0.19871507763293833,0.2514462773964441,0.7902884055015583,0.4294091556210704,-0.4714446145155554,0.20699415437789812,-2.277574533118768,0.022807794175302515
DOT,1745,1745,9,"log_daily_return,diff_EPU_DUS,log_diff_AdrActCnt,log_diff_volume_trusted_spot_usd_1d,log_diff_TxCnt,log_UnemRt,log_IndPro,log_CPIPrc,log_TotRes",0,0.0062589892295698,0.0010134355070278156,10644.10344850914,10698.575132105141,-5312.05172425457,0.6022052901541178,0.796047305450204,2.0407974032825984,0.05038614311492611,0.13348437090302256,0.37746848394357746,0.7058724610269231,-0.07371756442236574,0.14471568902731352,-0.5093958016428498,0.6105407386262888,-0.0467939381228544,0.15560894543360518,-0.30071496206379933,0.7636685223251666,0.13844696551208335,0.20069593730707405,0.6898344200174471,0.49039219918818056,0.005167748771905026,0.12527674231710628,0.0412506637411131,0.9671008939317869,-0.1305249264783787,0.21651291511213988,-0.6028505339313136,0.5466883002184498,0.38324790123866004,0.4296294560276082,0.8920428891962014,0.37249581757866557,-0.8838077721417388,0.771948760753016,-1.1449047100996796,0.2524093202966399,1.022886441689127,0.6217465793687921,1.645182258545884,0.1001165577925246,0.08045495607202248,0.1478640288586194,0.5441144590274197,0.5864338556937649
DRGN,2705,2705,9,"log_daily_return,diff_EPU_DUS,log_diff_AdrActCnt,log_diff_volume_trusted_spot_usd_1d,log_diff_TxCnt,log_UnemRt,log_IndPro,log_CPIPrc,log_TotRes",0,0.009573360205611503,0.0062285798085574,19255.444075198317,19314.36112179162,-9617.722037599158,2.0213928030142863,0.033422672761503416,2.0033729243510976,-0.10626097859167041,0.1722261581171028,-0.6169851302112873,0.5372972394625846,-0.6437896820686081,0.2634892832882817,-2.443323971412691,0.014617143251402707,-0.034040145125365684,0.17887830454165507,-0.19029778492471577,0.8490902830765759,0.1792614889713507,0.3787945840464178,0.4732419536108886,0.6360793288031055,-0.27931764923825125,0.18994802186670962,-1.4704951728018212,0.14154574394446048,0.10233204327742265,0.41824972928007964,0.24466732699041704,0.8067328644809311,0.3928636423604669,0.37128759675751316,1.0581114095686988,0.29010055099198967,-0.47791698617175016,0.47924218637118554,-0.9972348006141325,0.31874108852181376,0.9734465436452251,0.40515795466655025,2.4026346575038446,0.016345427477198627,0.030297297010416203,0.29992057540388206,0.10101773434389072,0.9195439811654254
ELF,2717,2717,9,"log_daily_return,diff_EPU_DUS,log_diff_AdrActCnt,log_diff_volume_trusted_spot_usd_1d,log_diff_TxCnt,log_UnemRt,log_IndPro,log_CPIPrc,log_TotRes",0,0.004252607410559217,0.0009049322020030504,17730.540861011883,17789.502667098037,-8855.270430505941,1.1074116363782651,0.35363581129495925,2.1216164497934265,-0.043373434777682046,0.12517400966911799,-0.346505116296381,0.7289903725428981,0.06490056653024981,0.39328026947891953,0.16502370336615269,0.8689377850922858,0.02098968079380617,0.12638716238519276,0.16607446830585124,0.8681108877060795,-0.11961810906261827,0.23596906514913765,-0.5069228417166335,0.6122507095807734,-0.35303769347239455,0.1640960324611088,-2.151409075390445,0.031533136497886034,0.05116677737200484,0.23765604941901108,0.2152976012901433,0.8295517003849335,0.2060055430356478,0.37680679435992886,0.5467139821233415,0.5846208121557286,-0.10729123423606407,0.3858138023889424,-0.27809071000498525,0.780964202971714,0.20434110845079262,0.26931445181948366,0.7587454259148283,0.44807165440284114,0.11753775061374702,0.27309477578993935,0.4303917944741477,0.6669453092809756
EOS,2548,2548,9,"log_daily_return,diff_EPU_DUS,log_diff_AdrActCnt,log_diff_volume_trusted_spot_usd_1d,log_diff_TxCnt,log_UnemRt,log_IndPro,log_CPIPrc,log_TotRes",0,0.008255601022494119,0.004696709638603469,15640.915719905912,15699.227922051954,-7810.457859952956,1.6932530933103698,0.08521393713301895,2.0118166901041152,-0.11337223138075586,0.10657921494548675,-1.063736784313373,0.2875503615796391,-0.35242358842470556,0.17351345055141681,-2.0311024148544194,0.042349873334123135,0.07867204348506548,0.11001041211333912,0.7151327040208973,0.47459361097935804,0.08113667065908164,0.09744920220428878,0.8326047707295728,0.4051469426157851,-0.11432842965309034,0.11308751370492777,-1.0109730588949053,0.31212684701882865,-0.23874204377801073,0.10150967037248587,-2.3519142846386543,0.018754013793815656,0.28558945473154446,0.2650430127610641,1.0775211606464907,0.28135113092306935,0.038470186989905994,0.31430920045715194,0.12239599392557529,0.9025952172855982,0.26753195136201846,0.21313807388200004,1.255204884276718,0.2095213334466958,-0.05158275593961257,0.19389777946079267,-0.2660306687526709,0.7902374566308725
ETC,3232,3232,9,"log_daily_return,diff_EPU_DUS,log_diff_AdrActCnt,log_diff_volume_trusted_spot_usd_1d,log_diff_TxCnt,log_UnemRt,log_IndPro,log_CPIPrc,log_TotRes",0,0.0076490445711777655,0.004851062553991148,21066.040700638652,21126.75600957422,-10523.020350319326,1.2916658373431456,0.23579688541097615,1.8473453183511925,0.10782047735220308,0.1140239227896472,0.9455952287408291,0.3444266505478747,-0.48031725149174115,0.30348173255148314,-1.5826891702954784,0.11359139646435086,-0.19868176944841823,0.2030580097918588,-0.9784483244570042,0.3279267863135401,-0.04680615148826353,0.09281788391198507,-0.5042794504197882,0.6140998214272859,0.06557586742773143,0.1160463981897991,0.5650831775104226,0.5720569018045223,0.13955066323778864,0.10311931346690643,1.3532931760894038,0.17605781631755277,0.3871374419188147,0.2739837592617962,1.4129941240381998,0.15775495108834442,0.15539658454837463,0.4367656818632184,0.3557893648728566,0.7220218250626012,0.21496600399684263,0.22848113759756974,0.9408479240656982,0.3468539915322266,-0.2769900065728879,0.24815563711304356,-1.1161946985984013,0.26442282041705084
ETH,3584,3584,9,"log_daily_return,diff_EPU_DUS,log_diff_AdrActCnt,log_diff_volume_trusted_spot_usd_1d,log_diff_TxCnt,log_UnemRt,log_IndPro,log_CPIPrc,log_TotRes",0,0.004523769796025201,0.0019957545387352393,22208.13129029936,22269.889580386505,-11094.06564514968,1.9571304382855195,0.040267235742711835,2.034093594107325,0.21331432845468068,0.0918293642492184,2.3229424509110252,0.020238580356768565,-0.17167026565208718,0.1488645544763904,-1.153197725650089,0.24890700673229962,-0.007060893502932004,0.0855398647795182,-0.08254506271586573,0.934217947271641,-0.007971260084442863,0.08519227689507378,-0.09356787228800782,0.9254577209205957,0.06730705578500529,0.11260480580450768,0.5977280925456817,0.550059568129385,0.04951534882830479,0.15738513366324217,0.31461261731526086,0.7530743181576547,0.4820663566902641,0.2139878904132962,2.252774003983128,0.02433432539232717,0.06349735896723882,0.36793590281572164,0.1725772301134773,0.8629936055185367,0.40121140199460487,0.2057005305419907,1.9504636227114813,0.051199608607206806,-0.35605063360186506,0.24421247051692932,-1.4579543495391767,0.144941732985581
FTT,2111,2111,9,"log_daily_return,diff_EPU_DUS,log_diff_AdrActCnt,log_diff_volume_trusted_spot_usd_1d,log_diff_TxCnt,log_UnemRt,log_IndPro,log_CPIPrc,log_TotRes",0,0.0047281043739981765,0.000402924721350173,14108.711421636095,14165.117459900031,-7044.355710818048,0.7751776518661331,0.639552015356355,1.9559596646423603,-0.016283208430974895,0.15692570832392516,-0.10376380393557433,0.9173668385477843,0.34827230931816355,0.9083329472703783,0.3834192190922425,0.7014483093937629,0.057794159892965075,0.1669796697775273,0.34611494902323264,0.7292914866819501,-0.07301656546768581,0.3445359548544779,-0.21192727330454064,0.8321846267094573,-0.08612429180170879,0.2611361851928167,-0.3298060425372174,0.7415798756984124,-0.07599809834502294,0.29549318551673875,-0.2571906970109058,0.797057114655889,0.3060364544344559,0.25040491093559175,1.2221663436671715,0.22178380889562316,0.006673357653884909,0.2903485445315963,0.02298395421492702,0.981665286431794,-0.0245840283712514,0.24141036334453067,-0.10183501665239661,0.9188974890911474,0.11975151685363072,0.19348582702141606,0.6189162208784211,0.5360396219732773
FUN,2828,2828,9,"log_daily_return,diff_EPU_DUS,log_diff_AdrActCnt,log_diff_volume_trusted_spot_usd_1d,log_diff_TxCnt,log_UnemRt,log_IndPro,log_CPIPrc,log_TotRes",0,0.007274327101238542,0.004069688989298492,18653.924641944704,18713.29124349696,-9316.962320972352,1.2403668235256309,0.26523473474876974,2.0908408667183873,-0.06007022079734477,0.1280303197532718,-0.46918746210355905,0.6389723339703457,-0.36683280639085303,0.310453764273315,-1.1816020567491121,0.2374644135844696,-0.011075512941339127,0.1381774626342054,-0.08015426488659097,0.9361203172195293,-0.029874282856621463,0.20145035071715128,-0.1482960081740776,0.8821198898439804,-0.33313086421681143,0.16510001740977023,-2.0177518418426135,0.04371273966937257,0.23694506373534102,0.24146721259374218,0.9812722033363201,0.32654366872903706,0.6001321384975334,0.3245400789579748,1.8491772739577272,0.064538006950861,0.26064261336749606,0.3916054403945569,0.6655745464232801,0.5057381388417055,0.3509630799137432,0.2634076320570312,1.332395258151651,0.18283923000673574,-0.14359109538774573,0.22907395758129706,-0.6268329097897829,0.5308200921663488
GAS,2853,2853,9,"log_daily_return,diff_EPU_DUS,log_diff_AdrActCnt,log_diff_volume_trusted_spot_usd_1d,log_diff_TxCnt,log_UnemRt,log_IndPro,log_CPIPrc,log_TotRes",0,0.02721129384295573,0.024098923293572994,19149.71686775883,19209.172422041367,-9564.858433879415,2.498742082531974,0.007619561628142566,2.19196144455686,-0.036163980981355745,0.13473405526651921,-0.2684100980247295,0.7884033489668946,1.0917251235205585,0.397866939867028,2.7439453096691735,0.00610908433535343,-0.2352915412672098,0.12380018285296307,-1.9005750706092617,0.057459826465804664,-0.21540488836251964,0.14339164662957782,-1.5022136465101967,0.13315418417740923,-0.3091401493365621,0.14398193495512562,-2.147075946943697,0.03187247072012046,-0.26307694559321276,0.13515240679561333,-1.9465206120306509,0.05169166164653032,0.34777166158409945,0.3035888363887412,1.1455350786969742,0.2520850182305022,0.006319531324820521,0.37513858714732806,0.016845857881153274,0.9865607804434704,0.3366250713547437,0.245109361501011,1.3733668485499897,0.16974777796215973,-0.06125471692200976,0.23467891495430704,-0.2610149997239262,0.7941000466796568
GNO,2951,2951,9,"log_daily_return,diff_EPU_DUS,log_diff_AdrActCnt,log_diff_volume_trusted_spot_usd_1d,log_diff_TxCnt,log_UnemRt,log_IndPro,log_CPIPrc,log_TotRes",0,0.00874024129524198,0.005675542625251273,18464.851314919844,18524.64812794372,-9222.425657459922,4.631809597722086,4.158368450114568e-06,2.0061734529539006,0.013586304133898539,0.10481001965918488,0.1296279132288849,0.8968697738349715,-0.3638158079586709,0.07122843657303561,-5.107732606002443,3.4707663309341023e-07,-0.14390791105066816,0.11240880355425799,-1.280219222164446,0.20057005201609573,-0.17723843568010883,0.17668393771959368,-1.0031383608927438,0.31587748435476226,0.1308049382071092,0.1361355778096463,0.9608431558575323,0.33671083688630354,0.1202524426394316,0.20307905655394914,0.5921459587216756,0.5537988411701101,0.43365935915138876,0.2586546244740916,1.6765961947640595,0.09372884501006545,-0.14471712475024193,0.3010397009168635,-0.48072438389183647,0.6307485246670357,0.384269245917081,0.23924764810723337,1.606156837725098,0.1083479154914633,0.03782117983917262,0.22803603097261418,0.16585615737065132,0.868281668493117
GNT,3023,3023,9,"log_daily_return,diff_EPU_DUS,log_diff_AdrActCnt,log_diff_volume_trusted_spot_usd_1d,log_diff_TxCnt,log_UnemRt,log_IndPro,log_CPIPrc,log_TotRes",0,0.004019297550262757,0.001014327278037519,19959.71386988174,20019.754184960268,-9969.85693494087,1.4237509386677063,0.1718048879215106,2.1100413327195855,0.08307179685487379,0.12374340001424965,0.6713230511308698,0.5020667333920976,0.16791999960905374,0.16768741970210088,1.0013869848278782,0.3167209760846546,-0.08811854656458895,0.11104110451945524,-0.793566913314969,0.427510718466913,-0.3144755536265219,0.15278448669191208,-2.058295056229483,0.03964849696453355,-0.16387884050346535,0.12864153756226462,-1.2739185461316902,0.20279152905525644,0.1757833578760305,0.15372517887995987,1.1434909957938335,0.25292654829388045,0.4628042023534734,0.29905257985847444,1.5475679981510069,0.12183241959639779,-0.001720357166832831,0.35051783982665763,-0.004908044531153117,0.9960842909547647,0.42762073637663556,0.2776788315060103,1.5399832031034018,0.12367051264377156,-0.2364400992038007,0.2839284585544491,-0.8327453345380611,0.40505503609287463
GUSD,2449,2449,9,"log_daily_return,diff_EPU_DUS,log_diff_AdrActCnt,log_diff_volume_trusted_spot_usd_1d,log_diff_TxCnt,log_UnemRt,log_IndPro,log_CPIPrc,log_TotRes",0,0.13405715738355506,0.1308220035506169,8180.737583186194,8238.648678292295,-4080.368791593097,1.4414333073360743,0.16456730769591996,2.7904809513576887,-0.010029498382081656,0.02642543997567114,-0.3795395040277634,0.7043207281550549,0.5109532380891522,0.21941493071079526,2.3287076974840217,0.019956895491790177,0.017231595307933147,0.019029512435512572,0.9055195379454819,0.36528076825409694,-0.06364180748277476,0.06941059617498548,-0.916888933244897,0.3592926229786515,0.019361886020326617,0.05291763198247731,0.3658872344616242,0.7144813485317938,0.06871854520296419,0.049391922484497856,1.3912911615159784,0.164265621747893,0.023848038539266706,0.05556444729402276,0.42919600033225047,0.6678189730764228,-0.010610474601657482,0.08712538987390586,-0.12178395548087331,0.9030802784613273,0.03476322339278327,0.06339467380818392,0.5483618939024419,0.5834942477486715,0.02924205731753645,0.03728688447022319,0.7842451235336856,0.43297339832098014
HEDG,817,817,9,"log_daily_return,diff_EPU_DUS,log_diff_AdrActCnt,log_diff_volume_trusted_spot_usd_1d,log_diff_TxCnt,log_UnemRt,log_IndPro,log_CPIPrc,log_TotRes",0,0.02368016428664632,0.012791838981292991,6330.871765844862,6377.928156793462,-3155.435882922431,1.7693447558633306,0.07035942136033471,2.024462669086415,-0.03395972580465087,0.405198688039096,-0.08381005863813219,0.9332282355017336,-1.635733121294263,0.6042692543938968,-2.7069606957497125,0.006933740495354393,-0.4579092164996783,0.26847685894695433,-1.7055816962986445,0.08847079871560719,0.32796129433189003,0.7903079564302676,0.414979112463013,0.6782674913516821,0.6369977987254463,0.49219998820346017,1.2941849126215972,0.19597178369759294,0.4210975408517757,0.8108784609568126,0.5193103049683834,0.6036867595423195,-0.29810245530652585,0.5154174245817513,-0.5783709302191883,0.563175080048938,0.042250187655164584,0.6049324528569371,0.06984281874055201,0.9443360686787239,-0.20055695341305269,1.4681961439872153,-0.13660092640510238,0.8913803139692112,-0.08204524127905599,1.5102455961473704,-0.05432576098109673,0.956689071272417
HT,2278,2278,9,"log_daily_return,diff_EPU_DUS,log_diff_AdrActCnt,log_diff_volume_trusted_spot_usd_1d,log_diff_TxCnt,log_UnemRt,log_IndPro,log_CPIPrc,log_TotRes",0,0.003378384635490117,-0.0006294770884958112,13603.142363538755,13660.32032564889,-6791.571181769377,1.0419402201664834,0.4036240607820684,2.038734993932342,-0.07569949501210509,0.10480703469582672,-0.722274943011238,0.4702009168819311,-0.036764783424964906,0.2031494341356359,-0.18097408728403508,0.8564043023548757,0.06164151078623874,0.08857527087838461,0.6959223514074668,0.4865497194739711,-0.060874951426055056,0.22330757027803355,-0.2726058563543613,0.7851813588477754,-0.07849991637232473,0.08913245633361015,-0.8807107938157865,0.3785689393992302,0.18245915248309486,0.22602275143790962,0.8072601157287387,0.4196024216788715,0.1957615263129905,0.2522958598838775,0.7759204863809194,0.43787792177749874,0.15492817833677897,0.2798148459807692,0.553681052174861,0.5798524556039175,-0.14550230830398653,0.1899775646394245,-0.7658920598342674,0.44382129828201966,-0.12728936188349183,0.16629357135287318,-0.7654496854444551,0.4440845300734365
HUSD,1218,1218,9,"log_daily_return,diff_EPU_DUS,log_diff_AdrActCnt,log_diff_volume_trusted_spot_usd_1d,log_diff_TxCnt,log_UnemRt,log_IndPro,log_CPIPrc,log_TotRes",0,0.008183576267725368,0.000794215494885564,-584.7526694238632,-533.7030149411647,302.3763347119316,0.5646662364925628,0.8267466961335462,2.947236933041586,-0.0007582440578799503,0.005431414645725741,-0.13960341961309317,0.8889966095766271,-0.0009204342363549912,0.006560499596579843,-0.14029941208057345,0.8884468179835556,0.0005842659280787931,0.003344639924414071,0.17468724325568394,0.8613546643318917,0.0005150240845772252,0.005954519764327304,0.08649296752068279,0.9310888800211593,-0.0021791232969065825,0.0014624903477772292,-1.4900086692664538,0.13648299652366752,0.01648171940096426,0.01813529881687701,0.9088198417566794,0.3636265084447019,-0.0013348385881739493,0.005302576471418492,-0.25173396279504606,0.8012895221606012,-0.001635020651349908,0.0053436452709159496,-0.3059747734844777,0.7596765745557978,-0.0020234689598377332,0.012333055816050703,-0.16406874257427057,0.8697044744471929,0.0020842393926239367,0.007562082982817305,0.275617101446755,0.782889311529944
ICP,1481,1481,9,"log_daily_return,diff_EPU_DUS,log_diff_AdrActCnt,log_diff_volume_trusted_spot_usd_1d,log_diff_TxCnt,log_UnemRt,log_IndPro,log_CPIPrc,log_TotRes",0,0.02786639431148996,0.021794775677765665,9193.24119227488,9246.041274803722,-4586.62059613744,15.216696482846105,6.902839843317336e-24,1.9604683178683362,-0.2985133971967834,0.1569511929145559,-1.901950483162583,0.05737687088846556,-0.757198370454727,0.08654306514435418,-8.749382393513763,5.876876223636202e-18,0.000832297201078365,0.1559020524587507,0.0053385904030902875,0.9957411803176204,-0.17622597482026556,0.4347366623578628,-0.4053625794164132,0.6852711868385772,0.10462593922594102,0.17481731786632668,0.5984872694703096,0.5496089097375509,-0.005823524796772922,0.5205164312208946,-0.01118797495616725,0.9910750224030191,-1.2380362915360559,0.7410937911147708,-1.6705527780414573,0.09502720513656661,-0.7103464548935241,0.6385158521655718,-1.1124961932962725,0.2661104218566859,-0.07300022333732403,0.7662448242176672,-0.09527010301421215,0.9241135350510803,0.35322715066653554,0.2487837448228492,1.419816037088987,0.15587754111462718
KNC,2803,2803,9,"log_daily_return,diff_EPU_DUS,log_diff_AdrActCnt,log_diff_volume_trusted_spot_usd_1d,log_diff_TxCnt,log_UnemRt,log_IndPro,log_CPIPrc,log_TotRes",0,0.0034040948855953435,0.000157854152323611,18307.49351464806,18366.770365104217,-9143.74675732403,1.0676176084226352,0.3834809477783076,2.0252543069812226,-0.052028324158959825,0.12318861857310313,-0.42234684308993165,0.6728047337050291,-0.17833826201232728,0.17444979509507816,-1.02228989099775,0.3067332131472488,-0.1535107772014762,0.1165557834842658,-1.3170584299851502,0.18792825693792986,0.264063338518043,0.2768690822733191,0.9537480181964321,0.3402946372512744,0.00757479185785602,0.1394306941875818,0.05432657351375833,0.9566789058407993,-0.24324091499326736,0.27585838282833813,-0.8817600991470755,0.37798325251870146,-0.09990709761252867,0.3093677048348925,-0.32293964771096073,0.7467653854596307,-0.5931656067120095,0.37990648666163673,-1.5613463511095869,0.11855657553939293,0.14886589265318137,0.27761993078098113,0.5362219212230266,0.591848350826802,0.3888969182658028,0.26016506608248935,1.4948083696313672,0.13507865678488346
LDO,1358,1358,9,"log_daily_return,diff_EPU_DUS,log_diff_AdrActCnt,log_diff_volume_trusted_spot_usd_1d,log_diff_TxCnt,log_UnemRt,log_IndPro,log_CPIPrc,log_TotRes",0,0.008738670772674872,0.0019698149585276603,8917.927087703987,8969.841381004351,-4448.963543851994,1.1384558421158282,0.33191120976649413,2.0291059536030707,-0.1672358777276813,0.1840178374851807,-0.9088025379123865,0.3636205138539851,-0.11099450088340777,0.17660915133286242,-0.6284753652103335,0.5298014712756977,-0.18487423614136533,0.19872017534577013,-0.9303244414900849,0.3523734896364499,-0.19628540520022536,0.33784708955730025,-0.5809888889598812,0.561347274046238,-0.8688454687430778,0.3303394100134667,-2.6301598973845057,0.008633886895746472,1.020042381629451,0.47044785704065695,2.1682368542307913,0.03031910972443785,-0.6610264876370562,0.7977498235252402,-0.828613768557157,0.40747301964869664,0.12054243844017842,0.6416601993344249,0.18786023905676794,0.8510151295827822,-0.6898034201539051,0.9625909307994089,-0.7166111772744832,0.4737410050091335,0.04301848918892853,0.30030687540988343,0.1432484325582402,0.8861158772437719
LEND,2730,2730,9,"log_daily_return,diff_EPU_DUS,log_diff_AdrActCnt,log_diff_volume_trusted_spot_usd_1d,log_diff_TxCnt,log_UnemRt,log_IndPro,log_CPIPrc,log_TotRes",0,0.010561110270812746,0.007250719933428851,18546.6092396536,18605.619310173526,-9263.3046198268,2.408757803537967,0.010164571282166577,2.005235093888773,0.17922846257088462,0.14356331753265997,1.2484279804282943,0.21198301163530203,-0.2320230180105785,0.1892346907850857,-1.2261124905162744,0.22026366789868312,-0.204612872627045,0.14468633075784323,-1.4141824701429389,0.15742405889018582,-0.7091322043384966,0.3245463035049195,-2.184995474236691,0.028975184277091524,-0.32363342542691786,0.2480229709922184,-1.3048526276909718,0.19205464687359639,0.5557256457979534,0.32314411911024254,1.719745503424632,0.08559373825182978,0.7603601281867246,0.4028374839945869,1.8875108657886015,0.05919920539772542,-0.2326691149161504,0.44823535958898675,-0.5190780020779671,0.6037490489403332,0.8279123434328153,0.3107673012423025,2.664090913436544,0.007765738795707368,-0.2201710040035833,0.26720246488156274,-0.8239856773071832,0.410020745877378
LINK,2801,2801,9,"log_daily_return,diff_EPU_DUS,log_diff_AdrActCnt,log_diff_volume_trusted_spot_usd_1d,log_diff_TxCnt,log_UnemRt,log_IndPro,log_CPIPrc,log_TotRes",0,0.009073371752011394,0.005843259599084272,18173.240402772397,18232.510038221026,-9076.620201386198,1.5036986580164895,0.14056034781319054,1.9384848414318003,0.14605257823166573,0.12082909956959624,1.2087533446158063,0.2268611266259886,-0.5174171548181709,0.2283624968104578,-2.265771140379631,0.02354252267516484,-0.11767735802016273,0.11678164924153227,-1.007669944588451,0.3137012386340969,0.2301089493302731,0.2925614221634259,0.7865320985544477,0.43162332290955063,0.10909249577149627,0.165158252657672,0.6605331190904232,0.5089668763909185,-0.06180210475964526,0.33916735004610304,-0.18221714074554787,0.8554256988029267,0.38980503299404656,0.2972155511846215,1.3115230055775622,0.18979017478055632,-0.011350813404016169,0.34713323522518075,-0.03269872271565425,0.9739172059791215,0.38965752666544995,0.2502571925876817,1.5570282821299015,0.11957838080243689,-0.28103621088402003,0.23236982800877903,-1.2094350341964464,0.22659930409861603
LOOM,2585,2585,9,"log_daily_return,diff_EPU_DUS,log_diff_AdrActCnt,log_diff_volume_trusted_spot_usd_1d,log_diff_TxCnt,log_UnemRt,log_IndPro,log_CPIPrc,log_TotRes",0,0.0029755558084967326,-0.0005502673733199792,17322.694052307306,17381.152127333684,-8651.347026153653,0.9226266246158707,0.5040694067867053,2.0068804553526753,-0.12629946988121332,0.14246339239196712,-0.8865398174270542,0.3754104711510696,-0.13305170266459027,0.20341722496257586,-0.6540827734183708,0.5131175766263354,0.16323918866524553,0.1397604682239396,1.167992571430755,0.24291916663612695,-0.20810271198402394,0.320951460779967,-0.6483930980662893,0.5167892288461007,-0.05426677316280358,0.16203892143833165,-0.33489961967845044,0.7377284081281958,0.08379019384704003,0.32396950076428555,0.2586360557069978,0.7959369759212498,0.4511577992326541,0.34454292058708885,1.3094385990108208,0.1905040234351289,0.14318800381558303,0.39528298826784675,0.3622417560721276,0.7172014545042208,0.23949058094697448,0.2882497164759816,0.8308441162575438,0.40613963352944926,0.018196683959182683,0.27587017389273993,0.06596104139281715,0.9474140231655515
LPT,2354,2354,9,"log_daily_return,diff_EPU_DUS,log_diff_AdrActCnt,log_diff_volume_trusted_spot_usd_1d,log_diff_TxCnt,log_UnemRt,log_IndPro,log_CPIPrc,log_TotRes",0,0.006535062217409515,0.002671110428280943,16170.537944548634,16228.048395728352,-8075.268972274317,2.208670830431839,0.019036396182521752,2.017680450352192,-0.017117411288842012,0.1628140669724719,-0.10513471966606037,0.9162780216347828,-0.3072469088601245,0.11492755267219298,-2.6733964285873433,0.007561503865932009,0.006407272721482754,0.17531891615867576,0.03654638564890356,0.970849845292483,-1.0167348086832178,0.4762325855731657,-2.1349543048582764,0.032869509026164326,-0.09476770880625222,0.17111029324113677,-0.5538399064789227,0.5797419266481572,0.9989018173065237,0.5270861530338781,1.8951395546191099,0.05819844403990421,0.6273354815130382,0.44448959272830385,1.4113614621715107,0.15827249722108439,-0.02101716217742139,0.49159830162306734,-0.042752715190493645,0.9659023458367928,0.4223589832536363,0.3632401687215829,1.1627540663801612,0.2450491955658381,0.056028315896919534,0.2666413685756368,0.21012611882475493,0.8335877396748762
LTC,3803,3803,9,"log_daily_return,diff_EPU_DUS,log_diff_AdrActCnt,log_diff_volume_trusted_spot_usd_1d,log_diff_TxCnt,log_UnemRt,log_IndPro,log_CPIPrc,log_TotRes",0,0.0019844983966408325,-0.0004024640042175065,23360.71552443911,23423.071781638755,-11670.357762219555,0.8850082677513593,0.53777274871315,2.006174950707485,0.09642366547437771,0.0860869672423107,1.1200727422882966,0.2627542474395038,-0.1019293236401274,0.13614531540481753,-0.7486803591959699,0.45409667664041486,-0.035146223257924325,0.07948296497104297,-0.4421856088374245,0.6583803108510745,0.03797591239377799,0.08487737165705685,0.44742092800915106,0.6545969208071047,-0.05487919314863418,0.0907466166782529,-0.6047519473173459,0.5453802891514428,-0.07747818053839847,0.09362392229463809,-0.8275468346067756,0.407979663914536,0.32411690988997666,0.18115683507161093,1.7891508744997333,0.07367092132240947,0.21422669615338724,0.29355518705375366,0.7297663458222581,0.4655784425228149,0.22569983848536213,0.21338255277660928,1.057723958910773,0.2902492034151701,-0.3238273997314951,0.214686240987417,-1.508375190892997,0.1315424782851929
MAID,3675,3675,9,"log_daily_return,diff_EPU_DUS,log_diff_AdrActCnt,log_diff_volume_trusted_spot_usd_1d,log_diff_TxCnt,log_UnemRt,log_IndPro,log_CPIPrc,log_TotRes",0,0.016507312103264837,0.01409218681238611,26070.780139952236,26132.873224068706,-13025.390069976118,1.8943846450066641,0.04830786427471477,2.209775035802004,0.04769670837851476,0.13835858639874346,0.34473255054120683,0.7303152250771616,-0.9169830436629933,0.6196376496856263,-1.4798697983058735,0.13899394622217767,-0.2926466656498232,0.2072309404060793,-1.412176507409403,0.15798289634761498,-0.3706109362124631,0.41973863613036955,-0.8829564503024507,0.3773177116842473,-0.37704716420930956,0.19130540535965015,-1.9709174631028787,0.04880845061232837,0.45650331797448923,0.398914272428187,1.144364465066036,0.2525472496476692,0.5544621668312835,0.21737279341299293,2.550743163970132,0.0107896596741536,0.12396163710956273,0.385953603466568,0.32118274320063583,0.7480902227009637,0.6176298269076614,0.4095775774990728,1.5079678694302048,0.13164894198407803,-0.4671497398119452,0.24683763998914035,-1.8925385116811906,0.05849799928703857
MANA,2836,2836,9,"log_daily_return,diff_EPU_DUS,log_diff_AdrActCnt,log_diff_volume_trusted_spot_usd_1d,log_diff_TxCnt,log_UnemRt,log_IndPro,log_CPIPrc,log_TotRes",0,0.0035857148397657745,0.00037837272015128764,20147.82406568924,20207.219218295864,-10063.91203284462,1.1361451488287908,0.33301561708789457,1.9688885931366995,0.07698861023562664,0.16313558383626808,0.4719302093704871,0.6370134309663396,-0.37628461221700865,0.33946577260674765,-1.1084611250422398,0.26775805710420686,-0.10737853547099135,0.12442441308161768,-0.8630021457328886,0.388210304548663,-0.04447820174196382,0.4452887593171868,-0.09988619926127808,0.920441833949734,0.2047993386576887,0.25322267959385064,0.8087717063344042,0.41871528533326763,0.009682065817955304,0.48424053963066194,0.019994331381961477,0.9840493212137674,0.3786498797098012,0.35257868440976164,1.0739443320111206,0.28294030507152573,0.16614263741411198,0.40320169541309236,0.41205837997256883,0.6803282212338189,-0.09737416062475686,0.304947848532403,-0.31931414205209624,0.7495121640207612,0.14451222143390827,0.3400055846502067,0.42502896410534124,0.6708482668776902
MKR,2713,2713,9,"log_daily_return,diff_EPU_DUS,log_diff_AdrActCnt,log_diff_volume_trusted_spot_usd_1d,log_diff_TxCnt,log_UnemRt,log_IndPro,log_CPIPrc,log_TotRes",0,0.005043852481786959,0.0016938317830723637,17266.117941695327,17325.064850199582,-8623.058970847664,1.062361359641924,0.38755040163976434,2.2296303889873177,0.013430838655342142,0.11590509999490256,0.11587789196448493,0.9077580216879343,-0.2812043483740153,0.26226252922008847,-1.0722246491340401,0.28371593568635284,-0.18041132623651235,0.11313484253929836,-1.5946575094568671,0.11090706670336034,0.0011986639234001506,0.19404463140882877,0.006177258884708382,0.9950717528149426,0.06424900971741515,0.13251960649881966,0.4848264450437182,0.6278391893610913,0.057545220947685355,0.19262155476040504,0.29874756757759413,0.7651558824023866,0.5713659413206857,0.28988343655272275,1.9710196212496196,0.04882464554189774,0.3562558636205191,0.37810171311261864,0.9422222943338193,0.34616398872022724,0.29598413209648045,0.23699095004715307,1.248925885303172,0.21180154664393214,-0.2697683895796183,0.20544723625372355,-1.3130786984472222,0.18926914147054005
NEO,2877,2877,9,"log_daily_return,diff_EPU_DUS,log_diff_AdrActCnt,log_diff_volume_trusted_spot_usd_1d,log_diff_TxCnt,log_UnemRt,log_IndPro,log_CPIPrc,log_TotRes",0,0.004077463435646522,0.000918033464169854,18389.333921357178,18448.874132229957,-9184.666960678589,1.4313436150574566,0.16863431779735713,2.0140986869080812,0.014047525010687567,0.11369196945271427,0.12355775942935078,0.9016741917999076,-0.23864781539797705,0.14358604475334513,-1.6620543856328855,0.09661234662289332,-0.14472881804015308,0.10787150857478399,-1.3416778902263804,0.17980783722669985,0.1081767866379784,0.13465076769020168,0.8033878194208784,0.42181791691741344,-0.10247268799554562,0.11933955789774896,-0.8586648869886463,0.3905979688316352,-0.06057332113083488,0.12478743674962495,-0.48541201509227194,0.6274215936813168,0.39216004276768474,0.25392321247209554,1.5444040698357993,0.12260200720287627,0.015721207365217843,0.3162908460453118,0.04970490787762357,0.9603610443110899,0.3374677327681342,0.2382356735894312,1.4165289676545956,0.15673047873977333,-0.2619784636653165,0.22010481851748104,-1.1902441092833678,0.2340500489187886
OMG,2877,2877,9,"log_daily_return,diff_EPU_DUS,log_diff_AdrActCnt,log_diff_volume_trusted_spot_usd_1d,log_diff_TxCnt,log_UnemRt,log_IndPro,log_CPIPrc,log_TotRes",0,0.008761308919314037,0.005616737816132367,19086.72141953836,19146.26163041114,-9533.36070976918,2.466165208126871,0.008456707012444647,1.9816495954387954,-0.015994920181072583,0.1293076225940875,-0.12369665345470468,0.9015642240385789,-0.3662493423068475,0.1876257366518598,-1.9520208093115947,0.05103398267387596,-0.06207863036403606,0.12335652555565896,-0.5032456133504338,0.6148306670951271,-0.2724286142452996,0.34433509082963754,-0.7911729634900493,0.42890920320380865,0.2053637188443927,0.1702572361536302,1.2061967143592327,0.22784222864163575,-0.09964756893584072,0.3513242390848936,-0.28363419841282855,0.7767114227417631,0.2740676304257329,0.3156336033362828,0.8683094180366321,0.3852984123988148,-0.5420297221849544,0.38333478752034766,-1.4139852156156922,0.15747596776222275,0.47054956122646646,0.2950968606510296,1.5945596987658932,0.11092211979468627,-0.011250880347268288,0.2628254885877241,-0.04280741722473027,0.9658580637565126
PAX,2374,2374,9,"log_daily_return,diff_EPU_DUS,log_diff_AdrActCnt,log_diff_volume_trusted_spot_usd_1d,log_diff_TxCnt,log_UnemRt,log_IndPro,log_CPIPrc,log_TotRes",0,0.001929603211825004,-0.0019189972899289476,570.3843939206045,627.9805354275735,-275.1921969603022,0.43813475859558254,0.9149440569794616,2.8868344767661807,5.0590094004822686e-05,0.005685018506711576,0.008898844206944518,0.9929006038211474,-0.004600925121647045,0.010272017603424739,-0.44790860951339057,0.6542607249043646,-0.010405715942830561,0.005975900285705243,-1.7412800490867857,0.08176625863310451,-0.00619940825067,0.015111041117823817,-0.4102568580372439,0.6816551904712798,-0.003535043783124933,0.008261805455811892,-0.4278778775452952,0.6687795099372966,0.007740119112266181,0.016397767196370917,0.4720227467297615,0.636954678082422,-0.0008199269457943416,0.008900600718009329,-0.09212040532672305,0.926610281952072,-0.0008568375079122999,0.00801786578907586,-0.10686603273900139,0.9149044451052184,0.00010129901266463757,0.011696467941785686,0.008660649793494186,0.9930906277827117,1.767439435780213e-05,0.01071001377449134,0.0016502681256954366,0.9986834181688313
PAXG,1932,1932,9,"log_daily_return,diff_EPU_DUS,log_diff_AdrActCnt,log_diff_volume_trusted_spot_usd_1d,log_diff_TxCnt,log_UnemRt,log_IndPro,log_CPIPrc,log_TotRes",0,0.006129251851857975,0.0014015368765231129,5366.982837954931,5422.489450385984,-2673.4914189774654,1.1855370661311628,0.29977047134643453,2.3597699869308295,0.04015029272947863,0.022177634014707685,1.8103956762408424,0.07039302742946585,-0.011613284503082844,0.01168516171632099,-0.9938488473687315,0.3204235465882138,-0.0470137257464584,0.024056099956727507,-1.9543369802680997,0.05080849424847556,-0.04390133459274103,0.04650319432570602,-0.9440498707520671,0.34526469975641827,0.00798307235165332,0.040276721426382577,0.19820561527692135,0.8429054879072204,0.057555619270677205,0.06331898064166919,0.9089789299734998,0.3634770192854464,0.023606897450367967,0.1174637103081128,0.20097183537320568,0.8407421986651497,-0.07408815528370899,0.08770040319320933,-0.8447869403802885,0.3983366172973474,0.10271719167171357,0.07271448518859432,1.4126097627632705,0.15793496485415026,0.027399068759350675,0.024786100607818218,1.105420703033387,0.2691178825430105
PAY,2797,2797,9,"log_daily_return,diff_EPU_DUS,log_diff_AdrActCnt,log_diff_volume_trusted_spot_usd_1d,log_diff_TxCnt,log_UnemRt,log_IndPro,log_CPIPrc,log_TotRes",0,0.004808201103428278,0.0015594792354308717,19006.14587492962,19065.40106472749,-9493.07293746481,0.7788614107572831,0.636105359904346,2.1601321125498316,-0.23551107307948949,0.14125187089195781,-1.6673129466697798,0.0955657674738003,-0.3777162558092465,0.31295242706777887,-1.2069446444249534,0.2275570060456631,-0.052057093796398675,0.13751479660648303,-0.3785563087103056,0.705046519145272,-0.23110945584580964,0.3187961202442587,-0.724944380341692,0.4685476735452416,-0.21328685087442886,0.18444239000898907,-1.1563873731197802,0.24762293536199045,0.25184791761012326,0.33633942876454354,0.7487909417436482,0.45404709607753035,0.439693545428761,0.3364944705161084,1.3066887689249929,0.19142741973415814,0.008185551875260766,0.42094634331745345,0.0194455944450091,0.9844870452730337,0.44393165550903346,0.3401448902149502,1.3051251636574537,0.19195914421909602,-0.12496398288529542,0.30799193198347313,-0.405737845405642,0.6849667167986727
PERP,1577,1577,9,"log_daily_return,diff_EPU_DUS,log_diff_AdrActCnt,log_diff_volume_trusted_spot_usd_1d,log_diff_TxCnt,log_UnemRt,log_IndPro,log_CPIPrc,log_TotRes",0,0.006429141434639352,0.0006112248913157092,10410.933556840193,10464.374285345924,-5195.4667784200965,1.5013051576014362,0.1419289967891449,2.0029685182496006,-0.173096079557098,0.18246517352241437,-0.9486527002142386,0.34294640840395885,0.09784465688683416,0.0818605684637446,1.1952599245651316,0.23216987915483223,0.013628889941199478,0.19484574482036793,0.06994707507605165,0.9442448834456596,0.08335504323522738,0.3053554268785368,0.27297711420201504,0.7849074792837697,-0.8221377892468964,0.31078621172401044,-2.6453483398967035,0.008243871214562323,0.559627465288858,0.44288992604659094,1.2635813830409557,0.20657193877467508,0.6000921262208514,0.5549099734678523,1.0814224917794104,0.27967886343630866,-0.3837860917700834,0.6856775871817917,-0.5597180058742846,0.5757533553015942,0.9325235049159571,0.7113255410896219,1.310965867312314,0.1900651250769114,-0.16241074242320008,0.2038263127450988,-0.7968095003823563,0.4256847392976095
POLY,2542,2542,9,"log_daily_return,diff_EPU_DUS,log_diff_AdrActCnt,log_diff_volume_trusted_spot_usd_1d,log_diff_TxCnt,log_UnemRt,log_IndPro,log_CPIPrc,log_TotRes",0,0.039525154447867306,0.03607020896026969,17501.542568155564,17559.830913431444,-8740.771284077782,5.887505719910457,3.6236219112416977e-08,2.020455520445862,-0.11915280471747731,0.15852561039822297,-0.7516312627225373,0.45234353196148114,-1.5841185468452712,0.2451510368564334,-6.461806432305528,1.2392473594782604e-10,0.013193276520758523,0.16931052725372261,0.07792354518504073,0.9378951008973166,-0.17257661526511167,0.33298144832886223,-0.518276967474386,0.6043108681918394,0.26792065946914023,0.19429919969328635,1.3789076840875827,0.1680464752076121,-0.04982699250946662,0.3659801984468779,-0.13614668968681654,0.8917162709967145,0.5559856479279566,0.37939873913313843,1.4654388393548412,0.14292687787014485,-0.05585709848682496,0.440760921461409,-0.1267287905234937,0.8991652410631035,0.3009885823040385,0.33671489058091664,0.8938974507030522,0.3714627369169353,0.10649723414873208,0.30672296671521126,0.3472098463615003,0.7284628763504499
POWR,2767,2767,9,"log_daily_return,diff_EPU_DUS,log_diff_AdrActCnt,log_diff_volume_trusted_spot_usd_1d,log_diff_TxCnt,log_UnemRt,log_IndPro,log_CPIPrc,log_TotRes",0,0.0022199568996774666,-0.0010730465428978597,18366.905398294115,18426.05157538452,-9173.452699147058,0.6394509878138978,0.7640325042170509,1.9780305020705042,0.01746927056816811,0.1310909965673287,0.13326064356521877,0.8939970843491585,-0.08454277233391475,0.25133732535370734,-0.3363717355348538,0.7366164414227873,-0.019181132950311874,0.11351875760697429,-0.1689688414025898,0.8658336815425762,-0.3489868906001287,0.27638772411997803,-1.2626714580443372,0.20681523560011864,-0.30351248951313364,0.21358603538126203,-1.4210315247031402,0.15542193016067526,0.47720011649014227,0.30681472460588194,1.555336423645014,0.11998200657013054,0.12637815357641075,0.3244174840643177,0.38955407702796785,0.6968967348478401,-0.1932964101075601,0.4266136189373016,-0.45309479474439474,0.650516530824748,0.13505157295416853,0.30473963296515705,0.44317036035024004,0.6576776695080805,0.11969339012048558,0.29786817320377923,0.4018334313233266,0.6878381059016674
PPT,1818,1818,9,"log_daily_return,diff_EPU_DUS,log_diff_AdrActCnt,log_diff_volume_trusted_spot_usd_1d,log_diff_TxCnt,log_UnemRt,log_IndPro,log_CPIPrc,log_TotRes",0,0.015908988606106234,0.011010305474167592,13023.340547670829,13078.395470418203,-6501.670273835414,2.6199531359614747,0.005218142630283032,1.983975881306076,-0.22554045745942047,0.2033858173970754,-1.108929129601461,0.2676082392530692,-0.8685662142009886,0.2884649394697259,-3.010994042456739,0.0026400121081797154,0.10322367368873832,0.2079231869331753,0.49645099813669896,0.6196366023297579,-0.8224550312336142,0.4194904530680003,-1.9606048843745496,0.05007847297011637,-0.011960324350412138,0.29067424378820106,-0.0411468322564107,0.9671833825816167,0.7654839430366487,0.4640645813096467,1.6495202906379107,0.09921480109313857,0.6864455686665014,0.3334431924142624,2.058658219099812,0.039669979825161406,0.44587779544605627,0.35661778867281935,1.250296002073887,0.21135323373688245,-0.28657023779544766,0.387250870239037,-0.7400118626423162,0.45938887411293106,-0.28689449795298927,0.45883178954898274,-0.6252716234744711,0.5318717099567216
QASH,2593,2593,9,"log_daily_return,diff_EPU_DUS,log_diff_AdrActCnt,log_diff_volume_trusted_spot_usd_1d,log_diff_TxCnt,log_UnemRt,log_IndPro,log_CPIPrc,log_TotRes",0,0.018086532030290536,0.01466523074816617,17980.05489758614,18038.660605441524,-8980.02744879307,1.3947288838456577,0.18459350060111912,2.0578913759446347,-0.09739834611317136,0.15196405433358348,-0.6409301629934645,0.5216249163700136,-1.0048030107275268,0.517139844680861,-1.943000565635421,0.05212460695145666,0.03035441334079455,0.18357219988436463,0.16535408607575292,0.8686782299159532,0.5596010087506302,0.41666463815720217,1.3430489595315742,0.1793741157877191,0.14576823548864123,0.16598197307852744,0.8782172713399249,0.3799075026462766,-0.5899278494619942,0.47911695168891405,-1.2312815219383608,0.21832968402807298,0.33498009081411617,0.2609764720864234,1.283564331052748,0.1994095732877734,0.20786553120751744,0.2996770192833021,0.6936318697531161,0.4879754712464015,0.14530374076825708,0.28781488207256106,0.50485138128342,0.6137062916414258,-0.13138379165730601,0.2931099773651881,-0.4482405984208919,0.654017160385014
QNT,2268,2268,9,"log_daily_return,diff_EPU_DUS,log_diff_AdrActCnt,log_diff_volume_trusted_spot_usd_1d,log_diff_TxCnt,log_UnemRt,log_IndPro,log_CPIPrc,log_TotRes",0,0.004469109778768243,0.0004476654286825754,14374.25990628572,14431.39328517444,-7177.12995314286,0.8849858207926532,0.5378640104787286,2.132500446886566,0.14447439036899162,0.12523273695496093,1.1536471523492362,0.2487685979028891,-0.1489828763745071,0.21769777499446655,-0.6843564495700242,0.49382128619599497,-0.052558020458068726,0.12257545968448344,-0.4287809370110152,0.6681241051168787,0.2891807281485324,0.38812967091113804,0.7450621527328172,0.45631273254869964,0.2678979201707882,0.18233622630009436,1.4692523016785148,0.14190554860856788,-0.26092194170556293,0.4068758275137238,-0.6412815017789724,0.5214057653806081,0.38637494520960475,0.34081283097883835,1.1336866164924273,0.2570479950593166,0.16096562733035719,0.38033407933904195,0.4232216781890515,0.672174379356735,0.04641103398934732,0.2847580522683979,0.16298409691889143,0.8705457370312291,-0.08920228266798882,0.2117724532601239,-0.42121759130976333,0.6736368301992364
REN,2367,2367,9,"log_daily_return,diff_EPU_DUS,log_diff_AdrActCnt,log_diff_volume_trusted_spot_usd_1d,log_diff_TxCnt,log_UnemRt,log_IndPro,log_CPIPrc,log_TotRes",0,0.011116693658815846,0.007292048296946185,15846.016511388047,15903.582744733436,-7913.008255694023,3.2743097722596044,0.0005704840173370179,2.038295836081828,-0.0220216979723855,0.14755528041491556,-0.14924371334229422,0.8813742605784873,-0.5839223780802185,0.14523911851276258,-4.020420834686542,5.994316939832845e-05,-0.15097695170582126,0.1602516015932534,-0.9421244480852501,0.3462267240906509,0.3034851352063992,0.30624992766091363,0.9909721041385007,0.32180223195103547,-0.04826622978333457,0.19629028363140333,-0.2458920986327045,0.8057874459916134,-0.2918095083661824,0.335896043576517,-0.8687494656355139,0.3850737688909367,0.23726370660782375,0.39895779854937646,0.5947087824088721,0.5520959694016955,-0.3968957842308126,0.3928173562861745,-1.0103825044371688,0.31241711327485516,0.24812952197439944,0.297525868922222,0.8339762954839549,0.40437994084332907,-0.006150057633892564,0.25207110732299937,-0.02439810615030937,0.9805371508731138
REP,3161,3161,9,"log_daily_return,diff_EPU_DUS,log_diff_AdrActCnt,log_diff_volume_trusted_spot_usd_1d,log_diff_TxCnt,log_UnemRt,log_IndPro,log_CPIPrc,log_TotRes",0,0.011045208229064074,0.00819336807336457,21146.225160133625,21206.71623734689,-10563.112580066812,4.22777739446266,1.8451422269494277e-05,2.044078908943683,-0.07790009081216681,0.12685085669057547,-0.6141077233887888,0.5391889047660915,-0.6881133688891857,0.12420727340094008,-5.54004085306632,3.2752013807869216e-08,-0.1943838064812774,0.1165256940865482,-1.6681626143063428,0.09538376249755877,0.027510432471469823,0.32568785309206993,0.08446870895026225,0.9326891980968913,-0.10093156770024819,0.1479075993905661,-0.6823960913173055,0.49503916898441114,0.04978058679633471,0.34565548952661046,0.14401792624358806,0.885495612268352,0.35458624326360455,0.28117594043352434,1.2610831592379288,0.20737314414134364,0.07702739876754727,0.3777271744507845,0.20392337109329015,0.8384266766782592,0.2596527728493352,0.27968468673641883,0.9283767941647725,0.3532839433594037,-0.22705384602754664,0.2652517593761392,-0.8559937418004977,0.39206695332212793
SNT,2903,2903,9,"log_daily_return,diff_EPU_DUS,log_diff_AdrActCnt,log_diff_volume_trusted_spot_usd_1d,log_diff_TxCnt,log_UnemRt,log_IndPro,log_CPIPrc,log_TotRes",0,0.012787203764621835,0.009683845341248332,19469.94828373716,19529.579404326956,-9724.97414186858,0.8220670949355511,0.5957464181685969,1.756236452476096,-0.08909024884020039,0.1332642379138476,-0.6685233055382441,0.5038535049638877,-0.7174566668271103,0.6944973781759494,-1.0330588557604954,0.3016636108697466,-0.053963175598069506,0.1282508082905012,-0.42076284989828205,0.6739598425372499,0.6316913317394315,0.6622267038115062,0.9538898508677986,0.34021992968231085,0.0499263150484601,0.27264608261912293,0.1831176687699028,0.8547186586857556,-0.5240621366347171,0.6033438653461515,-0.8685961136507973,0.38514088522544687,0.25541331810844314,0.3166644769248028,0.8065739504121747,0.419978980630052,-0.058231874808656964,0.404448144655282,-0.14397859299932994,0.8855275070079656,0.2461200150794619,0.2515391797366525,0.9784559818360536,0.3279315214479205,0.05221740996377497,0.255201643921817,0.2046123573552378,0.8378895441633577
SNX,1878,1878,9,"log_daily_return,diff_EPU_DUS,log_diff_AdrActCnt,log_diff_volume_trusted_spot_usd_1d,log_diff_TxCnt,log_UnemRt,log_IndPro,log_CPIPrc,log_TotRes",0,0.005638642896780732,0.0007696264582991441,12143.912572525312,12199.131165047329,-6061.956286262656,1.2052432864940883,0.28712644651717917,2.024449042811339,0.010681368811816843,0.14863362846534778,0.07186374256016417,0.9427181632856867,-0.17981370435086436,0.14263427896701888,-1.2606626236911984,0.20759043375660793,0.05573729860133286,0.16045010228896925,0.34738088543533907,0.7283449640343659,0.04646111941028397,0.29212002360197437,0.15904804757098462,0.8736484929757876,0.25021429698802045,0.20046690313655804,1.248157641351772,0.2121323084390648,-0.33006011970907123,0.35386536097498394,-0.9327279697557185,0.3510829455881508,0.48151877020225053,0.5517298026573656,0.8727438102546775,0.3829167309085114,-0.14235480056028757,0.41186684041986044,-0.345633070181542,0.7296580431591259,0.30923387231565563,0.3683008091263971,0.8396231141852575,0.4012289298846198,-0.10273501657054371,0.16762049989806618,-0.6129024590251144,0.54001666383278
SOL,1877,1877,9,"log_daily_return,diff_EPU_DUS,log_diff_AdrActCnt,log_diff_volume_trusted_spot_usd_1d,log_diff_TxCnt,log_UnemRt,log_IndPro,log_CPIPrc,log_TotRes",0,0.009629837378319017,0.004777724442230236,12200.018279374846,12255.231459176839,-6090.009139687423,1.5307984650753492,0.13142828902691572,1.982465903879815,0.2836435767212061,0.15243375555779481,1.860766177958946,0.06293687219404398,-0.3645860286194422,0.2608729501861314,-1.397561642015058,0.1624134950981607,-0.15451302938059666,0.15761436488680924,-0.980323268704348,0.3270556589596375,0.09120936681815987,0.2177656976119829,0.41884175431833914,0.6753807525479301,0.2254855045490305,0.18263557281506562,1.234619855669378,0.21712991672027845,-0.11752584848998344,0.15062427473074758,-0.7802583527792575,0.4353393440139115,1.2315595949862557,0.5803691672256676,2.1220279514045632,0.03396889583544415,0.6752066993001723,0.5097145332952732,1.3246761769475208,0.1854433415995851,0.34669510554365895,0.33943717510672017,1.0213822497039602,0.30720785927167166,0.05250841956921914,0.17435120890638856,0.30116464289852785,0.7633230339897082
SRM,1754,1754,9,"log_daily_return,diff_EPU_DUS,log_diff_AdrActCnt,log_diff_volume_trusted_spot_usd_1d,log_diff_TxCnt,log_UnemRt,log_IndPro,log_CPIPrc,log_TotRes",0,0.010855338471240317,0.0056614633523612845,12048.448764789207,12102.972789301444,-6014.224382394604,1.7445051248688266,0.07430849148494269,2.0288714971905857,-0.2718335986329129,0.1923165250298735,-1.4134697920040287,0.15769922015475113,-0.3639127606671825,0.24328871761670118,-1.495806152591602,0.1348882724629672,-0.3272695869408515,0.18700532655055865,-1.7500548940373155,0.08028777285758029,0.4653445306731462,0.4746204305533766,0.9804561723788094,0.3269993615243231,0.6942945639287622,0.2957464874711583,2.3476003717422715,0.01900797664615156,-0.5807661542906508,0.5270898824035654,-1.1018351398480997,0.27068804639046307,0.7820398520588918,0.5896431726263646,1.3262934065284973,0.18491922723162343,0.35314114876904756,0.8481550499790264,0.4163639051347749,0.6771958671328445,0.20681563181401982,0.6778617497378063,0.30510001765701505,0.7603270217976872,0.047009736229619195,0.19446390570654803,0.24174016282773997,0.8090104244037437
SUSHI,1733,1733,9,"log_daily_return,diff_EPU_DUS,log_diff_AdrActCnt,log_diff_volume_trusted_spot_usd_1d,log_diff_TxCnt,log_UnemRt,log_IndPro,log_CPIPrc,log_TotRes",0,0.013980035804197488,0.008738346685613796,11643.927787263114,11698.32925406974,-5811.963893631557,1.7499353028402673,0.07321323769831539,2.043355884321057,-0.17285372367559104,0.18981338404378217,-0.9106508718885743,0.36260899135883884,-0.788158828873035,0.28295990418635486,-2.7854081698937834,0.0054055970011962625,-0.042447954354357414,0.171874543367291,-0.2469705723880665,0.8049609421031768,0.13254880765515495,0.31731321819991587,0.4177223010345747,0.6762031356200626,0.24645071547507755,0.31978205759594397,0.7706833751957304,0.44100216264060554,-0.21239446482897972,0.4054139070630969,-0.523895360096573,0.6004198956040236,0.729979618338343,0.5639443917579355,1.2944177280721598,0.19569769436226833,1.5041163771054633,1.0836191047200008,1.388048965318045,0.16530476330264668,-0.7599775382497846,1.019752352893466,-0.745256959783823,0.45621984165412466,-0.16012470784361818,0.18811836458529171,-0.8511912603355566,0.3947834913533623
SWRV,1647,1647,9,"log_daily_return,diff_EPU_DUS,log_diff_AdrActCnt,log_diff_volume_trusted_spot_usd_1d,log_diff_TxCnt,log_UnemRt,log_IndPro,log_CPIPrc,log_TotRes",0,0.0031519728646380862,-0.002328559966283228,12416.817607632815,12470.884714934591,-6198.408803816407,0.3133716076834884,0.970867887942398,2.010026744521966,-0.28862844947348065,0.25774236405188317,-1.1198331734684492,0.26294913241421314,-0.40838341717597065,0.5189671436561752,-0.7869157463396792,0.4314450958124154,-0.08049942089700322,0.22724441933182263,-0.3542415744848627,0.7232034722615418,-0.4725231498697068,0.5731897506020339,-0.8243747369407866,0.40984676151913435,-0.14693919025294777,0.38378417823805616,-0.3828693275672333,0.7018663620995265,0.3911444499761848,0.5826240041168375,0.6713496993126737,0.502092500750749,0.6759550452504741,0.7952771000945098,0.8499616613758203,0.395470692845198,0.7108060810698491,1.103894532760764,0.6439076016548176,0.5197255535862346,-0.19421543915671774,1.030421303284323,-0.18848158373442334,0.8505225129918312,-0.19199579983172926,0.2385080065937815,-0.8049868118630072,0.42094418900267816
TRX,2532,2532,9,"log_daily_return,diff_EPU_DUS,log_diff_AdrActCnt,log_diff_volume_trusted_spot_usd_1d,log_diff_TxCnt,log_UnemRt,log_IndPro,log_CPIPrc,log_TotRes",0,0.012376407381155419,0.00880954849930582,14884.791610048527,14943.040066958796,-7432.395805024264,2.101586355841597,0.026327455905391338,2.043795466688196,0.0774364719536062,0.09385916810322818,0.8250283218836973,0.4094344776220765,-0.4550002570938525,0.14488871652390548,-3.140342933597463,0.0017072799357488832,0.013750333225378282,0.07915838360385152,0.1737065942906551,0.8621101634402577,0.06887029691254827,0.18788525279923482,0.366555096190225,0.7139820268654005,0.08993135657711912,0.12073159644762751,0.7448866678088755,0.4564104767591176,-0.1936937998053493,0.11829308457058715,-1.6374059439609039,0.1016719339750284,0.34604537331986907,0.2644228203084514,1.30868195459153,0.19076278181701575,0.04200542957634884,0.3021388833241869,0.13902689092578044,0.889440133286155,0.3202621382782812,0.19416648945155124,1.6494202433329443,0.09918760534520418,-0.05596716226853067,0.17481014618132915,-0.3201596903332853,0.7488741194876904
TUSD,2521,2521,9,"log_daily_return,diff_EPU_DUS,log_diff_AdrActCnt,log_diff_volume_trusted_spot_usd_1d,log_diff_TxCnt,log_UnemRt,log_IndPro,log_CPIPrc,log_TotRes",0,0.003597000958825647,-1.752019851841702e-05,-670.181753175928,-611.9773580233061,345.090876587964,1.2411308700446069,0.264846585548014,2.7651111163817235,4.583028318457579e-05,0.004245860308025334,0.010794109994139338,0.9913885813764398,-1.999659652605597e-05,0.006499007333088294,-0.0030768693588400205,0.9975452646840144,0.006344399221027853,0.0027173665424740567,2.3347601885358915,0.019635333096648333,-0.024120704371744114,0.010993455909095022,-2.194096612675615,0.028320894301976676,0.0011428482176759269,0.00526507689840032,0.21706201822487278,0.8281778608651467,0.028273821896599265,0.012619279537918433,2.2405258407694384,0.02514497874096717,-0.0003216645454269724,0.004443663517659693,-0.07238724177666377,0.9422995725362133,-0.00048707154097198547,0.005188471349126277,-0.09387573105785904,0.9252154527099673,-6.492295513384205e-05,0.007327193968971423,-0.008860548172843827,0.9929311102933172,0.0001241027568965919,0.006015318833868228,0.02063111870277806,0.9835415756106656
UMA,1726,1726,9,"log_daily_return,diff_EPU_DUS,log_diff_AdrActCnt,log_diff_volume_trusted_spot_usd_1d,log_diff_TxCnt,log_UnemRt,log_IndPro,log_CPIPrc,log_TotRes",0,0.004901796156717708,-0.00041011596344198153,11150.324712689539,11204.684990853057,-5565.162356344769,1.0072003995246197,0.4318210616033807,2.0455099623363773,-0.15523784281911784,0.15936803334949923,-0.9740839461743012,0.33015459122367163,-0.09483232608402042,0.24601372310160474,-0.3854757567522128,0.6999335922368151,0.12802731872728837,0.16344396531845512,0.7833101606280736,0.4335550140541511,-0.6008827046087433,0.23974461032397354,-2.506344996856254,0.01229216534694134,-0.09317025912828025,0.3079304588193268,-0.30256915631378445,0.762255545923314,0.3785422888974135,0.3539764989210165,1.0693994941790708,0.2850427719588488,0.11742844001913283,0.46348077383652414,0.25336205221006947,0.800019338618621,0.251881899657053,0.7240966322131467,0.347856747913873,0.7279911920843583,-0.11651163387105573,0.6851076338289844,-0.17006325446979212,0.8649807945769098,0.016734326562976784,0.16111871021854493,0.1038633349303627,0.9172901571004394
UNI,1716,1716,9,"log_daily_return,diff_EPU_DUS,log_diff_AdrActCnt,log_diff_volume_trusted_spot_usd_1d,log_diff_TxCnt,log_UnemRt,log_IndPro,log_CPIPrc,log_TotRes",0,0.010239130258169915,0.004924185253589619,10763.209162394032,10817.51030377965,-5371.604581197016,1.3719440844333755,0.19544885655947145,1.9544200110504095,-0.024003227525383558,0.14615831315803507,-0.1642275899792976,0.8695717848335334,-0.5260201474127799,0.18702476101184798,-2.812569547298909,0.004972028863608557,0.08733234376404005,0.14954222066447348,0.5839979062500806,0.5593003095827713,0.23024746383777622,0.31083677391274567,0.7407343119009738,0.45895831189219394,0.11939118156209455,0.1978210062354046,0.603531363196184,0.5462369271644403,-0.2799578337986287,0.3452015305342356,-0.8109982402608835,0.41748183023350227,0.631873035219078,0.44956159582098537,1.405531613671664,0.16004859532069346,0.7763690305591029,0.6775250256582338,1.1458898212724165,0.25200432673023193,-0.2595960290624117,0.6253540016154319,-0.4151185222958772,0.6781082743168588,-0.18194094743325157,0.14838495304240046,-1.2261414901095975,0.22031768001647495
USDC,2437,2437,9,"log_daily_return,diff_EPU_DUS,log_diff_AdrActCnt,log_diff_volume_trusted_spot_usd_1d,log_diff_TxCnt,log_UnemRt,log_IndPro,log_CPIPrc,log_TotRes",0,0.0033276495210857737,-0.00041454954203890004,-4559.2417360827885,-4501.380371704958,2289.6208680413943,0.5583736475361836,0.8319107334549083,2.7201370757334513,7.660332130508796e-06,0.001898245803368206,0.004035479555343396,0.9967804977122863,-0.00023623356249167544,0.0010812586688568424,-0.21848015585524294,0.8270736170596229,-7.160541180243105e-05,0.001623833394791849,-0.04409652617817346,0.964831134752389,-0.0013197269583623428,0.004851048584674718,-0.2720498332116449,0.7856071325191982,0.007007256866821708,0.004490841018928725,1.5603440062309901,0.11881061900061354,-0.0024150704003157684,0.00561804691383072,-0.42987722198799316,0.6673235963558053,1.0818551900518237e-05,0.0028354882387588033,0.0038154106064125,0.996956067662816,9.743347358531274e-05,0.003947599298871129,0.02468170303231516,0.9803109039554945,-5.910542871817001e-05,0.00205416123175587,-0.028773509987649545,0.9770476234079088,-6.747244701157018e-05,0.0020542631809662704,-0.03284508413368581,0.973800860250781
VTC,3265,3265,9,"log_daily_return,diff_EPU_DUS,log_diff_AdrActCnt,log_diff_volume_trusted_spot_usd_1d,log_diff_TxCnt,log_UnemRt,log_IndPro,log_CPIPrc,log_TotRes",0,0.0033683255299552517,0.0006126619139089629,23434.3508804011,23495.261030818205,-11707.17544020055,1.1586355640683907,0.31739550474057815,1.9959294222310384,0.022758892142176877,0.15300974352191274,0.1487414567093732,0.8817668612598787,-0.3235069723170323,0.3403876726299293,-0.9504074275590768,0.3419758323352099,-0.05946164284304469,0.12218088770590046,-0.486668937830717,0.6265257275222607,-0.372922188304685,0.2685554860208076,-1.388622492246504,0.16504258498577284,0.09365790813697478,0.16438040119189276,0.5697632288148594,0.5688776177543793,0.38711758405253593,0.2756440983813526,1.4044109281707173,0.1602919297844007,0.2968381302776464,0.2573580088253629,1.153405451155296,0.2488286917187202,0.08009929567233022,0.45251499077559193,0.17700915396204522,0.8595122122217339,0.08383603570399478,0.2790622172623378,0.30042058909459285,0.7638755461161588,-0.27349094431126464,0.3371861218666212,-0.8110978672468847,0.41736877266395456
WNXM,1739,1739,9,"log_daily_return,diff_EPU_DUS,log_diff_AdrActCnt,log_diff_volume_trusted_spot_usd_1d,log_diff_TxCnt,log_UnemRt,log_IndPro,log_CPIPrc,log_TotRes",0,0.005563352149481338,0.00029558885892533304,10868.238974309876,10922.675611141032,-5424.119487154938,1.6035734073742525,0.10876598461324624,2.0135349659239266,-0.014994982370871879,0.1431105994802184,-0.10477897811436794,0.9165635588839549,-0.35062470147515945,0.12107186252645957,-2.896004853303817,0.003827796012843708,-0.0067161793120768115,0.13121548389971618,-0.0511843504476177,0.9591846387443663,0.2508074794862963,0.2032508811680437,1.2339797891401698,0.2173810992813572,-0.17515188425761952,0.1745664162540347,-1.0033538409973017,0.3158330422017164,-0.1478758124721719,0.23224351481831218,-0.6367274134128461,0.5243881899382508,0.15463798379154958,0.4631710389177574,0.33386799000402906,0.738520377442238,0.18982005373806984,0.8971455396881713,0.21158222979523172,0.832458350509133,-0.007299061912496796,0.7959547532289601,-0.00917019702801773,0.9926844205111831,-0.1096497551195509,0.14901379041416074,-0.7358362928343504,0.4619319032107758
WTC,2484,2484,9,"log_daily_return,diff_EPU_DUS,log_diff_AdrActCnt,log_diff_volume_trusted_spot_usd_1d,log_diff_TxCnt,log_UnemRt,log_IndPro,log_CPIPrc,log_TotRes",0,0.006162924798014169,0.0025475110240376075,18644.575375213557,18702.75162964409,-9312.287687606778,1.4570155349041074,0.15826614098185246,2.0735036939992533,-0.236583576362257,0.20662985573593684,-1.1449631783346914,0.2523351615276857,-0.48593856437169025,0.8926708438012817,-0.5443647764974673,0.5862395376526959,0.03984149694339699,0.2054542248926427,0.19391909299609497,0.846255153476948,0.13642506630161635,0.36342981374421174,0.37538215397384733,0.7074084549858557,-0.4016790681565746,0.2560088168255084,-1.5690048223235715,0.11677469704029661,-0.16934208305486803,0.3430215664055104,-0.4936776565665746,0.6215776697259935,0.29557439940836105,0.3249451610751101,0.9096131742058466,0.3631151541462242,0.04215417226840045,0.3909690397320842,0.10781971968237448,0.9141474428566888,-0.1882127651381862,0.45621294128357925,-0.4125546386488722,0.6799686883313847,-0.05306988734937477,0.28523127457878844,-0.18605914596057194,0.8524136328141175
XAUT,1953,1953,9,"log_daily_return,diff_EPU_DUS,log_diff_AdrActCnt,log_diff_volume_trusted_spot_usd_1d,log_diff_TxCnt,log_UnemRt,log_IndPro,log_CPIPrc,log_TotRes",0,0.00544159426164148,0.0007625426925640388,4895.2930610867525,4950.9094785426405,-2437.6465305433762,4.878770205752163,1.750682261732755e-06,2.10524090123144,0.04013455082910447,0.019760530283156046,2.031046244913545,0.04238832673399506,0.010784239186501773,0.0030629846104202963,3.520827088002242,0.0004402772310865189,-0.03824457691378584,0.020130409626842715,-1.8998409681037465,0.05760424298963423,0.0247766470382766,0.04149675545073377,0.597074319887303,0.5505284202837857,-0.012567229068083548,0.021526769059852926,-0.5837954145901637,0.5594267892030609,-0.02115043048007513,0.05009559302865122,-0.4222014193539648,0.6729254498310722,0.020541602556970552,0.066217815653337,0.31021262713511716,0.7564330597173761,-0.0708304725085598,0.06319543707346349,-1.120816245423237,0.2625067687305363,0.0968363383559875,0.0527054167439184,1.837312829276913,0.06631875269722372,0.025108489990476976,0.02433124785184453,1.0319441955203101,0.3022287039016464
XEM,3713,3713,9,"log_daily_return,diff_EPU_DUS,log_diff_AdrActCnt,log_diff_volume_trusted_spot_usd_1d,log_diff_TxCnt,log_UnemRt,log_IndPro,log_CPIPrc,log_TotRes",0,0.0074956770387544225,0.005063730698800395,24531.092808178335,24593.207637342784,-12255.546404089167,4.576652894014135,5.002745566145783e-06,2.0935321260680033,0.1274381216944951,0.11084011196925757,1.149747320084277,0.25032281419173785,-0.40570397056901186,0.09082865528601433,-4.466695772292047,8.182803951544513e-06,-0.0687868924712902,0.10506883649560357,-0.654684060141548,0.5127121832666282,0.08919376480030454,0.15138689487432272,0.5891775828703718,0.5557783874187606,0.03467048227397572,0.12921519429520256,0.26831583130052183,0.7884712890145422,-0.14232437310720897,0.136668495431226,-1.0413839170332353,0.29776594401179346,0.5904328772430953,0.2286019711465374,2.58279871464721,0.009838582241378891,0.1951777721205692,0.3424853441990953,0.569886494200194,0.5687895391707505,0.6038170490550322,0.24509206547880294,2.463633605908201,0.013799173342592463,-0.6799042928475005,0.2450022145133249,-2.7750944790359138,0.005546489384324967
XLM,3531,3531,9,"log_daily_return,diff_EPU_DUS,log_diff_AdrActCnt,log_diff_volume_trusted_spot_usd_1d,log_diff_TxCnt,log_UnemRt,log_IndPro,log_CPIPrc,log_TotRes",0,0.0021353609050985822,-0.00043719187400603765,23093.01726544992,23154.625304659465,-11536.50863272496,0.8617394871119228,0.5590312399630015,1.9765579766061065,0.14768286743002024,0.10977909435674373,1.3452731441753607,0.17862441925803488,0.13037915984401305,0.3136008755782628,0.41574871117180723,0.6776194464273138,-0.03683281798541406,0.10795282101728494,-0.3411936588439551,0.7329783300707264,-0.17926051869224838,0.11263555122239503,-1.5915092237468136,0.11158556138473541,0.04263349520327223,0.1267787465404066,0.33628266855978256,0.7366779292753936,0.06752803916932595,0.12335471199079025,0.5474297501855271,0.5841185155625698,0.33252703938768696,0.2396662041522074,1.387459031046803,0.16539039480586412,0.06216999381450189,0.344979397433712,0.18021364254498096,0.8569953085350184,0.33214296181372693,0.24508123422188755,1.3552362051229794,0.17542999188330008,-0.27247188593885474,0.25490470304878354,-1.0689166683861036,0.2851811248876054
XRP,3803,3803,9,"log_daily_return,diff_EPU_DUS,log_diff_AdrActCnt,log_diff_volume_trusted_spot_usd_1d,log_diff_TxCnt,log_UnemRt,log_IndPro,log_CPIPrc,log_TotRes",0,0.0031988468962189653,0.0008147888632841216,24482.875151461456,24545.2314086611,-12231.437575730728,1.5313716769311305,0.1307468820185812,2.070230785504962,0.12668209861434032,0.10019742725517354,1.2643248642674034,0.2061917530197152,-0.1539537982723625,0.14860329972761793,-1.0360052472223145,0.30026626420026237,0.09985348777933686,0.09190364783499923,1.0865018977115088,0.2773265939062768,-0.0641132501766271,0.10926425187367031,-0.5867724262712555,0.5573917568322649,0.1045595897949427,0.11119478061115048,0.9403282170283592,0.3471095865582221,-0.056738851886225614,0.1138000297864649,-0.4985838052300228,0.6181017574304856,0.5301657812532905,0.21096379629128761,2.513065230023002,0.012010186128884874,0.5837323501651136,0.3148415175032209,1.8540513804985768,0.06381000509861817,0.3952578764868423,0.22559082620476476,1.752100841760621,0.07983791673536893,-0.631147911372866,0.2308029663976307,-2.734574521392915,0.006275349491220273
XTZ,2527,2527,9,"log_daily_return,diff_EPU_DUS,log_diff_AdrActCnt,log_diff_volume_trusted_spot_usd_1d,log_diff_TxCnt,log_UnemRt,log_IndPro,log_CPIPrc,log_TotRes",0,0.008192150135519327,0.004602978181848183,15746.041188689567,15804.269641592366,-7863.020594344784,1.5361737307843828,0.12937070600104467,1.9842995586601433,-0.07893767428670682,0.11168717495090878,-0.7067747422334145,0.4797726849586633,-0.36729126777350624,0.17384036492059932,-2.1128077356560118,0.03471662387133937,-0.09338776655515296,0.1284311681285621,-0.727142545816215,0.4672070776158659,-0.02308458103869257,0.12991203635399604,-0.17769393573194112,0.8589778190559862,-0.22621158170088568,0.14447779770837896,-1.5657186452792018,0.11754172181005652,-0.10746145919212183,0.2299925388962885,-0.4672388926519911,0.6403699031775063,-0.004328486229121631,0.2918188775909255,-0.014832783488357268,0.9881667747558576,-0.3642928220731551,0.3449019329584177,-1.0562214567729755,0.29096963841824297,0.15142403277134997,0.25110240345613544,0.6030369709217137,0.5465390811587225,0.20892298547568472,0.2380568620738991,0.8776179928425233,0.3802358323286714
XVG,2800,2800,9,"log_daily_return,diff_EPU_DUS,log_diff_AdrActCnt,log_diff_volume_trusted_spot_usd_1d,log_diff_TxCnt,log_UnemRt,log_IndPro,log_CPIPrc,log_TotRes",0,0.005862204302839236,0.0026204506212180734,19222.564451948452,19281.830477940264,-9601.282225974226,1.283013940985052,0.24064689710410375,1.9944137479917043,-0.00035754117343154285,0.14702956161321773,-0.0024317638542112096,0.9980599108188553,-0.14200194802004246,0.20113465690128876,-0.7060043764100437,0.4802450030608979,-0.13864752121823964,0.13697025659817133,-1.012245465999154,0.3115094315927098,0.6314533776024669,0.32162770261470974,1.9633053137804777,0.04971097631815677,0.14147883185479504,0.2050876172093506,0.6898458023936931,0.490349159198916,-0.38979029674719534,0.28026215749235533,-1.3908060233134671,0.16439637349816674,0.5772108885039667,0.32786373616647635,1.7605206823205408,0.07843030486861448,0.1955940509418255,0.37197707543682346,0.5258228634442962,0.5990535313038294,0.45491332690223607,0.29370788613916216,1.548863167694084,0.12152926676154535,-0.31853641402428334,0.24462300402106374,-1.302152327410938,0.19297297374714403
YFI,1771,1771,9,"log_daily_return,diff_EPU_DUS,log_diff_AdrActCnt,log_diff_volume_trusted_spot_usd_1d,log_diff_TxCnt,log_UnemRt,log_IndPro,log_CPIPrc,log_TotRes",0,0.010111188756466105,0.004964453169411409,11283.02027426515,11337.642423662834,-5631.510137132575,2.92712638091251,0.0018956592829624658,1.9602343104511097,0.06530125554162144,0.1544376424615703,0.422832507028659,0.6724699889322107,-0.27519448560480564,0.06284318305774411,-4.379066626080037,1.2632215863903755e-05,-0.06249803582351583,0.14188573607419958,-0.440481457493601,0.6596434381883689,0.02343341076551131,0.2750316199885303,0.08520260603667519,0.9321101718189923,0.2617369467503018,0.2371124532922191,1.1038515401286633,0.26981096703773855,-0.06516247090600219,0.33663839354639724,-0.19356814954923185,0.8465367497634564,0.3888525203356544,0.45961559939883195,0.8460385610154784,0.3976481694707976,-1.2436863927089963,0.9338633632479935,-1.3317648401832927,0.1831128054840797,1.3696389519074712,0.7639312856138168,1.7928823936134122,0.07316626901470467,0.009244647489054306,0.14633114897268326,0.06317621062881201,0.9496334821409937
ZEC,3136,3136,9,"log_daily_return,diff_EPU_DUS,log_diff_AdrActCnt,log_diff_volume_trusted_spot_usd_1d,log_diff_TxCnt,log_UnemRt,log_IndPro,log_CPIPrc,log_TotRes",0,0.003625277073735611,0.0007288389256940864,20662.48022888915,20722.89113892624,-10321.240114444576,1.236721383702367,0.2673663583785194,2.0558318655215913,-0.12602256374283172,0.12074922106635669,-1.0436718566787035,0.2967187184862516,0.02063514501632253,0.8423275128298249,0.02449776921924126,0.980457141855527,0.24556888525619186,0.18303477962137113,1.3416514924878205,0.1798074171878599,-0.07490441844575055,0.10672878002431692,-0.7018202440680428,0.48284402576430907,0.059517684307613485,0.1416278027471577,0.42024011636943887,0.6743392147875368,0.1682089596102307,0.1677473468794836,1.0027518332738743,0.3160589783762844,0.13559153139515812,0.2667837002048062,0.5082451862353898,0.6113176153698971,-0.13030978320551292,0.3847860374189753,-0.3386551759507447,0.7348924766658744,0.12163507181764252,0.27254555122374635,0.44629263354875376,0.6554170879106774,0.26533274321066874,0.27058041900788166,0.9806058553074379,0.3268637654871135
ZRX,2850,2850,9,"log_daily_return,diff_EPU_DUS,log_diff_AdrActCnt,log_diff_volume_trusted_spot_usd_1d,log_diff_TxCnt,log_UnemRt,log_IndPro,log_CPIPrc,log_TotRes",0,0.009552036877142678,0.006379783614471668,19059.899799443927,19119.34472108325,-9519.949899721963,0.835676687829144,0.583104192384323,2.0680734554899223,0.03527607126550455,0.13334402060580164,0.2645493296605287,0.7913760604287468,0.28797010586047045,0.37764967247654674,0.7625323860921773,0.44580632397498465,-0.09462855348746202,0.13290421071972905,-0.7120056842067746,0.47652036379902596,0.7141542084025482,0.5941827490844988,1.201910034417691,0.2294996657610673,0.6760151991573902,0.3281252453019502,2.0602352572271654,0.039467931617529754,-1.4895418470878217,0.8630693429875049,-1.7258657826169437,0.08448149120489198,0.2078132612185494,0.2885200959465952,0.720273090637733,0.4714167775404642,-0.19940124408009924,0.3618885135206806,-0.5510018600485483,0.5816762041645751,0.298553225734267,0.2832021148818253,1.0542054951067277,0.29187947908449546,-0.06475825723239997,0.23755815460423138,-0.2725995970977563,0.7851810512723727
