symbol,n,nobs,n_regs,regs_used,opt_hac_lag,r2,adj_r2,aic,bic,log_likelihood,fstat,f_pval,durbin_watson,coef_Intercept,stderr_Intercept,tval_Intercept,pval_Intercept,coef_log_daily_return,stderr_log_daily_return,tval_log_daily_return,pval_log_daily_return,coef_diff_TwitSIX,stderr_diff_TwitSIX,tval_diff_TwitSIX,pval_diff_TwitSIX,coef_log_diff_AdrActCnt,stderr_log_diff_AdrActCnt,tval_log_diff_AdrActCnt,pval_log_diff_AdrActCnt,coef_log_diff_volume_trusted_spot_usd_1d,stderr_log_diff_volume_trusted_spot_usd_1d,tval_log_diff_volume_trusted_spot_usd_1d,pval_log_diff_volume_trusted_spot_usd_1d,coef_log_diff_TxCnt,stderr_log_diff_TxCnt,tval_log_diff_TxCnt,pval_log_diff_TxCnt,coef_log_UnemRt,stderr_log_UnemRt,tval_log_UnemRt,pval_log_UnemRt,coef_log_IndPro,stderr_log_IndPro,tval_log_IndPro,pval_log_IndPro,coef_log_CPIPrc,stderr_log_CPIPrc,tval_log_CPIPrc,pval_log_CPIPrc,coef_log_TotRes,stderr_log_TotRes,tval_log_TotRes,pval_log_TotRes
1INCH,1616,1616,9,"log_daily_return,diff_TwitSIX,log_diff_AdrActCnt,log_diff_volume_trusted_spot_usd_1d,log_diff_TxCnt,log_UnemRt,log_IndPro,log_CPIPrc,log_TotRes",0,0.0069962231718755374,-0.0030228732310988438,5931.24820354561,5979.294348746236,-2955.624101772805,0.9402520162488318,0.4889853184004952,1.9858429679185847,-0.039129995682384955,0.6957427178566765,-0.056242048501678694,0.9551615793467758,-0.1722998438529556,0.27758447668618424,-0.6207113809456449,0.5349481004718442,-0.17746534293513705,0.08255720059655998,-2.14960465777387,0.03185485543111299,0.1912577812473785,0.43518732987005726,0.4394837995501529,0.66041746650493,0.18154890399546453,0.25321988775172827,0.7169614741061168,0.47358555452530593,-0.08835080684244266,0.5086509098586289,-0.17369635073885606,0.8621435151532534,0.8872927643866889,1.04155390899081,0.85189326901611,0.39450198497396693,-0.1882182179602987,0.8382645852777888,-0.22453318590087626,0.8223938690656466,0.9892095869295747,1.463952503857818,0.6757115304784839,0.49939895010815727,-0.06900279567567713,0.20896108254188162,-0.3302184063955883,0.7413124789205444
AAVE,1694,1694,9,"log_daily_return,diff_TwitSIX,log_diff_AdrActCnt,log_diff_volume_trusted_spot_usd_1d,log_diff_TxCnt,log_UnemRt,log_IndPro,log_CPIPrc,log_TotRes",0,0.00678408662448049,-0.0024313187573541395,6485.811089452121,6534.686615168767,-3232.9055447260607,1.0086652035513215,0.4309919021557278,2.021336041295994,0.38817868595477545,0.630750763069596,0.6154232522298898,0.5384195988764212,0.4477271953076117,0.7021792153002555,0.6376252465920131,0.5238681340805924,-0.22384385626371436,0.10362301081491913,-2.1601751821660677,0.031003469629260327,0.03461256541106339,0.5466351348796749,0.06331932069950516,0.9495252762838766,-0.029242443394638412,0.45952649778744553,-0.06363603303712974,0.9492731505163953,0.14694020753491105,0.7740370474439848,0.18983614288248232,0.8494772502323689,1.3618481255809163,1.0570889142835374,1.2883004515319654,0.1979486090042173,0.7878722373823057,0.8954315549005565,0.8798799116140196,0.37914229813520517,0.8435955668973156,1.419914028640717,0.5941173549111908,0.5525721549395162,-0.030727676803508436,0.20672006340878843,-0.1486439017907252,0.8818655244494247
ADA,2738,2738,9,"log_daily_return,diff_TwitSIX,log_diff_AdrActCnt,log_diff_volume_trusted_spot_usd_1d,log_diff_TxCnt,log_UnemRt,log_IndPro,log_CPIPrc,log_TotRes",0,0.010387667061279915,0.005965367658872456,13085.999341634193,13142.127651938266,-6532.999670817097,2.5740830770800134,0.006031167353963276,1.9928014246631358,-0.043228995903700926,0.13032565657357015,-0.3316998129167124,0.7401504545463371,-0.8172334425067346,0.5116695408561378,-1.5971899385281365,0.1103802501242846,-0.10024278645344105,0.09623438392053922,-1.041652498510424,0.29769784220909573,-0.3574284781754685,0.2758889036946862,-1.2955522073878638,0.1952782711822217,0.2074490283650392,0.153861822896775,1.3482813634946698,0.17771951195498747,0.4254282618062555,0.26479246629781084,1.60664790714921,0.10828838533803552,0.6331778250073452,0.2696248989069645,2.3483655536791748,0.018952236924200144,0.053630889489309386,0.32811511616756545,0.16345144385826033,0.8701794006248116,0.27495171542769564,0.3390097653163722,0.8110436440410617,0.4174364397926349,-0.08025135818953896,0.21158237275842778,-0.3792913234845192,0.7045115270680602
ALGO,2170,2170,9,"log_daily_return,diff_TwitSIX,log_diff_AdrActCnt,log_diff_volume_trusted_spot_usd_1d,log_diff_TxCnt,log_UnemRt,log_IndPro,log_CPIPrc,log_TotRes",0,0.013180411520999913,0.007038380887313234,9550.168387943973,9603.00287023154,-4765.084193971987,2.4089745066927084,0.010339664437508311,2.003250418817906,-0.12233644148130793,0.19426706049562212,-0.6297333226188637,0.5289685632048391,-0.4311641233720983,0.23746219968769033,-1.8157168759455788,0.06962084972437238,-0.09764065215798706,0.09602255360015488,-1.0168512343940577,0.3093943086347038,0.09060310068667787,0.21359077716269187,0.4241901354086351,0.6714902522879934,0.19572852402448956,0.16576123198108594,1.1807858911595386,0.23788197451704077,0.2366380784123495,0.16989802499458828,1.3928241862722481,0.16388706411428292,0.6022556476437665,0.3757675637616169,1.602734524541962,0.10921167772865223,-0.15343888291643218,0.3761669992399788,-0.4079009674597866,0.6834067682896983,0.584656314631128,0.457298072739381,1.2785015933455066,0.20127778721120068,0.21274444646631555,0.22691912980765722,0.9375342072157754,0.3486403965895656
ALPHA,1693,1693,9,"log_daily_return,diff_TwitSIX,log_diff_AdrActCnt,log_diff_volume_trusted_spot_usd_1d,log_diff_TxCnt,log_UnemRt,log_IndPro,log_CPIPrc,log_TotRes",0,0.014517486653035871,0.005364398293775996,6843.05686269032,6891.922179115625,-3411.52843134516,1.1617030761297156,0.31629254183181715,1.9953717419734782,0.9494401393201264,0.8444631362660332,1.1243121203825077,0.26115907365139407,-0.4391037412463303,0.34605757652453467,-1.2688748087999133,0.204790428509598,-0.1053330043900628,0.13864717781595076,-0.7597197869392527,0.4476068837702597,0.05828885082397528,0.4653063624316156,0.12526983409246156,0.9003359166248062,0.6921937917245293,0.3564834678142367,1.9417276093297855,0.0524596407422145,-0.522385838896195,0.5474494839208123,-0.9542174287112075,0.3402115684924806,2.388738497221388,1.254277385239678,1.904473863064132,0.057144404608024335,0.13189501445562168,0.978736931672811,0.1347604347883276,0.8928292744747541,2.8001084324758443,1.778346031512714,1.5745576973531912,0.1156849898467793,-0.04003954486252845,0.24076084149748236,-0.16630422378278298,0.8679522354828904
ANT,2627,2627,9,"log_daily_return,diff_TwitSIX,log_diff_AdrActCnt,log_diff_volume_trusted_spot_usd_1d,log_diff_TxCnt,log_UnemRt,log_IndPro,log_CPIPrc,log_TotRes",0,0.029241040511466476,0.025096433948185393,15269.099330749661,15325.681606011274,-7624.5496653748305,3.787538587354831,9.408543732284455e-05,2.024618953209192,0.022859529578284694,0.16967496482163466,0.1347254122157328,0.8928418421787732,-2.039848693295504,0.4304392604576297,-4.738993118626771,2.2911704431624264e-06,-0.3526629384049469,0.16781366122321337,-2.1015150723388403,0.035714189890574816,-0.22694005782234522,0.3946776529874346,-0.5750010321196735,0.5653519617834442,0.1783249196026762,0.1710304044050172,1.04265040021998,0.29722979526548104,0.5823729106836527,0.4088144087775072,1.4245410586802552,0.15443792842471307,0.2547270852231536,0.3712650279147045,0.6861057898555297,0.49272185341746955,-0.3163047618947483,0.43951747998459173,-0.719663668225066,0.4718118788978507,0.5063649504547973,0.402952685117816,1.2566362482650921,0.20902461285060028,0.05716793140286508,0.3344400537590919,0.17093625826302794,0.8642902914039866
BAL,1801,1801,9,"log_daily_return,diff_TwitSIX,log_diff_AdrActCnt,log_diff_volume_trusted_spot_usd_1d,log_diff_TxCnt,log_UnemRt,log_IndPro,log_CPIPrc,log_TotRes",0,0.00662442541263264,-0.0016767632329444115,7157.186027398658,7207.09779626987,-3568.593013699329,0.7874657491574231,0.6280722919889357,1.9996826336470286,0.004098278036809233,0.5420464916912301,0.007560750045669081,0.9939688519491744,-0.22017664378572438,0.3935538905977662,-0.5594574187827229,0.5759659060636525,-0.05494617263129391,0.08796160425243083,-0.6246608744607505,0.5323259647569574,-0.1913409097883911,0.28755590469339626,-0.6654042106782906,0.5059344634732167,-0.4906106047858035,0.25066359034050817,-1.957247177858359,0.05057642123621695,0.6925199274538967,0.34589874462853415,2.0020885828816875,0.04552560383476173,0.6184204885721319,1.112288100156497,0.5559894855344772,0.5783335262977736,0.1436230399588715,0.8037718844776754,0.1786863197537741,0.8582176178434737,0.4823922721422469,1.3355926156828506,0.36118219468862023,0.7180340885173772,-0.02625228710419507,0.20502822469866366,-0.1280423080421189,0.8981393955284221
BAT,2794,2794,9,"log_daily_return,diff_TwitSIX,log_diff_AdrActCnt,log_diff_volume_trusted_spot_usd_1d,log_diff_TxCnt,log_UnemRt,log_IndPro,log_CPIPrc,log_TotRes",0,0.010387751850487348,0.006085089902011176,13650.424782318749,13706.826014045702,-6815.212391159374,1.6167619434649223,0.10485449877174878,1.994697408690467,-0.14286548355477846,0.13861963808200212,-1.030629465864459,0.30283501534417423,-0.6086819621790094,0.19752063545879053,-3.081612008614669,0.0020859439097989166,-0.05299727846543996,0.11718232290170037,-0.45226342295584365,0.6511266116973872,0.0812692131768532,0.3008811837393236,0.2701040063949727,0.7871071647922568,-0.04139943524803692,0.17459502857010226,-0.237116919004452,0.8125895506061486,0.004975328318887057,0.32234444982470517,0.015434819248765415,0.9876867724185266,0.33218102248718595,0.28456218601302424,1.1673407037714498,0.24320725475783364,0.16069729116755394,0.33537499585078046,0.47915704258123504,0.631877524729711,-0.1304064581648307,0.35927030752974515,-0.3629758859324436,0.7166599574052319,-0.03419614558901149,0.26325146813642986,-0.12989916383406214,0.8966588268107651
BCH,2860,2860,9,"log_daily_return,diff_TwitSIX,log_diff_AdrActCnt,log_diff_volume_trusted_spot_usd_1d,log_diff_TxCnt,log_UnemRt,log_IndPro,log_CPIPrc,log_TotRes",0,0.001987938540563672,-0.0022171684599676666,14106.96107749528,14163.674686727187,-7043.48053874764,0.40358084594787136,0.9337495980517209,1.9975932900804148,-0.11008819728728751,0.12253490847330964,-0.8984231404658596,0.3690612639730039,0.3490804814266987,0.619524856779373,0.5634648515015342,0.5731775326956043,0.003589322636923877,0.10532945881096961,0.03407710129191383,0.9728188523616921,-0.07126326767773239,0.3090982916243967,-0.23055212406132777,0.8176848435999622,0.14461546627784466,0.18501948550158856,0.7816228971007652,0.43452285257909473,-0.11006305601046071,0.2978011868276627,-0.3695856862859116,0.7117278539613985,0.27374416237819693,0.25730282723974,1.0638987737322365,0.2874948139772394,0.1486186553716632,0.3466698666270896,0.42870370250994805,0.6681820944346681,0.027590370231717343,0.2984149688344979,0.0924563882953843,0.9263441100791018,-0.1473275649860157,0.21343976080788485,-0.6902536079893,0.490109707397395
BNB,2877,2877,9,"log_daily_return,diff_TwitSIX,log_diff_AdrActCnt,log_diff_volume_trusted_spot_usd_1d,log_diff_TxCnt,log_UnemRt,log_IndPro,log_CPIPrc,log_TotRes",0,0.010625637244921826,0.0064898410234653925,14181.472644112051,14238.265158371581,-7080.7363220560255,2.3277086093651698,0.013184965566148342,2.005127659821486,0.10449368261695793,0.10994167565861855,0.950446516218497,0.3419920954851595,0.4209606045883836,0.3743376075420927,1.1245479911901406,0.260905979821616,-0.03662997032008562,0.06717666268027583,-0.5452782091069966,0.5856186704897717,-0.11455857270489322,0.4991559144530656,-0.2295045884218705,0.8184985547655119,0.1332778200009468,0.18189488776326249,0.7327188885836574,0.46380966228012477,-0.20206679689962492,0.5136603124204515,-0.39338604134598815,0.6940733280878879,0.3732300371473908,0.2550684233027498,1.4632545742613963,0.14354370099264072,0.32074257116980504,0.31993559957320483,1.0025222938543779,0.3162040624412549,-0.39764413326213466,0.2901246283873805,-1.3705976478880375,0.17064328902885925,-0.23550020232435215,0.19710998167754215,-1.1947654822961409,0.23231026747755415
BSV,2389,2389,9,"log_daily_return,diff_TwitSIX,log_diff_AdrActCnt,log_diff_volume_trusted_spot_usd_1d,log_diff_TxCnt,log_UnemRt,log_IndPro,log_CPIPrc,log_TotRes",0,0.005869163604460437,0.0004954834077278703,11075.99081108192,11130.226495524512,-5527.99540554096,1.174971408063843,0.3068229682341065,2.006485666428293,-0.2196949793805918,0.15010081890873106,-1.4636494389426185,0.1434785133925479,-0.5154188713647848,0.6159575852886335,-0.8367765633136298,0.40283825379309335,0.04288114789938554,0.0986472629434649,0.43469171490303665,0.6638425434833422,-0.20396767007998357,0.21213333452014263,-0.9615069246017829,0.3364369565711026,0.020146165067628726,0.13959874416248683,0.14431480160150634,0.8852693558540536,-0.21178383809595722,0.16225688623946086,-1.3052379039457458,0.19199219232832032,-0.07489763368330098,0.39541048294964154,-0.18941742040976628,0.8497887592427784,-0.17061550641794543,0.47251290265381357,-0.36108115875715424,0.7180845862115062,-0.1513655581846091,0.3685272889828756,-0.410730935563479,0.6813226917514164,0.007050739322537192,0.23396878055897644,0.030135385181271714,0.9759626919050837
BTC,3803,3803,9,"log_daily_return,diff_TwitSIX,log_diff_AdrActCnt,log_diff_volume_trusted_spot_usd_1d,log_diff_TxCnt,log_UnemRt,log_IndPro,log_CPIPrc,log_TotRes",0,0.0055932169434310675,0.0026865391105278524,17092.97345602024,17153.329482949426,-8536.48672801012,2.252486477158666,0.016551251750632337,1.9981999417461613,0.09178644995654432,0.0764866943709018,1.2000315964950772,0.2302193946102145,-0.1667813043909349,0.1497396389851633,-1.1138086449337583,0.2654482266893441,-0.0905034690176185,0.04503702519336664,-2.009534791186619,0.044567549946965955,0.21284570364143082,0.10031095062239204,2.121859102329333,0.03392922151068206,-0.0020833469690745045,0.08967129069546606,-0.023233154702208856,0.9814657976024865,-0.25438463791839505,0.11828182090657786,-2.1506655542554998,0.031580220194096,0.31461690800994535,0.12099564329178182,2.600233359239593,0.009360569805168131,0.18537595294038756,0.21343370005339263,0.8685411577178949,0.3851658436461388,0.11761737116994224,0.23995772689292147,0.4901587154241868,0.6240565163902316,-0.23303978351768245,0.1479131520967284,-1.575517661642997,0.11523973989807719
BTG,2775,2775,9,"log_daily_return,diff_TwitSIX,log_diff_AdrActCnt,log_diff_volume_trusted_spot_usd_1d,log_diff_TxCnt,log_UnemRt,log_IndPro,log_CPIPrc,log_TotRes",0,0.006619126396251396,0.002260068442846319,13824.562183614185,13880.87164942309,-6902.281091807093,0.9749025412801477,0.45873861651432213,2.000048526645798,-0.11435379634895892,0.15075079608006586,-0.7585618074495873,0.44820188484324064,-0.1747995388313931,0.8196816219914895,-0.21325296815451594,0.8311508501112204,-0.06471669983984199,0.08396062417720253,-0.7707982220719869,0.44091532264150435,-0.49285599586075535,0.4595245003518161,-1.0725347516474537,0.283606091985016,0.1786425270050329,0.15105773810231038,1.182610896000836,0.23710046655948788,0.36896856033534675,0.38812957155604094,0.9506324366270876,0.3419030019370911,0.4233126169117759,0.3159740615947706,1.3397068568706267,0.18048908453757337,0.1532763985259913,0.4132396605195599,0.37091405586114173,0.7107398514945253,0.2190670867281776,0.35246938510304693,0.621520892273046,0.5343260251044444,-0.053673896496889084,0.2506308953260517,-0.2141551480597132,0.8304473591110725
BUSD,2080,2080,9,"log_daily_return,diff_TwitSIX,log_diff_AdrActCnt,log_diff_volume_trusted_spot_usd_1d,log_diff_TxCnt,log_UnemRt,log_IndPro,log_CPIPrc,log_TotRes",0,0.3626747430690469,0.3584447081779123,-4403.377483640048,-4351.1810632387405,2211.688741820024,14.819914749986228,3.7885504507208574e-23,2.307055640529981,-0.007306501911947254,0.002029375966863721,-3.600368798709593,0.00032922582632989155,-1.1951741422333062,0.11276803374961614,-10.598518946308884,2.8577083846111093e-25,0.0008068711789454661,0.0005990740137760954,1.3468639273127196,0.17824911113188474,0.001532524295405057,0.003406684028227234,0.44985806805292416,0.6528846867343663,0.00037218018011346966,0.002509278634994614,0.14832158331203762,0.8821110352137271,0.0037549276177546048,0.004699424950065908,0.799018530491043,0.4244195951892503,-0.00032276305817346604,0.00320603973931594,-0.10067344275724191,0.9198245762745418,0.0001792751728553301,0.0029718262124660715,0.060324918093566625,0.9519057455467581,-0.0006987555084222964,0.005427922455658884,-0.12873350976003875,0.8975876092914503,-0.00019920581703988794,0.0014130076573392817,-0.14097999823652477,0.8879066832122608
COMP,1808,1808,9,"log_daily_return,diff_TwitSIX,log_diff_AdrActCnt,log_diff_volume_trusted_spot_usd_1d,log_diff_TxCnt,log_UnemRt,log_IndPro,log_CPIPrc,log_TotRes",0,0.004691987403703135,-0.0035716400071517107,7153.829981841521,7203.80594167134,-3566.9149909207604,0.42621104141449906,0.9215326940532513,2.02353511687195,0.1750430468682203,0.6355786746492734,0.275407363163676,0.7830557750535421,-0.31844289047775154,0.7369133353227808,-0.43213072041676115,0.6657323515759885,-0.07281579271363278,0.1627474641547829,-0.447415835889034,0.6546642323358315,-0.18376180861869423,0.3719850438869985,-0.4940032177060251,0.6214039900778048,-0.055298929158971,0.2808189598320422,-0.19692021219665967,0.8439268903651702,0.19603480639016113,0.48903839651273073,0.40085769908469326,0.6886038914875441,1.543856331659451,1.2602355974673403,1.2250537397627042,0.2208210975889449,1.1435413535552053,0.8285474059841121,1.38017613149963,0.16781698177479198,0.7578884341060008,1.4827967745314325,0.5111209082212196,0.6093704799422154,-0.10453278341417818,0.20714224278695406,-0.5046425200758795,0.6139125048159177
CRO,2264,2264,9,"log_daily_return,diff_TwitSIX,log_diff_AdrActCnt,log_diff_volume_trusted_spot_usd_1d,log_diff_TxCnt,log_UnemRt,log_IndPro,log_CPIPrc,log_TotRes",0,0.012288468269169184,0.006516128148664424,9690.505655288953,9743.965757388085,-4835.252827644476,2.149906120257905,0.02297507909896834,2.0017100320825914,-0.13974644494476485,0.15705179545281936,-0.8898111896259518,0.3737062545663433,-1.0820437538741758,0.6516714295803986,-1.6604130621023043,0.09703495816459733,-0.09000634529847983,0.053965688085231285,-1.6678439299491066,0.09555001516948947,-0.010189569523670436,0.320108351164731,-0.031831626655771876,0.9746104497837211,-0.07491069598794425,0.15247992886066714,-0.49128233825709633,0.6232967756379042,-0.05432764176615218,0.372565051677332,-0.14582055273720038,0.8840821343027171,-0.15237221436904613,0.2820600214639427,-0.5402120214633988,0.5891289343905872,-0.6346946133655538,0.2995756133285321,-2.118645794674584,0.03428015033174818,-0.06269103490240299,0.34051713265266786,-0.18410537647263905,0.853955027268009,0.4097590035830616,0.20244427499380557,2.0240582431664196,0.04313651273786185
CRV,1750,1750,9,"log_daily_return,diff_TwitSIX,log_diff_AdrActCnt,log_diff_volume_trusted_spot_usd_1d,log_diff_TxCnt,log_UnemRt,log_IndPro,log_CPIPrc,log_TotRes",0,0.013870155848046517,0.005219894057239882,7376.912665214104,7426.343889442298,-3678.456332607052,1.8198781318568504,0.060781999948676974,2.011043022728905,0.1994769302964466,0.7438045109550533,0.268184620230813,0.7886111211872558,-0.2680345220555056,0.5172715293652703,-0.5181698717971264,0.6044514718745823,-0.24809297559195007,0.1198721413421099,-2.0696466486229146,0.03873529934084707,-0.5078167072344753,0.5973443012612522,-0.850123967303705,0.3954545026851548,0.8678695585289051,0.4045766139263502,2.145130313159657,0.03217666154213207,0.13068579695912935,0.7962206675446818,0.16413263594642324,0.8696590576682897,0.8082150269061177,1.3712249011103055,0.5894109903136178,0.5557153653857392,1.393095981196006,1.2471972670879576,1.1169812650798239,0.26426383553327937,-0.06726160305966933,1.7366206641282018,-0.03873131562294015,0.96911214059879,0.2664611969695616,0.27082168350558755,0.9838990494424869,0.3253971069738576
CVC,2819,2819,9,"log_daily_return,diff_TwitSIX,log_diff_AdrActCnt,log_diff_volume_trusted_spot_usd_1d,log_diff_TxCnt,log_UnemRt,log_IndPro,log_CPIPrc,log_TotRes",0,0.008699928711301097,0.004441360385955995,14409.411050243734,14465.931757704899,-7194.705525121867,1.4834645909993096,0.14819056545860573,2.0020405793539022,-0.14788331523108506,0.15362164651441293,-0.9626463365448339,0.3358361309945095,-0.4170737975117183,0.3443017323316626,-1.211361309997578,0.22589357995942977,-0.08805542689122971,0.09579838316288829,-0.9191744576889879,0.3581101445213113,-0.5730792629226998,0.34597994567722046,-1.6563944531552417,0.09779171218532529,0.35611857087872834,0.19274229112337804,1.8476410589659849,0.06479517129676018,0.22910904785595881,0.3694597718484308,0.6201190638691504,0.5352468453991384,0.5768566580806886,0.4032916375366796,1.4303709881121034,0.1527596939956423,0.2464335074389035,0.4477476107621133,0.5503848630692811,0.5821141057903745,0.1091604053152872,0.38987849612415804,0.2799857042654764,0.779516114075804,-0.02058950452799773,0.34371987411838717,-0.0599019901913094,0.9522394081087524
DAI,2019,2019,9,"log_daily_return,diff_TwitSIX,log_diff_AdrActCnt,log_diff_volume_trusted_spot_usd_1d,log_diff_TxCnt,log_UnemRt,log_IndPro,log_CPIPrc,log_TotRes",0,0.1600407553363452,0.1542032007402272,583.2511439651157,634.9907271626837,-281.62557198255786,2.2043392693397914,0.019574914679844388,2.1313080186302718,0.015078891078279697,0.017428180818953122,0.8652016659066002,0.38708835664558683,-0.8997100082206294,0.2880560095891383,-3.123385655115854,0.0018274754093540577,-0.005610033477652118,0.003953454282981594,-1.419020703439417,0.15613361415810978,-0.0015687464791627234,0.01414566339519389,-0.11089946334335357,0.9117132556117795,0.013824615049928449,0.007940979057799929,1.7409207289558823,0.08193496921191834,-0.018334957934183008,0.01893819583654349,-0.9681470237414874,0.33315172136457927,-0.012892242008356373,0.028419525601224724,-0.45364029608575834,0.6501637529259551,-0.002731960284095494,0.021394242358258802,-0.12769605197264103,0.8984093403091316,-0.014272122822417339,0.04240955467526075,-0.3365308344240374,0.7365251279365164,-0.00041864435475925856,0.007273523242238318,-0.057557299374275055,0.954110142856476
DASH,3803,3803,9,"log_daily_return,diff_TwitSIX,log_diff_AdrActCnt,log_diff_volume_trusted_spot_usd_1d,log_diff_TxCnt,log_UnemRt,log_IndPro,log_CPIPrc,log_TotRes",0,0.005378318655142267,0.002471012668749384,19697.75692693932,19758.112953868505,-9838.87846346966,1.8946654734329276,0.04833741967537253,1.9962602815390393,-0.0010279751109419782,0.11623178762587755,-0.00884418223223741,0.9929440285014858,-0.2653018895446437,0.15218829610060514,-1.7432476500641285,0.08139018232059513,0.003571601367047983,0.07949016286482306,0.04493136305584965,0.9641649316436578,0.1332130393114173,0.13060140278561475,1.019997002100273,0.30781001877321884,-0.0359084923461995,0.11489802685700923,-0.3125248825281193,0.7546628199406347,-0.1334658591239897,0.15070083533776432,-0.885634501128371,0.3758836735358586,0.3504446953915198,0.2018699390787947,1.7359924760998358,0.08266519956889057,0.08525000507647845,0.3360561777225375,0.25367783938453453,0.7997613931180472,0.19632177844460036,0.3343775551325086,0.5871260658234106,0.5571620907997288,-0.36440073681039276,0.24218856306968237,-1.5046157927182862,0.13252545074927222
DCR,3301,3301,9,"log_daily_return,diff_TwitSIX,log_diff_AdrActCnt,log_diff_volume_trusted_spot_usd_1d,log_diff_TxCnt,log_UnemRt,log_IndPro,log_CPIPrc,log_TotRes",0,0.03440325061402738,0.031030968602202114,17058.82586985296,17117.40841167482,-8519.41293492648,5.91255027615217,3.2707151062496984e-08,2.0164635111364957,-0.0408614760350022,0.13933427583644603,-0.29326219833349837,0.7693453585676104,-0.8184581687860701,0.22927045127973356,-3.5698371256201127,0.00036373162649393264,-0.702794462092192,0.4771051219729859,-1.4730390216435045,0.1408626396615262,0.1926495982052068,0.35196673121464,0.5473517270804871,0.5841845104154911,-0.24328056658673275,0.12885470426871257,-1.888022388995573,0.05913519035863003,-0.35790704684759733,0.37633871358943305,-0.9510237292197801,0.34168151423311066,0.8450640984951435,0.24426507340777573,3.4596190388807444,0.0005497278439007605,0.7905061951040948,0.3243950751843835,2.4368625037071774,0.014882565308558162,0.12022411965160879,0.3511542746113433,0.34236837864118996,0.7321016026732425,-0.7277014733522644,0.2901313764513792,-2.508179164393873,0.012196502342133929
DGB,3763,3763,9,"log_daily_return,diff_TwitSIX,log_diff_AdrActCnt,log_diff_volume_trusted_spot_usd_1d,log_diff_TxCnt,log_UnemRt,log_IndPro,log_CPIPrc,log_TotRes",0,0.005087359076043851,0.0021409247988751767,21542.37385471234,21602.599544182223,-10761.18692735617,2.0742034305195443,0.02850884240856917,1.9997652590585697,0.07453982120072294,0.1479976557652724,0.5036554181570603,0.6145400475761006,-0.748380387133801,0.6369778425259621,-1.1748923387445744,0.240129838129629,-0.20163384418992236,0.10639522265849667,-1.8951400180543725,0.058168672006640616,0.2031404216472501,0.13098299305172612,1.5508915845817366,0.12103179391386587,0.1806240340358116,0.15793299899075866,1.1436750722778377,0.2528484935602104,-0.06296862530929266,0.17059414845893933,-0.36911362950088944,0.7120687446918177,0.6147908766670788,0.2570033081556808,2.3921516072262645,0.01681033444070249,0.0747635760448951,0.4834339361778831,0.1546510711184026,0.8771066750167114,0.6079227883239571,0.5229891988080418,1.1624002746318463,0.24516418594193637,-0.5439269784820786,0.30130233154955455,-1.8052531345666674,0.07113401091904453
DOGE,3803,3803,9,"log_daily_return,diff_TwitSIX,log_diff_AdrActCnt,log_diff_volume_trusted_spot_usd_1d,log_diff_TxCnt,log_UnemRt,log_IndPro,log_CPIPrc,log_TotRes",0,0.005675177881992899,0.002768739623122518,20846.562774445592,20906.918801374777,-10413.281387222796,1.6134785357806487,0.10550422950797597,2.001995859993257,0.05279507732114577,0.11990759417939051,0.44029802851486194,0.6597521752290036,0.017440148263866195,0.5241429303774306,0.03327364971098189,0.9734585233231362,0.029226320999245617,0.0990235670337031,0.29514510408717465,0.7679029350871844,-0.03201581516280682,0.11674311097427785,-0.27424157961544215,0.7839173735596514,0.2790003221717689,0.13904615995305242,2.006530221805267,0.044886995057300226,-0.05346882489718846,0.2662599687918916,-0.20081435876295625,0.840856998518559,0.7601597558077277,0.2697523282431527,2.817991454451972,0.004863347557501475,0.9288761944359465,0.40703545276354886,2.2820523080468385,0.022554184071187464,-0.16791929888691215,0.3863135859417599,-0.4346709642053009,0.6638317379520019,-0.48503410107218203,0.21812064666804487,-2.2236964197632765,0.026241168497396713
DOT,1745,1745,9,"log_daily_return,diff_TwitSIX,log_diff_AdrActCnt,log_diff_volume_trusted_spot_usd_1d,log_diff_TxCnt,log_UnemRt,log_IndPro,log_CPIPrc,log_TotRes",0,0.012598782133158792,0.0038949516132746886,6655.7258988751455,6705.1087437153155,-3317.8629494375728,1.2506330060024327,0.26011420802123414,1.9620461625198569,0.4325848964769433,0.5436601860464926,0.7956898584439466,0.42639726978010184,-0.464858670559739,0.36009703366256773,-1.2909261313030953,0.19702151302636403,-0.21787014564708204,0.11864527287457906,-1.8363154331263956,0.06660163325877587,0.172708077891286,0.19886486244396737,0.868469551477193,0.3853414237179307,-0.045551430673114304,0.18337685547389088,-0.24840337977984303,0.8038722717375207,-0.12714960658597294,0.21439751551354505,-0.593055410560203,0.5532754075022969,1.0598081770643644,1.0233370922833178,1.03563936561673,0.30061564075262937,-0.7454903385613283,0.9658242676691272,-0.7718695455441993,0.44037030910118646,1.9707083446066898,1.257467928652914,1.5672036635700506,0.11737695129133853,0.19800065241236137,0.1880312807586075,1.0530197508283339,0.29258107979179365
DRGN,2705,2705,9,"log_daily_return,diff_TwitSIX,log_diff_AdrActCnt,log_diff_volume_trusted_spot_usd_1d,log_diff_TxCnt,log_UnemRt,log_IndPro,log_CPIPrc,log_TotRes",0,0.016087795633390467,0.011617725043133409,14023.15342516852,14079.117348209164,-7001.57671258426,2.9772266818163424,0.0015903365261134416,2.0073314795834705,-0.27497005145543574,0.20910746409066183,-1.3149700449536232,0.18867216548480872,-0.8715511597037638,0.28022706320363655,-3.110160559583146,0.0018964822634860803,0.06010660852520384,0.1406162533813176,0.4274513584301603,0.669097063988553,0.046513216138884844,0.4258726441604661,0.10921860508457303,0.9130401656204385,-0.4182046684995299,0.21006557013166766,-1.9908291884167506,0.04663684160188116,0.23704520947832022,0.45864057287716226,0.5168430869324945,0.6053233940308465,0.36538261524829935,0.3770139913293203,0.9691486885141593,0.3325893151020687,-0.49318210748209845,0.4866848582474094,-1.013350013103112,0.31101675617143826,0.6902920463298329,0.5059489852102289,1.3643510838212412,0.17261206411241242,0.10708667108420926,0.30829084498738757,0.34735598810464274,0.7283607924477606
ELF,2717,2717,9,"log_daily_return,diff_TwitSIX,log_diff_AdrActCnt,log_diff_volume_trusted_spot_usd_1d,log_diff_TxCnt,log_UnemRt,log_IndPro,log_CPIPrc,log_TotRes",0,0.006428970206901918,0.0019421968661402778,13512.015678089287,13568.039691445945,-6746.007839044643,0.9470563212987151,0.4826819977635458,2.0009298697306885,0.0018458190659815799,0.13661178599710808,0.013511418890465672,0.9892211278179077,-0.44741394209299223,0.3990904716068911,-1.121083999554117,0.2623871712403977,-0.0847922107485912,0.10943579377073606,-0.7748124066813802,0.4385424295156394,-0.10433049581867235,0.2627913362254902,-0.3970088866596071,0.6914034163825487,-0.11205846487201362,0.17184632340715497,-0.6520853204785408,0.5144213274793861,-0.04097791915247265,0.31055754424532955,-0.13194952082729483,0.8950375379768942,0.251134596149384,0.3900664509817296,0.6438251623981549,0.5197628945939596,-0.13203384428834758,0.3996830149600787,-0.3303463978861735,0.7411729598021766,0.38252269975026404,0.3677494932752552,1.0401719288405689,0.2983861988697876,0.11936718772784902,0.295009015390292,0.4046221691561806,0.6857986801807914
EOS,2548,2548,9,"log_daily_return,diff_TwitSIX,log_diff_AdrActCnt,log_diff_volume_trusted_spot_usd_1d,log_diff_TxCnt,log_UnemRt,log_IndPro,log_CPIPrc,log_TotRes",0,0.014509138582529002,0.009646519200534942,11579.643246999682,11634.785793527846,-5779.821623499841,2.565195245651301,0.006228229857230749,1.9958498038155323,-0.1981762111683627,0.1499123813843812,-1.32194692218404,0.1863515853462618,-0.5248711731714981,0.18683293666508913,-2.8093075157961347,0.005017762018932658,-0.22688715446854799,0.0766413807100292,-2.960374048152525,0.003112306867216402,0.05355742291738158,0.10839389504592192,0.49409999423575984,0.6212950579368121,-0.08544282013285286,0.13576683694393984,-0.6293349838306499,0.5292085854951787,-0.2535989262451724,0.13446884297653128,-1.8859307526683544,0.05946305194400699,0.2988609253107586,0.27493771262298583,1.0870132091357652,0.2771745942642756,0.08188995165620941,0.32417435729372474,0.25261082443362837,0.8005974278079367,0.11246577849256201,0.3138824123805507,0.3583054483352467,0.7201562036117883,-0.06453440205672423,0.2111799145257692,-0.3055896778897949,0.7599519509859978
ETC,3232,3232,9,"log_daily_return,diff_TwitSIX,log_diff_AdrActCnt,log_diff_volume_trusted_spot_usd_1d,log_diff_TxCnt,log_UnemRt,log_IndPro,log_CPIPrc,log_TotRes",0,0.009734129074352449,0.006180543413135897,16518.71509398145,16577.027296127493,-8249.357546990725,1.4802597951671663,0.14925841236083662,1.8920484893208473,-0.008317074623105759,0.13637915742884826,-0.060984939193842305,0.9513760626354747,-0.5135513886299403,0.32297986912250415,-1.59004147851442,0.11195149190236306,-0.08026127967726676,0.09646354542212494,-0.8320374222826148,0.4054670361210694,-0.06035058109319263,0.09352942335360004,-0.6452577053215593,0.5188192187868677,0.09545908812135995,0.13565511716823903,0.7036895482753659,0.48169145377838085,0.2612822635260316,0.1568241147146711,1.666084734490061,0.0958214162260566,0.4950697019053304,0.2726234414420714,1.815946931366596,0.06949786512705228,0.4299065879823826,0.40236931685066174,1.0684378007429958,0.2854258987762902,0.024478620435181855,0.33430667065931513,0.0732220520365491,0.941635257395808,-0.31182558689080714,0.2667433752075052,-1.1690096769909715,0.2425108279699488
ETH,3584,3584,9,"log_daily_return,diff_TwitSIX,log_diff_AdrActCnt,log_diff_volume_trusted_spot_usd_1d,log_diff_TxCnt,log_UnemRt,log_IndPro,log_CPIPrc,log_TotRes",0,0.0059340451418096185,0.00280586556358442,18344.18811510389,18403.80878819143,-9162.094057551945,2.4321050312297086,0.009426045486900101,2.0014813893117136,0.17955537199863153,0.10819845860210664,1.6595002767917024,0.09712466162040506,-0.26868947558663514,0.22844176825917664,-1.1761836621829849,0.23961938287665904,-0.16532961552133477,0.07986153379092609,-2.070203359156115,0.0385228609816672,0.006256131521136337,0.08818352419101588,0.0709444488472112,0.94344692762903,0.10226633289988823,0.13537120825144283,0.7554511348523644,0.45004055114360175,0.04075630610578062,0.17044542609325986,0.23911645527807038,0.8110324154543055,0.49273770090332314,0.2224268158774575,2.215280108918113,0.026819344463212397,0.08378142719803214,0.37997037866513106,0.22049462774536155,0.825501693974872,0.32238936048780603,0.30885613829367314,1.0438172356518456,0.2966581742033882,-0.3430274242551208,0.2670784757708532,-1.284369409646586,0.1991167561312245
FTT,2111,2111,9,"log_daily_return,diff_TwitSIX,log_diff_AdrActCnt,log_diff_volume_trusted_spot_usd_1d,log_diff_TxCnt,log_UnemRt,log_IndPro,log_CPIPrc,log_TotRes",0,0.01802207077588014,0.011650188033978881,9451.341462189677,9503.762285782246,-4715.670731094839,1.1283030336551005,0.3390146454077148,1.997368542429911,-0.565349231794047,0.386665573315879,-1.4621142165459757,0.14393644395618144,0.7189966240676178,1.3661499044621406,0.5262940924119817,0.5987680307169798,-0.08031351149898851,0.13821357771545148,-0.581082646339817,0.561279162676888,-0.3686707784833603,0.37562162888404577,-0.9814950741219665,0.32651983062907874,-0.06512907413405367,0.2528363933498585,-0.257593747763726,0.7967586666777099,0.041053515885383696,0.3458723549204026,0.11869556875926542,0.905533734944939,0.10145264419627213,0.2568952338839554,0.3949183589840373,0.6929638620498684,0.11633719915417277,0.283219508244795,0.4107668990570349,0.6813069166135639,-0.9597625025270207,0.5099078550674311,-1.882227333799555,0.06001435680844251,0.1506480680528717,0.19190290678712912,0.7850223353832785,0.4325745374051345
FUN,2828,2828,9,"log_daily_return,diff_TwitSIX,log_diff_AdrActCnt,log_diff_volume_trusted_spot_usd_1d,log_diff_TxCnt,log_UnemRt,log_IndPro,log_CPIPrc,log_TotRes",0,0.013808857196818347,0.00959035896239413,14127.80948999915,14184.372861663453,-7053.904744999575,2.0551765641766933,0.030334273512156035,1.9915092644133376,-0.13612031583495104,0.10430527094016907,-1.305018572963887,0.19202922784605614,-0.9008780828273609,0.3382355558606525,-2.6634635750669213,0.007793060148658059,-0.18276210057538855,0.11927643949890358,-1.5322565071794296,0.12560948725553558,-0.16487842737027128,0.2347432627424938,-0.7023776761215843,0.4825213590542796,-0.16182709382543087,0.1752383256835943,-0.9234686144948772,0.35586893853075774,0.43437861685988943,0.28409252763735515,1.5290040201774502,0.1264137663906982,0.6370877717386163,0.33532273577213056,1.8999241738608232,0.05757967378058906,0.2865166791037047,0.4034501144907063,0.7101663100663336,0.4776797117520527,0.22239076980513509,0.34311031114179036,0.6481611382213229,0.5169514597725783,-0.14893263011163052,0.2421407371318994,-0.6150663943444743,0.538577389026762
GAS,2853,2853,9,"log_daily_return,diff_TwitSIX,log_diff_AdrActCnt,log_diff_volume_trusted_spot_usd_1d,log_diff_TxCnt,log_UnemRt,log_IndPro,log_CPIPrc,log_TotRes",0,0.013610888539712152,0.00944108957158496,14607.411806240583,14664.092743331408,-7293.705903120292,2.682477899730783,0.004229400356048912,2.0020561912203765,-0.1109776909060746,0.1676620128821043,-0.6619131489499134,0.5080985197626298,-1.1333312664074386,0.5361448516817473,-2.1138527449297935,0.03464385798131891,-0.18540292381746631,0.08934392925018474,-2.0751597268382165,0.03809156898723816,-0.05630774080594935,0.18111198956932953,-0.3109001283672321,0.7559069823664559,-0.026952313642807733,0.14564445232094766,-0.1850555459772308,0.8532030950465591,-0.42218875470090766,0.17616600420385117,-2.3965393130695656,0.016636498533575787,0.38168467239669507,0.3087830360260461,1.2360933984874078,0.21656020636568332,-0.02847026359262053,0.37757159079498237,-0.07540361692116715,0.9399006658450573,0.3312396734290578,0.3790063630952051,0.8739686339932281,0.382233905970051,0.00835463065440159,0.2440380316572966,0.03423495345239477,0.9726930032887133
GNO,2951,2951,9,"log_daily_return,diff_TwitSIX,log_diff_AdrActCnt,log_diff_volume_trusted_spot_usd_1d,log_diff_TxCnt,log_UnemRt,log_IndPro,log_CPIPrc,log_TotRes",0,0.006641815463554135,0.0026273459256879184,14487.815403701774,14544.944313316675,-7233.907701850887,1.9766262637290462,0.03822765853886398,1.9971863368901277,-0.026402491858444475,0.12181519726686482,-0.21674218365877299,0.8284291239819286,-0.42588486708850626,0.3749229241520964,-1.1359264522212462,0.2561095728000205,-0.08918364813372415,0.0855951459015333,-1.0419241324305817,0.29755994923977613,-0.25333411679816675,0.20968128550698487,-1.2081865874946085,0.22710377796391912,0.1254892994374128,0.14699753510453095,0.8536830182096353,0.3933724580371669,0.22107048368018753,0.24910867153426267,0.8874459580977745,0.37493467945871806,0.4255301328721127,0.27011534785831987,1.575364510924831,0.11531436820739473,-0.1673086971871964,0.31247067396391365,-0.5354380782835269,0.592400428829867,0.32820581933639664,0.33730756692856395,0.9730164737333186,0.33065078624497835,0.08511848118292001,0.2469668531592505,0.34465548754444975,0.7303859297267841
GNT,3023,3023,9,"log_daily_return,diff_TwitSIX,log_diff_AdrActCnt,log_diff_volume_trusted_spot_usd_1d,log_diff_TxCnt,log_UnemRt,log_IndPro,log_CPIPrc,log_TotRes",0,0.007143400802751665,0.003256619857655907,15618.295404950084,15675.741103043629,-7799.147702475042,1.8784897535003908,0.05078841222931078,2.0115215150885235,0.01590788048244393,0.14320737148666818,0.11108283265938491,0.9115603584444201,-0.9513817862481999,0.547732482433547,-1.7369460763423414,0.08253062595505306,-0.10525173692719991,0.08859300138075389,-1.1880366991389117,0.23494166893932902,-0.2938306664519929,0.19610048080092068,-1.4983679043106832,0.1341749783370231,-0.07883993517971252,0.13495008474816067,-0.5842155292220895,0.559132633643886,0.16282631620527704,0.19980594494892365,0.8149222799496797,0.41520120805337035,0.5120898499002675,0.3085433711297317,1.659701350981064,0.09711093195259708,0.05235820604261798,0.3606880846488248,0.14516200637344392,0.8845956874552139,0.2830464052338019,0.3725114486510933,0.7598327682511381,0.44743246056067465,-0.2400828953097335,0.3050222752184341,-0.7870995491650704,0.4313047250840851
GUSD,2449,2449,9,"log_daily_return,diff_TwitSIX,log_diff_AdrActCnt,log_diff_volume_trusted_spot_usd_1d,log_diff_TxCnt,log_UnemRt,log_IndPro,log_CPIPrc,log_TotRes",0,0.26947755318059163,0.26566613171892517,5656.088017399448,5710.675644323258,-2818.044008699724,2.0505558719960613,0.030866249383717858,1.2766442094788655,-0.04030942488422508,0.030113826724494037,-1.338568666579931,0.18088752028324756,-2.44423926459376,1.1586249182308355,-2.10960357069309,0.03503623662804996,-0.02098630217737337,0.0184740738262853,-1.1359867008604037,0.25611992762904784,-0.16441870596258462,0.11145340042536506,-1.4752237736585512,0.14033488265894584,-0.021534709168475115,0.045815787436772636,-0.4700281360042923,0.6383943304617461,0.1562559482813357,0.10674529408619801,1.4638204861298831,0.14342520003758194,0.04300453317631657,0.05074228294552164,0.8475088364173023,0.396829135026569,-0.025597976968197822,0.07327992437172705,-0.34931773180260084,0.7268934243723952,0.11270566844470659,0.08362312318851188,1.3477811417140428,0.17790575816230156,0.04030760511605819,0.03254611210840342,1.238476810434471,0.215707823989827
HEDG,817,817,9,"log_daily_return,diff_TwitSIX,log_diff_AdrActCnt,log_diff_volume_trusted_spot_usd_1d,log_diff_TxCnt,log_UnemRt,log_IndPro,log_CPIPrc,log_TotRes",0,0.02346616956467318,0.012561945651623718,6323.943005961679,6370.98714951132,-3151.9715029808394,1.7014083062223304,0.08468696985274486,2.0205104836421968,-0.02019037166694973,0.4050862172000166,-0.04984215905074961,0.9602605187991973,-1.7046535149545137,0.6103828515775942,-2.7927611507247785,0.005349855265811562,0.3006452930395908,0.2989721639449827,1.0055962704772607,0.3149116118221201,0.2882236662202983,0.7921629550504885,0.36384390911328135,0.7160699901899736,0.6458722052471288,0.4912515847017227,1.3147483394670134,0.18896845760278114,0.49528080724295276,0.8172075980715895,0.6060648584419609,0.5446423244532755,-0.31058806382291815,0.5145207577542489,-0.6036453517999067,0.546249296550177,0.07357384974372821,0.6049953878603114,0.12161059608063629,0.9032377331886022,-0.19639138019585223,1.4659036498446527,-0.1339729116689658,0.8934574389588827,-0.1363296668259053,1.5076543545453014,-0.0904250144702573,0.9279719455018837
HT,2278,2278,9,"log_daily_return,diff_TwitSIX,log_diff_AdrActCnt,log_diff_volume_trusted_spot_usd_1d,log_diff_TxCnt,log_UnemRt,log_IndPro,log_CPIPrc,log_TotRes",0,0.0036361184061745044,-0.0021306178860083236,9488.48975094239,9542.046161972132,-4734.244875471195,1.1905437571345652,0.2966785489752393,2.0560978204294225,-0.1779611782978383,0.15605499311963977,-1.140374779046026,0.25430580447155277,-0.052052368116549216,0.2537104540609901,-0.20516445926203822,0.8374704884869493,-0.10326309946635925,0.05407507473292611,-1.9096247203794015,0.056365395573216376,-0.1398269577854298,0.298087812341735,-0.46907975434141147,0.639078387500172,-0.08454638596598796,0.11956491701213916,-0.7071170045424291,0.4795997207858247,0.24016062017785952,0.31190196249263163,0.7699875251138667,0.44142424726643203,0.22793123681380498,0.2630973406964566,0.8663380489154247,0.38643845636826035,0.22784998835761724,0.28646180581240366,0.795393953869125,0.42650576739993906,-0.3030595233290806,0.29014429908113376,-1.0445131070603435,0.2964104029837397,-0.1526121221944695,0.18347875282096027,-0.8317699997851489,0.40566648925978055
HUSD,1218,1218,9,"log_daily_return,diff_TwitSIX,log_diff_AdrActCnt,log_diff_volume_trusted_spot_usd_1d,log_diff_TxCnt,log_UnemRt,log_IndPro,log_CPIPrc,log_TotRes",0,0.22908374143734467,0.22333540148120223,-890.4791400136542,-839.4376990837789,455.2395700068271,1.4488447627445613,0.16227996037106396,2.232477495616662,-0.04509036300972444,0.02117746286242574,-2.1291673748948616,0.03344237395310116,-1.5449653362044158,0.7617578164219578,-2.028158166412064,0.04276336964958692,0.0011737794213071294,0.0034386888430643393,0.3413450518137408,0.7329032487539247,0.008145353905875237,0.004611772821754908,1.766208835667604,0.07761356559249061,-0.001074068457040149,0.0011330123102430646,-0.9479759816640736,0.34333143489000995,0.006780302133970204,0.007212805935480538,0.9400366784606248,0.34738683017163874,-0.001635833052037716,0.005208108581138515,-0.3140934998863092,0.7535043039879982,-0.0022913134401631964,0.005160694659282528,-0.44399322018438286,0.6571270706456183,-0.0027074117058831972,0.010826816646769277,-0.2500653510827755,0.802579364908699,0.003078109686383797,0.006475573062692667,0.47534166576198894,0.6346294724754684
ICP,1481,1481,9,"log_daily_return,diff_TwitSIX,log_diff_AdrActCnt,log_diff_volume_trusted_spot_usd_1d,log_diff_TxCnt,log_UnemRt,log_IndPro,log_CPIPrc,log_TotRes",0,0.04682323264933563,0.03550583039847033,5038.631357009169,5085.069254340646,-2509.3156785045844,18.59927785515066,3.505141258393176e-28,2.015410940885116,-0.4230717908381185,0.8475271672491302,-0.4991837514911858,0.6177947839429508,-0.8146824330660685,0.08361281372789132,-9.743511750691258,3.247493002818667e-21,-0.17034650162494638,0.10800258430774347,-1.5772446809194827,0.1151564560564811,-1.282878746857751,0.5837632886100437,-2.197600931556214,0.028279334367386548,-0.033750478777252374,0.2407678021513595,-0.140178539138863,0.8885561672579099,1.082940309984741,0.5899006202089224,1.835801273782694,0.06677861092616595,-1.2554046929682454,1.2487157525344525,-1.0053566557643057,0.3150459648273752,-0.41144650203154126,0.901291987279838,-0.45650744468872456,0.6481558953200521,-0.4112650034275024,1.5971544460604832,-0.25749858095560035,0.7968637972182773,0.424954577150944,0.29623806594397945,1.4345036172066614,0.15184102238375313
KNC,2803,2803,9,"log_daily_return,diff_TwitSIX,log_diff_AdrActCnt,log_diff_volume_trusted_spot_usd_1d,log_diff_TxCnt,log_UnemRt,log_IndPro,log_CPIPrc,log_TotRes",0,0.0048277249996518945,0.0005196199130703683,14134.618842462463,14191.063250078028,-7057.309421231232,1.22735676978155,0.2732834655946437,1.9996488143021318,-0.15357295741541332,0.175099440026525,-0.8770613851886064,0.38055463145656965,-0.31766222439453706,0.2912634134699947,-1.0906355199578197,0.2755596794908465,-0.09099408471019858,0.0971278597545981,-0.9368484484277011,0.34894533292457364,0.5715438275093376,0.4106686656248954,1.391739558798931,0.16415015521842558,0.09233971637668709,0.1688226886452652,0.5469627164315206,0.5844630486292681,-0.6419658668064676,0.40496796798036594,-1.5852262834713684,0.11306701330267947,-0.12407823829639583,0.3208374009775081,-0.3867324629808174,0.6989938593516026,-0.6075741807071051,0.39525456564519035,-1.5371718216975854,0.12440340835990435,-0.03386375324197258,0.3961445684612531,-0.08548332083287112,0.9318853860417895,0.4654592196920536,0.2776728011486426,1.6762866862242152,0.09383240319607374
LDO,1358,1358,9,"log_daily_return,diff_TwitSIX,log_diff_AdrActCnt,log_diff_volume_trusted_spot_usd_1d,log_diff_TxCnt,log_UnemRt,log_IndPro,log_CPIPrc,log_TotRes",0,0.011271394060031636,-0.0027641855195577048,4525.3701018806705,4570.047089141714,-2252.6850509403353,0.9053659905229993,0.5200056563197917,2.004399867025058,0.008559537528305738,1.4078129070557959,0.006080024899193866,0.9951507844666583,-0.29806999473998935,0.5302496769224635,-0.5621314028326604,0.5742251734034816,-0.19388697430893667,0.2017106797420627,-0.9612132315297803,0.33681140604280957,-0.2676943299302175,0.4405194725886376,-0.6076787669729046,0.5436181439982555,-0.9251693739092253,0.42277462197546567,-2.188327600143687,0.029009928196657476,1.2897362040867528,0.6997137730593201,1.843233981871916,0.06576143566253695,-0.5026544536965646,1.7710163189275907,-0.28382259854101094,0.7766389971604172,0.47824666705823016,0.9193422053245651,0.5202052775216489,0.6031021040711617,-0.6361261647421238,2.6078125770880853,-0.24393093672875443,0.8073632218249599,0.11181531915883683,0.4504484425251128,0.24823111504620876,0.8040359727877716
LEND,2730,2730,9,"log_daily_return,diff_TwitSIX,log_diff_AdrActCnt,log_diff_volume_trusted_spot_usd_1d,log_diff_TxCnt,log_UnemRt,log_IndPro,log_CPIPrc,log_TotRes",0,0.010414827667177384,0.005975013833181664,14205.631217430222,14261.719923722134,-7092.815608715111,1.9904466595074726,0.03676540962551708,1.9960929232921565,0.0833739894300641,0.17277265312268056,0.4825647341935694,0.6294574770891646,-0.2800796126231268,0.40990246619009735,-0.6832835509050985,0.49450659441810396,-0.06691010803394773,0.11805829446055739,-0.5667548251453185,0.5709441726078339,-0.6926263899293674,0.46110981961903497,-1.502085534638168,0.1332324109721071,-0.30424153779151725,0.23827873920577827,-1.2768303995799362,0.20180991041256563,0.5076598009980512,0.49692214305275023,1.0216083305914607,0.30708949867562474,0.7640715686441684,0.41858058779922813,1.8253870124781197,0.0680912693276768,-0.21116459292588088,0.4656797169811601,-0.4534545637821368,0.6502705007826901,0.6595788311741835,0.4410695395993045,1.4954078029813318,0.13496533935257274,-0.18648354792136304,0.28358964156894906,-0.6575823675704437,0.5108819728696838
LINK,2801,2801,9,"log_daily_return,diff_TwitSIX,log_diff_AdrActCnt,log_diff_volume_trusted_spot_usd_1d,log_diff_TxCnt,log_UnemRt,log_IndPro,log_CPIPrc,log_TotRes",0,0.004914327989345657,0.0006024497764925973,13985.508674437438,14041.94350350821,-6982.754337218719,1.2221930059067472,0.27645111398083916,2.001747363309846,0.016462843819417813,0.14176721120294422,0.11612589173282624,0.9075639952618947,-0.31898080277664187,0.23668740059515472,-1.3476881404525924,0.1779056874855302,-0.13473378835562855,0.11394137753703155,-1.182483407415707,0.23714929289292777,0.2191552169601267,0.331519143604533,0.6610635349057112,0.5086448875733554,0.21280511380772438,0.1918412657941258,1.109277052185925,0.267439100988577,-0.14297176097611203,0.37648048048197846,-0.3797587614451524,0.7041633218369513,0.36104690840969383,0.3086528382313645,1.1697508128503098,0.24223547604697576,-0.0034175756409408203,0.35950946507413967,-0.009506218814673022,0.9924161619585294,0.14895994234100077,0.359980589553773,0.413799928839634,0.6790633593186013,-0.19187996533665663,0.2478989504895982,-0.7740249200639834,0.4390041472037668
LOOM,2585,2585,9,"log_daily_return,diff_TwitSIX,log_diff_AdrActCnt,log_diff_volume_trusted_spot_usd_1d,log_diff_TxCnt,log_UnemRt,log_IndPro,log_CPIPrc,log_TotRes",0,0.007452810163034007,0.002652743151463355,12552.53200344139,12607.874286704131,-6266.266001720695,1.5943794474442596,0.1113485204741661,2.0011635528025162,-0.0582910345162791,0.19761271364703972,-0.29497613509014387,0.7680450129562421,-0.5504615827557964,0.3018768052428388,-1.8234643178795686,0.0683934320974983,-0.06674501527751506,0.09875140993334054,-0.6758892386708146,0.49919495054004004,-0.4860220418936214,0.40804966594071895,-1.1910855037049097,0.23377191027249164,-0.045649416917355926,0.20339814889637747,-0.22443378745109585,0.8224444200651048,0.3930301057337918,0.4379317840192598,0.8974687841257641,0.36958491012577876,0.4988613062187558,0.35038108097721177,1.4237678153952638,0.15468133042024637,0.12267299451715238,0.39514650930653394,0.31044939440927494,0.7562540006196001,0.4001405453034927,0.4069612451161302,0.9832399278936471,0.3256171757096713,0.04191214463978632,0.2799417559015799,0.1497173742616715,0.8810038231941086
LPT,2354,2354,9,"log_daily_return,diff_TwitSIX,log_diff_AdrActCnt,log_diff_volume_trusted_spot_usd_1d,log_diff_TxCnt,log_UnemRt,log_IndPro,log_CPIPrc,log_TotRes",0,0.00778066671399269,0.002302155057812283,11571.388517282317,11625.4130324905,-5775.694258641159,1.8059259887831653,0.0626726030207626,1.9955460723831255,-0.117610899966024,0.22077211121721044,-0.5327253488567245,0.5942963307846676,-0.6064006426674925,0.7595641324137213,-0.7983534461277019,0.42478170963998585,-0.20721741224561013,0.09704804622452382,-2.1352043684239237,0.03289303905875211,-0.9212812214812298,0.5112037307316496,-1.8021801604668757,0.07170174638794656,-0.0450887957604372,0.17946565552513788,-0.25123913335118087,0.8016608985982758,0.860304686552975,0.5726865066126153,1.5022262208369341,0.13323239008041807,0.6454910946487866,0.4605903102167809,1.4014430619371487,0.16127199430540645,-0.01638229456518342,0.5088037388351931,-0.03219766938562103,0.9743183567035446,0.3282210018667135,0.5018605413609537,0.6540083844341266,0.513198659532411,0.10010693492830453,0.2864952714524051,0.34941915243768723,0.7268197924239697
LTC,3803,3803,9,"log_daily_return,diff_TwitSIX,log_diff_AdrActCnt,log_diff_volume_trusted_spot_usd_1d,log_diff_TxCnt,log_UnemRt,log_IndPro,log_CPIPrc,log_TotRes",0,0.002788531388131177,-0.00012634461625560256,19429.473958809183,19489.829985738368,-9704.736979404592,1.321844449597994,0.21974542524699567,1.995357840834728,0.05150798097437345,0.1041428169477016,0.49458985731334415,0.6209249499740468,-0.1254260504457786,0.1946754605525136,-0.6442827980979399,0.5194400604888476,-0.12246410489581873,0.06258078446208568,-1.956896289307673,0.050449910455385306,0.03234994164250209,0.0868034999255423,0.3726801531073171,0.7094121608344508,-0.04984349446982376,0.10211180043080334,-0.48812668329749503,0.6254948700487093,-0.0941118940319203,0.11923949629270629,-0.7892677926187868,0.4300162779091231,0.3541248487695282,0.1857173038476625,1.9067951205020972,0.05664011114688154,0.30164041535820973,0.31211672008191355,0.9664346571341825,0.33390263034428713,0.10354619369927032,0.3143172796977918,0.3294320751274871,0.7418515347840993,-0.33933714868439524,0.22730452579005753,-1.49287458093911,0.13557247638607361
MAID,3675,3675,9,"log_daily_return,diff_TwitSIX,log_diff_AdrActCnt,log_diff_volume_trusted_spot_usd_1d,log_diff_TxCnt,log_UnemRt,log_IndPro,log_CPIPrc,log_TotRes",0,0.017430786180208435,0.01455870988128738,20532.351696423328,20592.707723352512,-10256.175848211664,4.1931467291365765,2.0974775987537583e-05,2.004035617924797,-0.002916948832434124,0.1495506920716838,-0.01950474980775047,0.9844397117584791,-1.6509941880705878,0.34836146877539403,-4.739313431747717,2.2416586017676165e-06,0.06264698828235253,0.11953506636414181,0.5240887899079747,0.6002545081908107,-0.3553040568401705,0.3341743308801476,-1.063229649938616,0.2877611987082721,-0.13552193829518172,0.14756089999770852,-0.9184136061604818,0.3584743074827066,0.29150194361220805,0.3249630929579395,0.8970309242161774,0.369772547042874,0.6351410766574157,0.21200595912257647,2.9958642638445516,0.002758504001068268,0.25248550666596126,0.3807999140860014,0.6630398204578872,0.5073546841323462,0.5827582150563593,0.45378287767560416,1.284222573670917,0.19916070899400903,-0.5414221362552554,0.24617852644929442,-2.1993069178873834,0.027930196402493994
MANA,2836,2836,9,"log_daily_return,diff_TwitSIX,log_diff_AdrActCnt,log_diff_volume_trusted_spot_usd_1d,log_diff_TxCnt,log_UnemRt,log_IndPro,log_CPIPrc,log_TotRes",0,0.0025564686896411004,-0.0016940009040109505,15680.173943081121,15736.77508627286,-7830.086971540561,1.2469301519090983,0.26151012344995234,2.005245144744037,-0.13011333720791307,0.16371530402712467,-0.7947536608205892,0.42684610899795494,-0.18310868855288132,0.39519269921153,-0.46334026139200246,0.6431682332140412,-0.09881805999318052,0.12309824015356757,-0.8027576988095279,0.4222051208366482,-0.05205179188230137,0.5173813596531088,-0.10060623737430507,0.9198725941910552,0.16100754419232702,0.2840552958627144,0.5668176109983281,0.5708983360391318,-0.017492516287728216,0.5511719128086033,-0.03173695154129264,0.9746848254274992,0.3663817014580703,0.37185307908471604,0.9852861844250071,0.32459637531218044,0.22615864068437985,0.41609176765740813,0.5435306782387221,0.5868218382151713,-0.4824224509097225,0.4548698292044308,-1.0605725417170035,0.28900547401613863,0.21687764384319674,0.3620239242203822,0.599069921443016,0.5491905095883894
MKR,2713,2713,9,"log_daily_return,diff_TwitSIX,log_diff_AdrActCnt,log_diff_volume_trusted_spot_usd_1d,log_diff_TxCnt,log_UnemRt,log_IndPro,log_CPIPrc,log_TotRes",0,0.026218557545062082,0.02181230667422529,13114.663938438067,13170.66796178307,-6547.331969219033,2.122289466791543,0.024830721056426946,2.0030360278707704,-0.11751608442831596,0.1540535426868921,-0.7628262380642741,0.4456574892168734,-2.633976452785257,0.7867347046371037,-3.347985588102699,0.0008291881337745971,-0.13501873739493903,0.09690435260444125,-1.393319637004117,0.16367883463228947,0.13838227406182466,0.22500114635325624,0.6150291956493491,0.538605794898466,0.08317947390793917,0.13355415528487155,0.6228145708421952,0.5334777811361475,-0.03392914882775633,0.2126174344397512,-0.1595783944866042,0.8732294020841957,0.654715280079604,0.2975289847807006,2.2005092396701262,0.027885362991464692,0.4134381305375261,0.38240209357177507,1.0811607401932952,0.279756685725824,0.21708783030806655,0.3538005508493675,0.6135881636896966,0.5395576693438044,-0.26636521987191486,0.2213441940289597,-1.2033982686578388,0.22896544693932852
NEO,2877,2877,9,"log_daily_return,diff_TwitSIX,log_diff_AdrActCnt,log_diff_volume_trusted_spot_usd_1d,log_diff_TxCnt,log_UnemRt,log_IndPro,log_CPIPrc,log_TotRes",0,0.005031815907809989,0.0008726363180144858,14229.587238919123,14286.379753178653,-7104.793619459561,1.5741034092140092,0.11731291560797395,1.9951837573998432,-0.07635071242972846,0.14691457760499688,-0.5196945985510673,0.6033298762685153,-0.28750183371759236,0.20693643248551352,-1.3893243942809286,0.1648777934289373,-0.16848186367025172,0.09210713508757241,-1.8291944865081815,0.0675087214086987,0.12077601413967265,0.197417632729784,0.6117792644438463,0.5407484052392496,-0.10462199935097263,0.14979509948253084,-0.6984340590072087,0.4849812127097377,-0.11298528517981031,0.15330739887811481,-0.7369852075413391,0.4612116457969191,0.41332682813517496,0.2629746617183838,1.5717363240790148,0.1161586501874732,0.06502468341591972,0.32666088875558774,0.1990586741609342,0.8422356434098053,0.1766550996059469,0.35110889093287184,0.5031347942701953,0.6149209713077083,-0.23812125333644527,0.23578163257040471,-1.0099228287654762,0.3126457484262901
OMG,2877,2877,9,"log_daily_return,diff_TwitSIX,log_diff_AdrActCnt,log_diff_volume_trusted_spot_usd_1d,log_diff_TxCnt,log_UnemRt,log_IndPro,log_CPIPrc,log_TotRes",0,0.008168429937741473,0.004022362064745488,14752.666574402327,14809.459088661857,-7366.333287201163,2.084907351172218,0.02774492044855018,1.971231428656111,-0.18792989970561527,0.1727303448522363,-1.0879958577422026,0.2767187132506232,-0.3200015150603374,0.275945093016984,-1.1596564793440332,0.24631728302582598,-0.12913398023482908,0.10024952408225786,-1.2881256187198518,0.1978406583571,-0.32812306356864546,0.40984349839614936,-0.8006057552521817,0.4234482518815348,0.12940483008445497,0.22937432798795848,0.5641643998244144,0.5727010162261796,0.009638350958768471,0.4562753605428916,0.021123978615238924,0.9831487144092048,0.27345276766042365,0.3261296940050123,0.8384785951328337,0.40185504211784895,-0.4911567584680838,0.3947784664021221,-1.244132596553001,0.2135861945147102,0.13991492047238074,0.4263257006446817,0.3281878626149069,0.7428015373316121,0.03896790586676645,0.28216937521113644,0.13810111688275267,0.8901734173971573
PAX,2374,2374,9,"log_daily_return,diff_TwitSIX,log_diff_AdrActCnt,log_diff_volume_trusted_spot_usd_1d,log_diff_TxCnt,log_UnemRt,log_IndPro,log_CPIPrc,log_TotRes",0,0.18601737775348182,0.18157747254122814,-872.0659914368302,-817.9202626233243,446.0329957184151,8.310411044444221,3.4159280872182934e-12,2.1950472237086944,-0.029087647251990534,0.008852608106953158,-3.2857714811914067,0.0010383694913234096,-1.3862273982064657,0.17246961509947425,-8.037516622315993,1.730601769703821e-15,-0.0030857505655265283,0.009504269644084889,-0.32466993057662114,0.7454720510304278,0.013941303977015335,0.0136320951179834,1.0226824164851982,0.306607941104181,-0.007312369778388426,0.008775825580037607,-0.8332400993727463,0.4048299276825269,-0.014346008591860544,0.01523917501730865,-0.9413901064569671,0.34664278352807554,-0.0005193697054327235,0.008195505284616832,-0.06337250570841475,0.9494775564556653,-0.000594962156743371,0.006953941545738753,-0.08555754356433336,0.9318285300221596,-0.0007359734772798398,0.014995504405058906,-0.04907960795447139,0.9608617943091631,0.0003728726500331408,0.010211198945725813,0.03651604987964878,0.970875298379538
PAXG,1932,1932,9,"log_daily_return,diff_TwitSIX,log_diff_AdrActCnt,log_diff_volume_trusted_spot_usd_1d,log_diff_TxCnt,log_UnemRt,log_IndPro,log_CPIPrc,log_TotRes",0,0.05434591242273279,0.04730047633978951,3596.7333864254333,3647.7830409081316,-1788.3666932127167,1.333831969075466,0.21445118695721535,1.9889062559188706,-0.024070056739135745,0.10957951313759037,-0.21965836541829556,0.8261743432018307,-3.7870491355671607,1.452788391982194,-2.606745178077921,0.009253275613289017,0.009098393185740187,0.0175742235622395,0.5177123844770738,0.6047537482880451,-0.03120060964254591,0.06128711578177228,-0.5090892146669667,0.610782664467511,0.0331913166662921,0.04875270701847395,0.6808097169602266,0.49612237276004967,0.03964187374215976,0.08357846918849687,0.47430724835070054,0.6353665453861307,0.04787787823111328,0.22845576194302886,0.20957176927344395,0.83403725217736,-0.08947778816689156,0.06865754425003077,-1.30324772236303,0.19273854212113278,0.16600762323192014,0.3357225923269361,0.4944785576725717,0.6210581561517727,0.033509736412644764,0.04792673768165752,0.6991866760309368,0.48456997390301315
PAY,2797,2797,9,"log_daily_return,diff_TwitSIX,log_diff_AdrActCnt,log_diff_volume_trusted_spot_usd_1d,log_diff_TxCnt,log_UnemRt,log_IndPro,log_CPIPrc,log_TotRes",0,0.013553501313399496,0.00927081029160537,14450.856606113506,14507.272250526115,-7215.428303056753,1.983967127454346,0.03745247804523023,2.0145339514933913,-0.1864241487763737,0.1938040922801912,-0.961920600246418,0.3362016763297687,-1.4247372685858244,0.5774707300010035,-2.4672025690087334,0.013697614152318936,-0.09712668018851833,0.10199999288630321,-0.9522224211994109,0.3410952027751144,-0.9814704176761126,0.39006197284695543,-2.5161909798912956,0.011938064437916706,-0.16926802007189096,0.2541798357269468,-0.6659380339427375,0.5055248031890855,0.9267433931096192,0.40136592814800415,2.308973752171314,0.021042945715136686,0.46479187912854303,0.34768891993212886,1.3368038280290135,0.1814333647042143,-0.009277443433280685,0.4351960643763925,-0.02131784773048133,0.9829941582622701,0.5317272497675978,0.4658258731568127,1.141472125977426,0.2538053436161289,-0.12493294809717043,0.3295623188535752,-0.3790874773905152,0.7046617291041399
PERP,1577,1577,9,"log_daily_return,diff_TwitSIX,log_diff_AdrActCnt,log_diff_volume_trusted_spot_usd_1d,log_diff_TxCnt,log_UnemRt,log_IndPro,log_CPIPrc,log_TotRes",0,0.01178702473525195,0.0013603931087775578,5875.5956063913145,5923.199753302149,-2927.7978031956573,2.0554562344842546,0.03105103452532213,1.9967364405738082,0.19236148139295686,0.8835378047308435,0.21771731822109966,0.8277014382045058,-0.7352505898462061,0.9781885416958581,-0.7516450648374216,0.45247186690797125,-0.3213170034490784,0.10211871556139661,-3.1465045528886786,0.0017096992202113165,-0.18064070204017663,0.3805887915824027,-0.47463484483900104,0.6351687525604586,-0.876418617241131,0.38918114131100734,-2.251955514310896,0.024578707055453747,0.9319811613252753,0.56650759091102,1.645134462940779,0.1003105046024636,1.2614437888390735,1.1167901609334872,1.1295262377532724,0.2589934404644873,-0.10968212050386986,0.8567323474849443,-0.12802378808954373,0.8981603235581777,1.7497383169670027,1.702325235006279,1.0278519527207437,0.3043108436047165,-0.08567263756759592,0.25081110826076375,-0.3415823093390411,0.7327493818534054
POLY,2542,2542,9,"log_daily_return,diff_TwitSIX,log_diff_AdrActCnt,log_diff_volume_trusted_spot_usd_1d,log_diff_TxCnt,log_UnemRt,log_IndPro,log_CPIPrc,log_TotRes",0,0.008654659519781505,0.003747009319384431,12280.701511153982,12335.811288674124,-6130.350755576991,1.5339575261791323,0.1303724331624168,2.010544253162723,-0.09930247294441721,0.2048313503963326,-0.4848011437325132,0.627875817016404,-0.39108725063802147,0.3403551588273195,-1.149056332759866,0.25068390251813816,0.02049750211990515,0.10712341254634573,0.1913447455852579,0.8482768734946893,0.01407660035632681,0.33023110180383275,0.04262651300690853,0.9660039412770998,-0.012874498246941242,0.19157631190303467,-0.06720297577008164,0.9464275057615597,-0.2697464878513632,0.370782260414001,-0.7275064550018515,0.46700943901885683,0.42742834364068405,0.3860302876397633,1.1072404350809713,0.2683364661658672,-0.1590921281451001,0.43875062629552847,-0.36260262347281685,0.716943898558092,0.29181365104091983,0.42961353547781167,0.6792468740920087,0.49706791756135105,0.1870784569509355,0.31956397728514424,0.5854178513493934,0.5583394451918662
POWR,2767,2767,9,"log_daily_return,diff_TwitSIX,log_diff_AdrActCnt,log_diff_volume_trusted_spot_usd_1d,log_diff_TxCnt,log_UnemRt,log_IndPro,log_CPIPrc,log_TotRes",0,0.0029486957133567637,-0.0014436007812981266,13947.417865923382,14003.688440093572,-6963.708932961691,0.8328487659569844,0.5857528654270377,1.995963062802645,-0.11105972787591852,0.1504580928795999,-0.7381439293185187,0.4605117697039727,-0.012903327065579555,0.2953762813804709,-0.04368437101745121,0.9651602664313932,-0.03675165543116479,0.11736497866334347,-0.3131398808207121,0.7542063545180214,-0.21287103251687722,0.3651485484632451,-0.5829710494886555,0.5599771296074489,-0.20932824679721376,0.2619939148888389,-0.7989813308680448,0.4243941115709724,0.10033901144679558,0.42896982957385016,0.23390691962293705,0.8150806769736257,0.10399717676231321,0.33723772410354974,0.3083794288991839,0.7578250722871919,-0.18560263398728,0.4413953662232438,-0.42049067160666126,0.6741712658029035,-0.1099225372262938,0.40140952434197474,-0.2738413778459501,0.7842342060015755,0.18324384891654144,0.31360218846499666,0.5843194201337487,0.5590699427935628
PPT,1818,1818,9,"log_daily_return,diff_TwitSIX,log_diff_AdrActCnt,log_diff_volume_trusted_spot_usd_1d,log_diff_TxCnt,log_UnemRt,log_IndPro,log_CPIPrc,log_TotRes",0,0.01088818154900395,0.005961780682341544,13016.048842106386,13071.098262790347,-6498.024421053193,2.005290308828016,0.03525694371180451,2.0046097307708592,-0.2207065298110153,0.20458878055189159,-1.0787811981460813,0.28082925573838624,-0.7347760010677539,0.46823125479716765,-1.5692587659190975,0.11676273625257634,-0.1839631672540647,0.14172320757208098,-1.2980454676803748,0.19443736626204222,-0.8203386300176082,0.4159342682855155,-1.9722794983905771,0.048729977019603826,-0.032078507860697575,0.29436725419272597,-0.10897444401100188,0.913234859742509,0.7568956737386441,0.46479240159813606,1.628459654538551,0.10360177476193856,0.6773514392439681,0.33251431779404533,2.037059467807669,0.04178954833727458,0.4392170597380959,0.3553845191362048,1.235892494151557,0.2166591623405337,-0.2861090001748874,0.386887403014236,-0.7395149026456145,0.4596904498603893,-0.2832377050874868,0.4593963016731234,-0.6165432852984097,0.5376136768032527
QASH,2593,2593,9,"log_daily_return,diff_TwitSIX,log_diff_AdrActCnt,log_diff_volume_trusted_spot_usd_1d,log_diff_TxCnt,log_UnemRt,log_IndPro,log_CPIPrc,log_TotRes",0,0.009383463887245536,0.005013096816159912,14201.933243869888,14258.189194591212,-7090.966621934944,0.8179496646496275,0.5995998995168534,2.043243635415651,-0.12406636334354694,0.24428265039742322,-0.5078803719449723,0.6115921475599282,-0.6729242461338876,0.6122475366314365,-1.0991048650620827,0.27185202138730324,0.04396545608661122,0.11672510400487289,0.37665810162632885,0.7064668756095651,0.5416473187981388,0.424139212094358,1.2770507968917497,0.2017296466410125,0.20987196747961442,0.23676939213754378,0.886398218895185,0.3755074569478858,-0.5771336646605882,0.4728590767052346,-1.22051937478268,0.2224091086222276,0.2888322616198873,0.2794714681060246,1.0334946303366876,0.30149498328543384,0.1767661172165313,0.29846296887240775,0.5922547707822956,0.5537456328489456,0.06360924736325493,0.4755005742270029,0.13377322933134467,0.8935950917915781,-0.08802979278184786,0.3382039200217997,-0.260286139723554,0.7946693313600479
QNT,2268,2268,9,"log_daily_return,diff_TwitSIX,log_diff_AdrActCnt,log_diff_volume_trusted_spot_usd_1d,log_diff_TxCnt,log_UnemRt,log_IndPro,log_CPIPrc,log_TotRes",0,0.011089554335578233,0.005325179976135352,10316.617488185952,10370.103363495227,-5148.308744092976,1.5091678631738332,0.13910891938344086,1.9969434926023322,0.07837153841335454,0.17894949955117076,0.43795338131663303,0.6614813375667077,-1.087498138036089,0.4584702728990663,-2.3720145063265754,0.01781339603061277,0.042396726304373335,0.16273009662528187,0.2605340203416714,0.7944866176819133,0.2078213849816878,0.4245280694819925,0.4895350859491356,0.624532460633249,0.3550238183155602,0.2112081254591877,1.6809193185333315,0.09298084372745212,-0.19454062707430977,0.43460206563847664,-0.4476293199124788,0.6544835328638362,0.4487315367873898,0.3599031488722753,1.2468119220224951,0.21265557475864624,0.21221953514194644,0.39496454022083816,0.5373128813621781,0.5911289333399445,0.0027076197297342397,0.4418932196203927,0.006127316757790975,0.9951119306969046,-0.1162807528457046,0.23262279109000836,-0.49986827301333636,0.617239061532975
REN,2367,2367,9,"log_daily_return,diff_TwitSIX,log_diff_AdrActCnt,log_diff_volume_trusted_spot_usd_1d,log_diff_TxCnt,log_UnemRt,log_IndPro,log_CPIPrc,log_TotRes",0,0.00842983958377852,0.0029982318882544323,11406.69245089457,11460.795921872781,-5693.346225447285,1.7486106412829183,0.07350950900561753,1.9993106051232359,-0.15694759638212016,0.2365822851728799,-0.6633953859539079,0.5071704264948711,-0.7011064806958812,0.35481948719134615,-1.9759525787200924,0.048327213993702205,-0.17070270688484548,0.11910324189740407,-1.4332330855602518,0.1519814922077548,0.2844940555158226,0.36348341064558726,0.7826878674064637,0.4339232207025654,-0.0009639771157724936,0.23761617566653753,-0.004056866554090603,0.9967635901873337,-0.34999726507683165,0.42474354602190845,-0.8240202078521486,0.4100476760151158,0.2538928074497543,0.4156571289906909,0.6108226943352643,0.5414014558564356,-0.34360483364133276,0.40594323045274294,-0.8464356783536333,0.3974330055181766,0.047098025505713265,0.46088788652082524,0.1021897664988536,0.9186185202178009,-0.00023208248560330214,0.27394662898063105,-0.0008471813888234089,0.9993241499761829
REP,3161,3161,9,"log_daily_return,diff_TwitSIX,log_diff_AdrActCnt,log_diff_volume_trusted_spot_usd_1d,log_diff_TxCnt,log_UnemRt,log_IndPro,log_CPIPrc,log_TotRes",0,0.0071412935397251465,0.0034746015585422896,16330.214050641693,16388.24023127612,-8155.107025320846,1.2322283542653532,0.27021270888903126,2.0135736487115947,-0.09145598635059264,0.1606277527877234,-0.569366032726958,0.5691602365221974,-1.1242917134908381,0.45341998796800376,-2.479581278561049,0.013220806729221468,-0.07688326074767726,0.08195048567294802,-0.9381672374036527,0.3482514402387866,-0.002418816805180579,0.37850248808348497,-0.006390491162761047,0.9949016835226234,0.010042815488660789,0.13936181036520842,0.07206289486583745,0.9425577684080221,0.11437141930129736,0.3979717353364199,0.2873857843311789,0.773841378868317,0.35057020890071666,0.28604391577032257,1.225581771094915,0.22047452759047761,0.13264641971834074,0.38413326823759,0.34531354268513315,0.7298884684862963,0.17822170448487412,0.3900968139208953,0.4568653168262336,0.6478085728246777,-0.2542347010116234,0.2794493382244137,-0.9097702740217566,0.363033642104157
SNT,2903,2903,9,"log_daily_return,diff_TwitSIX,log_diff_AdrActCnt,log_diff_volume_trusted_spot_usd_1d,log_diff_TxCnt,log_UnemRt,log_IndPro,log_CPIPrc,log_TotRes",0,0.0069884804569126935,0.0028870102063904834,15055.99425547477,15112.906256449998,-7517.997127737385,1.0469668046692808,0.39966301308196955,1.9437536685408603,-0.11359410140975164,0.14056596034937036,-0.808119555598088,0.41910997446235454,0.28268402235995577,0.4206275706759052,0.6720530038145422,0.5016212024547883,-0.12386127423476288,0.11382780963701765,-1.0881459867297867,0.2766510041912749,0.9510787396097163,0.7841580064449711,1.212866197619394,0.22531245192602062,-0.14016093773455932,0.28918671419562436,-0.48467281121270844,0.6279571712132008,-0.9153247119980501,0.7856422044363909,-1.1650656072565395,0.24411996294933072,0.21435876167019968,0.3248444842856201,0.6598811801949032,0.5093998224664434,-0.0865831165405195,0.4161322995737646,-0.20806632080519763,0.8351966285801751,0.1293139033785706,0.35169168066371315,0.3676911069790709,0.7131392824997691,0.06772560001197274,0.25905000214174645,0.2614383302529941,0.7937792092802173
SNX,1878,1878,9,"log_daily_return,diff_TwitSIX,log_diff_AdrActCnt,log_diff_volume_trusted_spot_usd_1d,log_diff_TxCnt,log_UnemRt,log_IndPro,log_CPIPrc,log_TotRes",0,0.010414395275424426,0.002696656590397417,7902.473157769004,7953.069334051917,-3941.236578884502,1.4897374519716944,0.14653700356340205,2.0032133843706035,0.691133443003054,0.701493181759403,0.9852318753400199,0.32471670350150905,-0.3159994720229356,0.3701533266047707,-0.853698857501671,0.39344903457350855,-0.07448336481509561,0.18374670941263416,-0.40535890440263983,0.685288850402183,-0.4622338655027216,0.5585099788035287,-0.8276197078751303,0.40805701374512926,0.34318685520755976,0.2628713236940452,1.3055317346330004,0.19197206050029364,-0.10516577541314326,0.615429185147205,-0.17088200876919507,0.8643464993585893,1.8622014788203833,1.393081602401835,1.3367497464683553,0.1815678063317407,0.06594825798111258,0.4539418709108702,0.14527908132550582,0.8845158999904752,2.198930213972443,1.8605413313088228,1.181876573752638,0.23749815918144482,0.10987954939896599,0.2633453437729741,0.4172450814003814,0.6765767623835801
SOL,1877,1877,9,"log_daily_return,diff_TwitSIX,log_diff_AdrActCnt,log_diff_volume_trusted_spot_usd_1d,log_diff_TxCnt,log_UnemRt,log_IndPro,log_CPIPrc,log_TotRes",0,0.013149621929029687,0.005446540053367421,7975.270208255657,8025.857789780844,-3977.6351041278285,2.0447445642164044,0.031714292743142865,1.9895655519283828,0.9540459277271445,0.6305633341148443,1.5130057142735551,0.13055224929343665,-0.34153303569576154,0.31445746859447776,-1.0861024774584072,0.27766067026920477,-0.13212191478579216,0.1056396608944415,-1.2506847680797892,0.21130324895914976,0.11910377550683995,0.2373457198787621,0.5018155607258433,0.6158930730375369,0.25176662657169824,0.2470243095136346,1.0191977747752874,0.30832288700640326,-0.11656560841606686,0.15609442133378165,-0.7467634488154508,0.45535860538176,2.6515294124782827,1.2559399321451388,2.1111912637011905,0.03497064849473742,0.7023411015156049,0.5523744261048776,1.2714946027972946,0.20380916941205648,2.398473425223776,1.5604313051779626,1.5370580026592309,0.12455346682963482,0.40381042106067394,0.2415495622827495,1.6717497529057308,0.09484501493849977
SRM,1754,1754,9,"log_daily_return,diff_TwitSIX,log_diff_AdrActCnt,log_diff_volume_trusted_spot_usd_1d,log_diff_TxCnt,log_UnemRt,log_IndPro,log_CPIPrc,log_TotRes",0,0.018985123841607554,0.010413149195563354,7422.142224279751,7471.611984201105,-3701.0711121398754,1.7854957850769648,0.06689280234552646,1.997751345475333,-0.7092719670062841,0.9066004470545316,-0.7823423971504194,0.43419319195716144,-0.7614452760874352,0.9232805581186642,-0.824717112682417,0.4097231608231676,0.014275573298239863,0.17063333913443626,0.08366227473865831,0.9333412089106021,0.8474635348857155,0.7200392600965125,1.1769685097061557,0.2394799851665432,1.3512428088480053,0.43221101442198023,3.1263497776776865,0.0018195030811178358,-1.6931690456718376,0.7825351939901029,-2.1636969923850504,0.030716967966019068,0.549396299877565,1.269618009547727,0.43272566689037056,0.6653046698602253,0.44301086084980235,1.01424745858362,0.4367877455354532,0.6623568365679543,-0.5334938426669198,1.870514746545537,-0.28521231583561435,0.7755388251140396,0.01789726013548454,0.2629097742689755,0.0680737724006197,0.9457401205898764
SUSHI,1733,1733,9,"log_daily_return,diff_TwitSIX,log_diff_AdrActCnt,log_diff_volume_trusted_spot_usd_1d,log_diff_TxCnt,log_UnemRt,log_IndPro,log_CPIPrc,log_TotRes",0,0.02055491202132076,0.011818533634989525,7193.704977989348,7242.970748321575,-3586.852488994674,1.52629937328889,0.1337393451163918,1.979799240359552,0.22238681836502366,0.7326684769564135,0.3035299393374249,0.7615486097385384,-1.2735319523675626,0.7606296250418823,-1.6743128461469516,0.09437903473055231,-0.1383066395268841,0.10165330431222865,-1.3605719997263892,0.17395282852241067,0.4718177085588524,0.49174760655832567,0.9594712862174157,0.337551229634807,0.728449296456823,0.5213354033341314,1.3972757111796401,0.16263785152268226,-1.1969832514179937,0.760636944093518,-1.5736591033511886,0.11587976850161663,1.8223894532268567,1.27298835398714,1.4315837592063838,0.15257264885189875,2.46865228637069,1.327606655655639,1.8594756781718191,0.06325064539622736,-0.1373716241875449,1.7118173344115337,-0.08024899703143193,0.936055135222037,-0.06205568506918903,0.2493666205448156,-0.24885321433000904,0.803524969945243
SWRV,1647,1647,9,"log_daily_return,diff_TwitSIX,log_diff_AdrActCnt,log_diff_volume_trusted_spot_usd_1d,log_diff_TxCnt,log_UnemRt,log_IndPro,log_CPIPrc,log_TotRes",0,0.008488257076733952,-0.0005437324843080571,7737.752947463968,7786.810480227083,-3858.876473731984,0.5116691848100013,0.8668493056855754,2.0163886452259927,-1.1061734057163042,1.4779595203641378,-0.7484463481406897,0.4543691018028275,0.20194318672337558,0.6669507991529485,0.30278573319029034,0.7621168929059142,0.10718654260802615,0.15505055507982032,0.6913006054886183,0.4895390482344677,-0.4707992283009794,0.8124082825752378,-0.5795106209510836,0.5623767929136317,-1.3505818374712413,0.8589458550646806,-1.5723713311004213,0.11618462109333315,0.9609637426656762,0.8758063182274723,1.0972331697841051,0.27280682298514847,-0.2969758544450045,2.321342992807863,-0.12793277657162883,0.898228206502275,0.8386541496131502,1.363173626264674,0.6152218128744202,0.5385499199257321,-2.152390762383176,3.4175895794583195,-0.6297979064894987,0.5289724293891185,-0.4329765065641115,0.3950975191860716,-1.095872501189259,0.2734016260954475
TRX,2532,2532,9,"log_daily_return,diff_TwitSIX,log_diff_AdrActCnt,log_diff_volume_trusted_spot_usd_1d,log_diff_TxCnt,log_UnemRt,log_IndPro,log_CPIPrc,log_TotRes",0,0.011200712831777815,0.006278592486360757,11111.784287420272,11166.839210167647,-5545.892143710136,1.8217902048308754,0.05985150586455368,1.9983818196621936,0.06041048042959166,0.10844605148131488,0.5570556014204013,0.577558390583474,-0.5226398836139412,0.21552002327688186,-2.4250177578279946,0.015405033043586341,-0.09153834723007923,0.07242316104112194,-1.2639374740644593,0.2064154011661785,0.06944125498314443,0.19230410088634,0.36110126961976335,0.7180659325239735,0.06622271105498882,0.12131807213728753,0.5458602324313976,0.5852293579101102,-0.2616414107275371,0.12377912299900978,-2.1137765754700832,0.03467098125832503,0.34337001653391425,0.2725472722927184,1.2598549001992267,0.2078843068149241,0.03186643190946595,0.3135758717177894,0.10162271648931254,0.9190674160286126,0.30292156373806234,0.26216181947918066,1.1554755163808992,0.24804842870409816,-0.03603869968058692,0.18461678118608765,-0.19520814656746233,0.8452519356063403
TUSD,2521,2521,9,"log_daily_return,diff_TwitSIX,log_diff_AdrActCnt,log_diff_volume_trusted_spot_usd_1d,log_diff_TxCnt,log_UnemRt,log_IndPro,log_CPIPrc,log_TotRes",0,0.2549266299915015,0.25119504383119184,-1267.7882025433914,-1212.7939696374692,643.8941012716957,8.442346434271643,1.9274604625101223e-12,2.2019262548281886,-0.025792913976208438,0.005257389139909839,-4.906030976556316,1.0132802600780465e-06,-1.3262324116762139,0.15748736179260103,-8.421198987527404,7.511840357020116e-17,0.005088006035930458,0.004403317642668684,1.1554937546696746,0.24804190059215753,-0.011520283418118366,0.012929727567426802,-0.8909919685501204,0.37305275533402127,0.0032773759026792923,0.0053609976644676885,0.6113369390927936,0.5410538658329256,0.016131222138573563,0.014938382467051118,1.0798506581387532,0.28035359772176116,-0.0010502505586793406,0.003598353059113392,-0.2918697919370132,0.7704198704410333,-0.0015644300050709535,0.004744450086116405,-0.3297389532348366,0.741635649134576,0.0007929818555839265,0.010366693554023558,0.07649322818809008,0.9390352163770066,0.0006094641535715562,0.004747951627616484,0.12836359789906132,0.8978756010484894
UMA,1726,1726,9,"log_daily_return,diff_TwitSIX,log_diff_AdrActCnt,log_diff_volume_trusted_spot_usd_1d,log_diff_TxCnt,log_UnemRt,log_IndPro,log_CPIPrc,log_TotRes",0,0.010639800440176761,0.0017533315818550887,6796.280052372262,6845.476890870736,-3388.140026186131,1.1958325126616391,0.29377815872906315,1.9996555847527409,0.2692265098311257,0.7383847820109912,0.36461546390201494,0.7154754054677992,-0.4837028415460056,0.6384608573559646,-0.7576076684624757,0.4488640150668556,-0.141206547012863,0.08213704131206483,-1.7191579433251591,0.08589446346723242,-0.6843411571391677,0.2888140687016969,-2.369486916670922,0.01800147801840981,0.044161208659854095,0.3970633375011418,0.11121955740808506,0.9114645169544062,0.2980806827726312,0.47125472425721004,0.6325256117961786,0.5271877863955765,1.141940857128657,1.120261395004305,1.0193521460446904,0.30828186849930117,1.1433334763251262,0.8777073848435534,1.3026362727128236,0.19299827144471396,0.5322137047135399,1.5818290450289336,0.33645462914344515,0.7365985084741132,0.09453817984146787,0.22139749217142554,0.4270065523970255,0.6694662892643325
UNI,1716,1716,9,"log_daily_return,diff_TwitSIX,log_diff_AdrActCnt,log_diff_volume_trusted_spot_usd_1d,log_diff_TxCnt,log_UnemRt,log_IndPro,log_CPIPrc,log_TotRes",0,0.008000231188945883,-0.0009997667135737132,6544.4747438755885,6593.572276692036,-3262.2373719377943,0.9284917602779059,0.4992228954226803,2.0070586574869074,0.19317780557691708,0.5948967142617447,0.3247249496354119,0.7454577144251271,-0.3815901632621794,0.2980038297712744,-1.2804874472756262,0.20067307177480367,-0.07693974701155115,0.07216441168342204,-1.0661729960340842,0.2866048612984464,0.3916986400058756,0.4017331474386928,0.9750219579917823,0.32978706504928446,0.13378784855812093,0.25163952612435553,0.5316646816923566,0.5950772912291631,-0.4310990507216181,0.4787508652192705,-0.9004663636987316,0.3680906638200355,1.276166841331852,1.0374697994835218,1.2300761351965712,0.21896022270272913,1.347687095241408,0.8475853957292322,1.5900310482366278,0.11214642736876015,0.06512110090171302,1.348656122665239,0.048285919447738475,0.9614980955101596,-0.1638593839503765,0.20581812060261198,-0.7961368195891348,0.4261429898788264
USDC,2437,2437,9,"log_daily_return,diff_TwitSIX,log_diff_AdrActCnt,log_diff_volume_trusted_spot_usd_1d,log_diff_TxCnt,log_UnemRt,log_IndPro,log_CPIPrc,log_TotRes",0,0.13253419086373297,0.12797657715548638,-2930.958229677117,-2876.4400073118377,1475.4791148385584,1.4294374183727179,0.1698387906814555,2.172846525828207,0.026611802896642694,0.017914738659053988,1.4854697801127714,0.13760342387949723,-1.3133870263032221,0.7968496539354024,-1.6482243793629023,0.09949001718929867,-4.426422575018365e-05,0.00259456203173096,-0.017060384453653942,0.986390429684367,-0.006929027249958757,0.00623001745165382,-1.1122002953810952,0.2662081016858681,0.007857684219024965,0.005959686569584773,1.3184727296107503,0.18752170164827023,0.0005357132214315529,0.007320719344203246,0.07317767506764837,0.9416732747730897,-9.504518860787192e-05,0.0026468438862524966,-0.035908875888574054,0.9713592023120712,-6.011214891696792e-05,0.003652477046235944,-0.016457912850928503,0.9868709947851776,-8.632340617866722e-05,0.009516300887733463,-0.00907110937296427,0.9927634573959341,-7.890931113580576e-05,0.002551934194201353,-0.030921373801529792,0.9753358463550669
VTC,3265,3265,9,"log_daily_return,diff_TwitSIX,log_diff_AdrActCnt,log_diff_volume_trusted_spot_usd_1d,log_diff_TxCnt,log_UnemRt,log_IndPro,log_CPIPrc,log_TotRes",0,0.0034454575387380393,0.0005325017471982108,22186.767815630796,22247.12384255998,-11083.383907815398,1.4855256535923838,0.14715051539549764,1.9999535062892981,0.02668946202730518,0.15022301609830213,0.17766559825852699,0.8589972908413868,-0.272974810503239,0.3568873444606706,-0.7648766893534975,0.4444035942299073,-0.15677191117127992,0.09603936755216053,-1.6323713407018696,0.10270353831287786,-0.38520715689623186,0.2719712664941199,-1.4163524031850627,0.15677350916233085,0.19119563937788278,0.1747237288674155,1.0942740325955758,0.27392040700317494,0.26549826426304596,0.2764493765241057,0.9603865546786471,0.33693611241355315,0.3043365966468903,0.25934378984169937,1.1734871185180644,0.2406912860871532,0.0793344119880843,0.4497033610331985,0.17641498566035307,0.8599795346304686,0.11968212210439527,0.30552630837834127,0.3917244401624156,0.6952889383908294,-0.28900785669160367,0.3492011436187102,-0.8276257451412271,0.4079466230554222
WNXM,1739,1739,9,"log_daily_return,diff_TwitSIX,log_diff_AdrActCnt,log_diff_volume_trusted_spot_usd_1d,log_diff_TxCnt,log_UnemRt,log_IndPro,log_CPIPrc,log_TotRes",0,0.005356252471534706,-0.0034632487380772403,6899.306020755441,6948.630499671166,-3439.6530103777204,1.0233558119414456,0.41900040965583085,2.000459982200934,0.9934931140656269,0.6832597319343645,1.4540489767382694,0.14624186275837772,-0.34022116029834326,0.4947653661190659,-0.6876414227758793,0.4918357163326562,-0.17021545212328043,0.08815772900581471,-1.9308057732754589,0.05378532979187446,-0.08126944088619745,0.4017895480034936,-0.2022686784413088,0.8397472186930118,-0.36673634250030274,0.28181433575006276,-1.3013402654773252,0.19343731585225854,0.3127393792182231,0.5130454584774807,0.609574403302023,0.5422801990081618,1.7306511061474914,1.266547728035363,1.3664318113238685,0.17210609129606808,0.741760626454929,1.1502519003505092,0.6448679860723524,0.5191584616306304,2.0797694545439316,1.7082156007733704,1.2175099288417373,0.22369323543529634,0.12935698808581353,0.2394305140455423,0.5402694330815679,0.5891297569811074
WTC,2484,2484,9,"log_daily_return,diff_TwitSIX,log_diff_AdrActCnt,log_diff_volume_trusted_spot_usd_1d,log_diff_TxCnt,log_UnemRt,log_IndPro,log_CPIPrc,log_TotRes",0,0.0038661176948756593,-0.000384809256639862,14921.2008787801,14977.787874362784,-7450.60043939005,1.2678297445901006,0.24937422552395297,1.9975087007239383,-0.13113750027834778,0.15556558340523258,-0.8429724454974586,0.3993394451338047,-0.21542872036335514,0.5275222416742967,-0.40837845941738576,0.6830373032693089,0.04303051589181195,0.09368940798000634,0.4592890148371395,0.6460739697085187,0.33616555793664504,0.33474582777091855,1.0042412184049627,0.3153775633369598,-0.3209096078948577,0.17278182078936846,-1.8573111825581812,0.06340620206785721,-0.345432509751021,0.3224826599764337,-1.0711661513095445,0.2842172928745192,0.2845517449441737,0.32740230426593075,0.8691195548613123,0.3848806379492872,-0.01828612811537654,0.3849566202906212,-0.04750178890694622,0.9621178021608628,0.05729417379903254,0.3298304232030782,0.1737079716377656,0.8621116430750009,-0.07636934644687887,0.28534746648099485,-0.2676363220907214,0.7890054400481923
XAUT,1953,1953,9,"log_daily_return,diff_TwitSIX,log_diff_AdrActCnt,log_diff_volume_trusted_spot_usd_1d,log_diff_TxCnt,log_UnemRt,log_IndPro,log_CPIPrc,log_TotRes",0,0.008545592220775333,0.0012851449709682106,3241.1948784114943,3292.4154772277857,-1610.5974392057472,0.9049835261367252,0.5199947168825236,2.0055840405827676,0.003150880182835782,0.06800583077224448,0.046332500420269325,0.9630527627497485,-2.1682781333582213,1.2781626282285237,-1.6964023868882459,0.09006293676301268,0.008397899737384897,0.016284381726496287,0.5157027069514522,0.6061548189248607,0.04033407564292953,0.047097726765111994,0.856391134206658,0.3919484087296673,0.002244207203081756,0.02358419195198897,0.09515726498708772,0.9242054257285318,-0.0562985354991375,0.05827415842369431,-0.9660977871153001,0.33418531539441787,0.0238531612248723,0.10202839291100288,0.23378944374512384,0.8151873810335422,-0.08111013320599189,0.06259275501229697,-1.2958390022943869,0.19527426656980032,0.12220844021427232,0.16067805340057195,0.7605795416851703,0.4470541330355131,0.02765808222751143,0.033226357084818865,0.8324139223841791,0.40533706528319424
XEM,3713,3713,9,"log_daily_return,diff_TwitSIX,log_diff_AdrActCnt,log_diff_volume_trusted_spot_usd_1d,log_diff_TxCnt,log_UnemRt,log_IndPro,log_CPIPrc,log_TotRes",0,0.008959952399117399,0.005975890696739317,20300.392631474282,20360.452973261774,-10140.196315737141,3.0232109363852087,0.001337520526239652,2.0070125720080956,0.08771206500750048,0.127258938658931,0.6892408968031642,0.49072518392420883,-1.8600694287253314,0.9178979179710121,-2.026444762874028,0.042807857281659124,-0.12125261784273678,0.09806313015280033,-1.2364750916455856,0.2163791675795063,0.04019871626016566,0.1680656788215867,0.23918456487977754,0.8109788693870381,0.13537312369983245,0.1425587422060009,0.9495953850674058,0.34239465552127324,-0.17734411672267328,0.164192948167956,-1.0800958183737874,0.2801866569109426,0.6487173845635232,0.2328526963950397,2.785956076982506,0.005370673700969288,0.2915056671555749,0.3588344066562539,0.8123682170612567,0.4166450718701862,0.46874975108889383,0.3525210662170827,1.3297070615355437,0.18371627203517465,-0.7185984906355436,0.2583822743494217,-2.781144691310176,0.00545071267260166
XLM,3531,3531,9,"log_daily_return,diff_TwitSIX,log_diff_AdrActCnt,log_diff_volume_trusted_spot_usd_1d,log_diff_TxCnt,log_UnemRt,log_IndPro,log_CPIPrc,log_TotRes",0,0.003363192702211193,0.0001677059670205372,18868.25489251597,18927.689170194735,-9424.127446257986,1.136746547552474,0.33259136862820043,1.999944136257684,0.03102216164458338,0.10965641140225726,0.28290330905307004,0.7772718178660735,0.21777744687076991,0.37217511778110696,0.5851477878724142,0.5584953822380838,-0.02621518784721119,0.09960037381869145,-0.2632037094050698,0.7924128896143297,-0.16193486787865294,0.11984196500318939,-1.3512367547907222,0.1767284975955261,0.05181895256785997,0.14133412777904647,0.36664147139939685,0.7139141035255829,0.051413113041791816,0.12254458902056467,0.41954617052217613,0.674849125303739,0.4080033028290382,0.2461804831577702,1.657334072935263,0.09756370023682405,0.2629802787603804,0.36503366541877547,0.7204274664877363,0.47132183090355095,0.05717617805425601,0.3410579735405321,0.16764357525704077,0.8668757646491221,-0.3110294311417423,0.2711234064096352,-1.1471876783364614,0.2514018321908009
XRP,3803,3803,9,"log_daily_return,diff_TwitSIX,log_diff_AdrActCnt,log_diff_volume_trusted_spot_usd_1d,log_diff_TxCnt,log_UnemRt,log_IndPro,log_CPIPrc,log_TotRes",0,0.005647678442222137,0.002741159801747939,20320.21960211086,20380.575629040046,-10150.10980105543,1.611155539463973,0.10615792939536926,1.9927625368328221,0.07820092195485757,0.10425318875526993,0.7501058038467392,0.45324829674658274,-0.8260908753003428,0.9493159381183326,-0.8701959401816871,0.3842611692651513,-0.014641626066137461,0.07649337290127199,-0.19141038642700495,0.848216704180307,-0.05538934587628913,0.11686457786350732,-0.4739618016759659,0.6355607531245455,0.18145856375025438,0.11475774370828187,1.5812315394726502,0.1139278175826632,-0.07786819806329147,0.12686978573416222,-0.61376471641919,0.5394161568441367,0.5877848660457564,0.2145672144589157,2.73939738430217,0.006190657716404916,0.7408189194375118,0.3402422887488113,2.1773275807712187,0.029531828478101086,0.22384894843998848,0.32394545985266054,0.6910081361899661,0.4896125194557305,-0.6830858739373005,0.23699708350596405,-2.8822543460544763,0.003975752358984684
XTZ,2527,2527,9,"log_daily_return,diff_TwitSIX,log_diff_AdrActCnt,log_diff_volume_trusted_spot_usd_1d,log_diff_TxCnt,log_UnemRt,log_IndPro,log_CPIPrc,log_TotRes",0,0.006348953250067235,0.0013889646639611009,11701.090354711969,11756.117736819517,-5840.545177355984,1.2066209346707826,0.2862710758015639,1.9937461027929888,-0.1809464064450868,0.14518062663074344,-1.2463536674580629,0.2127964893977842,-0.25131168710732077,0.20765835894986,-1.2102170525579519,0.22635424965002518,-0.10367854268874013,0.07517763275116773,-1.3791142244649848,0.16803058421491296,-0.02125394004243933,0.1298876177738442,-0.16363330398010648,0.8700381647513044,-0.248481645471425,0.1816413509907114,-1.3679795053062098,0.17148895438873818,-0.10334080455567568,0.2291054977196301,-0.45106208966726724,0.6519990417392023,-0.0029505824026491156,0.30675086965874604,-0.009618823268314047,0.9923264718995851,-0.3255170574427959,0.3586228077664041,-0.9076864337497121,0.36416521253734646,-0.02459876140426459,0.35262369097720714,-0.06975924202964175,0.9443930240971441,0.22875013704281616,0.2583599051038738,0.8853933312556644,0.37606259119199714
XVG,2800,2800,9,"log_daily_return,diff_TwitSIX,log_diff_AdrActCnt,log_diff_volume_trusted_spot_usd_1d,log_diff_TxCnt,log_UnemRt,log_IndPro,log_CPIPrc,log_TotRes",0,0.005565995788942457,0.0012548657128829133,14455.633195131177,14512.063231486783,-7217.816597565588,1.3779492133744768,0.19243991557828838,2.0003739146458877,-0.2135858094187548,0.14976490460456393,-1.4261405900314377,0.15397811792724916,-0.4420669863963953,0.49420452973325263,-0.89450209336406,0.3711570019007008,-0.18768126071605581,0.1102237559016358,-1.7027296809187256,0.08876836156599256,0.2765310727904995,0.22776538502384153,1.214104912217251,0.22484575857955477,0.018872320806281054,0.18307031620898437,0.10308782547104638,0.9179032241459462,-0.3891402389037487,0.33304337131771494,-1.1684371238619211,0.24276464635667142,0.6432613293297244,0.33464154459565776,1.922239900329671,0.05471228813805662,0.3086833035603277,0.38174496525595436,0.8086113286480677,0.4188314001093816,0.10267925889312479,0.4010509797954456,0.2560254532865022,0.7979565490568751,-0.3120144805094352,0.2506936420636688,-1.2446046813991107,0.21341758533960686
YFI,1771,1771,9,"log_daily_return,diff_TwitSIX,log_diff_AdrActCnt,log_diff_volume_trusted_spot_usd_1d,log_diff_TxCnt,log_UnemRt,log_IndPro,log_CPIPrc,log_TotRes",0,0.016265883621646715,0.007809716432148006,7167.546236056549,7217.178135915251,-3573.7731180282744,1.6453928818691925,0.09792316809360936,2.006947042559804,0.30315528021666227,0.6206677734206778,0.4884340595708502,0.6253447019278184,0.08516664250547157,1.5670853822769635,0.05434716159608678,0.9566689435931146,-0.4002150984756555,0.14034681129149185,-2.8516151866424164,0.004435256457831456,0.08743849523138991,0.3740721573349474,0.23374767011354106,0.8152265719907734,0.6022390250533649,0.36905593352632676,1.6318367226858417,0.10301459887654295,-0.4954800216889671,0.5214275438432978,-0.9502375306776494,0.3422108630857784,0.6940623717332053,1.1235850387525748,0.617721265231305,0.536893421104947,-1.2784524912685797,1.1054740860057828,-1.1564744098957487,0.2477509625382094,1.9464227377691468,1.5028020233594412,1.295195712751313,0.19553823434815545,0.086885896239458,0.21716351425465857,0.40009435534171056,0.6891686352583425
ZEC,3136,3136,9,"log_daily_return,diff_TwitSIX,log_diff_AdrActCnt,log_diff_volume_trusted_spot_usd_1d,log_diff_TxCnt,log_UnemRt,log_IndPro,log_CPIPrc,log_TotRes",0,0.013138504596181932,0.009456185583481047,16122.723685894554,16180.647175135684,-8051.361842947277,1.221184215692936,0.2769727261106647,1.7143381296167761,-0.21224955936039352,0.13464093561902063,-1.576411797679228,0.1150620697670009,-0.667149257582398,0.6601712940182175,-1.0105699287857675,0.3123236781426948,-0.03627862303656641,0.09609823506717176,-0.3775160179706526,0.7058233774592244,-0.06916028845099521,0.12656655994959093,-0.5464341329853671,0.5848180938864129,0.1757555100272714,0.14323399451433394,1.227051655043265,0.2199229306982447,0.23436457863686477,0.18026335560159298,1.3001232438768253,0.19368295345272848,0.10482294386282259,0.2766633006239462,0.3788827199936535,0.7048083044128748,-0.23199505110197807,0.3812443762105701,-0.6085205856881725,0.5428995567794683,-0.0992621328404032,0.34697063317592947,-0.28608223102867875,0.7748397082042433,0.33842279516187973,0.29023624143697846,1.1660252816337702,0.24371950740477455
ZRX,2850,2850,9,"log_daily_return,diff_TwitSIX,log_diff_AdrActCnt,log_diff_volume_trusted_spot_usd_1d,log_diff_TxCnt,log_UnemRt,log_IndPro,log_CPIPrc,log_TotRes",0,0.013173165658977748,0.008995629671645133,14667.754396496879,14724.42129849768,-7323.8771982484395,1.3134313064147523,0.22437866447720908,2.017994504166408,-0.11309325391575381,0.1654657015485574,-0.6834845702604149,0.49437517721332447,-0.07812292381566965,0.5369845450129733,-0.14548449213521078,0.8843421503458869,-0.15715803906783865,0.18377516232058078,-0.8551647408896816,0.3925563121744542,1.5874472589183126,1.1750792183005194,1.350927864432994,0.17686229578555585,0.9690125163330168,0.4712250831995178,2.056368709733422,0.039868802897979255,-2.6424267125165883,1.6939615970563568,-1.5599094555085578,0.11893011595001916,0.2083864285875774,0.2967906635420628,0.702132695485024,0.48267327443882624,-0.167334691044984,0.37280266941349977,-0.44885593579101274,0.6535813312892066,0.03941975643744236,0.40601299886268755,0.09708988763380458,0.9226641629324737,0.0014520801753748203,0.2466602243137589,0.005886965275470327,0.9953034607467678
