symbol,n,nobs,n_regs,regs_used,opt_hac_lag,r2,adj_r2,aic,bic,log_likelihood,fstat,f_pval,durbin_watson,coef_Intercept,stderr_Intercept,tval_Intercept,pval_Intercept,coef_log_daily_return,stderr_log_daily_return,tval_log_daily_return,pval_log_daily_return,coef_diff_VIX,stderr_diff_VIX,tval_diff_VIX,pval_diff_VIX,coef_log_diff_AdrActCnt,stderr_log_diff_AdrActCnt,tval_log_diff_AdrActCnt,pval_log_diff_AdrActCnt,coef_log_diff_volume_trusted_spot_usd_1d,stderr_log_diff_volume_trusted_spot_usd_1d,tval_log_diff_volume_trusted_spot_usd_1d,pval_log_diff_volume_trusted_spot_usd_1d,coef_log_diff_TxCnt,stderr_log_diff_TxCnt,tval_log_diff_TxCnt,pval_log_diff_TxCnt,coef_log_UnemRt,stderr_log_UnemRt,tval_log_UnemRt,pval_log_UnemRt,coef_log_IndPro,stderr_log_IndPro,tval_log_IndPro,pval_log_IndPro,coef_log_CPIPrc,stderr_log_CPIPrc,tval_log_CPIPrc,pval_log_CPIPrc,coef_log_TotRes,stderr_log_TotRes,tval_log_TotRes,pval_log_TotRes
1INCH,1616,1616,9,"log_daily_return,diff_VIX,log_diff_AdrActCnt,log_diff_volume_trusted_spot_usd_1d,log_diff_TxCnt,log_UnemRt,log_IndPro,log_CPIPrc,log_TotRes",0,0.004740008293812159,-0.0009471916587946438,10029.523486762864,10083.206883625979,-5004.761743381432,0.5775297814224507,0.8164705769065278,1.989153101749677,-0.0792840568235727,0.15108358719600176,-0.5247694888308215,0.5998172969830706,-0.11820083712683349,0.23217752253979135,-0.5090968145143157,0.610755676836218,0.11452348837156351,0.19649219481947575,0.5828398857103726,0.5600845261652281,0.1919775244990842,0.30562628292323585,0.6281446826590604,0.5300002332626861,0.2036553035946091,0.1939933205049884,1.0498057513757142,0.2939684849494788,-0.15758031345947465,0.34488345900991685,-0.4569088755716277,0.6477995524659128,0.6881214313691608,0.5372803968192653,1.2807491869103809,0.20047033991555274,-0.30614708675553737,0.6406234208609533,-0.4778893134192581,0.6327953049973933,0.8403831854504097,0.7018678707035291,1.1973524085210474,0.23134939911222036,-0.09782098431072743,0.17095438662694554,-0.5722051726241522,0.5672646447238998
AAVE,1694,1694,9,"log_daily_return,diff_VIX,log_diff_AdrActCnt,log_diff_volume_trusted_spot_usd_1d,log_diff_TxCnt,log_UnemRt,log_IndPro,log_CPIPrc,log_TotRes",0,0.0145374211370215,0.009175170103305152,10687.586579717263,10741.756375931074,-5333.793289858631,3.3578613419639094,0.0004367965611373033,1.9278719282103178,0.048186880033386524,0.1493353305871082,0.32267568460819673,0.7469816520499315,-0.6651722566299854,0.13294604651825248,-5.003324837784193,6.23492139938445e-07,-0.11725832388429154,0.17223286872251262,-0.6808126971002758,0.4960853095811695,0.017576383390119577,0.36619241428911614,0.04799767200049828,0.961723892644748,0.12238438954840986,0.34684326154537387,0.35285214711429413,0.7242442472350865,0.006635376459039263,0.4795370964922564,0.01383704515787427,0.9889616563669446,0.7658083021114035,0.47306939266283476,1.618807544915951,0.10567932943339112,0.3977973954317554,0.7132987576446789,0.557686931553459,0.5771336512098388,0.28862506075024247,0.704394904764375,0.4097489331595741,0.6820431908372577,-0.12164852063317491,0.15070720119843348,-0.8071845251309688,0.41967623687273625
ADA,2738,2738,9,"log_daily_return,diff_VIX,log_diff_AdrActCnt,log_diff_volume_trusted_spot_usd_1d,log_diff_TxCnt,log_UnemRt,log_IndPro,log_CPIPrc,log_TotRes",0,0.007549961224862289,0.00423934211849597,17223.128665474793,17282.168321815116,-8601.564332737396,2.2519105291846193,0.016615878039083994,2.0545280996319613,0.07273575582578301,0.1109525519118278,0.6555573042031961,0.5121648978879578,-0.14847566707497978,0.08897097262029938,-1.6688102051961156,0.09527102468437043,0.226624783634031,0.1465604697677397,1.5462886001469047,0.12215216526159625,-0.2966235871601718,0.2222600429781575,-1.3345790056799474,0.18212678816110092,0.05282504074848627,0.13675877891414248,0.38626434930111486,0.699331358387514,0.3467951951491063,0.2096948762384902,1.6538086259899318,0.09828273340564891,0.6046393051977084,0.2607623548025094,2.3187369421312254,0.020483677887679807,-0.0017928142946470604,0.3167502842639162,-0.005660024264266448,0.9954843965879194,0.49716193146694526,0.2375978077553275,2.0924516777482673,0.0364913504944776,-0.09773643963117604,0.19880103930676415,-0.4916294199064108,0.6230213346224251
ALGO,2170,2170,9,"log_daily_return,diff_VIX,log_diff_AdrActCnt,log_diff_volume_trusted_spot_usd_1d,log_diff_TxCnt,log_UnemRt,log_IndPro,log_CPIPrc,log_TotRes",0,0.008124201838482059,0.0039331773392080605,13736.308706525964,13792.994317606122,-6858.154353262982,1.8100579042901697,0.0617402515920988,2.0513586142207454,-0.0940461091428775,0.12813135320274818,-0.733982017610194,0.46304048167796874,-0.06724886883839687,0.2328922146888389,-0.2887553322821302,0.772796714491709,0.04440417646982503,0.18415842034296775,0.24111944698009916,0.8094857481230499,-0.09059264958123707,0.13801226079833034,-0.6564101555702727,0.5116311629479997,0.09619071445717388,0.13820155583550908,0.6960175945606752,0.4864937475640403,0.32955413679832934,0.16421431496343705,2.0068538901234394,0.044891380163444836,0.5592862154119678,0.35283588907917507,1.5851171400720692,0.11308816411784478,-0.16445392536209325,0.35736133401338377,-0.46018947689492945,0.6454271959349236,0.5965003344961967,0.271774692336008,2.194833997857,0.028283098116309753,0.19722877174338035,0.20426935457906112,0.9655328482816753,0.33438760023358116
ALPHA,1693,1693,9,"log_daily_return,diff_VIX,log_diff_AdrActCnt,log_diff_volume_trusted_spot_usd_1d,log_diff_TxCnt,log_UnemRt,log_IndPro,log_CPIPrc,log_TotRes",0,0.007836572713608825,0.0024345939806521555,11138.742876901688,11192.906661693618,-5559.371438450844,0.7692345766097576,0.6451080841381008,2.019656717061087,0.01802914496847304,0.17296204955484043,0.10423757705736833,0.9169934595986915,-0.18692682886871556,0.24474168856592254,-0.7637719179107721,0.4451121731731066,0.053161143156839646,0.18235785439662827,0.29152099498392964,0.7706894664294395,0.09356643766283637,0.2772434279933895,0.337488388237168,0.7357916133128036,0.3181710573099374,0.22953001167783402,1.3861849916015299,0.16587737117673768,-0.17807442053933992,0.3273216221377735,-0.5440350056202102,0.5864907541410236,1.0535539089649426,0.5698434303642144,1.8488480393492746,0.0646582183372429,-0.24017891549838094,0.7468484417889393,-0.3215898997165692,0.7478040556247968,0.9152842001123886,0.7216309162002374,1.268355026876948,0.20484979227655828,-0.17033428518905536,0.171099366014736,-0.9955284414927946,0.3196250232987762
ANT,2627,2627,9,"log_daily_return,diff_VIX,log_diff_AdrActCnt,log_diff_volume_trusted_spot_usd_1d,log_diff_TxCnt,log_UnemRt,log_IndPro,log_CPIPrc,log_TotRes",0,0.018856931398573473,0.015482729022794683,18496.58217337607,18555.318151272928,-9238.291086688036,1.4051755155965657,0.1799287161656801,2.1528675699994637,0.0249959014691349,0.15926897069317167,0.15694143912871125,0.8753031071110133,-1.0723983822713254,0.4493032133897286,-2.3868032774141765,0.017066217352164174,0.02155513660157954,0.24072792388699638,0.08954148838876727,0.9286584348527864,-0.24059078771765163,0.30327696295163203,-0.7933038677785168,0.4276727211634729,0.14216637736877674,0.16904838316165868,0.8409804028283723,0.40043574576495744,0.4786543191725072,0.3085244334874536,1.551430834057336,0.12091938711621858,0.25706652850257133,0.3549233117852261,0.7242875290708698,0.46895397493506674,-0.24860153274794605,0.42161364706057075,-0.5896429930130581,0.5554809226279431,0.413190927604123,0.29397029290267784,1.405553341884496,0.15997550278075992,0.012521008853912573,0.3138130560059318,0.03989957911016901,0.968176230128815
BAL,1801,1801,9,"log_daily_return,diff_VIX,log_diff_AdrActCnt,log_diff_volume_trusted_spot_usd_1d,log_diff_TxCnt,log_UnemRt,log_IndPro,log_CPIPrc,log_TotRes",0,0.024562854559111225,0.01957765620081031,11246.67185254527,11301.464848923099,-5613.335926272635,3.1098801725503176,0.0010206677091955973,1.913152653427447,-0.1459680890117562,0.14002546221050235,-1.0424396156773275,0.2973509927790887,-0.7925167422715204,0.1903435450520617,-4.163612388614259,3.283877274085343e-05,-0.18324365649732663,0.16270285399684467,-1.1262473398338808,0.26021429469599344,-0.19090300324557966,0.24935437896455373,-0.7655891347820162,0.4440234069852089,-0.43571198104115694,0.20046027018083706,-2.1735577860296065,0.02987121639316226,0.7189783592111553,0.2661692070000948,2.701207879433248,0.006975048905000337,0.3167749338226205,0.48058147594376294,0.6591492799437179,0.5098860933945408,0.103506768724832,0.6734389169768407,0.15369882273731378,0.877864823516817,0.07632669794025228,0.49527434794205016,0.1541099357505649,0.8775407128897084,-0.06129588808514379,0.1468879955833912,-0.41729678345528864,0.6765122078654464
BAT,2794,2794,9,"log_daily_return,diff_VIX,log_diff_AdrActCnt,log_diff_volume_trusted_spot_usd_1d,log_diff_TxCnt,log_UnemRt,log_IndPro,log_CPIPrc,log_TotRes",0,0.005625876117137718,0.002376287476997696,17700.48634649591,17759.730688344785,-8840.243173247954,1.0014305359779436,0.43638963936573033,2.040810579836222,-0.019559491761470954,0.11145204580045855,-0.17549692893470853,0.8607020855277302,-0.3180353531477948,0.22237416125034004,-1.4301812376023453,0.15277844757684672,0.1753929349397608,0.16391440867753357,1.0700275610596794,0.2847006732097918,0.15718844140158802,0.2551726070446171,0.6160082903181827,0.5379399562583447,-0.06578209471574013,0.14478491312430372,-0.45434357279520926,0.6496173648581443,-0.1264872624064332,0.2679913400942703,-0.47198264825251174,0.6369765668152805,0.322821717004568,0.2715544595099147,1.1887918084172782,0.23462409651299837,0.11231076214943342,0.32300467822694545,0.3477063018589565,0.7280873352345436,0.11815758839045949,0.25173963566086716,0.46936426232711453,0.6388464448417039,-0.059149191546211066,0.24292014713413726,-0.2434923255400042,0.8076421647110966
BCH,2860,2860,9,"log_daily_return,diff_VIX,log_diff_AdrActCnt,log_diff_volume_trusted_spot_usd_1d,log_diff_TxCnt,log_UnemRt,log_IndPro,log_CPIPrc,log_TotRes",0,0.002045539055816503,-0.0011394219897500335,18266.364506381196,18325.844826287568,-9123.182253190598,0.7063625374541744,0.7036235174602465,1.9647251497445726,0.007936279911322668,0.11367937586152509,0.069812838530975,0.9443475783840694,0.15157439498235667,0.08684534220990196,1.7453370684636949,0.08103512765500699,0.19523344485464858,0.14597249719391422,1.3374673216372714,0.18117800155639097,-0.12950432133799827,0.2121175706942627,-0.6105308528384965,0.5415594116124816,0.02939552610490037,0.1458539384083488,0.20154084576448947,0.84029023032801,0.09762509034688274,0.17777751227352606,0.5491419533235345,0.5829515142634591,0.2532666270115535,0.2475215171617618,1.0232105471704795,0.3062960722340613,0.09637580947950142,0.3335092541752389,0.28897491830575045,0.7726218121120287,0.2338689379265598,0.20559075117952527,1.1375460062517186,0.2554067449755712,-0.1640578165992465,0.20311615825063015,-0.8077044092022035,0.4193288885018118
BNB,2877,2877,9,"log_daily_return,diff_VIX,log_diff_AdrActCnt,log_diff_volume_trusted_spot_usd_1d,log_diff_TxCnt,log_UnemRt,log_IndPro,log_CPIPrc,log_TotRes",0,0.011359113315550617,0.00822278339656568,18029.93183107244,18089.47204194522,-9004.96591553622,2.3305356355898432,0.01299481508790429,1.956955737540209,0.31564861779243514,0.10623482909577966,2.9712347680989937,0.0029909586994887327,0.33082549947678064,0.24912347671941276,1.3279579421147396,0.1842988299770354,0.3077508750109984,0.14444170285289948,2.1306234206087575,0.033205956842701716,-0.12872376550412354,0.497664607755788,-0.25865565583335665,0.7959197006597937,0.10637827208364067,0.12046927605233697,0.8830323844348947,0.3772935916322445,-0.17656477643649232,0.5094752489399741,-0.34656202986083634,0.7289460772507734,0.4103612506914872,0.2442359810311691,1.680183439634627,0.09303172454963109,0.2457943158636153,0.30814045681073027,0.7976697328471543,0.4251289305106666,0.054411294519583556,0.18573463466267448,0.2929517944695865,0.7695804232540633,-0.31364959232545525,0.1845318299876315,-1.699704556912908,0.08929613141636644
BSV,2389,2389,9,"log_daily_return,diff_VIX,log_diff_AdrActCnt,log_diff_volume_trusted_spot_usd_1d,log_diff_TxCnt,log_UnemRt,log_IndPro,log_CPIPrc,log_TotRes",0,0.004359581102589272,0.0005448668539401735,15342.779844190216,15400.439774984292,-7661.389922095108,1.1018810579863523,0.3577555706273056,2.0734839869346358,-0.036738676797818004,0.12748771992298455,-0.2881742399974827,0.7732387900994107,0.13498007280190735,0.17970387408854305,0.751125002098733,0.45265267028306644,0.10573164531144083,0.14987804388378514,0.7054511959965579,0.48059944158753476,-0.18553298107695765,0.1732766426136503,-1.0707327789737646,0.284399602012917,-0.07576112806122767,0.12444037695190503,-0.608814678297773,0.5427061529108003,-0.2602131495383419,0.14536550456467404,-1.7900611999910296,0.07357282891359568,-0.06769034931358117,0.37741825564676673,-0.17935102052120636,0.8576775559628484,-0.18393241734466362,0.4612970666421301,-0.398728781614726,0.6901292993914843,0.08414856729638953,0.23176040557026475,0.3630843115299844,0.7165745725107049,-0.02408123272408344,0.22184279006947205,-0.10855089190206356,0.9135679842727424
BTC,3803,3803,9,"log_daily_return,diff_VIX,log_diff_AdrActCnt,log_diff_volume_trusted_spot_usd_1d,log_diff_TxCnt,log_UnemRt,log_IndPro,log_CPIPrc,log_TotRes",0,0.004128575136295276,0.0017467407425209025,20475.009481408873,20537.365738608518,-10227.504740704437,1.6668584534039372,0.09132622578216601,2.0307998996876844,0.15662485915047966,0.058703804403007015,2.6680529608479135,0.007661931552383571,-0.07030261930662826,0.07887879065126759,-0.8912740513155737,0.3728391492636315,0.11328531700145436,0.09276177816742398,1.221249950566793,0.22206790503701845,0.11635460965414338,0.06879797392566943,1.6912505269392817,0.0908717702226647,-0.011387096616876348,0.06825515496985923,-0.1668313055901019,0.8675117492736744,-0.09292632923666796,0.060179184595131885,-1.5441606572413598,0.12263350470752032,0.30062658114644086,0.11909951971010346,2.524162833554551,0.011638230757197563,0.10887788018794953,0.1971271988459186,0.5523229712864344,0.5807598975099411,0.29533455117544044,0.16088463744044873,1.8356914362613286,0.06648217046958678,-0.2503729187034275,0.1411186160684651,-1.774201913813813,0.07611059990947858
BTG,2775,2775,9,"log_daily_return,diff_VIX,log_diff_AdrActCnt,log_diff_volume_trusted_spot_usd_1d,log_diff_TxCnt,log_UnemRt,log_IndPro,log_CPIPrc,log_TotRes",0,0.003931924246249219,0.0006541865198200769,18665.512250113305,18724.687613652743,-9322.756125056652,0.8249989160216102,0.5930213985374602,2.0211838617171654,-0.19401602481348482,0.13862902046085618,-1.3995339804645588,0.16176632363367083,0.10459292948491217,0.1540466197648265,0.678969325289888,0.49721474797415877,0.14381732380767784,0.19925303578975942,0.7217823469421353,0.47049000538804564,-0.3695135039418194,0.415110275368354,-0.8901574494004668,0.37345964127819664,0.08162086737795238,0.14361384061186416,0.5683356634026926,0.5698537248955109,0.22973457020554744,0.28936551450214476,0.7939251869760889,0.42730786208231697,0.26914074037959324,0.3048503211300874,0.8828619218175073,0.37738847000521847,0.01940474134953815,0.40109934077454357,0.04837889115466157,0.9614178143881602,-0.018639842976757304,0.26742204991570057,-0.06970196729339687,0.9444359715468309,0.06555040078620242,0.239835726258026,0.2733137460750129,0.7846326858193041
BUSD,2080,2080,9,"log_daily_return,diff_VIX,log_diff_AdrActCnt,log_diff_volume_trusted_spot_usd_1d,log_diff_TxCnt,log_UnemRt,log_IndPro,log_CPIPrc,log_TotRes",0,0.20127785405549936,0.19775407988221483,8115.2492363430865,8171.505187064411,-4047.6246181715433,1.671726607960715,0.09049687985223562,2.3267707107578426,-0.0004797928183378347,0.0407575152113552,-0.011771885892694523,0.9906087619876555,-0.8660651091606589,0.31569160070294316,-2.7433897741726794,0.0061340415353486125,-0.024891755866252942,0.026292927496384268,-0.9467091813825596,0.34389911312441157,-0.05273887933186493,0.10514197066150982,-0.5015968314085584,0.6160052743519842,-0.007758384024414669,0.013706451869120619,-0.5660388332806682,0.5714296399064351,0.08409857913189706,0.11719220699027152,0.7176123847456711,0.47307848256500395,-0.011720848751769777,0.04799729696586653,-0.24419810057439498,0.8071019548023756,0.009333680553956251,0.02293939474712276,0.4068843427147072,0.6841356209806077,-0.020285125936444187,0.09406224374442408,-0.21565641142434122,0.8292771392801555,-0.01132203516216722,0.018163538934684857,-0.6233386127494576,0.5331317116398031
COMP,1808,1808,9,"log_daily_return,diff_VIX,log_diff_AdrActCnt,log_diff_volume_trusted_spot_usd_1d,log_diff_TxCnt,log_UnemRt,log_IndPro,log_CPIPrc,log_TotRes",0,0.02896572421344268,0.02402267642946132,11325.733706999321,11380.56615116006,-5652.8668534996605,9.074067860307263,1.6205937436226335e-13,2.116087219846737,-0.07517097146216864,0.13852675032435544,-0.5426458881491011,0.5874420325046333,0.9319004270485773,0.11466025305012305,8.127493200640354,8.149065917322181e-16,0.19035507459260548,0.15065946759968132,1.2634790074952325,0.2065836647890152,-0.15684339871646177,0.25461228983770967,-0.616008751252479,0.5379680403487785,-0.054910753880585875,0.22623759195209414,-0.2427127755683204,0.808256062905309,0.007131663134455599,0.3072538711843858,0.023210978943779766,0.9814846002899612,0.7072462031111113,0.5139019628923763,1.376227868698034,0.1689253770315028,0.7926854930741782,0.6816339321619834,1.1629196489088582,0.2450190408289877,-0.05881560668896388,0.4479571014017662,-0.1312974088476678,0.8955549798325051,-0.1932467760128272,0.14890926994161535,-1.297748461788818,0.19454307118519468
CRO,2264,2264,9,"log_daily_return,diff_VIX,log_diff_AdrActCnt,log_diff_volume_trusted_spot_usd_1d,log_diff_TxCnt,log_UnemRt,log_IndPro,log_CPIPrc,log_TotRes",0,0.004807347810784401,0.0007800394161338042,13712.833387931023,13769.948877727315,-6846.4166939655115,1.3522224483803402,0.20466196215718493,2.107110468798071,0.016454763841759083,0.10858406241708152,0.1515394015979509,0.8795639759390399,0.018380334372514795,0.1258570191467578,0.14604139282118292,0.8839019471592162,0.1527559658417315,0.14241571249669577,1.0726061272577325,0.28356424589278234,-0.05460487876002781,0.29728134581166077,-0.18368081122258545,0.8542806075614168,-0.06288393936793553,0.14548449320863122,-0.43223808930452245,0.6656102829653032,-0.03579654593085978,0.3364817230948465,-0.10638481520367617,0.9152866350919436,-0.06891244735221419,0.26785402183214363,-0.25727613451852377,0.7969894146281427,-0.579003257852318,0.283849023421131,-2.03982825402673,0.0414853712052547,0.22234720652899387,0.22620285761110312,0.9829548966674062,0.3257365555064178,0.31345893956140747,0.18499170821773306,1.6944485922172792,0.09032007708088635
CRV,1750,1750,9,"log_daily_return,diff_VIX,log_diff_AdrActCnt,log_diff_volume_trusted_spot_usd_1d,log_diff_TxCnt,log_UnemRt,log_IndPro,log_CPIPrc,log_TotRes",0,0.010164412074913032,0.004954751085833653,11808.94637843097,11863.447174129045,-5894.473189215485,2.4778319630172003,0.008261532787492379,2.004660985226786,-0.15776226770916454,0.1856537759043135,-0.8497660063239203,0.39557414784321476,-0.40929208792880434,0.14794526776160566,-2.7665101704254895,0.00572695636983408,-0.06590290318468617,0.20957544601872577,-0.31445908591218114,0.7532107475069987,-0.058171146349979705,0.358325714381074,-0.16234153457408743,0.8710560889272907,0.5646784980328053,0.2659416822478454,2.1233170116843545,0.03387055862649935,-0.24431828747695605,0.4370258381165355,-0.5590476950514014,0.5762023742077947,0.2124167460291502,0.6126729888801475,0.34670493050037765,0.728855664088593,1.2472282895438493,1.0201418470706074,1.2226028107025833,0.22164823046040708,-0.8881547699707848,0.8478136900771245,-1.047582482290408,0.2949790557166622,0.17249005673494763,0.20169382948170203,0.8552074060877316,0.39255614168911035
CVC,2819,2819,9,"log_daily_return,diff_VIX,log_diff_AdrActCnt,log_diff_volume_trusted_spot_usd_1d,log_diff_TxCnt,log_UnemRt,log_IndPro,log_CPIPrc,log_TotRes",0,0.007371075680013606,0.004156372434644839,18704.439084772024,18763.773468648298,-9342.219542386012,1.493981799932552,0.14408275255933461,2.009163084891361,-0.04380966144322191,0.12940975082779632,-0.3385344702619727,0.7349860299061188,-0.3912607593602795,0.320406463868252,-1.2211387830214377,0.2221370667614113,-0.07460020146829148,0.1722899027241658,-0.43299230128259786,0.6650539648167526,-0.48519387018082916,0.29570640288824335,-1.6407959565359802,0.10095294263981859,0.289361304253518,0.17118158646562703,1.6903763437875445,0.0910681250572499,0.16083807184569943,0.29301210794471777,0.548912715497902,0.583109449754309,0.5507219053962544,0.3877476496888541,1.4203101059108367,0.15562959812861737,0.18979757244027762,0.4296383680040655,0.441761226591573,0.6586963707735515,0.2933665411086769,0.2822737903564769,1.0392978417804615,0.29875665206361546,-0.02583689205701334,0.31697139200751445,-0.0815117474589026,0.935040852673354
DAI,2019,2019,9,"log_daily_return,diff_VIX,log_diff_AdrActCnt,log_diff_volume_trusted_spot_usd_1d,log_diff_TxCnt,log_UnemRt,log_IndPro,log_CPIPrc,log_TotRes",0,0.02183855076886021,0.017390115678875273,1227.099450095232,1283.0533228837717,-603.549725047616,0.7447392481516917,0.6679939015573325,2.5827149797174376,0.003598231720045886,0.007559181114774897,0.4760081370471353,0.634121123352382,-0.010732013717113196,0.014928358196926174,-0.7189011393981002,0.4722867072580512,-0.04425160409708421,0.028345528311404068,-1.5611493852199874,0.11864839687254129,0.005163020703908037,0.00961780052705164,0.5368192747797373,0.5914527990694516,0.012408167664647418,0.009092251443884154,1.364696933562445,0.17250346639399386,-0.016288554937469002,0.015798063558603293,-1.0310475633324439,0.30264450356256145,-0.00761027986744398,0.023080233430391863,-0.32973149471802243,0.7416377503244043,-0.009152911860337032,0.024914332765008967,-0.3673753556503779,0.7133783332784827,0.005218386946274086,0.02068761480722969,0.25224691173437835,0.8008764139462226,0.0066057599820733125,0.00817836122838345,0.8077119361208529,0.41935350240271796
DASH,3803,3803,9,"log_daily_return,diff_VIX,log_diff_AdrActCnt,log_diff_volume_trusted_spot_usd_1d,log_diff_TxCnt,log_UnemRt,log_IndPro,log_CPIPrc,log_TotRes",0,0.004173217319905609,0.0017914896972320848,23665.473153511473,23727.829410711118,-11822.736576755737,1.7652423046440513,0.06967950762398055,2.0035523052717084,0.07217121451795704,0.08979441836461517,0.8037383150576448,0.4215988889726656,-0.21225651728852796,0.13729430719060626,-1.5459964920020417,0.12218950476448126,0.014714453428943473,0.12220245273705549,0.12041045903231372,0.9041644349114024,0.11837680934072901,0.10725168203540514,1.1037291639086027,0.2697812154649683,-0.030656325441677207,0.10149731269138447,-0.3020407597873224,0.7626376830210082,-0.12268872336091122,0.14757706591172898,-0.831353588736448,0.40582665765990755,0.3147580239387392,0.19691623697021757,1.598436110610546,0.11002990999374218,-0.029521937497658607,0.30895136602957646,-0.09555529039102038,0.9238788637847509,0.38907379028901784,0.22541653693204466,1.7260215048300125,0.0844256296528029,-0.3545528354069721,0.2302545125391651,-1.539830127527531,0.12368584641344545
DCR,3301,3301,9,"log_daily_return,diff_VIX,log_diff_AdrActCnt,log_diff_volume_trusted_spot_usd_1d,log_diff_TxCnt,log_UnemRt,log_IndPro,log_CPIPrc,log_TotRes",0,0.01336085693065514,0.010637841816388272,21204.78601979076,21265.714530066147,-10592.39300989538,2.848583211334509,0.002406363776928085,2.097427565528392,0.06783190699025426,0.10769001153306051,0.6298811377639241,0.5288164842553424,-0.4532739620546568,0.298206203644983,-1.5200017857250323,0.12860747316354187,-0.12290676350742383,0.14653964536838848,-0.8387270434457955,0.40168397402614264,0.2653900876452227,0.2785995705446137,0.9525861333039073,0.3408704056694748,-0.2779143473896804,0.13066587900168006,-2.1269083368436763,0.03350256920127857,-0.4124045934984076,0.3195280095040258,-1.290668051725874,0.19691030535969328,0.7817590536409136,0.23461735624262164,3.332059768129361,0.0008716663549289161,0.6811108692636723,0.31314557133104515,2.175061478176323,0.029697132727391495,0.3576578809423568,0.2381930843890497,1.5015460329577863,0.13331120764369897,-0.6995303536121986,0.2663062104821713,-2.6267894854785254,0.008659800109449488
DGB,3763,3763,9,"log_daily_return,diff_VIX,log_diff_AdrActCnt,log_diff_volume_trusted_spot_usd_1d,log_diff_TxCnt,log_UnemRt,log_IndPro,log_CPIPrc,log_TotRes",0,0.002719144709133814,0.00030831266572317606,25930.43784284131,25992.687517630457,-12955.218921420656,1.1903313495298045,0.29628148084666006,2.0553161506409108,0.11874607499819582,0.12763714416221547,0.9303410521883827,0.3522548482541743,-0.057683585633307756,0.11766850749835621,-0.4902211038421948,0.6240063362405308,0.11170122775520441,0.15523110519511263,0.7195801873265363,0.4718286811136283,0.11995060011957938,0.1233000144480951,0.9728352478829132,0.33069839190804184,0.07163608112650924,0.1474524140970818,0.4858250817063223,0.6271197802444504,-0.023460636686781416,0.1394389784258543,-0.16825020486833564,0.8663955851863714,0.5678517911994231,0.2522539235518361,2.2511118289215992,0.024436551307048797,-0.008486687109387159,0.44104574215133774,-0.019242192585264974,0.9846489301249095,0.7209245722289086,0.36170187157172695,1.9931458167363847,0.04631834741137056,-0.510345748768783,0.2899282571044547,-1.760248393397946,0.07844780360898411
DOGE,3803,3803,9,"log_daily_return,diff_VIX,log_diff_AdrActCnt,log_diff_volume_trusted_spot_usd_1d,log_diff_TxCnt,log_UnemRt,log_IndPro,log_CPIPrc,log_TotRes",0,0.008351111841386039,0.005979376525567015,25046.41283127806,25108.769088477704,-12513.20641563903,1.5257912871338748,0.13264479111503422,1.9849141629091347,0.18640246697302698,0.1074866525353324,1.734191758476745,0.08296595934433837,0.056590254937109605,0.2415445940979248,0.23428491599429999,0.8147765410630647,0.3892730898853587,0.33318913731192407,1.1683246729647434,0.2427498390363369,-0.02040360085906283,0.10634012860855574,-0.19187113205561074,0.8478535031215224,0.2842653609845691,0.13559336484491405,2.096454803003818,0.03610847352561498,0.005569236769732477,0.09012445112858943,0.06179495908148499,0.9507293996753182,0.7102304760622333,0.2696670938941516,2.633730596514714,0.008479814988442127,0.7036580910245676,0.3653655865423377,1.9259013901218345,0.05419194250794915,0.21511098932319567,0.24906065911667544,0.8636891514144125,0.3878137211235745,-0.47405741898263537,0.2075674445344169,-2.28387173164832,0.02243453778982542
DOT,1745,1745,9,"log_daily_return,diff_VIX,log_diff_AdrActCnt,log_diff_volume_trusted_spot_usd_1d,log_diff_TxCnt,log_UnemRt,log_IndPro,log_CPIPrc,log_TotRes",0,0.006208652187066566,0.0009628327557958949,10644.190318066298,10698.662001662298,-5312.095159033149,0.5941851796178553,0.8027701268662814,2.0426286890807184,0.050528158160357536,0.13350520754367187,0.3784733126895361,0.7051261335456187,-0.07542302288764317,0.14702251374710937,-0.5130032194754668,0.6080155272631914,-0.025749477437633936,0.14416357604597277,-0.17861292112664162,0.8582628681400816,0.14309717860217566,0.20163156483364283,0.7096963152581727,0.4779895199950246,0.007934654162902788,0.12582441233346547,0.06306132503026529,0.9497250628724513,-0.1318024532919072,0.21742801309403625,-0.6061889239400973,0.5444700010680574,0.38277043978862524,0.42966268704485827,0.8908626495385267,0.3731285517372249,-0.8866754861233693,0.7732555630092841,-1.1466784444106526,0.2516754348009067,1.0250718797532863,0.6224297322944877,1.646887715300043,0.0997654068329941,0.08082764386982877,0.1479356730605617,0.5463702040057618,0.5848829744090747
DRGN,2705,2705,9,"log_daily_return,diff_VIX,log_diff_AdrActCnt,log_diff_volume_trusted_spot_usd_1d,log_diff_TxCnt,log_UnemRt,log_IndPro,log_CPIPrc,log_TotRes",0,0.009722493513826036,0.006378216756461885,19255.04125723989,19313.95830383319,-9617.520628619945,2.0721130762814974,0.02873578251583397,2.0027925480041726,-0.10638224637251552,0.1721980525198547,-0.6177900668200036,0.5367665183107312,-0.6247190261650912,0.2625062808673579,-2.3798250620934907,0.01739082692663816,0.11459730975899643,0.20672219100683023,0.5543541755283063,0.5793829953941863,0.1826977476491229,0.37890539425331987,0.4821724642087809,0.6297230327368891,-0.28628566177439674,0.18908773400244056,-1.5140361339921797,0.13013525757582742,0.10178907285051711,0.41849006675411343,0.24322936417586213,0.807846439888837,0.3973468702667104,0.3708755274505421,1.0713752751445655,0.28409773930220544,-0.4762514473299113,0.4791835230828135,-0.9938811006396072,0.320370986520276,0.976077374137318,0.4046388197623888,2.41221881457268,0.015922919471226864,0.027736380482064865,0.299940540432181,0.09247292960831445,0.9263292486228408
ELF,2717,2717,9,"log_daily_return,diff_VIX,log_diff_AdrActCnt,log_diff_volume_trusted_spot_usd_1d,log_diff_TxCnt,log_UnemRt,log_IndPro,log_CPIPrc,log_TotRes",0,0.004260675298628613,0.000913027214089146,17730.51908992493,17789.480896011082,-8855.259544962464,1.1098332453224442,0.3518683099015654,2.121268955651585,-0.04339421367372978,0.12516049387687422,-0.3467085525918309,0.7288375344828222,0.06997554517312099,0.40014035022280414,0.17487750269163696,0.8611891128297967,0.02835848911628447,0.1710623984493013,0.16577862448648661,0.8683436868532848,-0.11940640563006277,0.23592487598616124,-0.5061204552124756,0.6128137671038647,-0.3549992926552291,0.16416151650273345,-2.1625000805186767,0.03066794749215269,0.05165890071008149,0.23792028713964952,0.2171269265481334,0.8281259761567508,0.20700838845273523,0.3756981087578715,0.5509966210294319,0.5816819712523356,-0.10722794887912551,0.38546176083774136,-0.2781805091277594,0.7808952794942412,0.20545271617709754,0.2693617021895698,0.762739151509019,0.44568617935648636,0.11701584665260031,0.27279642056689957,0.42894934768362836,0.6679946019854894
EOS,2548,2548,9,"log_daily_return,diff_VIX,log_diff_AdrActCnt,log_diff_volume_trusted_spot_usd_1d,log_diff_TxCnt,log_UnemRt,log_IndPro,log_CPIPrc,log_TotRes",0,0.008053022985524905,0.004493404646956134,15641.430005046266,15699.742207192308,-7810.715002523133,1.5944587527958873,0.1110879356360801,2.0114867396090648,-0.11338225740744973,0.10658196091480883,-1.0638034469836448,0.28752016125345753,-0.35649002272746844,0.18351741028214807,-1.9425406133368182,0.052183482361671384,-0.009770732154582334,0.15886101585540652,-0.061504907934590715,0.9509620065510771,0.08044486415928322,0.09742123359918979,0.8257426146978315,0.4090286518953462,-0.11700771888442242,0.11381408355917633,-1.02806010667024,0.3040206920339699,-0.2390057305829592,0.10157981818802649,-2.352885985093558,0.01870519040160002,0.28451317804035814,0.26473435608659307,1.0747119574736856,0.28260708975374027,0.03763457678572138,0.3142195362813081,0.11977160055391546,0.9046736724572675,0.2673576060165131,0.21346461412512294,1.252468036036177,0.21051614309560074,-0.050909943845034576,0.19370921023673135,-0.2628163306371324,0.792713734771102
ETC,3232,3232,9,"log_daily_return,diff_VIX,log_diff_AdrActCnt,log_diff_volume_trusted_spot_usd_1d,log_diff_TxCnt,log_UnemRt,log_IndPro,log_CPIPrc,log_TotRes",0,0.007225259594802358,0.004426082695163647,21067.407827685383,21128.12313662095,-10523.703913842692,1.2889985927317928,0.23725980924284204,1.8476566140805473,0.10794544310712348,0.11407724565376033,0.9462486799054766,0.34409338603466477,-0.5114463064913258,0.31109409418983563,-1.6440244801922579,0.10026962300560839,-0.14580926497335323,0.22905840108564524,-0.636559341557767,0.5244575599251301,-0.041781346287603924,0.09140500735057867,-0.4571012846960776,0.6476293528898807,0.089065889655877,0.11555405670357925,0.7707725041999172,0.44089883337548597,0.13579802524437823,0.10345433506153082,1.3126373598903378,0.18939954313305013,0.3836797784380855,0.27446846964263316,1.3979011102355363,0.16223989596501465,0.15606215062259343,0.4372795317917284,0.35689333544412083,0.7211952500716639,0.20944635127314376,0.22739128599841446,0.9210834546870199,0.3570764645858596,-0.27515187567492155,0.24800879061243147,-1.1094440442835236,0.26732224667484394
ETH,3584,3584,9,"log_daily_return,diff_VIX,log_diff_AdrActCnt,log_diff_volume_trusted_spot_usd_1d,log_diff_TxCnt,log_UnemRt,log_IndPro,log_CPIPrc,log_TotRes",0,0.0056439518374767905,0.003118781286273964,22204.12981998534,22265.888110072487,-11092.06490999267,2.2879503884271672,0.014794048607483295,2.025813195723678,0.21328296422663173,0.09176810854435392,2.324151250470053,0.020173645836968554,-0.1474556997261909,0.14025397993111208,-1.051347703634621,0.2931706058010082,0.18601955567061026,0.12326866693864523,1.5090579000355229,0.1313731283067545,-0.00914967808501624,0.08540252462697333,-0.10713592045411767,0.914687214901946,0.054621923017446776,0.11235854945819185,0.48613944627125477,0.6268983577934676,0.04764203988775008,0.15645546260754634,0.3045086383928672,0.760758291647631,0.48758134793996666,0.21346865565398784,2.2840887175974403,0.022425199624992197,0.06201585091807017,0.367416936747894,0.16878876479399432,0.8659724281727718,0.40870046820661843,0.20533946598434905,1.9903649123046299,0.046627444464883774,-0.358681759991619,0.24412464106178214,-1.4692566814705328,0.14185193984783867
FTT,2111,2111,9,"log_daily_return,diff_VIX,log_diff_AdrActCnt,log_diff_volume_trusted_spot_usd_1d,log_diff_TxCnt,log_UnemRt,log_IndPro,log_CPIPrc,log_TotRes",0,0.006782476389418868,0.0024662244760942365,14104.411524796034,14160.81756305997,-7042.205762398017,1.3551138333314066,0.20330831756585102,1.9533709104803403,-0.016362212489775013,0.15675011839693032,-0.10438405187255947,0.9168746859033683,0.39726980043354176,0.9197713372035283,0.43192235326815076,0.6658428105843628,0.33214837280750115,0.1536501034477275,2.1617191616177442,0.030754058105734738,-0.08839088005360593,0.3430727118266614,-0.2576447412065397,0.796706693737312,-0.11315312200258648,0.2677340932394362,-0.42263247326291375,0.6726073054069929,-0.0655167969757552,0.292118686542349,-0.2242814307815844,0.8225604479562911,0.32393609482948305,0.2503265025865957,1.2940543309729,0.19579094020646312,0.0072399769990939,0.2885444500044636,0.02509137499952573,0.9799844970950302,-0.006760669796234721,0.2424486460706289,-0.027884955869232765,0.9777565939139675,0.11657304665907692,0.19287377331980904,0.6044007158287099,0.5456434653407518
FUN,2828,2828,9,"log_daily_return,diff_VIX,log_diff_AdrActCnt,log_diff_volume_trusted_spot_usd_1d,log_diff_TxCnt,log_UnemRt,log_IndPro,log_CPIPrc,log_TotRes",0,0.010025507252663601,0.0068297502818149836,18646.1596685639,18705.526270116156,-9313.07983428195,1.649453347646447,0.09587746310137955,2.0819052262546456,-0.06027149820037137,0.12779288852202567,-0.47163421139810385,0.6372248087326287,-0.3381542599047853,0.27845677701847354,-1.2143868916587772,0.2247028668024856,0.3565661020400965,0.22722547269531992,1.5692171208208054,0.11671083533916389,-0.026428784380411453,0.2018644991334798,-0.130923389173724,0.8958453579625959,-0.34508852560719583,0.16223704502194766,-2.1270636774758303,0.03350235554864468,0.22144811438359438,0.2431393274049868,0.9107869004455116,0.36248640258692555,0.6144912004154778,0.32319920411005837,1.901276960466234,0.05736875440098581,0.26130865330951136,0.39144585891589323,0.6675473692152575,0.5044778126586142,0.365585549890649,0.2637387102111855,1.3861656849611153,0.16580716425248343,-0.1521842201393054,0.22952960461254138,-0.663026542463665,0.5073683667666914
GAS,2853,2853,9,"log_daily_return,diff_VIX,log_diff_AdrActCnt,log_diff_volume_trusted_spot_usd_1d,log_diff_TxCnt,log_UnemRt,log_IndPro,log_CPIPrc,log_TotRes",0,0.026195019346875403,0.023079397297149806,19152.66452261103,19212.120076893567,-9566.332261305515,2.19658134885596,0.019690327182744535,2.1940311364121508,-0.036096558211312066,0.13479365208723265,-0.26779123239388103,0.7888796531231755,1.1046933434365802,0.4052883464218926,2.7256972799475183,0.00645633016745902,-0.005565755084240329,0.2345455303633129,-0.02372995586664529,0.9810696945043091,-0.2210846724359743,0.14385835157030613,-1.5368219503608471,0.12444938179477069,-0.3080196814302569,0.1442889234457785,-2.1347423909916814,0.03286825075056254,-0.25883369709790816,0.13508051583763922,-1.916143830906115,0.055448034828318414,0.34987555770006923,0.30270637045269067,1.1558248912199571,0.24785094787090167,0.008650997315568454,0.375013865457187,0.023068473228374763,0.981597289868568,0.3364542515372647,0.24485338886055538,1.3741049413405353,0.16951857790523306,-0.0625349500070825,0.23438427729546094,-0.26680522571167165,0.7896386870310877
GNO,2951,2951,9,"log_daily_return,diff_VIX,log_diff_AdrActCnt,log_diff_volume_trusted_spot_usd_1d,log_diff_TxCnt,log_UnemRt,log_IndPro,log_CPIPrc,log_TotRes",0,0.008246680674800388,0.0051804560530460675,18466.305355357654,18526.10216838153,-9223.152677678827,4.589953523958261,4.860453274295752e-06,2.0039045906679678,0.01360341066720338,0.10482168383776796,0.1297766852157929,0.896752075672573,-0.3454826176301272,0.07035122949274361,-4.91082558359214,9.57004320027145e-07,0.0635267353339213,0.13047796205151316,0.48687712725648424,0.6263820650098981,-0.168584219847146,0.17558635944353368,-0.9601213920114365,0.33707386210748735,0.13778466218680335,0.13579233887147737,1.0146718388672253,0.31034660836657835,0.10894916827539414,0.20201206356128976,0.539320109674239,0.5897072412409883,0.43749664208794403,0.25885922352293345,1.6900948559369542,0.09111687749591757,-0.1426431012195535,0.3010360791446793,-0.4738405496937083,0.635649151336243,0.38671893241274413,0.23946828781112942,1.6149066581949778,0.10643928319880507,0.03547855588127016,0.228482322232134,0.15527921606654793,0.8766119657808922
GNT,3023,3023,9,"log_daily_return,diff_VIX,log_diff_AdrActCnt,log_diff_volume_trusted_spot_usd_1d,log_diff_TxCnt,log_UnemRt,log_IndPro,log_CPIPrc,log_TotRes",0,0.004188935077912959,0.001184476618543484,19959.20405241005,20019.244367488576,-9969.602026205024,1.4230438189235588,0.1721055215234088,2.10215377841865,0.08307618189378319,0.12372083922350449,0.6714809115035518,0.5019662103546838,0.16483391752677956,0.15863098424110525,1.0391029111705339,0.2988410931866047,0.12354670306437356,0.15222414481950486,0.8116104262623074,0.4170799622598639,-0.3178012243647415,0.15340781352301297,-2.071610415834964,0.03838755331004924,-0.16688564864086836,0.12872172416785485,-1.296483944102918,0.19490909290985695,0.17635871068330075,0.15413642354790272,1.1441728478181004,0.252643763562992,0.4698783713005845,0.2981022570669824,1.5762321826198207,0.11507834249077543,2.9690084462519195e-05,0.3497822967205361,8.488160990674877e-05,0.9999322799497771,0.43388010690364853,0.2780932961869135,1.5601962105984275,0.11881959928101857,-0.24069855326684517,0.2836728087063998,-0.8485076675641731,0.3962233860082146
GUSD,2449,2449,9,"log_daily_return,diff_VIX,log_diff_AdrActCnt,log_diff_volume_trusted_spot_usd_1d,log_diff_TxCnt,log_UnemRt,log_IndPro,log_CPIPrc,log_TotRes",0,0.13773791650031675,0.13451651394676878,8170.433516079613,8228.344611185714,-4075.2167580398063,1.5525992135148856,0.12399802276678334,2.782250029014503,-0.009999045331260835,0.026368642164405424,-0.3792021321734334,0.7045711887951869,0.5047981984829002,0.2183969252545765,2.311379603419221,0.02089590812592847,-0.0868939461505178,0.051237350892848685,-1.695910202934512,0.09003209682577062,-0.05918807839527592,0.0691894605212812,-0.8554493408294597,0.3923875102164581,0.022840491127909722,0.05326820148774637,0.42878284774010755,0.668119600354175,0.06528617351538239,0.04971779518249484,1.3131349303753725,0.18926254933484363,0.019191514360553504,0.054645511536455776,0.3512001959712689,0.7254688746635592,-0.011338030270087937,0.08691207103204217,-0.13045403400763408,0.8962181109271269,0.03086520060760495,0.06333465862490813,0.48733507494530565,0.6260652372897635,0.03089831328626106,0.03743116427572901,0.8254702701378712,0.40918639044589067
HEDG,817,817,9,"log_daily_return,diff_VIX,log_diff_AdrActCnt,log_diff_volume_trusted_spot_usd_1d,log_diff_TxCnt,log_UnemRt,log_IndPro,log_CPIPrc,log_TotRes",0,0.022613339687951872,0.011713116710494131,6331.764014281907,6378.820405230507,-3155.8820071409536,1.5169147493314314,0.1374156308722172,2.0244552727029914,-0.03395972580465034,0.4054200078819677,-0.08376430650787525,0.9332646010820402,-1.701518243068938,0.6121844465456374,-2.779420896218559,0.005572239150439153,-0.2557118364550602,0.36207413544193057,-0.7062416544693269,0.48024170881968586,0.32773158466790087,0.7928466938384353,0.4133605994889667,0.6794522523775549,0.6393785203350061,0.4928686015141812,1.297259590833581,0.19491261520141004,0.4428097873658028,0.8140479636111706,0.5439603158043284,0.5866190277831222,-0.30754419106048697,0.5112184298700284,-0.6015905786860553,0.5476156587538406,0.05119053998853257,0.6053349807630519,0.08456563987761717,0.9326276902662338,-0.20026144872231955,1.4653421254914158,-0.13666531879383462,0.8913294299691759,-0.0920169810492264,1.5060852279528523,-0.06109679541462641,0.9512972486974424
HT,2278,2278,9,"log_daily_return,diff_VIX,log_diff_AdrActCnt,log_diff_volume_trusted_spot_usd_1d,log_diff_TxCnt,log_UnemRt,log_IndPro,log_CPIPrc,log_TotRes",0,0.004585489940841514,0.0005824825277350731,13600.417942004493,13657.595904114629,-6790.2089710022465,1.0955135378264904,0.3624881918827393,2.042815144964475,-0.07581777707331804,0.1047226726212484,-0.7239862694063299,0.46914983456396187,0.007555259551959216,0.20459087413424257,0.03692862442633596,0.9705452097928842,0.18825422946936543,0.14869397677992396,1.266051480672906,0.20562642057071448,-0.05829024573671194,0.22246615592136018,-0.2620184876899524,0.7933313021073389,-0.09404309522036165,0.08779008043599205,-1.0712268943520182,0.28418292836780984,0.1805510218462648,0.2253696252536834,0.8011329017520914,0.42313975370838264,0.20331621068920203,0.25122530158623985,0.809298304770502,0.4184296115836451,0.15478386310225242,0.2790733741270621,0.5546350080383495,0.5791997601186496,-0.13672356098820676,0.19019791446494314,-0.7188488968074744,0.4723090714982796,-0.12934161554017232,0.1662936970344809,-0.7777902460930519,0.4367748922120388
HUSD,1218,1218,9,"log_daily_return,diff_VIX,log_diff_AdrActCnt,log_diff_volume_trusted_spot_usd_1d,log_diff_TxCnt,log_UnemRt,log_IndPro,log_CPIPrc,log_TotRes",0,0.012178254610897277,0.004818655514455261,-589.6682392504931,-538.6185847677947,304.83411962524656,0.8804566554441978,0.5421179233120967,2.946112494772111,-0.0007582440578799551,0.005420465721752814,-0.13988540778646635,0.8887738496637598,-0.00015313613650077456,0.006546748090727737,-0.02339117595156345,0.981342106778959,0.01204251691268654,0.008047039705914465,1.496515159958196,0.1347806728510703,0.0004100506188239152,0.005798493231763062,0.07071675389353471,0.9436348915253072,-0.002432356340658303,0.0014356455007614225,-1.6942597175753036,0.09047370505847958,0.01615771184318119,0.01811823203868962,0.8917929635009674,0.3726815104100353,-0.0006252005921268054,0.005318598992045111,-0.11754986474105333,0.9064438726704913,-0.001674439720453605,0.005275212665752311,-0.3174165339957548,0.7509824167515889,-0.001435810429507355,0.012331687001439004,-0.1164326040175856,0.9073290497611844,0.0019354261363079984,0.007564127554208977,0.2558690506522529,0.7980955153014753
ICP,1481,1481,9,"log_daily_return,diff_VIX,log_diff_AdrActCnt,log_diff_volume_trusted_spot_usd_1d,log_diff_TxCnt,log_UnemRt,log_IndPro,log_CPIPrc,log_TotRes",0,0.028344684333934778,0.022276052938379753,9192.527124169079,9245.32720669792,-4586.263562084539,14.125556070056515,4.904769518211658e-22,1.9509106503592126,-0.2988370093625192,0.15686216897277405,-1.9050929317086467,0.05696688832583019,-0.7419942671285108,0.08797061812642427,-8.43456921107655,7.967569638524294e-17,0.1273351642330447,0.14970539511890257,0.8505716452764414,0.39514865327785875,-0.17570116681718895,0.4347391112563868,-0.40415311681853583,0.6861601002827986,0.09539156101247509,0.17445760806760985,0.5467893436639734,0.5846081228031973,-0.007762719174049387,0.5204384583107811,-0.01491572932416509,0.988101475900153,-1.2395090306395131,0.7401561635093206,-1.6746587973578422,0.09421818243879768,-0.7132600377078513,0.6391103319110478,-1.1160201957228313,0.26459955481955455,-0.07201419403538806,0.7666149506107893,-0.09393789408621864,0.9251715510405577,0.35252584703888745,0.2486319613281016,1.4178621491614452,0.15644721497230374
KNC,2803,2803,9,"log_daily_return,diff_VIX,log_diff_AdrActCnt,log_diff_volume_trusted_spot_usd_1d,log_diff_TxCnt,log_UnemRt,log_IndPro,log_CPIPrc,log_TotRes",0,0.00640160971135173,0.003165132870020626,18299.140445888625,18358.41729634478,-9139.570222944312,1.2515770414813683,0.2585998908043343,2.020429882269563,-0.052229581738210545,0.12298539181567811,-0.4246811834082586,0.6711021690993357,-0.07583012213136843,0.16865652243823617,-0.4496127456863593,0.6530249638397948,0.3996981501627691,0.184873478042875,2.1620091448167216,0.03070305805245391,0.2781688103181074,0.2767707165581135,1.005051451170053,0.3149600842717417,-0.017681711540065412,0.1376684761036,-0.12843689449107687,0.8978125827869115,-0.25894209119773653,0.2751936037554091,-0.9409451661088867,0.34681521597582965,-0.0782485313890713,0.30760415851996586,-0.2543806031932835,0.799220464251084,-0.5817738547681961,0.37751522775626006,-1.54106063012593,0.12341654283019572,0.1648976100888827,0.2773973509421379,0.5944455112092205,0.5522628470458447,0.374929056029261,0.2593289356527692,1.445766378076975,0.14835615278961328
LDO,1358,1358,9,"log_daily_return,diff_VIX,log_diff_AdrActCnt,log_diff_volume_trusted_spot_usd_1d,log_diff_TxCnt,log_UnemRt,log_IndPro,log_CPIPrc,log_TotRes",0,0.008203210554438733,0.0014306983351594083,8918.64425396392,8970.558547264283,-4449.32212698196,1.0808174691085641,0.373849080743709,2.0257735805857116,-0.16752908657476293,0.18395699708330052,-0.9106970065340945,0.36262156230146125,-0.08843493455414446,0.17087034191555234,-0.5175557885747711,0.6048550866150363,0.08542409463842238,0.1878292651952991,0.45479651187263614,0.6493305374967315,-0.19475871303157583,0.3380124564789833,-0.5761879756158791,0.564586506785026,-0.8675242434497468,0.3312654786668098,-2.6188187400061436,0.008924686259261913,1.0178901406204535,0.47197896817121926,2.1566430058620636,0.031213876590832995,-0.6661730044058953,0.7984672762928281,-0.8343147229512566,0.4042548454500331,0.11895795932834477,0.6429287625396385,0.1850251011612047,0.8532378143653889,-0.6936313225758364,0.9632451237134396,-0.7200984520967978,0.47159205952157734,0.04379834334946989,0.3006119641285936,0.14569727281624145,0.8841826529422602
LEND,2730,2730,9,"log_daily_return,diff_VIX,log_diff_AdrActCnt,log_diff_volume_trusted_spot_usd_1d,log_diff_TxCnt,log_UnemRt,log_IndPro,log_CPIPrc,log_TotRes",0,0.009890813774496854,0.0065781808094300676,18548.437738421784,18607.44780894171,-9264.218869210892,2.1782240420596093,0.020842657646277893,2.001370162539338,0.17927290310977942,0.14360045367771193,1.2484146011970725,0.21198790792396022,-0.23475922915061387,0.18794242244864812,-1.2491018583883455,0.21173650375064773,0.05298214860105721,0.20658428370612134,0.2564674700831915,0.7976095077198756,-0.7046872662960827,0.3245774267007384,-2.1710914201861824,0.030011423128304897,-0.31950019390826656,0.24802437852982095,-1.2881806046733095,0.19779389451491905,0.5496195250180451,0.3227408610628943,1.702974712306223,0.08868832028900843,0.7651542079294269,0.4026418018536002,1.9003347501599834,0.05749602143977856,-0.23027438759768715,0.44893047771226535,-0.5129399740716151,0.6080354288774679,0.8302961626061475,0.31111976857914325,2.668734829670379,0.007659474911003534,-0.22272966442103423,0.2674836486038086,-0.832685158826052,0.4050962367721417
LINK,2801,2801,9,"log_daily_return,diff_VIX,log_diff_AdrActCnt,log_diff_volume_trusted_spot_usd_1d,log_diff_TxCnt,log_UnemRt,log_IndPro,log_CPIPrc,log_TotRes",0,0.00912265605585949,0.00589270455441171,18173.10258207176,18232.372217520387,-9076.55129103588,1.479716695472349,0.14939927837352218,1.930835724464826,0.14602481118886507,0.12081241925560655,1.2086903986246305,0.22688531372986873,-0.4985358022479781,0.2473947476877545,-2.0151430331786893,0.04398640913744458,0.12645668417845438,0.18074030554602435,0.6996595684422642,0.48419887320811494,0.23691766922822272,0.29185383337705817,0.811768228249169,0.41699461339586497,0.1084042169978863,0.16584951363262807,0.653629996395477,0.5134046439803794,-0.07541783343433345,0.3376737082456025,-0.2233452933785395,0.8232833010366498,0.3958528498063516,0.2966421914938572,1.3344455413199334,0.18216792347293426,-0.009815099103579528,0.3469267103118646,-0.02829156364108255,0.9774316538238824,0.394469540065958,0.2505284705474773,1.5745497475952646,0.11547498070402931,-0.2844356403552337,0.2323611576346654,-1.2241101019235043,0.22101513849893387
LOOM,2585,2585,9,"log_daily_return,diff_VIX,log_diff_AdrActCnt,log_diff_volume_trusted_spot_usd_1d,log_diff_TxCnt,log_UnemRt,log_IndPro,log_CPIPrc,log_TotRes",0,0.0027735870258384088,-0.0007529503874297294,17323.21157019088,17381.66964521726,-8651.60578509544,0.7879645070466141,0.6275879971018921,2.0059803490075225,-0.12661616263152947,0.1423788976934882,-0.8892902296807174,0.37393116850224317,-0.11302822157702239,0.19527679015291718,-0.578810320921971,0.5627683862792361,0.1253350813049272,0.22267523840685421,0.5628604338840992,0.5735795028780412,-0.20271373635717083,0.3211773558094494,-0.6311582454070592,0.5279937385708234,-0.06210801685082963,0.16064858020248501,-0.3866079412127223,0.6990787985900528,0.07765607616809754,0.32406332793256815,0.23963240970066318,0.810634534624405,0.4541409590184966,0.3439457305750118,1.32038551040962,0.18682506929980622,0.14193761598261428,0.39506649089305074,0.3592752593665012,0.7194189857765931,0.24387804402923377,0.2894641417987624,0.8425155617333064,0.399578600542008,0.01636795036378319,0.2759044323933651,0.05932470972574634,0.9526981379194861
LPT,2354,2354,9,"log_daily_return,diff_VIX,log_diff_AdrActCnt,log_diff_volume_trusted_spot_usd_1d,log_diff_TxCnt,log_UnemRt,log_IndPro,log_CPIPrc,log_TotRes",0,0.006538109991476304,0.002674170056265912,16170.53081491826,16228.041266097978,-8075.26540745913,2.552027705054707,0.006449227661988522,2.0168988952255598,-0.017127394968573167,0.16280555713979797,-0.1052015377697839,0.9162250083720496,-0.3078514107116716,0.11513342422232488,-2.6738665404166606,0.007550945847355947,0.015026581985490312,0.27286311773749633,0.05507003698442821,0.9560874209950604,-1.0156868872788714,0.4797081481782469,-2.117301720089751,0.03434066322619012,-0.09482475735925504,0.17078169041125726,-0.5552395993441025,0.5787844558072769,0.9978478578866153,0.5296631963845321,1.8839290037478538,0.05969985370084715,0.6280657669226555,0.4419928209953088,1.420986353371838,0.15545546496592894,-0.02095233310211697,0.4909405670572041,-0.04267794211366448,0.965961945254279,0.42300904373028336,0.3637526600650702,1.1629029562412356,0.24498878719102593,0.05577423705470552,0.2663222962551945,0.20942383660308228,0.8341358211034555
LTC,3803,3803,9,"log_daily_return,diff_VIX,log_diff_AdrActCnt,log_diff_volume_trusted_spot_usd_1d,log_diff_TxCnt,log_UnemRt,log_IndPro,log_CPIPrc,log_TotRes",0,0.002305606949041583,-8.05874536844442e-05,23359.501377451204,23421.85763465085,-11669.750688725602,1.0024174844910851,0.4354911028949096,2.002512572429008,0.09640356555250859,0.0860652104413336,1.120122347440516,0.2627331138110991,-0.08261805734831404,0.134260496595776,-0.6153564111792009,0.538356583118093,0.10333860052952965,0.11930826897588657,0.8661478489006947,0.3864643081559819,0.03756033126780742,0.0851030228139818,0.4413513178010938,0.6589840374264002,-0.06077032641197699,0.0899937978206108,-0.675272384138222,0.4995442160155761,-0.07786094648697117,0.09344649350048574,-0.8332142124366223,0.40477680952793993,0.32785021153804456,0.18070342363675496,1.8142999448481951,0.0697111605276308,0.2141807236267595,0.29328679653213263,0.7302774150056011,0.4652660909896831,0.23013373157722322,0.21319610207599154,1.0794462437929302,0.28045802768162514,-0.3255959664480198,0.21444183796992797,-1.5183416143526964,0.12901230794646235
MAID,3675,3675,9,"log_daily_return,diff_VIX,log_diff_AdrActCnt,log_diff_volume_trusted_spot_usd_1d,log_diff_TxCnt,log_UnemRt,log_IndPro,log_CPIPrc,log_TotRes",0,0.015341286168430446,0.012923297512363763,26075.1346279333,26137.22771204977,-13027.56731396665,1.7535069576508135,0.07200520640010756,2.2117405205702703,0.04769670837851476,0.1384405808621277,0.34452837514468154,0.7304687279873225,-0.901890000273663,0.62303674858457,-1.4475711140997678,0.14782256508380293,0.045027588964538456,0.14851472447373265,0.30318602498234004,0.7617653065542374,-0.3952993034852704,0.41681332146045164,-0.9483845240363257,0.34299626335905964,-0.3715882967482922,0.19096776448485484,-1.9458168646979261,0.05175308650199421,0.4887753390717762,0.39607424931091034,1.2340497770863599,0.21726348150373237,0.5575424080999928,0.21623849929572006,2.578367912817956,0.00996550129969391,0.12462263092187911,0.3851580325667943,0.3235623312627317,0.7462878713018243,0.6201425274414984,0.409446181385392,1.5145886214964797,0.1299628473793733,-0.4682489191424191,0.24586490033207772,-1.904496813127771,0.05692373016143394
MANA,2836,2836,9,"log_daily_return,diff_VIX,log_diff_AdrActCnt,log_diff_volume_trusted_spot_usd_1d,log_diff_TxCnt,log_UnemRt,log_IndPro,log_CPIPrc,log_TotRes",0,0.003499034120720057,0.0002914129859155068,20148.068156447913,20207.463309054536,-10064.034078223956,1.09555817990069,0.362351579220007,1.9671353167306547,0.07699970631722884,0.16313730251760847,0.4719932543258631,0.6369684356704122,-0.36653144437285406,0.3463463770269801,-1.0582800014226843,0.2900192262304816,0.06791072025355145,0.1901649624067412,0.3571147880980207,0.7210328245186242,-0.03748488327554883,0.44358716364375944,-0.08450398556990837,0.9326617839397888,0.20512723708853808,0.2534748803914908,0.8092606130111197,0.41843411559144017,0.009094407289438028,0.4834708912256833,0.018810661519625543,0.9849934908258917,0.3825564122110659,0.351927091049003,1.0870331439127487,0.2771158619487349,0.16736677256196608,0.4029034119073512,0.4154017256137125,0.6778797188284416,-0.09411825299572268,0.30501180395384725,-0.3085724938368751,0.7576697352550259,0.14196788158540863,0.33949367879266384,0.4181753312470701,0.6758510447602468
MKR,2713,2713,9,"log_daily_return,diff_VIX,log_diff_AdrActCnt,log_diff_volume_trusted_spot_usd_1d,log_diff_TxCnt,log_UnemRt,log_IndPro,log_CPIPrc,log_TotRes",0,0.006988410498450892,0.0036449371331257474,17260.86911323044,17319.816021734696,-8620.43455661522,1.0419229387179594,0.40356652868616105,2.2088797831868523,0.01336064738842839,0.11574638753830253,0.11543036178133088,0.9081126849108112,-0.21708263363393582,0.23933584146558579,-0.9070209973759832,0.3644774512722758,0.3238121272579014,0.22799170833044463,1.4202802796169123,0.15564272509482566,0.014337983543553645,0.19067875800806133,0.0751944458488002,0.940065630291995,0.06784407396656227,0.13189562441593525,0.5143769876141967,0.6070309688627511,0.03682347613152774,0.1928697430443657,0.1909240690130295,0.8485995822380392,0.5867243268374225,0.2870249026423128,2.0441582644436664,0.04103571359985991,0.3591391663858532,0.37567019891421655,0.9559958906079261,0.33916076092838354,0.3093606029552697,0.23768625063575421,1.3015502669077559,0.19318233282909406,-0.2762312201210567,0.20469113895603722,-1.3495025799841027,0.17728987519069456
NEO,2877,2877,9,"log_daily_return,diff_VIX,log_diff_AdrActCnt,log_diff_volume_trusted_spot_usd_1d,log_diff_TxCnt,log_UnemRt,log_IndPro,log_CPIPrc,log_TotRes",0,0.003683551750783942,0.0005228721475963871,18390.459756751392,18449.99996762417,-9185.229878375696,1.224001836315119,0.2751445769093788,2.014796182988193,0.014039808018018685,0.11369861159695246,0.12348266896862443,0.9017336446025874,-0.21468534527156768,0.144507887001744,-1.4856306442912472,0.1374879532213301,0.07728660720662106,0.15429483878757932,0.5009020898814576,0.6164788905367904,0.11405038296183342,0.13493250859020825,0.8452402178944578,0.39804800881094504,-0.11106939303120934,0.11933549679858964,-0.9307322298131331,0.352071284385883,-0.05819635750275566,0.12449379735968208,-0.4674639117531074,0.6402039085685243,0.395999314222631,0.2534734141567622,1.562291317770008,0.11833091079560999,0.017465617082109253,0.31621650169971505,0.05523309817238735,0.9559566498538279,0.3400653552242752,0.23825135774402761,1.4273385824295468,0.15359237872895956,-0.26374894263319537,0.2201735813954859,-1.1979136686678018,0.2310506965068442
OMG,2877,2877,9,"log_daily_return,diff_VIX,log_diff_AdrActCnt,log_diff_volume_trusted_spot_usd_1d,log_diff_TxCnt,log_UnemRt,log_IndPro,log_CPIPrc,log_TotRes",0,0.008797586000939273,0.005653129981908034,19086.61722390689,19146.15743477967,-9533.308611953446,2.472054144783929,0.008298850130977685,1.9815138174384643,-0.016036437664080572,0.12928436887543807,-0.12404003518423205,0.9012923635848434,-0.34588877659483397,0.19176855337223578,-1.803678290900179,0.07138779740496708,0.07585231402232508,0.1640674105416375,0.4623240762556867,0.6438843899424597,-0.273428260369427,0.3439132883267762,-0.7950500014108893,0.42665092461843546,0.19900531083878342,0.1689846553855451,1.1776531448062253,0.23903369398954072,-0.09997354960726855,0.35108442942055246,-0.2847564324406809,0.7758515366105083,0.27768162020298415,0.31538617155525805,0.8804495734028472,0.3786903882605108,-0.5396540315557632,0.3826776683336651,-1.4102051836618459,0.1585887307070215,0.4729751831464696,0.2952903271971338,1.6017293476420398,0.10932680331365775,-0.013401558787434792,0.26280132416991675,-0.05099502002040859,0.9593330788192432
PAX,2374,2374,9,"log_daily_return,diff_VIX,log_diff_AdrActCnt,log_diff_volume_trusted_spot_usd_1d,log_diff_TxCnt,log_UnemRt,log_IndPro,log_CPIPrc,log_TotRes",0,0.0005423997162122829,-0.0033115498992779546,573.6400233998465,631.2361649068156,-276.82001169992327,0.0870586515021865,0.9997940589230216,2.88785712693978,5.420226371310229e-05,0.005689295009121983,0.009527061547379175,0.9923994338780668,-0.004058242905764866,0.010281401413034533,-0.3947169012018066,0.6930878934817128,0.0014239273614451897,0.004752881191807308,0.2995924585490709,0.764514713513161,-0.006498922610712264,0.015095589971292676,-0.4305179607468991,0.6668586547877289,-0.003599327784145852,0.008243836913612182,-0.4366083198713769,0.6624358133524194,0.008311194913184744,0.016433979106320194,0.5057323524275638,0.6130923107438431,-0.0006079337118557876,0.008890147472287118,-0.06838286021136024,0.9454867229796338,-0.0007318935789531241,0.007974716868351174,-0.09177674781881605,0.9268832945666097,0.00018348520386676608,0.011721366620922062,0.01565390878050466,0.9875118358768064,-6.341671357658167e-05,0.010704166819609166,-0.005924488532858755,0.9952734760293598
PAXG,1932,1932,9,"log_daily_return,diff_VIX,log_diff_AdrActCnt,log_diff_volume_trusted_spot_usd_1d,log_diff_TxCnt,log_UnemRt,log_IndPro,log_CPIPrc,log_TotRes",0,0.009174552270975522,0.0044613233970001165,5361.146009169946,5416.652621601,-2670.573004584973,0.8124970337872816,0.6046844411496777,2.325433013535747,0.040200126029593816,0.022173266170400798,1.8129997502694106,0.06999026756871343,-0.0034616033445822956,0.010961840806893988,-0.3157866826897601,0.7521992566897993,0.07209267254160197,0.08532861467019055,0.8448827256864802,0.39828314351050553,-0.04326227336761206,0.04640570940349074,-0.932261868716477,0.3513201554230383,0.0012105690997378151,0.035791683549256145,0.03382263642535402,0.9730221526925902,0.057104216319810754,0.06324471341660967,0.9029089268481646,0.3666891686268057,0.03143667958252792,0.11553595188800259,0.2720943487184126,0.7855791633740996,-0.07265978343968856,0.08701415188517425,-0.8350340934836895,0.40380394023531163,0.10861440898284513,0.0718014918922906,1.5127040695167948,0.13052185619023443,0.027314532674529504,0.024835860883964497,1.0998021289515834,0.2715582601263316
PAY,2797,2797,9,"log_daily_return,diff_VIX,log_diff_AdrActCnt,log_diff_volume_trusted_spot_usd_1d,log_diff_TxCnt,log_UnemRt,log_IndPro,log_CPIPrc,log_TotRes",0,0.004888814040119538,0.0016403553264312531,19005.921732175833,19065.176921973703,-9492.960866087917,0.8099044911957726,0.6070832242712605,2.1571850797098087,-0.2355252376728068,0.14123980805317615,-1.667555634061274,0.09551754042238689,-0.38217804506455944,0.30631390011305876,-1.2476679802108217,0.21225863343041018,0.08440585003258833,0.1764801560975093,0.4782738858523684,0.6324932020771679,-0.22984267208775572,0.3183702171333456,-0.7219352179274006,0.4703955311530985,-0.21471773643291284,0.18437905588109743,-1.1645451562100428,0.24430391178936806,0.2529607680361329,0.3359913113239911,0.752878897490914,0.45158696965344225,0.4442052166874533,0.33668825055478435,1.319336852282507,0.18716607827225315,0.009124902241248012,0.4208655720334674,0.021681275085438434,0.9827037695345378,0.4477564532070035,0.34072272824509797,1.3141373207275775,0.18890932129996266,-0.12725939536394246,0.3082555104034458,-0.412837373766279,0.679757869591357
PERP,1577,1577,9,"log_daily_return,diff_VIX,log_diff_AdrActCnt,log_diff_volume_trusted_spot_usd_1d,log_diff_TxCnt,log_UnemRt,log_IndPro,log_CPIPrc,log_TotRes",0,0.006548724824283592,0.0007315085090060514,10410.747353072393,10464.188081578124,-5195.373676536196,1.573472572691638,0.11782814481101923,1.997473274515032,-0.17333486955252733,0.18250858402885614,-0.9497354355953013,0.3423960079276196,0.09967746546756036,0.07912444783288865,1.2597555900558044,0.20794879489743737,0.07735101396687953,0.19526220376041367,0.3961392039894678,0.6920573232491842,0.0825256387633557,0.30583764117761464,0.26983480007756494,0.7873235714944448,-0.8270815050022965,0.3103320858201097,-2.6651498275358194,0.007775971099914124,0.5602937243528798,0.44252748959535365,1.2661218512441146,0.20566132315444652,0.599141088246786,0.5549566258956515,1.0796178661347176,0.2804817668939401,-0.383540135048906,0.685814537135674,-0.5592476016194895,0.5760742272218375,0.9313055439197795,0.7118137906906252,1.3083555785231362,0.19094834765228996,-0.16309435550830514,0.20386834845048546,-0.7999984144077015,0.42383534056294736
POLY,2542,2542,9,"log_daily_return,diff_VIX,log_diff_AdrActCnt,log_diff_volume_trusted_spot_usd_1d,log_diff_TxCnt,log_UnemRt,log_IndPro,log_CPIPrc,log_TotRes",0,0.03952252216723795,0.036067567211005014,17501.549452541876,17559.837797817756,-8740.774726270938,5.888590089668292,3.608532685188699e-08,2.02042189007618,-0.11915793130910396,0.1585286271584276,-0.7516492979531196,0.4523326851271601,-1.5846477966075505,0.2502438815331747,-6.332413751332717,2.851765156051194e-10,0.00013556276596365935,0.21397680902942084,0.0006335395250474087,0.9994945591343404,-0.17172998957026447,0.33350673370469225,-0.5149221056577675,0.6066529383277335,0.2680752261375342,0.1953229600261153,1.3724716546467026,0.17003967379232654,-0.05042011343123077,0.3669208474936302,-0.137414141975419,0.890714510117826,0.5558723439493105,0.3783580747567391,1.4691700297573989,0.14191239560386262,-0.05599814938958825,0.440289460279595,-0.12718485097060467,0.8988043154545102,0.30100767299251585,0.33705546749961274,0.8930508536932773,0.3719158264016802,0.1065871167485027,0.3060886798942136,0.3482229946737656,0.7277020154645462
POWR,2767,2767,9,"log_daily_return,diff_VIX,log_diff_AdrActCnt,log_diff_volume_trusted_spot_usd_1d,log_diff_TxCnt,log_UnemRt,log_IndPro,log_CPIPrc,log_TotRes",0,0.002393469798038672,-0.0008989609947069876,18366.429395488078,18425.575572578484,-9173.214697744039,0.6548084203275104,0.7504321148003044,1.9780983058345514,0.017405608059726956,0.13103985523828843,0.13282682606811386,0.8943401381749979,-0.057939692652929725,0.2524385093671284,-0.22952002370076746,0.8184819721236806,0.09603618599336274,0.18402198171215628,0.5218734473992391,0.6018008308832684,-0.3507360321794787,0.2754318088211788,-1.2734042363537987,0.2029831678036502,-0.3121769944592633,0.21502397064234657,-1.4518241548916104,0.14666553922555567,0.47692116842881727,0.30582559249405883,1.5594547354243489,0.11900482686928784,0.13063495503683642,0.3233423499117523,0.40401436765858156,0.6862338341479224,-0.19172417090373403,0.42553614927339367,-0.45054731832091016,0.6523516606820938,0.13872374318503491,0.3050046937555976,0.45482494540295576,0.6492713861960084,0.11705581824650813,0.29745852207038387,0.39351980044737356,0.6939663663967468
PPT,1818,1818,9,"log_daily_return,diff_VIX,log_diff_AdrActCnt,log_diff_volume_trusted_spot_usd_1d,log_diff_TxCnt,log_UnemRt,log_IndPro,log_CPIPrc,log_TotRes",0,0.0161274381439358,0.011229842426731973,13022.936941357377,13077.991864104752,-6501.468470678688,2.682665682774074,0.004253260216055795,1.9822746648468481,-0.22554045745942006,0.2033632422474194,-1.109052230712466,0.2675551478337987,-0.839599670624064,0.2939318983797018,-2.856442853777876,0.0043331295511810424,0.169129642416588,0.23889632976765865,0.7079624981307874,0.4790598003016685,-0.8118002418127674,0.4185788722182334,-1.9394200130328632,0.052605596669231064,-0.007349984375566762,0.2916941492217093,-0.025197572166523734,0.9799001541342836,0.7393884660080434,0.468176278640152,1.5792950214300576,0.11444332783283012,0.6913764969678644,0.33268070544187783,2.078198361547763,0.03783186440434478,0.4458824766208332,0.35632383787490385,1.2513405762579688,0.21097213153258662,-0.27990611307253477,0.386653050614172,-0.7239206121041151,0.4692081295945648,-0.2923607709186994,0.4582395892935762,-0.6380085390906617,0.5235489167557369
QASH,2593,2593,9,"log_daily_return,diff_VIX,log_diff_AdrActCnt,log_diff_volume_trusted_spot_usd_1d,log_diff_TxCnt,log_UnemRt,log_IndPro,log_CPIPrc,log_TotRes",0,0.018118478563808993,0.01469728859364805,17979.970533014617,18038.576240870003,-8979.985266507309,1.4984923171752957,0.14248460415292688,2.0578529509517094,-0.09739834611317146,0.15196158223985987,-0.6409405895724061,0.5216181429386013,-0.996986364457177,0.5263474653476469,-1.8941600940334693,0.058315380793910424,0.054176809233783825,0.17896383551240858,0.30272490013786857,0.7621238960504865,0.5594398006050818,0.4167385241505702,1.3424240097441837,0.1795765223046215,0.141326475638665,0.16713610687071243,0.8455771663270081,0.3978669885141646,-0.5887248089332691,0.4792677352773212,-1.228383981643605,0.21941476930213188,0.33702044847454876,0.25989816299665724,1.2967404024278673,0.1948363491546275,0.20786579029792443,0.2989357389153729,0.6953527572585428,0.48689680931915236,0.14761020876378242,0.28808677287272855,0.5123810693974273,0.6084281456259841,-0.13252089685237195,0.2924420219544192,-0.453152717132516,0.6504768395520457
QNT,2268,2268,9,"log_daily_return,diff_VIX,log_diff_AdrActCnt,log_diff_volume_trusted_spot_usd_1d,log_diff_TxCnt,log_UnemRt,log_IndPro,log_CPIPrc,log_TotRes",0,0.0051535844930122865,0.0011349050766915614,14372.720645898804,14429.854024787523,-7176.360322949402,0.9184985325343205,0.5077619877505763,2.1242364838248755,0.1444432637886368,0.12517410653972386,1.1539388439157576,0.24864900728686262,-0.12825009589946199,0.2031983479219913,-0.6311571782497845,0.5280024996911418,0.16626360969526616,0.20504782444543498,0.8108528346737488,0.41753679392750387,0.27915641297237465,0.3874709708728276,0.7204576186534422,0.47131886347195395,0.2563471189571447,0.18287712673406945,1.401745114521137,0.16113066515773894,-0.2543655392836645,0.40631337913087945,-0.6260328907400553,0.5313574946320387,0.39556183717926047,0.33987646975498625,1.1638400194765388,0.24461346784039203,0.16141311900647135,0.3797562953013081,0.4250439584639463,0.6708456755581444,0.05486809720750452,0.28505302031276825,0.19248383036707237,0.8473807749701143,-0.09082930379234136,0.2119812814057651,-0.42847794479777657,0.6683446066178397
REN,2367,2367,9,"log_daily_return,diff_VIX,log_diff_AdrActCnt,log_diff_volume_trusted_spot_usd_1d,log_diff_TxCnt,log_UnemRt,log_IndPro,log_CPIPrc,log_TotRes",0,0.010770686993552991,0.006944703402208763,15846.834076148574,15904.400309493964,-7913.417038074287,3.3979478055597823,0.0003708892737943177,2.0345314691594028,-0.021990568324335498,0.14755869782905534,-0.14902929239597423,0.8815434327154936,-0.5774393880391692,0.14614814410434213,-3.9510552226164957,8.01238949127586e-05,0.06537679943945451,0.20143426943016707,0.3245564899378715,0.7455459341158405,0.32867678919703114,0.3062791366760852,1.0731282344727033,0.2833248552905262,-0.0393987254283997,0.19636225881978014,-0.2006430648394586,0.8409952159586567,-0.32647411852188324,0.3368157708230675,-0.9692958192666791,0.33249834826807867,0.24229010895377895,0.39777667369433795,0.6091109031193745,0.5425103911678278,-0.3940980722328503,0.3917998128686077,-1.005865902148895,0.3145846614106486,0.2505746871936616,0.29784487674969995,0.8412925880348017,0.40027048476268534,-0.008670938019745528,0.25169768379608326,-0.03444981252497509,0.9725214170118106
REP,3161,3161,9,"log_daily_return,diff_VIX,log_diff_AdrActCnt,log_diff_volume_trusted_spot_usd_1d,log_diff_TxCnt,log_UnemRt,log_IndPro,log_CPIPrc,log_TotRes",0,0.010328763430376475,0.0074748572691696324,21148.492580788763,21208.983658002027,-10564.246290394382,3.6717760156434065,0.00013850789733971353,2.047810809809793,-0.07783602006268538,0.12689236434762424,-0.6134019210915796,0.5396553157698573,-0.6826722116852512,0.12837739575031853,-5.317697930350462,1.1249602224614906e-07,-0.022238720255246203,0.15567457008586252,-0.1428539050596408,0.8864147850579566,0.04415052557401468,0.3258290374346256,0.13550212074905402,0.892223625957649,-0.09150756113451267,0.14801133139493894,-0.6182469968487944,0.5364576480571595,0.03307593893219577,0.34599063459893714,0.09559778683182131,0.9238461603847048,0.3552519668933245,0.28092323232011435,1.2645873534891978,0.20611371161484635,0.07842104446815182,0.3778882109913372,0.2075244534949241,0.8356138365524226,0.2587550007915152,0.27946360987038693,0.9258987276072322,0.35457020032341635,-0.22747654896071665,0.26482612964032537,-0.8589656514244451,0.39042543278678943
SNT,2903,2903,9,"log_daily_return,diff_VIX,log_diff_AdrActCnt,log_diff_volume_trusted_spot_usd_1d,log_diff_TxCnt,log_UnemRt,log_IndPro,log_CPIPrc,log_TotRes",0,0.012835800848402523,0.009732595192669335,19469.806852367106,19529.4379729569,-9724.903426183553,0.7774768654348087,0.6374011449635986,1.757759546216898,-0.08905971295515529,0.1332614770522028,-0.6683080131272127,0.5039908736075953,-0.7311454269337985,0.7050703801228771,-1.0369821900706948,0.2998317310835372,-0.07459245887755493,0.17959023231424032,-0.4153480838926463,0.6779182308253834,0.6319692232433292,0.6610048971467445,0.9560734360233198,0.3391158547738643,0.055022969702854245,0.2733030112809433,0.20132588164677442,0.8404580681098026,-0.5228672850042093,0.6024269921946677,-0.867934690474909,0.38550282967115856,0.25290129876084544,0.3159938577809696,0.8003361221538153,0.42358248388450903,-0.05836224136136403,0.4046505472204788,-0.14422874690829135,0.8853299926727018,0.24326125533742862,0.2513758051157969,0.9677194478815084,0.33326624184077325,0.05363405013018056,0.25481923238687126,0.21047881522832765,0.8333089623165504
SNX,1878,1878,9,"log_daily_return,diff_VIX,log_diff_AdrActCnt,log_diff_volume_trusted_spot_usd_1d,log_diff_TxCnt,log_UnemRt,log_IndPro,log_CPIPrc,log_TotRes",0,0.006326775984604405,0.001461129077020784,12142.633248705533,12197.85184122755,-6061.316624352767,1.345968930808062,0.20789910788134572,2.0067932910440875,0.01024541939431808,0.14857650611212408,0.06895719695135594,0.9450311911201961,-0.19312448700805318,0.13867654898275716,-1.3926254181019893,0.1639015283277132,0.1782396507202287,0.14381900560523395,1.2393330768081885,0.21538039823059052,0.051412242857693746,0.2891452392534399,0.1778076754451772,0.8588936125689943,0.23667298918507884,0.19988470141828407,1.184047540936165,0.23654734379178602,-0.3321926228810188,0.3515670763929512,-0.9448911607118827,0.3448386372564701,0.4860796176932982,0.5512940671516577,0.8817066002627244,0.3780507777230723,-0.1347562391272911,0.4102789844954843,-0.3284502599932078,0.7426086611786396,0.3068943650760012,0.3677630172165552,0.8344894693293431,0.40411366412773764,-0.10525626504311408,0.16771907028552693,-0.6275748182000089,0.5303604656134797
SOL,1877,1877,9,"log_daily_return,diff_VIX,log_diff_AdrActCnt,log_diff_volume_trusted_spot_usd_1d,log_diff_TxCnt,log_UnemRt,log_IndPro,log_CPIPrc,log_TotRes",0,0.009289873871128784,0.004436095354438674,12200.652188669195,12255.865368471188,-6090.326094334598,1.4574266935566067,0.15834975091859343,1.985128914710789,0.2839595669117182,0.15246035368347186,1.8625141556555507,0.0626901838562193,-0.3815225099309268,0.2685320196580913,-1.4207710142600527,0.15555305187100626,-0.09306300290093186,0.1895365877318887,-0.4910028402145515,0.6234830888717597,0.09176672049796036,0.21779106219393543,0.42135209578180605,0.6735472893853562,0.24273565655786616,0.1838877316447723,1.320020940966166,0.1869924865266109,-0.12269032942766661,0.15030705853405985,-0.816264589462808,0.4144546549036445,1.231307262079278,0.5808786111451252,2.1197324853327255,0.03416238554201351,0.6705637379608212,0.50760852678732,1.321025362211413,0.18665743382799876,0.34891431416295343,0.3394066825493639,1.028012505653028,0.3040792831961249,0.05371195219377351,0.17410971810669956,0.3084948547263585,0.7577407934015598
SRM,1754,1754,9,"log_daily_return,diff_VIX,log_diff_AdrActCnt,log_diff_volume_trusted_spot_usd_1d,log_diff_TxCnt,log_UnemRt,log_IndPro,log_CPIPrc,log_TotRes",0,0.009359782425906293,0.004158054328959548,12051.05343072015,12105.577455232387,-6015.526715360075,1.4821956682418351,0.14885386627870595,2.028753772297173,-0.2713556295000671,0.19248506248519506,-1.4097490267377935,0.15879522314248892,-0.38199384314582097,0.24816653407736547,-1.5392641258661213,0.1239244093355571,-0.0934544175772968,0.16394510400113382,-0.5700348183416962,0.5687287904801623,0.5195296660771078,0.4750597429993043,1.0936091170281894,0.27428011903933275,0.710630334457396,0.296732448838807,2.394852120953679,0.016733870235707434,-0.6275099607770783,0.525471066862915,-1.194185561011646,0.2325706274582636,0.7811194437841482,0.5906790674727648,1.3224092181329319,0.18620834891350765,0.3456781918505416,0.849255926018138,0.40703653782117827,0.6840319766851557,0.21199975016595785,0.6779738279238214,0.3126960679517242,0.7545496231424873,0.0479391979433563,0.19457408465608605,0.2463801797042493,0.8054174499173294
SUSHI,1733,1733,9,"log_daily_return,diff_VIX,log_diff_AdrActCnt,log_diff_volume_trusted_spot_usd_1d,log_diff_TxCnt,log_UnemRt,log_IndPro,log_CPIPrc,log_TotRes",0,0.013982796672803333,0.008741122231016751,11643.923018834492,11698.324485641118,-5811.961509417246,1.7867044655014759,0.06610268253308774,2.0467841223358705,-0.17266526392010262,0.18999166988955743,-0.9088043913739655,0.36358273902897964,-0.789399390287553,0.2859327874971733,-2.7607865372744524,0.005828446048281691,-0.043587334399428496,0.20516939147763547,-0.21244559963604387,0.8317849888056053,0.13259669894604492,0.31777483904795356,0.4172661981146831,0.6765366152374483,0.2557088708327492,0.31768535425081207,0.8049123682008565,0.42098327130706836,-0.21833281781819816,0.402991807392423,-0.5417797925742726,0.5880415057669159,0.7303543572944033,0.5641758298450309,1.2945509514206215,0.1956517163686535,1.5020587175551003,1.086107611204351,1.3829741197463057,0.16685516503188613,-0.7577569242947229,1.0230642454505343,-0.7406738410264977,0.4589939336951734,-0.15982604319893517,0.1879915921879316,-0.8501765495935591,0.3953471517385052
SWRV,1647,1647,9,"log_daily_return,diff_VIX,log_diff_AdrActCnt,log_diff_volume_trusted_spot_usd_1d,log_diff_TxCnt,log_UnemRt,log_IndPro,log_CPIPrc,log_TotRes",0,0.0030982651072893885,-0.0023825630014671084,12416.906341613436,12470.973448915212,-6198.453170806718,0.3107220884194304,0.9716963122092285,2.01072441534333,-0.2886284494734803,0.25774930722552797,-1.1198030077377994,0.2629619860066869,-0.4120430144933443,0.5292444809704066,-0.7785494781879156,0.43635766847966095,-0.024842400375520823,0.3204290601179437,-0.07752854989611997,0.9382125546039266,-0.4795173984503345,0.5750812595912828,-0.8338254645806634,0.40450099337797096,-0.14946389831363333,0.3842111275535518,-0.3890150169916692,0.6973156317630191,0.3998498512009123,0.5827356923234053,0.6861598773994516,0.4927094651254462,0.6762097150780847,0.7953168173734334,0.8502394269887252,0.39531632209898004,0.7084457957883359,1.105248217897916,0.6409834318807923,0.5216231692111014,-0.1921285596338022,1.0312969739574176,-0.18629799610149464,0.8522341615253924,-0.1919668280039759,0.23858499459125307,-0.8046056221299919,0.4211641325583604
TRX,2532,2532,9,"log_daily_return,diff_VIX,log_diff_AdrActCnt,log_diff_volume_trusted_spot_usd_1d,log_diff_TxCnt,log_UnemRt,log_IndPro,log_CPIPrc,log_TotRes",0,0.012368756640721124,0.008801870127786438,14884.81099200595,14943.05944891622,-7432.405496002975,2.077702765592698,0.028285284669004495,2.043694713072227,0.07743360803712786,0.09384920438030771,0.8250853968174469,0.4094020819815115,-0.45603608888022185,0.14529115193550893,-3.138773991430977,0.0017164102482922134,-0.003212343276852339,0.1384352395508429,-0.023204664414024054,0.9814888757607583,0.06821967467099319,0.18905626208648435,0.36084324273684143,0.718247219678052,0.08946574815853443,0.1217748393930026,0.7346817175410317,0.46260248340039023,-0.19373543149381164,0.1182253508156218,-1.6386961862008047,0.10140278319588412,0.3457818736354049,0.2633309977094075,1.3131073692166848,0.18926766861531058,0.041853373068677736,0.30202598710014916,0.1385754036284286,0.8897968774327429,0.3201507902292886,0.19431076617569693,1.6476224994131639,0.0995562305376334,-0.05584768559099553,0.1745255302235292,-0.3199972263053251,0.7489972592912244
TUSD,2521,2521,9,"log_daily_return,diff_VIX,log_diff_AdrActCnt,log_diff_volume_trusted_spot_usd_1d,log_diff_TxCnt,log_UnemRt,log_IndPro,log_CPIPrc,log_TotRes",0,0.0029588475348796273,-0.0006579885683797304,-668.5868850857923,-610.3824899331705,344.2934425428962,0.5763484059323771,0.8175287486544999,2.763964227316133,4.1738741189216704e-05,0.004246594090081884,0.009828756952942467,0.9921587030644001,-9.985794829058892e-05,0.00650280811057309,-0.015356127167312104,0.9877492994522715,0.0032416342334809995,0.004253880855437031,0.7620416141504658,0.44610760283834106,-0.023566629665867207,0.010955643877616501,-2.1510948994989,0.03156499911015018,0.0005689314038341978,0.005198145453678573,0.10944891960104386,0.9128552859583297,0.027470702246034248,0.012563322981002791,2.1865793220132246,0.028866358980087724,-0.00024301773980037146,0.0044501787527835256,-0.05460853446580482,0.9564547361941144,-0.0005414352375489157,0.005176220437362254,-0.10460049839469844,0.9167012742430408,6.439817424294496e-05,0.007322371623845803,0.0087947153669759,0.9929836299328307,0.00010401860743347808,0.006026107352269221,0.017261326649666855,0.9862295258047915
UMA,1726,1726,9,"log_daily_return,diff_VIX,log_diff_AdrActCnt,log_diff_volume_trusted_spot_usd_1d,log_diff_TxCnt,log_UnemRt,log_IndPro,log_CPIPrc,log_TotRes",0,0.004786532164741009,-0.0005259952436322823,11150.52115200444,11204.881430167958,-5565.26057600222,0.8822785170676994,0.5403762610344844,2.037319893499939,-0.1556632651628703,0.1594342093352121,-0.976347960779149,0.3290321241636964,-0.09742483431613116,0.23465064656344345,-0.4151909902783499,0.6780549226233878,0.10437096879288184,0.21580621219361631,0.48363282841572064,0.6287092764163165,-0.6121258173787847,0.23778080156387246,-2.574328176845497,0.010128164482734648,-0.10692842252044768,0.3053378469424249,-0.35019708035280117,0.726234540767947,0.4006541615815688,0.3515245161941861,1.1397616471229077,0.25454751018032923,0.11678247694473337,0.46360589458126655,0.25190032807976365,0.8011488073265761,0.2562485061121639,0.7246679875825974,0.3536081495292446,0.723676776481115,-0.12107238154884409,0.6863726488679984,-0.1763945310882113,0.8600051857047395,0.0160363318330195,0.16111171609284985,0.09953547899506977,0.920724952680027
UNI,1716,1716,9,"log_daily_return,diff_VIX,log_diff_AdrActCnt,log_diff_volume_trusted_spot_usd_1d,log_diff_TxCnt,log_UnemRt,log_IndPro,log_CPIPrc,log_TotRes",0,0.010354864344578774,0.005040540823756046,10763.012004590757,10817.313145976375,-5371.5060022953785,1.4739241616803183,0.15201575980330095,1.9609597355637431,-0.023598119983434362,0.14612548418932295,-0.16149215938857175,0.8717252506730477,-0.5431630574751015,0.181949407452784,-2.9852422444192497,0.0028745813365177713,-0.10732526539691667,0.15900677579480507,-0.6749729051510213,0.499786080182411,0.2326529865927021,0.3130312435858589,0.7432260880019458,0.45744897743882995,0.12720338600773073,0.19921438211183456,0.6385251137958582,0.5232191519955469,-0.28627742538346,0.34771942916690485,-0.8233000556493127,0.4104545117264733,0.6349688248270579,0.44931812841966423,1.4131831872895086,0.15778755528291818,0.7720501645535882,0.6774606025970648,1.1396237088827184,0.25460594695499533,-0.2524623652390334,0.6249851669559795,-0.40394937126054303,0.6863014854290268,-0.1812630358906786,0.14846333779603954,-1.2209279313098809,0.2222850386198786
USDC,2437,2437,9,"log_daily_return,diff_VIX,log_diff_AdrActCnt,log_diff_volume_trusted_spot_usd_1d,log_diff_TxCnt,log_UnemRt,log_IndPro,log_CPIPrc,log_TotRes",0,0.0034023373134295376,-0.00033958131993672147,-4559.422116578225,-4501.560752200394,2289.7110582891123,0.5254513575953319,0.8570745326654845,2.719071253440932,7.349104983802386e-06,0.001897616475093758,0.003872808378436575,0.996910275981399,-0.00029941239180966516,0.0010970957104076862,-0.27291364734112583,0.7849431048110719,0.0008178703145921523,0.0036200235508480976,0.22592955628715233,0.8212754713700252,-0.0012577507356635314,0.004728968476224387,-0.2659672488803987,0.7902873062622268,0.006946901048731588,0.0044643824723935525,1.5560721088950624,0.11982296009014577,-0.002513370526261354,0.0055802599867383375,-0.45040384000646166,0.6524600101802587,5.438821192516193e-05,0.002756379741138492,0.019731755793088758,0.9842590004988478,0.00010315175595894529,0.003930842441678358,0.02624164094323313,0.9790667870253775,-2.169506960869484e-05,0.0020674306620113376,-0.010493735053531806,0.9916282377391759,-8.257154253129759e-05,0.0020373969413334855,-0.04052796038716645,0.9676755913883393
VTC,3265,3265,9,"log_daily_return,diff_VIX,log_diff_AdrActCnt,log_diff_volume_trusted_spot_usd_1d,log_diff_TxCnt,log_UnemRt,log_IndPro,log_CPIPrc,log_TotRes",0,0.003337474718611122,0.0005817258007823067,23434.451947166915,23495.36209758402,-11707.225973583458,1.1580424470399975,0.3177992190585193,1.995610632179051,0.022758892142176815,0.15301211171786813,0.14873915461111256,0.8817686777163996,-0.3180956472321316,0.341824519763045,-0.9305817132505226,0.3521389877511457,0.03390649534123837,0.16862148701918261,0.20108051435568897,0.8406481817596877,-0.3699182072385635,0.26826687267911214,-1.3789186996675573,0.1680145672158022,0.0927561933340576,0.1648681307590518,0.5626083883344143,0.573740323296545,0.3794792668958399,0.2726624343734958,1.3917548552949002,0.16409173824901419,0.29809136247463447,0.25694903252344387,1.1601186412228923,0.24608558943583525,0.07963411163852999,0.4526105288577278,0.1759440104928755,0.8603488739801407,0.08560587203775843,0.27874528218066663,0.30711146523467847,0.7587781769468693,-0.27398423370241526,0.3369205474838509,-0.813201319268151,0.4161621199009796
WNXM,1739,1739,9,"log_daily_return,diff_VIX,log_diff_AdrActCnt,log_diff_volume_trusted_spot_usd_1d,log_diff_TxCnt,log_UnemRt,log_IndPro,log_CPIPrc,log_TotRes",0,0.00557273309696571,0.0003050194994805855,10868.22285250372,10922.659489334877,-5424.11142625186,1.6376420252335953,0.09935224371243585,2.0117890114711576,-0.015079274117492575,0.14312919790489645,-0.10535428366972434,0.9161071267333551,-0.3489215934899019,0.11883603708600063,-2.936159788275255,0.0033677150342607196,0.018945301967555714,0.14731414618643207,0.12860477053968503,0.8976856123470995,0.24997574050110094,0.2035631682103064,1.228000834821182,0.21961674772460774,-0.17596228142297415,0.17480314680691694,-1.0066310855223766,0.3142554299591035,-0.14650178719525483,0.23234787973539456,-0.6305277558895562,0.5284341473550516,0.15461434401058077,0.4631358661004177,0.3338423027186953,0.7385397585164835,0.19147882612051934,0.8982503713455364,0.2131686579029109,0.8312209884038081,-0.008935561952717747,0.797029583548847,-0.011211079409287847,0.9910563564321158,-0.10991449185716307,0.14907387269669264,-0.7373155997684202,0.46103225660075575
WTC,2484,2484,9,"log_daily_return,diff_VIX,log_diff_AdrActCnt,log_diff_volume_trusted_spot_usd_1d,log_diff_TxCnt,log_UnemRt,log_IndPro,log_CPIPrc,log_TotRes",0,0.0063546202327926515,0.0027399038148843147,18644.096204733058,18702.272459163592,-9312.048102366529,1.5245485974016522,0.13331334494666064,2.0709333820471296,-0.2365835763622572,0.20660992696127098,-1.145073616944866,0.2522894229281795,-0.47241431025430103,0.8933548953704057,-0.5288092254293039,0.5969852342713664,0.14871182660370091,0.23788773763915066,0.6251344776302857,0.5319404547266109,0.1385317707968136,0.3649062658547699,0.37963659098128033,0.7042477788319519,-0.4065976595083973,0.2577673676888638,-1.5773822076624455,0.11483545448523544,-0.17198875817065284,0.34291816845288386,-0.5015446074105685,0.6160325182495192,0.30190143262536234,0.3226876229071579,0.9355841724125376,0.3495786379132553,0.04252387492202101,0.39028612003021806,0.10895564238545963,0.9132465090466219,-0.18144264504736846,0.4543077827242036,-0.39938264750687036,0.6896457510561038,-0.05685146482036102,0.2841535319048434,-0.2000730536032869,0.841439891088996
XAUT,1953,1953,9,"log_daily_return,diff_VIX,log_diff_AdrActCnt,log_diff_volume_trusted_spot_usd_1d,log_diff_TxCnt,log_UnemRt,log_IndPro,log_CPIPrc,log_TotRes",0,0.010282163418327994,0.005625885044446721,4885.910866456206,4941.527283912094,-2432.955433228103,3.7221805927653566,0.00011982356213130619,2.134132180079316,0.04014114407577282,0.01972235039630172,2.0353123876807286,0.04195703388120937,0.01171925574417895,0.003308613297680616,3.5420445636225644,0.00040654884663000705,-0.07060405445908029,0.03994797705164502,-1.7673999954441468,0.07732066585533642,0.024379082063778146,0.04195661747603743,0.581054516077272,0.5612721605128582,-0.006827200668185923,0.021193311949943512,-0.3221393939895326,0.7473822940380941,-0.02057065352931984,0.05080601817281516,-0.40488615855211035,0.6856064615890224,0.015469517112005123,0.06513970866625857,0.23748213537863289,0.8123082068027467,-0.07059554245907292,0.06317419424246985,-1.1174743628406099,0.2639318757814505,0.09200900558325402,0.0524067395798363,1.7556712423043934,0.07930458862106068,0.02496199221425342,0.024279224015253696,1.0281215000352057,0.3040226537144659
XEM,3713,3713,9,"log_daily_return,diff_VIX,log_diff_AdrActCnt,log_diff_volume_trusted_spot_usd_1d,log_diff_TxCnt,log_UnemRt,log_IndPro,log_CPIPrc,log_TotRes",0,0.007453285082291039,0.00502123486877093,24531.250113529884,24593.364942694334,-12255.625056764942,4.692045752964741,3.2487703576553948e-06,2.0912811082918314,0.12745063112603566,0.11084044771536891,1.1498566971988478,0.25027776031969956,-0.4095062651294782,0.08896230834406692,-4.603143429526231,4.302395076747917e-06,0.05139922221945675,0.1352457845014599,0.3800430631455424,0.7039354229679131,0.08966476224872875,0.15157335999219726,0.5915601676531057,0.5541815588933954,0.03332458331037988,0.12960110338351288,0.25713194132125916,0.7970913235094458,-0.1420501076730174,0.13676438654787584,-1.0386483737364716,0.2990366673232264,0.5931031284710229,0.22854378011837645,2.5951401003510988,0.009492854508191739,0.19562955617301855,0.3424381915783616,0.5712842813219092,0.5678419081380219,0.6063315203707598,0.24515370278414075,2.4732709050886257,0.013433176882310318,-0.6813544518217896,0.24506218769398982,-2.780332854420608,0.005457983820049352
XLM,3531,3531,9,"log_daily_return,diff_VIX,log_diff_AdrActCnt,log_diff_volume_trusted_spot_usd_1d,log_diff_TxCnt,log_UnemRt,log_IndPro,log_CPIPrc,log_TotRes",0,0.002615880623996536,4.4566652531607964e-05,23091.330959858955,23152.9389990685,-11535.665479929477,1.0032135511761326,0.4348498038210973,1.976267680047408,0.1476283758717578,0.10974148691813382,1.3452376126622676,0.17863588858599913,0.15828046429220138,0.32005650431789273,0.49453912717546583,0.6209565993535376,0.150511421739543,0.14502536035947994,1.0378282899381497,0.29942188097946487,-0.17538557246371436,0.1129038953333877,-1.5534058585474662,0.12041685005135717,0.027145847014098785,0.1278165066844768,0.21238138733606637,0.831821904601014,0.06773818660124588,0.12325289813154335,0.5495869681616036,0.5826378539857746,0.33757770128769055,0.23946482101799124,1.4097173014917628,0.1587122527652586,0.061458541027119215,0.34446869758559545,0.17841545968584754,0.8584070614737692,0.3382075934642179,0.24480822145237927,1.3815205692755173,0.16720736625793325,-0.27486836367072437,0.25508259539927375,-1.0775661241821712,0.2813018804095392
XRP,3803,3803,9,"log_daily_return,diff_VIX,log_diff_AdrActCnt,log_diff_volume_trusted_spot_usd_1d,log_diff_TxCnt,log_UnemRt,log_IndPro,log_CPIPrc,log_TotRes",0,0.0031995649438015805,0.0008155086282274349,24482.872433572844,24545.22869077249,-12231.436216786422,1.496629593264642,0.1429487746072718,2.066453361032152,0.126634878971366,0.10019514276490685,1.2638824146245902,0.2063505215221811,-0.1433466920853812,0.14636041737789565,-0.9794088774375851,0.3274409536552919,0.09859744273428946,0.11334753089351578,0.8698684652153272,0.3844277729678255,-0.06614361874017921,0.109106013024557,-0.6062325705668665,0.5443968946873097,0.0958022554082208,0.11098338650617115,0.8632125800458772,0.38807561094027454,-0.06010918004395035,0.11384991690846138,-0.5279685894920755,0.5975522680897426,0.5327047036489837,0.21109886277210704,2.5234844785690203,0.011660670126048597,0.5818714508669608,0.3148508938389726,1.848085751868798,0.06466835562677559,0.39957695396520704,0.22540567461496114,1.7727013955960336,0.07635908476922734,-0.632153525343678,0.2309495062186939,-2.7371936649436712,0.006225702415069917
XTZ,2527,2527,9,"log_daily_return,diff_VIX,log_diff_AdrActCnt,log_diff_volume_trusted_spot_usd_1d,log_diff_TxCnt,log_UnemRt,log_IndPro,log_CPIPrc,log_TotRes",0,0.008023545061729087,0.004433762957006815,15746.465636921414,15804.694089824212,-7863.232818460707,1.478887523125155,0.14978336632668005,1.9844508966097758,-0.07893472497920871,0.11167971318390793,-0.7067955560489613,0.4797597507305872,-0.3497452212172266,0.17231661085341138,-2.0296663187900825,0.04249673807615934,0.057446261090149976,0.1705493523232351,0.33683071971609996,0.7362729341776288,-0.022352038093619297,0.13006927284667413,-0.17184718269293253,0.8635716522457437,-0.22371497562433845,0.14395678994066008,-1.5540425409357572,0.12030150669907999,-0.10858427261019593,0.2297519729066318,-0.4726151912276425,0.636529212859141,-0.00042939967445665417,0.2906658106570794,-0.0014772968086131384,0.998821406594959,-0.36192261364910006,0.3438213775897342,-1.052647209391864,0.29260497342722547,0.1535068677736231,0.25153877982011946,0.6102711791931209,0.5417379443917582,0.20665340676075014,0.23781702411692637,0.8689596866671153,0.3849530301940677
XVG,2800,2800,9,"log_daily_return,diff_VIX,log_diff_AdrActCnt,log_diff_volume_trusted_spot_usd_1d,log_diff_TxCnt,log_UnemRt,log_IndPro,log_CPIPrc,log_TotRes",0,0.006563571974066318,0.00332410536093819,19220.609517630277,19279.87554362209,-9600.304758815138,1.3451782648196327,0.20798231960179153,1.982954192346395,-0.0003999323057185429,0.14695719828167159,-0.0027214203209835024,0.9978288200974017,-0.13329866512764957,0.20366098115499057,-0.6545125353501381,0.5128361897737272,0.24697124164086076,0.18348510788478783,1.3460015610418723,0.1784125579938595,0.6371576086062897,0.32206992184380134,1.9783207477390599,0.04799181974816067,0.14326082527290407,0.20521506103850795,0.6981009315199416,0.4851728848136404,-0.4002702167073873,0.28070686684496676,-1.4259366762426047,0.15399971167731083,0.5894071558426603,0.32692663203054345,1.802872871450847,0.07151721874979444,0.19778454426615938,0.37089842598315315,0.5332579768757042,0.5938979491381007,0.46538576524921743,0.2932046432186242,1.5872387290340713,0.11257313375216053,-0.32514751158551347,0.24463138981386798,-1.3291324217750942,0.1839141437816795
YFI,1771,1771,9,"log_daily_return,diff_VIX,log_diff_AdrActCnt,log_diff_volume_trusted_spot_usd_1d,log_diff_TxCnt,log_UnemRt,log_IndPro,log_CPIPrc,log_TotRes",0,0.010300506558010958,0.005154755292281377,11282.687273415719,11337.309422813401,-5631.343636707859,3.28258286129843,0.0005648784303274216,1.9687055059392595,0.06561675914797735,0.15443170575306595,0.42489175929260015,0.6709683903968136,-0.26657769265416487,0.06304176395596515,-4.228588731120692,2.4744158433290507e-05,-0.10498733360253149,0.15122992186540618,-0.6942232880075786,0.48763534695981614,0.02604126726844544,0.27459807840068534,0.09483412054488888,0.9244575609066842,0.269985560159573,0.23713676895884955,1.1385225553377751,0.2550598894090439,-0.06809364117034533,0.3363546595281894,-0.20244595768603738,0.8395918936282878,0.3885652158238828,0.4596473241394083,0.8453551134043659,0.3980294288630475,-1.2458490782071137,0.9337340970873417,-1.3342653782199587,0.1822923959145899,1.3716573753394203,0.7638674405986786,1.7956746189684278,0.07272063079943049,0.010322495312622762,0.14630382960258687,0.07055519558621481,0.9437599202113994
ZEC,3136,3136,9,"log_daily_return,diff_VIX,log_diff_AdrActCnt,log_diff_volume_trusted_spot_usd_1d,log_diff_TxCnt,log_UnemRt,log_IndPro,log_CPIPrc,log_TotRes",0,0.002329458118781158,-0.0005707469448270608,20666.517062266685,20726.927972303773,-10323.258531133342,0.9089631564457691,0.516201968703275,2.0568748062676643,-0.1261045039764681,0.12085175474989482,-1.04346440179908,0.2968147277270971,0.02073776906319883,0.8759106260655182,0.023675667866195797,0.9811128405519327,0.008192485674397482,0.23710317558008548,0.0345524080576067,0.9724388790885306,-0.08228084523497967,0.10657217471543119,-0.7720668688115431,0.44013375197423743,0.055610994810572065,0.14934822042086515,0.3723579340541158,0.709651855527073,0.17153064718422753,0.16640797456672024,1.030783816886452,0.3027227255593545,0.13364608304671233,0.26648957132549916,0.5015058652463086,0.6160508087042875,-0.13214328829139868,0.38520086340351467,-0.34305034294010095,0.7315838779943499,0.12160476848532863,0.2698300873447231,0.45067164185427444,0.6522577824430342,0.2666234722853117,0.2700571836711712,0.9872852432985434,0.3235799725930337
ZRX,2850,2850,9,"log_daily_return,diff_VIX,log_diff_AdrActCnt,log_diff_volume_trusted_spot_usd_1d,log_diff_TxCnt,log_UnemRt,log_IndPro,log_CPIPrc,log_TotRes",0,0.009413530548406213,0.0062408336711592405,19060.294126610836,19119.739048250158,-9520.147063305418,0.8160503970410331,0.601351063609876,2.068272234184231,0.03527642027979665,0.13335009649101037,0.2645398931689169,0.7913833300194948,0.30219218145824184,0.3839394516239542,0.7870829115894583,0.4312997094897416,0.04180803140021938,0.17714496369393035,0.23601027389327853,0.8134418980005325,0.7210523004644868,0.5921962466941179,1.2175901223449088,0.2234820051691005,0.6779207350657835,0.32892052128266724,2.0610472475908335,0.03939034968311884,-1.5012810566236905,0.860044274522175,-1.745585780985258,0.0809922485668484,0.21046402800435432,0.2885271023527451,0.729442836697701,0.46579161888343323,-0.19781497804201112,0.361720770510466,-0.5468720465315041,0.5845100649277918,0.3000417311034916,0.2832765276755689,1.0591831718832827,0.2896074032764666,-0.06622961483304027,0.23737693133377605,-0.2790061126028911,0.7802606652285007
