symbol,n,nobs,n_regs,regs_used,opt_hac_lag,r2,adj_r2,aic,bic,log_likelihood,fstat,f_pval,durbin_watson,coef_Intercept,stderr_Intercept,tval_Intercept,pval_Intercept,coef_log_daily_return,stderr_log_daily_return,tval_log_daily_return,pval_log_daily_return,coef_diff_ConSIX,stderr_diff_ConSIX,tval_diff_ConSIX,pval_diff_ConSIX,coef_log_diff_AdrActCnt,stderr_log_diff_AdrActCnt,tval_log_diff_AdrActCnt,pval_log_diff_AdrActCnt,coef_log_diff_volume_trusted_spot_usd_1d,stderr_log_diff_volume_trusted_spot_usd_1d,tval_log_diff_volume_trusted_spot_usd_1d,pval_log_diff_volume_trusted_spot_usd_1d,coef_log_diff_TxCnt,stderr_log_diff_TxCnt,tval_log_diff_TxCnt,pval_log_diff_TxCnt,coef_log_UnemRt,stderr_log_UnemRt,tval_log_UnemRt,pval_log_UnemRt,coef_log_IndPro,stderr_log_IndPro,tval_log_IndPro,pval_log_IndPro,coef_log_CPIPrc,stderr_log_CPIPrc,tval_log_CPIPrc,pval_log_CPIPrc,coef_log_TotRes,stderr_log_TotRes,tval_log_TotRes,pval_log_TotRes
1INCH,1616,1616,9,"log_daily_return,diff_ConSIX,log_diff_AdrActCnt,log_diff_volume_trusted_spot_usd_1d,log_diff_TxCnt,log_UnemRt,log_IndPro,log_CPIPrc,log_TotRes",0,0.004987929933443325,-0.0006978533240800111,10029.128610295073,10082.812007158187,-5004.564305147536,0.7591681250423292,0.6545148788696648,1.9904004096555137,-0.07916058068405239,0.15126294583365119,-0.5233309469664029,0.6008175873649575,-0.15346195252847097,0.2205925264769394,-0.6956806514680985,0.4867314789208169,0.14204434967473586,0.10380804090812831,1.3683366763509897,0.17140187322535838,0.1882418064868383,0.3061981281680586,0.6147712515849239,0.5387946003034086,0.2125078313618761,0.19431410176001904,1.0936305159381927,0.2742842926195181,-0.15352315943563427,0.3463557727803746,-0.44325278081328195,0.6576437822756649,0.6959564863782883,0.5392771447589969,1.290535846256402,0.19705409061236698,-0.2858236818040436,0.639392765440744,-0.4470236406366291,0.6549194542392992,0.8281609848783255,0.7023176829205202,1.179182875525073,0.23850345898679515,-0.09281517825989519,0.17103940384148147,-0.542653775535349,0.5874449823838083
AAVE,1694,1694,9,"log_daily_return,diff_ConSIX,log_diff_AdrActCnt,log_diff_volume_trusted_spot_usd_1d,log_diff_TxCnt,log_UnemRt,log_IndPro,log_CPIPrc,log_TotRes",0,0.014514258611412534,0.009151881542188045,10687.625690273555,10741.795486487366,-5333.8128451367775,2.545417511670168,0.006662372432251238,1.906089152457142,0.04741798671770284,0.14933436952989584,0.31752895778094836,0.750882349293404,-0.7531527174627235,0.20231750957926958,-3.7226274632825707,0.0002037636244278971,0.1432704836801051,0.19274044467098853,0.7433337819919967,0.4573851928821683,0.015487716279073194,0.3668651307536839,0.04221637593972311,0.9663313034937154,0.11926075556022152,0.3480703493411045,0.342634055977424,0.731917314864077,0.017688745355041467,0.480496573519965,0.036813468253185135,0.9706381775604462,0.7704432641779442,0.47222535143299205,1.63151610103099,0.10297183402520682,0.41683387043857145,0.7122875679611124,0.5852044724460622,0.558490064218969,0.27467585510041365,0.7062702610531393,0.38891040759784623,0.6973924820648225,-0.11966267356122029,0.1509944513270967,-0.7924971580710412,0.4281844998990473
ADA,2738,2738,9,"log_daily_return,diff_ConSIX,log_diff_AdrActCnt,log_diff_volume_trusted_spot_usd_1d,log_diff_TxCnt,log_UnemRt,log_IndPro,log_CPIPrc,log_TotRes",0,0.008827553902750807,0.005521196595532407,17219.640379294837,17278.68003563516,-8599.820189647418,2.634297070575808,0.004915983758448349,2.0401504881284658,0.07273046887040507,0.11086017304790992,0.6560558843704266,0.5118441111067931,-0.4179979391035873,0.18837758662260107,-2.218936693042,0.026573939082347828,-0.4046208208906322,0.2410948873835803,-1.6782637959754132,0.09341142385340953,-0.2881298890650777,0.22247653930208913,-1.2951023508768327,0.19539573338382363,0.07091480028064531,0.13543462221627384,0.5236090972912552,0.6005934570141725,0.3459182927282005,0.20951785840590254,1.6510205638797963,0.09885075884513436,0.619494092447523,0.2624716191447587,2.3602326775980256,0.018334273515995685,0.03574294457436333,0.3189174500609653,0.1120758508746718,0.9107716022426978,0.4853133773642471,0.2375158221006915,2.0432886241932353,0.04112083187895049,-0.11572106122487791,0.2008562134476226,-0.5761388171098554,0.5645694114402124
ALGO,2170,2170,9,"log_daily_return,diff_ConSIX,log_diff_AdrActCnt,log_diff_volume_trusted_spot_usd_1d,log_diff_TxCnt,log_UnemRt,log_IndPro,log_CPIPrc,log_TotRes",0,0.013647512455618238,0.009479825888529358,13724.358705082406,13781.044316162564,-6852.179352541203,3.0087927063891584,0.001424243544219942,2.0190362639605164,-0.09431439196328503,0.1278295778627568,-0.7378135290765406,0.46070904447545113,-0.23532218711827513,0.18737583366945307,-1.255883336233228,0.20929600997241238,-0.4718358760509771,0.17774022627388666,-2.6546375344650865,0.007998466620383986,-0.10515617178495032,0.12940936544479556,-0.8125854834657129,0.4165465664959024,0.1128940043219849,0.13347813977965833,0.8457864674196607,0.39776687811017575,0.35912814953859157,0.14522622689955797,2.4728876953263645,0.01348015409006623,0.5726521533249336,0.35256591705749346,1.624241384715444,0.10447226036460294,-0.12452200005856362,0.3577097817512979,-0.34810901577508174,0.7277927129452704,0.5790128102826447,0.27245306852689066,2.1251836634223746,0.03368610447305121,0.17694068710374627,0.2052944269362365,0.8618874352527028,0.38884648306215785
ALPHA,1693,1693,9,"log_daily_return,diff_ConSIX,log_diff_AdrActCnt,log_diff_volume_trusted_spot_usd_1d,log_diff_TxCnt,log_UnemRt,log_IndPro,log_CPIPrc,log_TotRes",0,0.007794852002757202,0.002392646115294994,11138.812804981604,11192.976589773534,-5559.406402490802,0.7684885109689368,0.6458056025483494,2.0222479549801538,0.018031176327324448,0.17305598635470046,0.10419273384953721,0.9170290400325346,-0.19346782786666986,0.24744638545929637,-0.7818575628315019,0.4344102607666772,0.0267469397967159,0.1689956117000577,0.15827002563940995,0.8742633585387525,0.09149272659063562,0.2778362454346032,0.329304502540764,0.7419672602293415,0.32032702435460847,0.23070966549217892,1.3884421516161731,0.16518951568838186,-0.17409878323902306,0.3274476910219509,-0.5316842598451919,0.59501613761837,1.0535141657871028,0.5708251302525518,1.8455987831527205,0.06512921459045594,-0.23485741634704066,0.7467447127956297,-0.3145083082915872,0.7531746979931495,0.9107269426557827,0.7237048097661016,1.2584232277662017,0.20841644646697677,-0.16905927038281526,0.17139571331724243,-0.9863681366983632,0.3240968473233461
ANT,2627,2627,9,"log_daily_return,diff_ConSIX,log_diff_AdrActCnt,log_diff_volume_trusted_spot_usd_1d,log_diff_TxCnt,log_UnemRt,log_IndPro,log_CPIPrc,log_TotRes",0,0.02201928079307436,0.01865595390241237,18488.101342173675,18546.837320070532,-9234.050671086838,2.846545172021907,0.0024390502931446057,2.1130423261955023,0.024995901469129486,0.15901209142246037,0.1571949733226314,0.8751033160849367,-1.3751035949938666,0.33531249062209467,-4.100961441796219,4.239855856222328e-05,0.5507650310843002,0.27415680887351074,2.0089416467435237,0.044645846529679616,-0.26849125861637857,0.30214016152707523,-0.8886314790439359,0.37428283662101747,0.16265217903810045,0.16621174698580596,0.9785841373292978,0.327875952074562,0.5214379364819087,0.30650441379965954,1.7012411991650345,0.08901649574335818,0.2412747818832888,0.3577771311661927,0.6743717271611,0.5001345774597625,-0.30136165135193155,0.4243953746618167,-0.7100964556743209,0.4777075921355518,0.4253780434804463,0.2946826128707229,1.4435125280603487,0.1489958364500063,0.04739587287456262,0.3154282965339647,0.15025878589639827,0.8805720273223863
BAL,1801,1801,9,"log_daily_return,diff_ConSIX,log_diff_AdrActCnt,log_diff_volume_trusted_spot_usd_1d,log_diff_TxCnt,log_UnemRt,log_IndPro,log_CPIPrc,log_TotRes",0,0.02447193265889236,0.019486269623077646,11246.836922311097,11301.629918688925,-5613.418461155548,3.339575590362893,0.00046313656667043286,1.9154178605356547,-0.14616473500244942,0.1400848885792091,-1.0434011582898364,0.29690574841914924,-0.6947601173759492,0.2087594140342295,-3.328042093766521,0.0008926090782883834,-0.19638238074195774,0.15645252637822718,-1.2552202593852613,0.20956535238646498,-0.19511937829776632,0.24906439371001782,-0.7834093641058186,0.43349210536913785,-0.4601761070711977,0.20128512358415607,-2.2861903496748033,0.02236139523132057,0.7244328270810427,0.2654687581606107,2.7288816661535558,0.006418152288563717,0.30726086455631435,0.47965809624657835,0.6405830881636165,0.5218769338624762,0.08693705963522369,0.6734233275262066,0.1290971905511255,0.8972954873360712,0.08166218270267438,0.49598332838560527,0.16464703152115953,0.8692407066881485,-0.06729157898967117,0.14696826390094095,-0.45786469271370595,0.6471061421974269
BAT,2794,2794,9,"log_daily_return,diff_ConSIX,log_diff_AdrActCnt,log_diff_volume_trusted_spot_usd_1d,log_diff_TxCnt,log_UnemRt,log_IndPro,log_CPIPrc,log_TotRes",0,0.007362653003399999,0.004118740104718355,17695.65451476622,17754.898856615095,-8837.82725738311,1.4261957120942437,0.17081771557488457,2.0235725852370208,-0.01950606625734677,0.11135549369114456,-0.17516932133989518,0.8609594666758937,-0.44242027385097077,0.17319458444521765,-2.554469444111924,0.010688337298412245,-0.31300253197249317,0.16253495579456811,-1.925755173355476,0.054237789238069566,0.16929617162773278,0.254396251410018,0.6654821786460726,0.5057978676407764,-0.052332736024896166,0.14486966003177584,-0.36124013829684876,0.7179476481511033,-0.12309841619025991,0.26821919565075203,-0.4589470783088405,0.6463083885599414,0.3287813640657491,0.2724540144063667,1.2067407587372518,0.2276356401985483,0.137456324238239,0.32357751763184134,0.4248018380394199,0.6710143228355168,0.10490376283059291,0.2524353390473563,0.4155668664557033,0.6777593519893659,-0.07381924042392551,0.24415908331611488,-0.30234075022452106,0.7624151480496372
BCH,2860,2860,9,"log_daily_return,diff_ConSIX,log_diff_AdrActCnt,log_diff_volume_trusted_spot_usd_1d,log_diff_TxCnt,log_UnemRt,log_IndPro,log_CPIPrc,log_TotRes",0,0.0011335501243516788,-0.002054321524187719,18268.94954426969,18328.42986417606,-9124.474772134845,0.5225802827118223,0.8592178539416737,1.9832272028408156,0.007959084034218529,0.11374744621167045,0.0699715404546984,0.9442212727774104,0.1688787476274157,0.14940902265443473,1.1303115744088101,0.25844108453564113,-0.07611180125523777,0.13978969201619365,-0.5444736314779258,0.5861586381519744,-0.12418766519735984,0.21128487117303368,-0.5877735803225362,0.5567313417745152,0.03944485287570043,0.1461713017185294,0.2698536060905874,0.7872926251929725,0.09369002882151557,0.1780342088859652,0.5262473398105534,0.598757749868164,0.24659588627280254,0.24833823800510138,0.9929839570970015,0.320802966306799,0.10176399706384062,0.33541770069664306,0.3033948323313967,0.7616113640362794,0.2233040307672584,0.20590567449585367,1.084496730427675,0.27823732238756516,-0.16392892279511093,0.20387744355938697,-0.8040562012803563,0.42143229165842067
BNB,2877,2877,9,"log_daily_return,diff_ConSIX,log_diff_AdrActCnt,log_diff_volume_trusted_spot_usd_1d,log_diff_TxCnt,log_UnemRt,log_IndPro,log_CPIPrc,log_TotRes",0,0.008949529634551867,0.005805555636212323,18036.862293341743,18096.402504214522,-9008.431146670871,1.9362102550277283,0.04289171010702068,1.99058588037779,0.3157968231806807,0.10638753145905823,2.968363104676517,0.00301895873016186,0.3480569459455407,0.27381341186716185,1.2711464481308807,0.2037807646129972,0.12903113725416404,0.13589893470579914,0.9494639346032928,0.3424655788858756,-0.11937282063156793,0.49741186684770394,-0.2399878824525856,0.8103569886916057,0.11260872846003021,0.12080475135988039,0.9321547968305153,0.3513358519188715,-0.19017346260257295,0.5108346335135424,-0.37227989279926416,0.7097122739389055,0.3912130019346559,0.24525685969393318,1.5951154329500419,0.11079780973954144,0.23306591296902082,0.3098786321774613,0.7521199875296617,0.45204129928945,0.043101479053198,0.1867473928065824,0.23080096811760564,0.8174860712827828,-0.29623358142640854,0.18458256679381582,-1.604883855349732,0.1086306694453177
BSV,2389,2389,9,"log_daily_return,diff_ConSIX,log_diff_AdrActCnt,log_diff_volume_trusted_spot_usd_1d,log_diff_TxCnt,log_UnemRt,log_IndPro,log_CPIPrc,log_TotRes",0,0.004112325552320217,0.00029666396439809173,15343.365601275971,15401.025532070047,-7661.682800637986,1.0993982452631594,0.35958667634699315,2.074880944037759,-0.036633988276129056,0.12751482030564046,-0.2872920040848663,0.7739140850888192,0.09249831889761281,0.2580841958695114,0.35840365422600456,0.720073463180229,0.04808947636736366,0.19295243945344512,0.24922968843297014,0.8032049057303638,-0.1848274195851949,0.173566345520597,-1.0648805160402572,0.287039449097712,-0.06363924388163597,0.1234849149817923,-0.5153604704754382,0.6063496453675434,-0.25586485647850765,0.14569740767036754,-1.7561387026005841,0.07919503352558413,-0.07543571478412048,0.3775916897059251,-0.19978118385728008,0.8416690102717926,-0.1898460829859608,0.46013073796048276,-0.4125916121740715,0.6799435005028718,0.08077144593782756,0.23206626836552113,0.34805336642293355,0.727831292335287,-0.02006768333121066,0.22114003551474434,-0.09074649592281837,0.9277017616952332
BTC,3803,3803,9,"log_daily_return,diff_ConSIX,log_diff_AdrActCnt,log_diff_volume_trusted_spot_usd_1d,log_diff_TxCnt,log_UnemRt,log_IndPro,log_CPIPrc,log_TotRes",0,0.003211644220386556,0.0008276167949238245,20478.481805810166,20540.83806300981,-10229.240902905083,1.4846152376640862,0.14738678544223324,2.042949254550266,0.1566376152660487,0.05874505440101666,2.6663966330983238,0.007699714989452162,-0.07908932025290778,0.10246242957967909,-0.7718860520616936,0.4402303895996982,-0.01823042756653873,0.07241905406761398,-0.2517352346181974,0.8012594672350871,0.1176359653679645,0.06887029904851179,1.7080797817518187,0.08770401609084676,-0.003044391360481555,0.06813090463999565,-0.04468444058637043,0.964361206862659,-0.0889724715040146,0.06024234796142675,-1.4769090932674767,0.13978368674183728,0.29588502377036435,0.1194168029783595,2.47775033655845,0.013264933835559234,0.10895591270163452,0.19777982924605406,0.550894967990313,0.5817383811799521,0.28947689641473195,0.16122244155484794,1.795512421366301,0.07265230038014982,-0.24801069940693432,0.14132835098740323,-1.7548545474010364,0.07936556543268551
BTG,2775,2775,9,"log_daily_return,diff_ConSIX,log_diff_AdrActCnt,log_diff_volume_trusted_spot_usd_1d,log_diff_TxCnt,log_UnemRt,log_IndPro,log_CPIPrc,log_TotRes",0,0.003590739119852304,0.0003118786635739612,18666.45233928159,18725.627702821028,-9323.226169640795,0.866781839554655,0.5544311023803252,2.0214107296550567,-0.19401490795202553,0.1386883760079967,-1.3989269579509587,0.16194827739545575,0.05856456838038439,0.27032392053956905,0.2166458974976723,0.8285004718003184,-0.06986219583316494,0.21907123392578326,-0.31890173155656204,0.7498253833833026,-0.3714843494367934,0.4152039256128598,-0.894703365071671,0.3710244078531202,0.08750762118190136,0.14240070924542977,0.6145167509740465,0.5389250237298064,0.2367435994226878,0.28919388267695806,0.8186328052005877,0.413067264631934,0.2658469416668209,0.30627940537168,0.867988304157137,0.3854768877914181,0.024803892945614633,0.40219740259226555,0.06167094264096976,0.9508293864770259,-0.026440547436334783,0.26631436843154516,-0.0992832177702466,0.9209206789467528,0.06556177009998859,0.2393644538835104,0.2738993573870204,0.7841826487029846
BUSD,2080,2080,9,"log_daily_return,diff_ConSIX,log_diff_AdrActCnt,log_diff_volume_trusted_spot_usd_1d,log_diff_TxCnt,log_UnemRt,log_IndPro,log_CPIPrc,log_TotRes",0,0.20830931612493553,0.2048165631078397,8097.122381615331,8153.378332336655,-4038.5611908076653,1.5653735652369392,0.120066736687584,2.3252200966909617,-0.00011622469770224131,0.04063925020050003,-0.002859912452341733,0.997718402745799,-0.8976945266004783,0.3195629918906174,-2.8091316872754417,0.005014871187119393,0.16777233172857564,0.10578174630545449,1.5860234642385054,0.1128889702106862,-0.045727893411711504,0.10555089828586509,-0.43323073658611566,0.6648929532824096,-0.006355622627980437,0.014164304306162525,-0.448707009578668,0.6536906843927621,0.07424973565724723,0.11751824841847647,0.6318145195020923,0.5275788787123555,-0.010335570094442081,0.04689769726285058,-0.2203854495565878,0.8255930288216385,-0.010477122150394041,0.025752322554674946,-0.40684183448502503,0.6841668384481512,-0.004253521344737332,0.09155919234545241,-0.046456518846177845,0.9629509367088498,0.0007824817743894708,0.01592855109178011,0.04912447904902465,0.9608249043747034
COMP,1808,1808,9,"log_daily_return,diff_ConSIX,log_diff_AdrActCnt,log_diff_volume_trusted_spot_usd_1d,log_diff_TxCnt,log_UnemRt,log_IndPro,log_CPIPrc,log_TotRes",0,0.029595152297285265,0.02465530861554066,11324.580826995265,11379.413271156003,-5652.2904134976325,8.725483418908027,6.396913886814386e-13,2.1194386346880205,-0.07462998079215055,0.13850916223462031,-0.5388089826558551,0.5900864989346002,0.7912439351538795,0.17250755055634837,4.586720596298916,4.81899764541033e-06,0.29038030034953605,0.21522147777185408,1.3492161811905883,0.17744029510800768,-0.15515275142840795,0.25564353723451383,-0.6069105173039404,0.5439882254462732,-0.04106779346223882,0.2261024867050785,-0.18163353291999154,0.8558911517726482,0.01372611371620579,0.30837343576085197,0.04451133633589175,0.9645018423604482,0.7182997374747591,0.5134617469587299,1.3989352502485317,0.16200780048098715,0.803256309592015,0.6827849932249261,1.1764410723177723,0.2395770382865557,-0.05612771916116435,0.44904403717687824,-0.12499379685350474,0.9005426712613231,-0.18383754114298084,0.1486577176434154,-1.236649829267197,0.2163813584467223
CRO,2264,2264,9,"log_daily_return,diff_ConSIX,log_diff_AdrActCnt,log_diff_volume_trusted_spot_usd_1d,log_diff_TxCnt,log_UnemRt,log_IndPro,log_CPIPrc,log_TotRes",0,0.003956658793375256,-7.409213776665702e-05,13714.742191695934,13771.857681492225,-6847.371095847967,1.3158388848981237,0.22308100111264437,2.118903733246338,0.016511965042854466,0.10864636408885806,0.15197899332691805,0.8792172890305257,-0.00698018852853205,0.19887364432976937,-0.035098610235942594,0.9720042593654599,-0.02841578113359791,0.17703764204737535,-0.16050700181599706,0.8724962834437358,-0.06178862970927344,0.2964847163420065,-0.20840409742402333,0.8349325408462347,-0.0563982386597356,0.14278137529498774,-0.39499716642465643,0.6928828581244086,-0.03084970740361194,0.33640752456137935,-0.09170338102227332,0.9269419698455614,-0.07603477721032834,0.26883689744711114,-0.2828286516187266,0.7773345102956623,-0.5785237332920377,0.2845824949833293,-2.032885871374229,0.042182609308115265,0.21547454586098658,0.2266649971751609,0.9506299982192371,0.3418955282200714,0.31532742125563334,0.1851042420667565,1.7035126679696126,0.08861187525916134
CRV,1750,1750,9,"log_daily_return,diff_ConSIX,log_diff_AdrActCnt,log_diff_volume_trusted_spot_usd_1d,log_diff_TxCnt,log_UnemRt,log_IndPro,log_CPIPrc,log_TotRes",0,0.013074086016563569,0.00787973910086126,11803.882901841433,11858.383697539508,-5891.941450920716,2.3043732067867566,0.014264954584514248,1.9675049427925893,-0.15994749124884652,0.18551728086317898,-0.8621703083650172,0.3887146953943118,-0.6086879114131356,0.20989622888312826,-2.8999468673258417,0.003779913736611539,0.4561167085233978,0.23885993036484915,1.9095572364385165,0.05635743054806807,-0.03142056715275343,0.35829841935752904,-0.08769384807528367,0.9301302771327316,0.5774988848944518,0.26957631674241506,2.142246365975325,0.03231452250178222,-0.2585233390127513,0.4375657719099515,-0.5908216675273996,0.5547179941340545,0.22995702629785877,0.6111583537995773,0.3762642281958739,0.7067671473671637,1.352591935478805,1.02165851436705,1.3239178418796604,0.18570727794748798,-0.9648236939034933,0.8518853547103871,-1.1325745754034022,0.2575517307786577,0.18429433804339246,0.2012122759915524,0.9159199513807487,0.35983802588728797
CVC,2819,2819,9,"log_daily_return,diff_ConSIX,log_diff_AdrActCnt,log_diff_volume_trusted_spot_usd_1d,log_diff_TxCnt,log_UnemRt,log_IndPro,log_CPIPrc,log_TotRes",0,0.007477246906180568,0.004262887504293489,18704.140758398848,18763.47514227512,-9342.070379199424,1.5932145665619037,0.11138674770916993,2.0073192435800746,-0.04388170522341598,0.12941422470167116,-0.339079458417907,0.7345754920306622,-0.3808679408230272,0.3111428762669366,-1.2240933984818985,0.22102076146598287,-0.10173656626257968,0.1110316675357928,-0.9162842324220998,0.35959734023247203,-0.48884945700786364,0.29522422469914644,-1.6558582125367065,0.09786343763732212,0.28677380472196845,0.17083966683928858,1.678613696851451,0.09333978335435537,0.16348721510069147,0.29306806043416717,0.5578472620267542,0.5769936202513829,0.5561911681528883,0.3880309281187465,1.4333681360128099,0.1518651513606687,0.19779900366698122,0.4289275610663371,0.46114780587948745,0.6447286538368846,0.29383634169900663,0.2818812752231798,1.0424117084980598,0.2973115133154201,-0.03423286805354349,0.3175092224234936,-0.10781692510299341,0.91414869998559
DAI,2019,2019,9,"log_daily_return,diff_ConSIX,log_diff_AdrActCnt,log_diff_volume_trusted_spot_usd_1d,log_diff_TxCnt,log_UnemRt,log_IndPro,log_CPIPrc,log_TotRes",0,0.006053156334020926,0.0015329331945597158,1258.941332409635,1314.8952051981746,-619.4706662048175,0.5859079616533427,0.8096644661771706,2.6053712636385824,0.0036142926979642635,0.007605713763793896,0.47520756239469303,0.634691478930781,-0.028827951655680285,0.022482030861582163,-1.2822663500983884,0.1998994088437223,-0.019149156580256975,0.015086217812307625,-1.2693146034677245,0.20447813176621302,0.0070516966077085715,0.009337381289782945,0.755211379814232,0.4502120296514386,0.010453906654963197,0.009580123408398882,1.0912079322274983,0.27531423230396534,-0.023233008596301546,0.017319393800314754,-1.3414446754989382,0.1799300342438621,-0.003813277009818948,0.024561488038144275,-0.1552543153695283,0.8766366627602071,-0.007490573800058072,0.02570957884913073,-0.29135342294070044,0.7708115665976204,0.007610921168970344,0.02140006475673372,0.3556494457137332,0.7221410132294525,0.005804152458975346,0.008162782953662785,0.7110506909130692,0.47713661808109065
DASH,3803,3803,9,"log_daily_return,diff_ConSIX,log_diff_AdrActCnt,log_diff_volume_trusted_spot_usd_1d,log_diff_TxCnt,log_UnemRt,log_IndPro,log_CPIPrc,log_TotRes",0,0.004228667437478406,0.0018470724353358836,23665.26305761707,23727.619314816715,-11822.631528808535,1.7703311238807105,0.06869671939812973,2.001155229991724,0.07222225903032796,0.08979489328326967,0.8043025208849399,0.4212730905713258,-0.2219092176820796,0.13892562179092846,-1.5973239120429101,0.11027748654020147,0.044220609927740996,0.06017463774464504,0.7348712278982719,0.4624637155191321,0.11868433603337976,0.10709959860132649,1.1081678884267059,0.267860139814479,-0.02841881493984695,0.10129040927591305,-0.2805676780556258,0.779057433268528,-0.12218491813124485,0.14748126104022954,-0.8284775792493093,0.4074526298505734,0.3157944175267728,0.19707810446212992,1.6023820524793768,0.10915508225487477,-0.029860354306139647,0.3089302474859225,-0.09665726988258196,0.9230037218274969,0.39096885236281537,0.22553908009327855,1.7334860645929668,0.0830912236457715,-0.3547788489108725,0.23029666742288724,-1.540529669321711,0.12351537812073306
DCR,3301,3301,9,"log_daily_return,diff_ConSIX,log_diff_AdrActCnt,log_diff_volume_trusted_spot_usd_1d,log_diff_TxCnt,log_UnemRt,log_IndPro,log_CPIPrc,log_TotRes",0,0.015242787820639037,0.012524966627871614,21198.540905463888,21259.469415739273,-10589.270452731944,3.8812915520190976,6.506634373013011e-05,2.0660200057898583,0.06775416717811204,0.1075827858408854,0.6297863236068291,0.5288785166471577,-0.5682954343307729,0.19868651060137407,-2.860261789341841,0.004259830162403715,-0.321505496348526,0.17204935952645822,-1.8686817389697052,0.06175669549660683,0.2729302341145499,0.2782844142250499,0.9807600431903095,0.3267838415039326,-0.2513348835395714,0.11824018249881314,-2.1256300373360317,0.033609030409038274,-0.42600469916486905,0.31906457337227484,-1.3351676579518583,0.1819146741069072,0.8070880555724339,0.23502724273434705,3.434019163832387,0.0006021197559181004,0.7160841143085559,0.31362687042559223,2.2832358507318853,0.022480534244215283,0.364604994035737,0.2383045640309708,1.5299958501355089,0.12611474901983946,-0.7350449223947746,0.26632660264072894,-2.7599380426383484,0.005813539431665405
DGB,3763,3763,9,"log_daily_return,diff_ConSIX,log_diff_AdrActCnt,log_diff_volume_trusted_spot_usd_1d,log_diff_TxCnt,log_UnemRt,log_IndPro,log_CPIPrc,log_TotRes",0,0.0030276202070245173,0.0006175338739230485,25929.282985451533,25991.53266024068,-12954.641492725767,1.4570367147779468,0.1580188624078286,2.0466871648962788,0.11874453231520254,0.12762426389080048,0.9304228576534966,0.3522125132474241,-0.20279533788973264,0.16206207586558224,-1.2513435781109914,0.21088777460006372,-0.22420510337073749,0.138522284615042,-1.6185489864956446,0.10562904414812856,0.12163023578707641,0.12357989388167721,0.9842235008190934,0.3250695891858508,0.09159169905084816,0.14661786472618563,0.6246967190655729,0.5322084081886935,-0.020142881293300996,0.13974466448461645,-0.14414061078888912,0.8853972382648705,0.5702793966155845,0.2527227424612549,2.2565416592969045,0.024094489452774558,0.009045213887466652,0.441284288985739,0.020497475467020233,0.9836476243487557,0.714248527629344,0.3621317092367043,1.9723446177492332,0.04864417282509992,-0.522873713007344,0.29031093750590287,-1.801081686757711,0.07177089541853407
DOGE,3803,3803,9,"log_daily_return,diff_ConSIX,log_diff_AdrActCnt,log_diff_volume_trusted_spot_usd_1d,log_diff_TxCnt,log_UnemRt,log_IndPro,log_CPIPrc,log_TotRes",0,0.005069201607921792,0.002689616918703508,25058.8791407443,25121.235397943943,-12519.43957037215,1.5298655235153822,0.1312568307641826,1.9890658335369575,0.1864764600723671,0.10770677303409923,1.7313345745984787,0.08347407056552036,-0.02041888378269477,0.31741653619937715,-0.06432835550152045,0.9487121926541374,-0.049605215669684795,0.17033281443930845,-0.291225245311494,0.7708951068006372,-0.025321051019730666,0.10649572573769191,-0.23776589007993226,0.8120756203839498,0.3120063338014295,0.13486864472310284,2.3134089798411326,0.020753809064000244,0.013158371740856614,0.09088257710798225,0.14478431575749087,0.8848889196748555,0.7024986821229732,0.2666269100457056,2.6347628677186026,0.00845411976108296,0.7167226420857427,0.3692190497840161,1.941185435867969,0.05231035703597441,0.19747590912997176,0.2510345380253047,0.7866483659314873,0.43153727449872736,-0.473905789884927,0.20714458793354035,-2.2878019387934647,0.022204283191661227
DOT,1745,1745,9,"log_daily_return,diff_ConSIX,log_diff_AdrActCnt,log_diff_volume_trusted_spot_usd_1d,log_diff_TxCnt,log_UnemRt,log_IndPro,log_CPIPrc,log_TotRes",0,0.0072706199660302895,0.002030406229780457,10642.35668513321,10696.828368729211,-5311.178342566605,0.837933152477477,0.5810613322071083,2.025226709362002,0.049818781158914575,0.1334498458751699,0.3733146399098541,0.7089606899312972,-0.1497002923193897,0.1577375240038746,-0.9490467995155832,0.34273130680197594,0.19288149047335015,0.14255123690137847,1.3530678138330836,0.1762133441639236,0.15019436800778968,0.20112541497459793,0.7467697109624817,0.4553055422993416,0.014517350570032894,0.12606526367855567,0.11515742042192999,0.9083339075858388,-0.12721801209213043,0.21676851177932438,-0.5868841883347037,0.5573591880908066,0.39179615949984137,0.428799896612151,0.9137039504797748,0.3610016140749389,-0.850573511073362,0.7728895984214715,-1.1005110080541256,0.271264883348241,1.0004521406272295,0.6234573915124256,1.6046840638143116,0.1087485474474693,0.08520815031075626,0.14791320650327175,0.5760685764652902,0.5646448599006337
DRGN,2705,2705,9,"log_daily_return,diff_ConSIX,log_diff_AdrActCnt,log_diff_volume_trusted_spot_usd_1d,log_diff_TxCnt,log_UnemRt,log_IndPro,log_CPIPrc,log_TotRes",0,0.009559397813921233,0.006214570264324815,19255.48178534565,19314.398831938954,-9617.740892672826,2.0065948035362555,0.03491852257535178,2.003430755358429,-0.10624635711517968,0.1722250472670162,-0.6169042122569794,0.5373506059188877,-0.6434622321285864,0.26390562432212006,-2.43822856667573,0.014824352276306393,0.005600074769221879,0.07777877999131616,0.07200003355474482,0.9426072839005836,0.18114964598551464,0.3789251056870557,0.4780618736176362,0.6326453781029899,-0.2793123680729223,0.19001468596447268,-1.4699514758830048,0.1416929393782221,0.10012546313429513,0.41854278348771706,0.2392239624822811,0.8109503179936601,0.3931131368939339,0.3713202126960788,1.058690379496503,0.28983675746302834,-0.4780120571618106,0.4794369227048459,-0.9970280437831184,0.3188414149229129,0.9736501287897299,0.4050474892118048,2.403792529820115,0.01629386579301318,0.03037098390053393,0.30020975242893455,0.1011658803713358,0.9194263914458871
ELF,2717,2717,9,"log_daily_return,diff_ConSIX,log_diff_AdrActCnt,log_diff_volume_trusted_spot_usd_1d,log_diff_TxCnt,log_UnemRt,log_IndPro,log_CPIPrc,log_TotRes",0,0.0070531993186957465,0.003714939622718294,17722.972884540435,17781.93469062659,-8851.486442270218,1.2580616285971442,0.25483459765023275,2.0839965924638513,-0.04294543512004553,0.12497922998090275,-0.3436205770079376,0.7311586326460567,-0.1227461263445627,0.31332773728873153,-0.391749952962039,0.6952741585217583,0.389934390422367,0.23167456034841946,1.6831126811503938,0.09246988316916695,-0.1256832796276983,0.2359814985071851,-0.5325980232466043,0.5943560745867544,-0.31334467571052926,0.15121096622238173,-2.0722351264504324,0.038339042544515076,0.06745887905861613,0.23650013533250205,0.2852382260321916,0.7754837019702021,0.1969082094721101,0.3768651403837894,0.5224898468231475,0.6013725483834027,-0.14698314054680783,0.3878800635580897,-0.37893966294247383,0.7047627217885651,0.2210068616258058,0.2690233208553779,0.821515625199702,0.4114257833397723,0.14331445330411416,0.2744515556177058,0.5221848824341969,0.6015848160596385
EOS,2548,2548,9,"log_daily_return,diff_ConSIX,log_diff_AdrActCnt,log_diff_volume_trusted_spot_usd_1d,log_diff_TxCnt,log_UnemRt,log_IndPro,log_CPIPrc,log_TotRes",0,0.014338044822037377,0.010800980389580439,15625.425083134513,15683.737285280555,-7802.712541567256,2.729170002763837,0.0036074587991873535,2.003433481813929,-0.11373448843881931,0.1062645324779848,-1.0702958530625644,0.28458915094755727,-0.3911136720180949,0.16318978940470968,-2.3966798011371617,0.01661716928312144,-0.42805289561096177,0.13403579648187333,-3.193571470057632,0.0014226589766751644,0.0825879849255927,0.09761171989652452,0.846086771272363,0.3975850567853586,-0.11514180196034372,0.11290671969937406,-1.0197958302829166,0.30792366127010873,-0.2416310773549726,0.10170320152885225,-2.3758453394058017,0.017583519264615686,0.29604450121045567,0.26475367683762285,1.1181884412204932,0.263593613061451,0.07626766362162168,0.31510284193906973,0.24204054508771863,0.8087685355442042,0.25138667372499923,0.21327791622022416,1.1786812164154172,0.23863695052117992,-0.07717392747493457,0.19402063883520523,-0.3977614337229534,0.6908398999908197
ETC,3232,3232,9,"log_daily_return,diff_ConSIX,log_diff_AdrActCnt,log_diff_volume_trusted_spot_usd_1d,log_diff_TxCnt,log_UnemRt,log_IndPro,log_CPIPrc,log_TotRes",0,0.06470149371266831,0.06206437386411379,20876.446777541758,20937.162086477325,-10428.223388770879,1.3843881685699349,0.18917039735710398,1.9019420830110447,0.10816973788337828,0.11056350106814675,0.9783494266946824,0.327975673072884,-0.4792864970624313,0.30447349788374195,-1.5741484904063432,0.11555222726304315,1.558165648586908,0.993550545644629,1.5682802001542349,0.11691487412047895,-0.0360932409386151,0.09550959199815715,-0.37790173932804066,0.7055287172725274,0.09965308912964355,0.11781554533372578,0.8458399003914548,0.39770546418159325,0.13556788052571755,0.10343233415246686,1.3106914934925527,0.19005630637034054,0.3507039941736847,0.27837507245042475,1.2598254257702648,0.20782444706743372,0.0544843274317694,0.4500890201328487,0.12105233630379998,0.9036572007666501,0.22981700193898624,0.24296261552070197,0.94589450087396,0.3442739941675834,-0.16848408579093932,0.26904648722286173,-0.6262266700823986,0.531211053620054
ETH,3584,3584,9,"log_daily_return,diff_ConSIX,log_diff_AdrActCnt,log_diff_volume_trusted_spot_usd_1d,log_diff_TxCnt,log_UnemRt,log_IndPro,log_CPIPrc,log_TotRes",0,0.005466577463851929,0.0029409564698267276,22204.763730049042,22266.522020136188,-11092.381865024521,2.3334401846769754,0.012830807118550946,2.0128524821679536,0.21321308350689175,0.09178168528308639,2.3230460723102766,0.02023300686274082,-0.24574896052583428,0.15812610568079752,-1.5541327566867251,0.12024204346861601,-0.18378797395206942,0.0950326907676125,-1.9339447559313456,0.0531994449222407,-0.008270696382828492,0.08353457652398588,-0.09900925732775659,0.9211365195073085,0.06620257903112658,0.11278412123691062,0.5869849257597497,0.5572512204621979,0.05202359750932216,0.15663264417317865,0.3321376446394087,0.7398049674503229,0.4880208609847059,0.2138934982351724,2.281606804373899,0.022571608976635182,0.07458831586563651,0.36760785005627855,0.20290185820084497,0.8392233895033209,0.40036263938734656,0.2053133656527446,1.950007677846445,0.05125394987266878,-0.3681429909554424,0.24429259335704748,-1.5069756552847287,0.13190602455722225
FTT,2111,2111,9,"log_daily_return,diff_ConSIX,log_diff_AdrActCnt,log_diff_volume_trusted_spot_usd_1d,log_diff_TxCnt,log_UnemRt,log_IndPro,log_CPIPrc,log_TotRes",0,0.006081471315977471,0.001762173026186864,14105.879760065241,14162.285798329178,-7042.939880032621,0.8653818501810115,0.5557504453292863,1.975644514369854,-0.0167733551654254,0.15692974993359976,-0.10688448284995392,0.9148909759510437,0.426102976587875,0.9606815751910418,0.44354236366315225,0.6574198161781801,-0.2790846618241606,0.28622620610577526,-0.9750492997172471,0.3296496798214359,-0.06915147677908545,0.34360346426694793,-0.20125372404674358,0.8405199485986594,-0.09606722199821668,0.2636740892612097,-0.36434077488382766,0.7156407502912501,-0.09504949637283967,0.3012843874822469,-0.31548098846788214,0.7524282698513487,0.30298028063365706,0.24969783065870818,1.2133877168031002,0.22511998905221972,0.0369677356632129,0.2865430935131884,0.12901283087987403,0.8973600235095373,-0.04662263500988828,0.236083857563936,-0.19748336667729172,0.8434686764477071,0.10026621790360211,0.18986767989222858,0.5280847059410773,0.5974971226301078
FUN,2828,2828,9,"log_daily_return,diff_ConSIX,log_diff_AdrActCnt,log_diff_volume_trusted_spot_usd_1d,log_diff_TxCnt,log_UnemRt,log_IndPro,log_CPIPrc,log_TotRes",0,0.01043976057536089,0.007245340864162286,18644.988604682083,18704.355206234337,-9312.494302341041,1.7605505060244189,0.0707387394747714,2.051323032137706,-0.059686044141664826,0.12781565540004977,-0.4669697460366157,0.6405580132894471,-0.5878422898927441,0.24477344126427272,-2.4015770945430015,0.016389641996295015,-0.4368026134862669,0.17756242744703163,-2.459994604526168,0.01395417612090234,-0.025849589632128155,0.20057510768141118,-0.12887735637259157,0.8974639901291469,-0.2829925798930808,0.15744834232069427,-1.7973677951888198,0.07238542613291075,0.24072520272094194,0.23994511225209225,1.0032511204813797,0.31582677743269116,0.6275274338796463,0.3238726013190447,1.9375749332419547,0.05277597306522706,0.30383247104725886,0.3924833885345989,0.7741282304498726,0.438920603367269,0.34859731213566303,0.2636765317663928,1.3220642345391087,0.186255217627804,-0.17255092966231161,0.22819122997489674,-0.756168103749184,0.4496122999172223
GAS,2853,2853,9,"log_daily_return,diff_ConSIX,log_diff_AdrActCnt,log_diff_volume_trusted_spot_usd_1d,log_diff_TxCnt,log_UnemRt,log_IndPro,log_CPIPrc,log_TotRes",0,0.028488521379710807,0.025380237231974356,19146.007961198895,19205.46351548143,-9563.003980599447,2.7144105620659427,0.0037747328819137164,2.1608887213830084,-0.03564251141284719,0.13464687791261026,-0.2647110127275303,0.7912514867490988,0.8251937671137367,0.3396000687934108,2.4298987042188367,0.015165218303830295,0.44272326471678697,0.20804385002175704,2.1280286087307427,0.03342142186335456,-0.19538368077913337,0.1409735581342918,-1.385959774052169,0.1658690426559572,-0.27413869830412674,0.13705891238430012,-2.0001522960832196,0.0455797940177066,-0.2627695287868462,0.13537606791669754,-1.9410338387767259,0.05235393629730595,0.34071835708385195,0.30407625455713944,1.1205030053401523,0.2625951250903279,-0.03248060853223961,0.3771904721664387,-0.0861119538510168,0.9313835496040537,0.35308927943332147,0.2454948931839924,1.4382754559732929,0.1504671538140679,-0.03842399654483106,0.2362186110850354,-0.1626628671142214,0.8707955688370622
GNO,2951,2951,9,"log_daily_return,diff_ConSIX,log_diff_AdrActCnt,log_diff_volume_trusted_spot_usd_1d,log_diff_TxCnt,log_UnemRt,log_IndPro,log_CPIPrc,log_TotRes",0,0.008128314958465999,0.005061724382933952,18466.65395578068,18526.450768804556,-9223.32697789034,6.159991331004566,1.2262594376393146e-08,2.008480776814957,0.013621821581379662,0.10483608858620758,0.1299344697525445,0.8966272498846368,-0.3505913494507882,0.1337705086381535,-2.620841865819099,0.00881691017500167,-0.009728369934376951,0.12397678428161758,-0.07846928754240488,0.9374601530773107,-0.16814341436614916,0.17562812028968422,-0.9573832145376854,0.33845337020465616,0.13902543058462657,0.13570412412337268,1.0244746169853645,0.3056962781401442,0.11060802999572188,0.20194813476291987,0.5477051329321356,0.5839363781979704,0.4351500572802615,0.25923271306544055,1.6786078120102554,0.09333583317278589,-0.1421958936140333,0.3023827106071278,-0.4702514020346289,0.6382106420342541,0.3838836385613143,0.23930180499030304,1.6041819600018061,0.10878242934492863,0.036199571921282425,0.22923414407341405,0.15791527072724917,0.8745345175518108
GNT,3023,3023,9,"log_daily_return,diff_ConSIX,log_diff_AdrActCnt,log_diff_volume_trusted_spot_usd_1d,log_diff_TxCnt,log_UnemRt,log_IndPro,log_CPIPrc,log_TotRes",0,0.0050026087019396925,0.002000605174724557,19956.75748324393,20016.79779832246,-9968.378741621966,1.951526616575601,0.04099792372087607,2.0872135911137635,0.08311528147774072,0.12368699462667937,0.671980766681291,0.5016479806319726,-0.02684831855360975,0.1874969312106558,-0.1431933759142182,0.8861471326631409,-0.29694010163672724,0.1563432287844045,-1.8992834160167194,0.05762360246610988,-0.30907032049263955,0.15296297021032104,-2.0205564789156094,0.0434148905058761,-0.14868297091846552,0.12874905457499344,-1.1548276716227148,0.24825350325882112,0.17095350509544732,0.1541912209207007,1.1087110152877466,0.26764424782842666,0.4815153812418703,0.2983543422411168,1.613904385050749,0.1066539352762969,0.029732384979375803,0.3498498376457993,0.08498613342069906,0.9322781178860001,0.42676846140488744,0.27745670527636185,1.5381443421228658,0.12411938614619869,-0.25947633267291237,0.2835300349902926,-0.9151634770608913,0.3601797855769898
GUSD,2449,2449,9,"log_daily_return,diff_ConSIX,log_diff_AdrActCnt,log_diff_volume_trusted_spot_usd_1d,log_diff_TxCnt,log_UnemRt,log_IndPro,log_CPIPrc,log_TotRes",0,0.1562801197074818,0.1531279906403864,8117.8475487300275,8175.758643836128,-4048.9237743650137,2.0284810913558817,0.03277149229388895,2.702368413847789,-0.009829562692170338,0.026047019330764944,-0.3773776403106645,0.7059262235090542,0.29650219855414933,0.2686894603010949,1.1035125762725762,0.2699148516961188,0.2988518487475624,0.1621664015622517,1.8428715558126292,0.06547055866809935,-0.0605898116823968,0.06742359699981304,-0.8986440115700859,0.36893211758873046,0.01542084193367854,0.050782698963375714,0.3036632996761356,0.7614106447626021,0.06357090307783225,0.047910529693303054,1.3268670474899427,0.18467841993973402,0.012735894407634271,0.053831691929554316,0.23658729553402902,0.8129970916467447,-0.03749678590635949,0.08789311007359617,-0.4266180349627182,0.6696956795851936,0.041696230741311804,0.06411471327712485,0.6503379428850753,0.5155359680929292,0.04320226208569222,0.04075330149246297,1.0600923238987685,0.28920887284216806
HEDG,817,817,9,"log_daily_return,diff_ConSIX,log_diff_AdrActCnt,log_diff_volume_trusted_spot_usd_1d,log_diff_TxCnt,log_UnemRt,log_IndPro,log_CPIPrc,log_TotRes",0,0.022471097904510073,0.011569288587460091,6331.882905900054,6378.939296848654,-3155.941452950027,1.5289666729979317,0.13326156979713136,2.0228588693237812,-0.033959725804651286,0.405449507756135,-0.08375821194750836,0.9332694452872203,-1.6791048028949458,0.6088075615146824,-2.758022253727299,0.005946727395656088,-0.21272634757459574,0.29897953195135396,-0.7115080627298854,0.4769750684837827,0.30937837688679903,0.792905828135921,0.39018300270806555,0.6965041929784996,0.6356293174626237,0.49247535768064693,1.2906824829899552,0.1971834457231899,0.4527466604289089,0.8138416140791588,0.5563080734587162,0.5781544851478941,-0.29347367236848115,0.5147800159225319,-0.5700953092410747,0.5687717316150568,0.07889207967322581,0.6033937219975455,0.13074726633225847,0.8960078253241608,-0.1977536758816908,1.4687382277570349,-0.13464187977437467,0.8929286003667491,-0.12137699825012249,1.5040397370525427,-0.0807006592046459,0.935700021355121
HT,2278,2278,9,"log_daily_return,diff_ConSIX,log_diff_AdrActCnt,log_diff_volume_trusted_spot_usd_1d,log_diff_TxCnt,log_UnemRt,log_IndPro,log_CPIPrc,log_TotRes",0,0.004599394588386985,0.0005964430920937236,13600.386540145586,13657.564502255722,-6790.193270072793,1.3196007642635597,0.22111356093326812,2.022657106123255,-0.0754954978296527,0.10475559031202863,-0.7206822815353261,0.4711802843849143,-0.08131400444212211,0.19085049706893625,-0.42606126623160456,0.6701041757327844,0.18823346697835264,0.11545787069779409,1.630321656208657,0.10317424898360597,-0.06330472532071293,0.2234504765615102,-0.2833053940848802,0.7769689456278839,-0.07686519325418481,0.08872255613215028,-0.8663545845060618,0.3863886094789807,0.18334358599260808,0.22635030705387355,0.8099992811097471,0.41802670406905273,0.18813882934743723,0.2523952743229188,0.7454134387109372,0.4561000988667876,0.1310213441142318,0.28140884404538097,0.4655907121849477,0.6415537960088309,-0.13767689907114378,0.19010795330901634,-0.7242037835595072,0.46901633240694396,-0.11420360348197425,0.16666208809993172,-0.6852404454064982,0.4932631714489486
HUSD,1218,1218,9,"log_daily_return,diff_ConSIX,log_diff_AdrActCnt,log_diff_volume_trusted_spot_usd_1d,log_diff_TxCnt,log_UnemRt,log_IndPro,log_CPIPrc,log_TotRes",0,0.009831224295026919,0.002454139045569348,-586.7777458574487,-535.7280913747503,303.38887292872437,0.792180127028456,0.6236661754883475,2.942854599275022,-0.0007582440578799013,0.005426901320909241,-0.1397195218859927,0.8889048921408081,-0.01111218847886359,0.012183839754566347,-0.9120432230487013,0.3619279347587845,0.012759000877478967,0.009282645526864605,1.3745004956349518,0.169541279136708,9.912717478138041e-06,0.006041385662749593,0.001640801966882959,0.9986911009406356,-0.0019728867176999473,0.0014382370973833496,-1.3717395562173373,0.17039923623087047,0.016828178441672625,0.018281007422372684,0.9205279584908402,0.3574807168163956,-0.0018760403077820492,0.0052449069612724546,-0.3576880050751,0.7206392950440044,-0.0027441028524217933,0.005248878230177223,-0.5227979640764387,0.6012107252395174,-0.0018420410442274854,0.012415754199029667,-0.14836320167899644,0.8820809005248484,0.0026997320547697944,0.007321763027806664,0.368727046275156,0.7123957982496949
ICP,1481,1481,9,"log_daily_return,diff_ConSIX,log_diff_AdrActCnt,log_diff_volume_trusted_spot_usd_1d,log_diff_TxCnt,log_UnemRt,log_IndPro,log_CPIPrc,log_TotRes",0,0.02809247420119365,0.022022267586211397,9192.903707726711,9245.703790255553,-4586.451853863356,16.892957285985872,1.0086515721241582e-26,1.966523503062447,-0.29809622389340573,0.15703237735301478,-1.8983105835764942,0.057854821085569115,-0.692653352075132,0.1859823172941837,-3.724296815699444,0.00020341502714540856,-0.10785903248902766,0.2530968174354453,-0.4261572056967413,0.6700569455239987,-0.17755818827810743,0.4342951455750856,-0.40884221269152843,0.6827162111073206,0.09867376567704156,0.17514785395455582,0.5633741062145337,0.5732678166710149,-0.003887212364336756,0.5198685648355853,-0.007477298354375657,0.9940350696672231,-1.2367788171555696,0.7409028390239378,-1.6692861088032767,0.09527790253485491,-0.7250507362216638,0.6353872426114192,-1.1411162950671323,0.25401113223047694,-0.0591008527256168,0.7617201587373704,-0.07758866828939193,0.9381660280953455,0.35045910300231625,0.2486555738258858,1.4094158341598872,0.1589280124101619
KNC,2803,2803,9,"log_daily_return,diff_ConSIX,log_diff_AdrActCnt,log_diff_volume_trusted_spot_usd_1d,log_diff_TxCnt,log_UnemRt,log_IndPro,log_CPIPrc,log_TotRes",0,0.0030852576937825393,-0.0001620215971172012,18308.38052826053,18367.65737871669,-9144.190264130266,0.9003049095417782,0.5239878545359404,2.016690393082649,-0.0518709046336208,0.12320475750557457,-0.42101381215959804,0.6737777415678978,-0.22015480540580812,0.204943214771425,-1.0742234411192815,0.2828163504460156,0.10654012311921793,0.13585306638933364,0.7842305363494012,0.43297207646560454,0.27351838140199036,0.2771968404020022,0.9867297946301365,0.3238615175665408,0.02260881063134107,0.14050019662852226,0.16091657644521307,0.872170870458999,-0.25645328849801247,0.27603423756753553,-0.9290633319907198,0.35293742269488115,-0.10208166427635534,0.3097471069820879,-0.32956454467307916,0.7417539975778669,-0.6033790583913994,0.3807887686547892,-1.5845505646685796,0.1131829237889597,0.1521603967675233,0.27761101776578107,0.5481064764363935,0.5836630717566333,0.39618355715869635,0.2607157726940598,1.519599497432796,0.1287260803253509
LDO,1358,1358,9,"log_daily_return,diff_ConSIX,log_diff_AdrActCnt,log_diff_volume_trusted_spot_usd_1d,log_diff_TxCnt,log_UnemRt,log_IndPro,log_CPIPrc,log_TotRes",0,0.010576212895423986,0.003819904789246986,8915.4630346155,8967.377327915865,-4447.73151730775,1.6287656022326702,0.10201947592205429,2.004484916821942,-0.16981182119878446,0.1837081586897304,-0.924356448891223,0.35546996138073905,-0.27062065962745674,0.21020407783209163,-1.2874186952910833,0.19817441417775353,0.38413059232712415,0.17808802562200668,2.1569703576951578,0.031188305042957647,-0.18942341174027308,0.3379116310635611,-0.560570854409692,0.5751854000697993,-0.8432503764680833,0.3295907874133772,-2.5584767799060697,0.010624144065615593,1.0042584599530007,0.46985121498559546,2.1373967501260775,0.03274932017378936,-0.6580010604332688,0.7968907095349825,-0.8257105429391172,0.40911774253688504,0.21332243168731232,0.6432263607168182,0.33164441744828926,0.7402105019775744,-0.7692277554785079,0.962123271289466,-0.7995106016379441,0.4241384646033989,0.035980595107135985,0.3000032589045505,0.11993401417877139,0.90455369818254
LEND,2730,2730,9,"log_daily_return,diff_ConSIX,log_diff_AdrActCnt,log_diff_volume_trusted_spot_usd_1d,log_diff_TxCnt,log_UnemRt,log_IndPro,log_CPIPrc,log_TotRes",0,0.00984432184827344,0.00653153333401113,18548.564517624996,18607.574588144922,-9264.282258812498,2.302456676284173,0.014201367212045865,2.0050754617247497,0.17930512817918415,0.14362604889615888,1.2484164923928327,0.21198721581343571,-0.23264517664625897,0.2518091563087117,-0.9238948259730548,0.35562394218017823,0.014747378743875487,0.1535066333564505,0.09606997705194469,0.9234721520049658,-0.7074269258218636,0.3244424756770036,-2.1804386874613098,0.029311344287869204,-0.3206531376659954,0.24640391751351504,-1.3013313298819928,0.19325651085789555,0.5512133552875469,0.3232414531191063,1.7052681516205124,0.08825987940371129,0.7621487623139913,0.4033977316485335,1.889323371252928,0.05895596741894423,-0.2320100039980431,0.4493363188520102,-0.5163393081396033,0.6056598878358377,0.8285194941555243,0.311131947612382,2.662920026418245,0.007792739271974418,-0.22056003852539702,0.2674024083479948,-0.8248244280521304,0.40954440961326
LINK,2801,2801,9,"log_daily_return,diff_ConSIX,log_diff_AdrActCnt,log_diff_volume_trusted_spot_usd_1d,log_diff_TxCnt,log_UnemRt,log_IndPro,log_CPIPrc,log_TotRes",0,0.00914259577053489,0.005912709266346128,18173.046819867035,18232.316455315664,-9076.523409933518,1.5643143427154724,0.1201772993159009,1.9502334926606726,0.14610310582753602,0.12081973483925425,1.209265241493207,0.22666449770151395,-0.4731872012916257,0.19522254854952034,-2.4238347711744814,0.015421442660293857,0.1356850283628092,0.19352707743082756,0.7011165060936093,0.4832893947371968,0.2230176927372348,0.29255997382621285,0.7622973499092267,0.4459476702303842,0.10722436251606213,0.16353476680696688,0.6556670768523954,0.512092985558966,-0.056273624919019466,0.33888346438741956,-0.16605597744564524,0.8681250563161261,0.38489614125523186,0.2974566229431924,1.29395720776652,0.19578842819456024,-0.021224325738848485,0.34781334418107673,-0.06102217207571768,0.9513459677863543,0.3908887139640907,0.2504020647745557,1.5610442921707506,0.11862790681228134,-0.2718823419723966,0.23248613308727514,-1.1694561665333052,0.24232083850769906
LOOM,2585,2585,9,"log_daily_return,diff_ConSIX,log_diff_AdrActCnt,log_diff_volume_trusted_spot_usd_1d,log_diff_TxCnt,log_UnemRt,log_IndPro,log_CPIPrc,log_TotRes",0,0.002642862093655496,-0.0008841376081742958,17323.546479402437,17382.004554428815,-8651.773239701219,0.7866964604616,0.6287742744058664,1.9996082063507892,-0.1259409161936842,0.1425712323057173,-0.8833543356322227,0.37712828868081205,-0.1817818400052878,0.2614447666215129,-0.6952972987539233,0.4869324847015841,-0.10622364771648675,0.14751121803001477,-0.7201055562762213,0.471526134388506,-0.2055128298539619,0.3208779171130012,-0.6404704683419769,0.5219244415704019,-0.041348440048377746,0.1656597192890554,-0.24959863644480715,0.8029178964939565,0.08125819236811531,0.3241237574357468,0.25070113036753766,0.802065423890377,0.45439191146537417,0.3445669232348726,1.3187334036576686,0.18737690712740357,0.15156249217348702,0.3948013250946879,0.3838956015082694,0.7010878954917898,0.23710500773696314,0.2880471460535614,0.8231465264817248,0.41050179577138857,0.013708023139718029,0.2765797800741589,0.04956263663252071,0.9604748108414122
LPT,2354,2354,9,"log_daily_return,diff_ConSIX,log_diff_AdrActCnt,log_diff_volume_trusted_spot_usd_1d,log_diff_TxCnt,log_UnemRt,log_IndPro,log_CPIPrc,log_TotRes",0,0.0070853899873369874,0.0032235786260084165,16169.250213035837,16226.760664215555,-8074.6251065179185,2.339889142856165,0.012670746648364779,2.0016697911192916,-0.01711921020529226,0.16278088976071203,-0.10516719886749303,0.9162522526971244,-0.4760484479403761,0.22153983854769652,-2.1488164434040833,0.0317524106283491,0.24784333429604624,0.2026474003780325,1.223027454749985,0.22144386530192478,-1.0153646610145854,0.4780385519337228,-2.124022543594684,0.03377404789699369,-0.08366706465720264,0.17178509311471551,-0.48704496496288546,0.6262725971524218,1.0145646112133642,0.5280876878227698,1.9212048199727383,0.054828611645498175,0.6230170942743345,0.4451904743503511,1.3994394089035234,0.16181529141292728,-0.044152172155731584,0.4940594830894708,-0.08936610603977807,0.9287986928092836,0.4318623446104809,0.3633499760251291,1.1885575150846124,0.23473579713544773,0.06850494809490812,0.2672163979691695,0.25636506073557647,0.7976917529434816
LTC,3803,3803,9,"log_daily_return,diff_ConSIX,log_diff_AdrActCnt,log_diff_volume_trusted_spot_usd_1d,log_diff_TxCnt,log_UnemRt,log_IndPro,log_CPIPrc,log_TotRes",0,0.0019458857390157736,-0.00044116901207336134,23360.86149686019,23423.217754059835,-11670.430748430095,0.9715129945273419,0.46146125867074006,2.007781664486078,0.09642130083088232,0.08608046495536438,1.120129879420145,0.2627299050120481,-0.09715474906693021,0.15568064138315676,-0.6240644193378913,0.5326231091843912,-0.01044647294876075,0.07612646983839598,-0.13722523809309561,0.8908601038887876,0.03843216708278152,0.08480001917654603,0.45320941499752726,0.6504240845920822,-0.053527958860950645,0.0905597601917835,-0.5910788494535705,0.5545030914697113,-0.07722937295963538,0.0934724122250994,-0.826226381893861,0.40872806690543206,0.3238399922942653,0.18134424609983585,1.7857748412705687,0.0742162243619517,0.21435194627253337,0.2935685393569314,0.7301598009857467,0.46533796314284304,0.22505229710896948,0.21372754303333172,1.0529868725149365,0.29241461723229256,-0.323665458723583,0.21463475633074455,-1.5079825106462534,0.13164295013685934
MAID,3675,3675,9,"log_daily_return,diff_ConSIX,log_diff_AdrActCnt,log_diff_volume_trusted_spot_usd_1d,log_diff_TxCnt,log_UnemRt,log_IndPro,log_CPIPrc,log_TotRes",0,0.019717068904714585,0.01730982569056516,26058.76668318497,26120.85976730144,-13019.383341592486,1.8893989903705222,0.049007176174718906,2.1630118881172784,0.04769670837851531,0.13813262622935907,0.34529647108365574,0.729891315147231,-1.2889711711337724,0.5890573294581759,-2.1881930784553485,0.02871846464775229,0.6796249710908713,0.36891062591272256,1.8422482936332065,0.06551957199084933,-0.3879975922631639,0.41813585746916315,-0.927922313603009,0.3535089733254242,-0.3547656748287266,0.18651554878851406,-1.9020702409694954,0.057240296386915315,0.4783107852024573,0.3964143581751332,1.206592988721016,0.22766680399352954,0.568486329224586,0.2157697298453484,2.634689905910551,0.008456857388100005,0.09538556695802664,0.38669268577820115,0.24667021246100787,0.8051772761991942,0.6433706409284956,0.4111003957174743,1.5649964038727107,0.11767008628298468,-0.4545225735492746,0.2462059659469858,-1.8461070665003483,0.06495724950023378
MANA,2836,2836,9,"log_daily_return,diff_ConSIX,log_diff_AdrActCnt,log_diff_volume_trusted_spot_usd_1d,log_diff_TxCnt,log_UnemRt,log_IndPro,log_CPIPrc,log_TotRes",0,0.00396230133096287,0.0007561713996248054,20146.76336087381,20206.158513480434,-10063.381680436905,1.2308725888604333,0.27095509136068086,1.9769078177139914,0.07713434163183082,0.16310787938396584,0.4729038347083889,0.6363187022780008,-0.3306715658589271,0.3288375893593004,-1.0055771498118569,0.3147060355022503,0.20450187606225034,0.16650243141239043,1.228221560054841,0.21946718437861013,-0.057576698681202076,0.44464906859406894,-0.12948795521657835,0.8969808689938172,0.1958838016608042,0.25062361516608245,0.7815855721776122,0.4345243445434427,0.022504532077618516,0.48461529845816526,0.04643793159072389,0.962964520447261,0.3694610769257211,0.3532193335866012,1.0459820338094201,0.2956597431164912,0.1439877531293418,0.4042842772951021,0.35615471888420686,0.7217515712960185,-0.09107553455257145,0.30431496363711896,-0.29928050025556635,0.7647482753062479,0.1583610879852625,0.3408281035771721,0.46463623839460044,0.6422281547107795
MKR,2713,2713,9,"log_daily_return,diff_ConSIX,log_diff_AdrActCnt,log_diff_volume_trusted_spot_usd_1d,log_diff_TxCnt,log_UnemRt,log_IndPro,log_CPIPrc,log_TotRes",0,0.005358490852073405,0.002009529541810884,17265.269353286825,17324.21626179108,-8622.634676643413,0.9470760620189272,0.48258487974049347,2.2105412858382243,0.013709150811313922,0.11588584549517089,0.11829875126453816,0.9058398354842729,-0.45314222285535927,0.28497179213621415,-1.5901300948367585,0.11192373953771874,0.27431816266959014,0.189059562635212,1.4509615850475837,0.14690789717989888,0.02345723178131165,0.19373744674715532,0.12107742811293179,0.9036388077944423,0.06954456305815535,0.1321687102112516,0.5261802354505762,0.5988066381203223,0.052916499798392774,0.19228317939580822,0.27520087802098386,0.7831831825225168,0.5682384127344283,0.2903814138914965,1.956869088552463,0.05046682055196424,0.3352780444380506,0.3805360483474269,0.8810677618955668,0.37836035813170765,0.30558232666127977,0.23852258424088965,1.2811463016544584,0.20025341770264538,-0.2584302357298499,0.20628029907520437,-1.2528110386132079,0.21038407003363122
NEO,2877,2877,9,"log_daily_return,diff_ConSIX,log_diff_AdrActCnt,log_diff_volume_trusted_spot_usd_1d,log_diff_TxCnt,log_UnemRt,log_IndPro,log_CPIPrc,log_TotRes",0,0.003678814067814451,0.0005181194349663798,18390.47329477073,18450.01350564351,-9185.236647385365,1.224482151963534,0.2748496090067794,2.008862497961809,0.014157140506701874,0.1137040624559584,0.12450866047275518,0.900921364628253,-0.2622013584007993,0.15841075525278256,-1.6551992191590388,0.09799469944636291,0.07886755917823365,0.10128336810105885,0.7786822324030627,0.4362318664622331,0.11202796749220875,0.13488638087028196,0.8305357944175568,0.40630580515934767,-0.09931740126239233,0.11952341881959448,-0.8309451172267706,0.4060745596102898,-0.056309713274299386,0.12494416066166282,-0.450679031145608,0.6522553375789218,0.39225089560999893,0.25407401083517134,1.5438450171295515,0.1227374141465629,0.010382149801080376,0.3171262877139796,0.03273821882102746,0.9738856489778926,0.3403205308447226,0.2383518808687556,1.4278071966720256,0.15345742593416373,-0.2583574500153083,0.22066777846388858,-1.1707982552495197,0.24177821071132358
OMG,2877,2877,9,"log_daily_return,diff_ConSIX,log_diff_AdrActCnt,log_diff_volume_trusted_spot_usd_1d,log_diff_TxCnt,log_UnemRt,log_IndPro,log_CPIPrc,log_TotRes",0,0.008945089179719368,0.005801101094635608,19086.19352356738,19145.73373444016,-9533.09676178369,4.276208150817485,1.5563038229868134e-05,1.989607678202235,-0.016103313487563022,0.12929151735929917,-0.12455042539884623,0.9008883014273356,-0.3225740815627288,0.2088529930515614,-1.5445030346445265,0.12257804932136017,-0.11841118339695361,0.09510139316559874,-1.2451046136702315,0.21319613183300304,-0.2718898863044666,0.34403415094810746,-0.790299118721726,0.4294191547840861,0.1991085005117148,0.17016928694149638,1.1700613200557608,0.2420745756179987,-0.10385727043937101,0.35138067166222214,-0.29556910443613615,0.7675808013404448,0.277272372469076,0.3157585280418428,0.8781152299783118,0.3799555485051359,-0.5286697831759846,0.3839178242912493,-1.3770389123035947,0.16860886025740615,0.46591952284020705,0.2951227018741239,1.5787315576926766,0.11450912726161894,-0.019727826144540453,0.2633529145633586,-0.07491022522856586,0.9402914223267759
PAX,2374,2374,9,"log_daily_return,diff_ConSIX,log_diff_AdrActCnt,log_diff_volume_trusted_spot_usd_1d,log_diff_TxCnt,log_UnemRt,log_IndPro,log_CPIPrc,log_TotRes",0,0.003726091784826746,-0.00011558138309819554,566.1614818150929,623.7576233220619,-273.08074090754644,0.877051248159497,0.5450705042429222,2.877105278367724,6.995214091505119e-05,0.0056797418605620716,0.012316077496544654,0.9901744929363223,-0.01977418782704745,0.011802943928573601,-1.675360651267381,0.09399744225140776,0.021983469646016322,0.007983003102449596,2.7537844297305436,0.005936706196671488,-0.006749122456840137,0.015098087305187736,-0.44701837526937094,0.6549032691933574,-0.0038620642171578777,0.008247610134101685,-0.46826464325577954,0.6396390743491696,0.008770112746111986,0.01637636274728372,0.5355348364866093,0.5923310985985236,-0.0015637284410187679,0.008906399960376322,-0.17557357046344632,0.8606441977092064,-0.0027613696095036694,0.008074368581237586,-0.34199201853631817,0.7323876887904024,0.0005938970593165373,0.011701928756587664,0.050752065891889804,0.9595274302692776,0.000949579787626372,0.01071717605839811,0.08860354466998513,0.9294045924117302
PAXG,1932,1932,9,"log_daily_return,diff_ConSIX,log_diff_AdrActCnt,log_diff_volume_trusted_spot_usd_1d,log_diff_TxCnt,log_UnemRt,log_IndPro,log_CPIPrc,log_TotRes",0,0.004054280953845191,-0.0006833043904548308,5370.949632022248,5426.456244453301,-2675.474816011124,0.8060189326597776,0.6107259405290195,2.3639898505948556,0.04016373740765108,0.022197010986057933,1.809420981630281,0.07054426743988211,0.0028075338937279554,0.027648342305497533,0.10154438420598229,0.9191290858639081,-0.015011264882999392,0.03185653411071902,-0.471214628397018,0.6375418001137273,-0.04216466342570883,0.0464558085893247,-0.9076295237577254,0.36418957640807714,0.009800189200876507,0.04051863961900314,0.24186866323814687,0.808908144177932,0.05867932339590267,0.06353007013369022,0.923646444469842,0.355788201425117,0.025409788307134605,0.11768279111937045,0.2159176211359605,0.8290752360275008,-0.0720204474170295,0.08780201064489312,-0.8202596602065224,0.4121714236934013,0.10281004433594836,0.07289325864607428,1.4104191011014058,0.1585803498437884,0.026815332584668228,0.02478267726259951,1.0820191983509495,0.27938188272321823
PAY,2797,2797,9,"log_daily_return,diff_ConSIX,log_diff_AdrActCnt,log_diff_volume_trusted_spot_usd_1d,log_diff_TxCnt,log_UnemRt,log_IndPro,log_CPIPrc,log_TotRes",0,0.006274049370110335,0.0030301126433534,19002.067271991662,19061.322461789532,-9491.033635995831,1.106107751874382,0.354576933290529,2.1325032221790363,-0.2357473836005165,0.14117216725738158,-1.6699282031330422,0.09504708784444002,-0.6257383262320698,0.29411103007561806,-2.127558174445848,0.033462242050690955,-0.3790176731552838,0.23014508995258778,-1.6468640423020333,0.09969996016141397,-0.2143566351268912,0.31776945805537027,-0.6745665125864307,0.5000077738854707,-0.19700894363625643,0.18181187654997222,-1.0835867676780027,0.2786428131332329,0.24235409745420203,0.33515229310355726,0.723116333801476,0.46966975534572164,0.4599540547172175,0.33570940842913777,1.3700958125345646,0.1707685523087868,0.04179548510518674,0.42129665852827053,0.09920678044585562,0.9209813038235137,0.44242038577625165,0.34023159785507745,1.3003506686780508,0.1935894982288316,-0.14684291807213207,0.3084536477477293,-0.4760615384008311,0.6340682581216162
PERP,1577,1577,9,"log_daily_return,diff_ConSIX,log_diff_AdrActCnt,log_diff_volume_trusted_spot_usd_1d,log_diff_TxCnt,log_UnemRt,log_IndPro,log_CPIPrc,log_TotRes",0,0.008298229927868439,0.0024912579495669496,10408.020626181067,10461.461354686799,-5194.010313090534,1.7253898732378106,0.07842922163705376,1.9900053044091695,-0.17379906343490145,0.1822203680953245,-0.9537850529639056,0.340342430478099,-0.11450652993902738,0.19757200505200714,-0.5795685978329049,0.5622905117142275,0.36625886512597094,0.29839584455775875,1.2274261582589712,0.2198504163956212,0.0900360847741752,0.3067876380666603,0.29348015891895785,0.7691947841228612,-0.7931631776361902,0.31224733383416886,-2.5401759813181637,0.011177390904201268,0.544858247265837,0.4428112875031356,1.2304524808708242,0.21871598882098034,0.6018925144005459,0.5538919463334253,1.0866605271747818,0.2773572507497206,-0.3452661155845145,0.681953690711777,-0.5062896796176132,0.6127259181266664,0.9001392894364616,0.7071453754110714,1.2729197145823103,0.20323903600992074,-0.15256443581351514,0.20403285092309026,-0.7477444692032655,0.45472868836127467
POLY,2542,2542,9,"log_daily_return,diff_ConSIX,log_diff_AdrActCnt,log_diff_volume_trusted_spot_usd_1d,log_diff_TxCnt,log_UnemRt,log_IndPro,log_CPIPrc,log_TotRes",0,0.039530238406970564,0.0360753112069957,17501.529271670886,17559.817616946766,-8740.764635835443,6.183831814406152,1.1547838068293467e-08,2.02121451724576,-0.11917333287197189,0.15853222269770395,-0.7517294014051434,0.45228451070452,-1.5813333281932418,0.24884328351833712,-6.354735823427254,2.472601894659185e-10,-0.022374404740323706,0.11476182533565364,-0.1949638276916857,0.8454370951964527,-0.17244513167256492,0.3332939420051565,-0.5173965378281522,0.6049251138079199,0.26696657966640713,0.19444712938773676,1.3729520230358514,0.16989029709089745,-0.0497709430387969,0.36614181439648347,-0.13593351286805366,0.8918847773683681,0.5561737878755291,0.3793452187026716,1.4661415524824488,0.1427353910751007,-0.05398556426443063,0.4411569377944687,-0.12237269696885522,0.9026136884974475,0.2999680081365408,0.3369658609565042,0.8902029638404849,0.37344250113693345,0.10521773997232703,0.3067476027274417,0.3430107979224126,0.7316191530301601
POWR,2767,2767,9,"log_daily_return,diff_ConSIX,log_diff_AdrActCnt,log_diff_volume_trusted_spot_usd_1d,log_diff_TxCnt,log_UnemRt,log_IndPro,log_CPIPrc,log_TotRes",0,0.0034043247823151157,0.00011523014463310499,18363.654641432135,18422.80081852254,-9171.827320716067,1.4122138162693598,0.17681924605228297,1.9895381537191101,0.017241746327122956,0.1310165234612052,0.13159978506244172,0.8953105634636876,-0.01847394465765629,0.25758147809061993,-0.0717207805258302,0.942829377619739,-0.24588840579469562,0.1168831806174497,-2.103710769126576,0.035495041422379275,-0.34197700508401724,0.2752736868012609,-1.2423163617920157,0.21422668180591178,-0.32509353838489513,0.21477508129575118,-1.513646445498174,0.13023141810669756,0.4697595142839809,0.3052528659761594,1.5389192588962282,0.12394002702707244,0.13385857619937633,0.32411764643548097,0.41299379306094736,0.6796436306278,-0.1685891184409238,0.4282294467291545,-0.39368875664347447,0.6938416218414728,0.1266517455637004,0.3054777009800771,0.41460226117113697,0.6784657037455535,0.1023674169232611,0.29689691229953313,0.34479111328710865,0.7302780032252916
PPT,1818,1818,9,"log_daily_return,diff_ConSIX,log_diff_AdrActCnt,log_diff_volume_trusted_spot_usd_1d,log_diff_TxCnt,log_UnemRt,log_IndPro,log_CPIPrc,log_TotRes",0,0.016466760667457114,0.011570854055735325,13022.309832955534,13077.364755702909,-6501.154916477767,15.270609499405472,3.273414990384269e-24,2.0030978726313955,-0.22554045745941814,0.20332817079507617,-1.1092435277290158,0.26747265905912326,-0.7438427562868599,0.36423909172600316,-2.042182657446366,0.04127823791889773,-0.263874141683535,0.1886175746780182,-1.3989902167599408,0.1619874390410897,-0.8301918999451879,0.41694426384705,-1.9911340002263032,0.04661642708102552,-0.02942748161390013,0.29200827423005876,-0.1007761909880529,0.9197393010237384,0.7607597556874381,0.46478372372701887,1.6368037795881483,0.1018455095856957,0.6884615669760705,0.33333368466033697,2.065382524054251,0.03902905141043559,0.46079997344884505,0.3583230393801786,1.2859903573209508,0.19861109430366275,-0.2878560132446575,0.3871774835999,-0.7434730206111909,0.4572919487722428,-0.3017606988948346,0.4580737930908532,-0.6587600151903563,0.510133769464739
QASH,2593,2593,9,"log_daily_return,diff_ConSIX,log_diff_AdrActCnt,log_diff_volume_trusted_spot_usd_1d,log_diff_TxCnt,log_UnemRt,log_IndPro,log_CPIPrc,log_TotRes",0,0.01876920216967659,0.0153502795291528,17978.251501092447,18036.857208947833,-8979.125750546224,1.4875033964202753,0.14652334465939554,2.048845737874479,-0.09739834611317161,0.1519112190465596,-0.6411530808881191,0.5214801118058512,-1.0555712537947661,0.5291253562578955,-1.994936060634148,0.0461547539333794,0.212290482038969,0.22359711612259683,0.9494330057574245,0.3424892514627541,0.5552751982752836,0.4168564379402239,1.3320537905544079,0.18296002995315552,0.1427946772648816,0.16523770212970304,0.8641773361916832,0.3875707217267744,-0.5795321203865118,0.48186671225229577,-1.2026813756810832,0.22920987506964074,0.3277722941763824,0.26070712234047977,1.2572433435413262,0.208779197197029,0.18817093245911398,0.29826671063232857,0.630881441848437,0.5281738628421728,0.1483844748164309,0.28784434241376433,0.515502488505174,0.6062460475119977,-0.11690578473078968,0.29205666694837934,-0.4002845952886692,0.6889800145576783
QNT,2268,2268,9,"log_daily_return,diff_ConSIX,log_diff_AdrActCnt,log_diff_volume_trusted_spot_usd_1d,log_diff_TxCnt,log_UnemRt,log_IndPro,log_CPIPrc,log_TotRes",0,0.004579018768352872,0.0005580183953346474,14374.01281209679,14431.146190985508,-7177.006406048395,0.90628664368514,0.518657904403753,2.12553468679808,0.14455434893057378,0.1252287257182933,1.1543226053082596,0.24849173026306373,-0.18681532851685068,0.216702223043913,-0.8620831198348805,0.3887345551438389,0.08967817451419459,0.1400424863069661,0.6403640557882164,0.5220017947749138,0.2934390466286814,0.38838963233458984,0.7555274966142494,0.45001240429237244,0.2684251294089094,0.18242364142986858,1.4714382812718023,0.14131384991585214,-0.25982445206257976,0.4073247558325242,-0.6378803358797305,0.5236171294355754,0.3835697247435327,0.34123564378772514,1.124061134077021,0.26110818452459766,0.15080399596615818,0.38193057514196654,0.39484661815855715,0.6929938829642388,0.04967409132700701,0.28497242533117134,0.1743119225282232,0.8616361667012277,-0.0841156223724189,0.21176725200647953,-0.39720788542812646,0.6912522146260198
REN,2367,2367,9,"log_daily_return,diff_ConSIX,log_diff_AdrActCnt,log_diff_volume_trusted_spot_usd_1d,log_diff_TxCnt,log_UnemRt,log_IndPro,log_CPIPrc,log_TotRes",0,0.01228910137271666,0.008468990462684123,15843.244149573144,15900.810382918533,-7911.622074786572,4.620453470307993,4.450118260953811e-06,2.005200384268245,-0.02221518188913696,0.14746205879913424,-0.1506501541484472,0.8802647526868289,-0.7947507950332771,0.19004252037612132,-4.181963033642953,2.9970651935997123e-05,-0.34956178720759934,0.16198043213721544,-2.158049479158579,0.03102599044927135,0.3134452987455624,0.30579381541717016,1.0250217072505339,0.3054594858862326,-0.013078268790808902,0.19623210346858985,-0.0666469377825443,0.9468685031723794,-0.30643938292772277,0.3364841994097516,-0.9107095770478009,0.36254274159546507,0.25578886094606645,0.3981730106916233,0.64240632608866,0.5206726770491092,-0.36759409791186687,0.3918318130881173,-0.9381425541095619,0.3482685148496599,0.2417625549838979,0.2976394732751081,0.8122664387342092,0.41672184895216824,-0.026586745218277974,0.2522785366390145,-0.10538647311214176,0.9160782322015903
REP,3161,3161,9,"log_daily_return,diff_ConSIX,log_diff_AdrActCnt,log_diff_volume_trusted_spot_usd_1d,log_diff_TxCnt,log_UnemRt,log_IndPro,log_CPIPrc,log_TotRes",0,0.01032209312429111,0.007468167727981867,21148.513683410725,21209.00476062399,-10564.256841705363,5.163978743113683,5.564543252001288e-07,2.045963907942167,-0.07783504917090123,0.1268846649007225,-0.6134314909670224,0.5396357712349892,-0.6875872320528212,0.17887897982004072,-3.8438682552000296,0.00012352480851371474,0.01446061306661637,0.13837952734462527,0.10449965644558928,0.9167795556446178,0.04586040271212999,0.32462856895206393,0.14127038436626918,0.8876654621401355,-0.09193543292215614,0.14748580348837076,-0.6233510666632076,0.5330993962542109,0.0313983265681531,0.3452102296441751,0.09095421824699945,0.9275348055324835,0.35578242959044537,0.28155932394311145,1.2636144475980151,0.2064628222631456,0.07712016000933436,0.37911130772536294,0.20342352875742234,0.8388172724956783,0.26005566927476076,0.2795724504975384,0.930190613602861,0.3523443418028739,-0.22692009773379254,0.2655792336855986,-0.8544346430430174,0.39292978683684976
SNT,2903,2903,9,"log_daily_return,diff_ConSIX,log_diff_AdrActCnt,log_diff_volume_trusted_spot_usd_1d,log_diff_TxCnt,log_UnemRt,log_IndPro,log_CPIPrc,log_TotRes",0,0.028613005153376947,0.02555939601833701,19423.518668922046,19483.14978951184,-9701.759334461023,1.3952922797515712,0.18427407389925518,1.8490672132700068,-0.0888918414914909,0.1321393340828449,-0.6727129518888,0.5011842162490043,-0.2946768695604782,0.3807165796109982,-0.7740058756084852,0.4389912244510924,-0.9907955514640732,0.3831508784828968,-2.5859148630617077,0.009761049577528071,0.6660318587157524,0.6889761616019366,0.9666979727820532,0.3337766910134493,-0.017448488788696315,0.2508497632743195,-0.06955752543252484,0.9445507024944612,-0.5596620459536722,0.6270305344273555,-0.8925594771310323,0.3721681407956793,0.2843061250848109,0.3168248790691548,0.8973604785082364,0.36960204622968784,0.03657582447551286,0.4116362263236014,0.08885472690821761,0.9292035785796613,0.21886970300102018,0.2561143970287947,0.8545778977681324,0.39285636939148605,-0.023515782284583148,0.2547246317867512,-0.09231844647152124,0.9264514917575789
SNX,1878,1878,9,"log_daily_return,diff_ConSIX,log_diff_AdrActCnt,log_diff_volume_trusted_spot_usd_1d,log_diff_TxCnt,log_UnemRt,log_IndPro,log_CPIPrc,log_TotRes",0,0.0063932193540173765,0.0015278977948149919,12142.509675433088,12197.728267955104,-6061.254837716544,1.2688629377341247,0.24889664242361798,2.0102000861912894,0.010763550001952456,0.14857379461053227,0.07244581744827723,0.94225500578971,-0.25612909573433407,0.16673739403805823,-1.5361226988822432,0.1246804052114536,0.1994031970190718,0.17079356512098517,1.167510010566384,0.24315590123411757,0.05143468355883779,0.29150314884434897,0.17644640808426346,0.859962687055877,0.2593423238107194,0.2003367337277901,1.2945320560287454,0.1956443123481847,-0.33177781269322293,0.35304295138387354,-0.9397661428806479,0.3474610127446175,0.49172076437733425,0.5515029387113348,0.8916013494439574,0.37272334966588394,-0.13225198720360243,0.41143207330929715,-0.3214430662632881,0.7479111999678812,0.3109110843783697,0.3683660120161125,0.8440276090530585,0.39876381465626665,-0.09652912394847925,0.16765534655727596,-0.5757592938767514,0.5648483755333998
SOL,1877,1877,9,"log_daily_return,diff_ConSIX,log_diff_AdrActCnt,log_diff_volume_trusted_spot_usd_1d,log_diff_TxCnt,log_UnemRt,log_IndPro,log_CPIPrc,log_TotRes",0,0.009442670520007912,0.004589640598766875,12200.36730495979,12255.580484761782,-6090.183652479895,1.4626770518728422,0.15628046456998976,1.9844769717816533,0.2837685409330294,0.15241724534155454,1.8617876231598818,0.06279262047635262,-0.35644390297230466,0.25937626276117665,-1.374234863197578,0.16953641447564616,-0.1224147069658664,0.21529893286805163,-0.5685801844679352,0.5697105741227797,0.09392177782833629,0.2183981394770814,0.4300484338063347,0.6672108513624705,0.2322987561188464,0.18297468369463457,1.2695677425327785,0.20439945313883276,-0.12363291025855344,0.15053603116480938,-0.8212845077813833,0.41159079965988665,1.2213294965620882,0.5786098560133889,2.1107996759284844,0.034924349117636366,0.6573582314144484,0.5035487170424656,1.3054511096272172,0.19190275754976444,0.3489420514518788,0.33948622694664876,1.0278533376457597,0.3041541397879247,0.0487611847724546,0.1746447631701039,0.2792021008094083,0.780121160536152
SRM,1754,1754,9,"log_daily_return,diff_ConSIX,log_diff_AdrActCnt,log_diff_volume_trusted_spot_usd_1d,log_diff_TxCnt,log_UnemRt,log_IndPro,log_CPIPrc,log_TotRes",0,0.009233724917079189,0.0040313349078924254,12051.27279322483,12105.796817737068,-6015.636396612415,1.5110948130444595,0.13831369773642185,2.027126466068316,-0.27166647403698685,0.19259230846966002,-1.4105780038447577,0.15855053821801682,-0.35492805811503486,0.30671672350822426,-1.1571852165586851,0.24735793597850433,0.0254897196754204,0.24938872984129543,0.10220878742853137,0.9186029085026319,0.5113096750174078,0.47317300037734844,1.0805977403817333,0.28002810909306664,0.7052014095506167,0.2956754065286142,2.385052642118784,0.01718480131300442,-0.6231092681618426,0.5255557540417427,-1.185619724205991,0.2359368497047023,0.7803379116857291,0.5906996177984084,1.3210401499735516,0.18666430927065303,0.3498415243951516,0.8464184526258497,0.41331982225793384,0.6794240120634925,0.20743230539788118,0.6774690234882464,0.30618714392257373,0.7594993465967798,0.04747712839995774,0.19512326225562923,0.24331864817716292,0.8077876754932218
SUSHI,1733,1733,9,"log_daily_return,diff_ConSIX,log_diff_AdrActCnt,log_diff_volume_trusted_spot_usd_1d,log_diff_TxCnt,log_UnemRt,log_IndPro,log_CPIPrc,log_TotRes",0,0.014974378105994002,0.009737974918134662,11642.209546857554,11696.61101366418,-5811.104773428777,2.04980384730433,0.030947023253286438,2.018566365312839,-0.17396652684998556,0.18956860776262316,-0.91769691671643,0.3589082747609188,-0.921156340252166,0.35703968710582956,-2.5799830481565693,0.009964117187307399,0.2712687475389577,0.2238778620725438,1.2116818743385074,0.22580326645484242,0.1277813043246788,0.3160769772577412,0.40427273581675977,0.6860632359445824,0.2541317207014853,0.31916451261569756,0.796240530060065,0.42600387761929803,-0.19510908470398286,0.40479372581989764,-0.4819963162936758,0.6298708653503132,0.7421605402869289,0.5638649670227426,1.3162026082336749,0.18828421996343414,1.5622143022069226,1.0715336530184554,1.4579236945160285,0.1450470457896588,-0.8016274721107763,1.0108911341811373,-0.7929909017949069,0.4278942366514892,-0.15518678183854387,0.18824064100530252,-0.8244063609737307,0.40982483153525096
SWRV,1647,1647,9,"log_daily_return,diff_ConSIX,log_diff_AdrActCnt,log_diff_volume_trusted_spot_usd_1d,log_diff_TxCnt,log_UnemRt,log_IndPro,log_CPIPrc,log_TotRes",0,0.0032342854704502377,-0.002245794817128166,12416.68160449538,12470.748711797156,-6198.34080224769,0.40018423273863335,0.9354164648302976,2.0117143519439358,-0.2886284494734846,0.25773172256842325,-1.1198794102532676,0.2629294318017302,-0.40367841497035106,0.519358782883096,-0.7772630949445525,0.4371158689261935,0.12492151126374271,0.20264950907954707,0.6164412232289525,0.5376890648854753,-0.48187066709349635,0.5740944384543839,-0.8393578387396007,0.4013910924813906,-0.153691008498424,0.3846501170142151,-0.39956054008621084,0.6895323488585442,0.4005932572891341,0.5822325545031679,0.6880296441530469,0.4915315926847713,0.6745959907871755,0.7953880643558779,0.8481344151593192,0.3964871099925199,0.7470173288005135,1.105600741180318,0.6756664508048469,0.49934787430905725,-0.2275886154832678,1.0370386971505894,-0.21946009932763333,0.8263190187872878,-0.1888790166729596,0.23830627982221667,-0.7925893384507902,0.428131969464306
TRX,2532,2532,9,"log_daily_return,diff_ConSIX,log_diff_AdrActCnt,log_diff_volume_trusted_spot_usd_1d,log_diff_TxCnt,log_UnemRt,log_IndPro,log_CPIPrc,log_TotRes",0,0.01249923929926322,0.008932824031885112,14884.480413987392,14942.728870897661,-7432.240206993696,2.3618712357243794,0.011806397920873698,2.035766406026938,0.0775033095768313,0.09385158873671727,0.8258071133377619,0.40899256848351895,-0.4855725811590294,0.16828585437647506,-2.8854034283401324,0.003942718866983478,0.06183245038795905,0.11103475963960262,0.5568747173286567,0.5776630365498445,0.06864408694833629,0.1880085831123198,0.36511145295599107,0.7150591956958072,0.09317945754016271,0.12034594619025372,0.7742633673165544,0.4388485115472077,-0.19424926640832685,0.11833209730283273,-1.641560243043852,0.10080735608542842,0.3454443566848529,0.2644789937777269,1.3061315447047217,0.1916283722156715,0.036353961487928285,0.30306381556049955,0.11995480694616634,0.9045286177867374,0.32360786141726045,0.1939977311964909,1.6681012680993352,0.09542125811117046,-0.05274052800216967,0.17535554639636525,-0.300763386650785,0.7636200195772445
TUSD,2521,2521,9,"log_daily_return,diff_ConSIX,log_diff_AdrActCnt,log_diff_volume_trusted_spot_usd_1d,log_diff_TxCnt,log_UnemRt,log_IndPro,log_CPIPrc,log_TotRes",0,0.0032005686269872546,-0.0004153906162038812,-669.1908724339,-610.9864772812782,344.59543621695,0.7628429985238543,0.651092244922532,2.7621102700902918,4.738857658106825e-05,0.004246758908991407,0.011158763093599514,0.9910976771483662,-0.005037693206660315,0.007278851483186575,-0.6921000130716894,0.4889392890266958,0.006598874767821592,0.003983818874634409,1.6564193743439612,0.09776337077905922,-0.02376569509207988,0.011004604540212251,-2.159613733073001,0.030898116487316617,0.0008224701537797603,0.00523694585769142,0.15705149072179375,0.8752170469073361,0.02776063409490393,0.012616839047189573,2.2002843969930543,0.027878590616807294,-0.0006641884544491207,0.004430902826850956,-0.14989912449087936,0.8808563867907526,-0.001159006605875616,0.005198462242933803,-0.22295181761703423,0.8235913599608216,5.749331124499119e-05,0.007344310665441728,0.007828278767607555,0.9937546304054214,0.00047206899081744585,0.005996794874319935,0.07872021650081548,0.9372615132000417
UMA,1726,1726,9,"log_daily_return,diff_ConSIX,log_diff_AdrActCnt,log_diff_volume_trusted_spot_usd_1d,log_diff_TxCnt,log_UnemRt,log_IndPro,log_CPIPrc,log_TotRes",0,0.005318547406214624,8.859936852845252e-06,11149.614272086535,11203.974550250054,-5564.807136043268,0.9492077658102832,0.48087070947695154,2.0277960378922395,-0.15598503389549906,0.15948778834149446,-0.9780374755809184,0.32819610103733454,-0.20502714338489791,0.29422202302474293,-0.6968449923534648,0.48599587049336945,0.2074025533760597,0.18550383447965882,1.1180499527561094,0.2637049401133365,-0.5916193945618023,0.23439418447354235,-2.5240361482969402,0.011692780198360318,-0.07787110718918117,0.30264025238451775,-0.25730584935622675,0.7969740753818706,0.3951882051937996,0.35175371821441775,1.1234798233260055,0.2613937086513026,0.12253144089845042,0.46213179605266774,0.2651439306818133,0.7909309985633597,0.288809188190297,0.7238692129290298,0.39897979224958785,0.689958621017166,-0.14439245134296064,0.6875183692835984,-0.210019772262113,0.8336776167757298,0.021847116506127195,0.16131780388998262,0.1354290473792139,0.8922888255598013
UNI,1716,1716,9,"log_daily_return,diff_ConSIX,log_diff_AdrActCnt,log_diff_volume_trusted_spot_usd_1d,log_diff_TxCnt,log_UnemRt,log_IndPro,log_CPIPrc,log_TotRes",0,0.010039909445927142,0.004723894639849124,10763.54848929647,10817.849630682089,-5371.774244648235,1.3340212616069957,0.21396706673516275,1.9516731582683087,-0.0242159822808774,0.14613833439430624,-0.16570588669457897,0.8684083985872284,-0.5385669754731994,0.2002938296206697,-2.6888845077912524,0.007240168040848979,0.023049328506470915,0.16893388164581408,0.13643993899812248,0.8914898884904124,0.22073695255692438,0.311097841650706,0.7095418964840108,0.47808695803872114,0.11621772231738355,0.1980773233846357,0.586729062830209,0.5574647038110363,-0.2711437235425911,0.3461968909503462,-0.7832066972013341,0.4336163983354394,0.6332371523331985,0.44918435447932903,1.4097489060303845,0.15879937156062113,0.7840756159256657,0.6738917448899208,1.1635038147762788,0.24479076711736703,-0.26518860895378743,0.6244448679874222,-0.4246789789601233,0.6711252200250897,-0.18154568477329436,0.14853690738136596,-1.2222260983741833,0.22179399650673848
USDC,2437,2437,9,"log_daily_return,diff_ConSIX,log_diff_AdrActCnt,log_diff_volume_trusted_spot_usd_1d,log_diff_TxCnt,log_UnemRt,log_IndPro,log_CPIPrc,log_TotRes",0,0.0038163060768019452,7.59417692055564e-05,-4560.422148844146,-4502.560784466315,2290.211074422073,0.8326627177077033,0.585911620018569,2.7187659205923045,5.770200068550425e-06,0.0018973972817961258,0.0030411132786530627,0.9975737994677125,-0.002492430200112637,0.0019337448465490865,-1.2889136871188391,0.19755247074412846,-0.003053488126917882,0.0017081073411106,-1.7876441681542827,0.0739597269743827,-0.001218450175612027,0.004730593705526775,-0.2575681302303569,0.7967623374496855,0.006939891464431396,0.004470437253095922,1.552396571414865,0.12069937723779817,-0.0024332279082421955,0.005613670601863277,-0.4334468622784108,0.6647291647833182,0.00013066044939245738,0.002832596404453801,0.04612745013268212,0.96321250971188,0.0003642566607070458,0.003966924976611326,0.09182343070632142,0.9268460005705594,-0.00011676735299941587,0.00206052158432763,-0.05666883273029061,0.9548137250978346,-0.0001957084140317755,0.00205804802920143,-0.09509419180451044,0.9242479600131415
VTC,3265,3265,9,"log_daily_return,diff_ConSIX,log_diff_AdrActCnt,log_diff_volume_trusted_spot_usd_1d,log_diff_TxCnt,log_UnemRt,log_IndPro,log_CPIPrc,log_TotRes",0,0.0033404487261829985,0.0005847080314166364,23434.442204501807,23495.352354918912,-11707.221102250904,1.160599409949479,0.3160613063113217,1.9959342000113978,0.022758892142176967,0.15301188342619168,0.14873937652793595,0.8817685026142632,-0.3206471126526396,0.34038146573658407,-0.9420228329963872,0.3462508579186958,0.03692905309750598,0.11226947437770024,0.3289322703450822,0.7422280432542461,-0.36928379935205335,0.26837074816071743,-1.3760210525288055,0.16890977863309242,0.09340004484737643,0.1644475895995912,0.5679623828770831,0.5700996853333018,0.3784306691445706,0.2725101789299835,1.3886845277871303,0.16502371355124326,0.2977439007562072,0.257367342769749,1.1568829889290992,0.24740506275485155,0.0797187304859766,0.4524559696143297,0.17619113425319216,0.8601547462156842,0.08508547644310015,0.2790765834456705,0.3048821774746438,0.7604753824251544,-0.27327115757235027,0.33713539330629255,-0.8105679884048227,0.4176730645565312
WNXM,1739,1739,9,"log_daily_return,diff_ConSIX,log_diff_AdrActCnt,log_diff_volume_trusted_spot_usd_1d,log_diff_TxCnt,log_UnemRt,log_IndPro,log_CPIPrc,log_TotRes",0,0.005615503736620564,0.0003480167052076766,10868.149346278009,10922.585983109166,-5424.0746731390045,1.6682533997441538,0.09151215657039037,2.010229354070315,-0.015219262742516664,0.14312830525902698,-0.1063330046071149,0.915330699211397,-0.3727869952758868,0.1604438048271576,-2.323473914605065,0.020271203662023222,0.047840003356825596,0.15354632358332335,0.3115672341764977,0.755407664989209,0.25321725523430594,0.20222347824759773,1.2521654628265892,0.21068192036463462,-0.17166633710351253,0.17471320551711203,-0.9825607434504939,0.32596356750656164,-0.14825779126709537,0.23201592060284865,-0.6389983535693416,0.5229101373706502,0.15647328326629933,0.46303326434204284,0.3379309767056227,0.7354569521272275,0.1993924762169006,0.897568227223855,0.2221474314366208,0.8242258144776573,-0.01419471078911827,0.7968180020704064,-0.017814244598183704,0.9857891326770363,-0.10890228218463628,0.14902520646382264,-0.7307641758649293,0.4650239676890996
WTC,2484,2484,9,"log_daily_return,diff_ConSIX,log_diff_AdrActCnt,log_diff_volume_trusted_spot_usd_1d,log_diff_TxCnt,log_UnemRt,log_IndPro,log_CPIPrc,log_TotRes",0,0.00797090572056458,0.004362069080097619,18640.052385778054,18698.22864020859,-9310.026192889027,1.5920066547320166,0.11181857541706015,2.0460792097300393,-0.23658357636226002,0.20644182044020318,-1.1460060556421394,0.25190348016762765,-0.7159315449909952,1.0533432957682933,-0.6796754181349824,0.496773591669722,-0.49619209939915726,0.5085970367027756,-0.9756094974834315,0.32935339853783463,0.14117047123943996,0.36323666293048934,0.3886459866152195,0.6975714863324911,-0.3596569662224304,0.2769441460626665,-1.2986624607730388,0.19418082340490764,-0.17134541740963835,0.342607625972626,-0.5001214346096565,0.6170340545161352,0.3181456140845006,0.3279092654392866,0.9702245334796927,0.33202942665781887,0.08362876487686266,0.38906015609761685,0.21495073079619043,0.829823448319842,-0.1972624073220924,0.4510172541356038,-0.4373721969909007,0.6618796197128474,-0.08503707482517825,0.29135801664301786,-0.2918645445385794,0.7704146636855222
XAUT,1953,1953,9,"log_daily_return,diff_ConSIX,log_diff_AdrActCnt,log_diff_volume_trusted_spot_usd_1d,log_diff_TxCnt,log_UnemRt,log_IndPro,log_CPIPrc,log_TotRes",0,0.0045554070689817205,-0.00012781370277936688,4897.005760098033,4952.622177553921,-2438.5028800490163,4.799658942180997,2.3511955675159288e-06,2.1125522898189,0.04011883898683319,0.01977325523826036,2.0289445770772754,0.042602174527366775,0.031438960353099864,0.011200150049396911,2.8070124252302087,0.005051015195745665,-0.03445173837297708,0.017377518404305545,-1.9825465047092765,0.04756095838579096,0.023529770273816246,0.041495967141113074,0.5670375194244741,0.5707552178499213,-0.00933275396547625,0.021465437060959058,-0.43478052363771763,0.6637707829659636,-0.02061065411104996,0.050142392002594925,-0.4110424989295153,0.6810874114460385,0.023060347263712224,0.06628314380859675,0.3479066613120025,0.7279485590868211,-0.06653969551016632,0.06329913383968198,-1.0511944077890816,0.2933020791979764,0.09614644173585639,0.05272049478506178,1.8237014301144086,0.06835318347408746,0.023565255519266123,0.024308004350376437,0.9694442694511526,0.3324461239667613
XEM,3713,3713,9,"log_daily_return,diff_ConSIX,log_diff_AdrActCnt,log_diff_volume_trusted_spot_usd_1d,log_diff_TxCnt,log_UnemRt,log_IndPro,log_CPIPrc,log_TotRes",0,0.007549056008504196,0.005117240463738737,24530.89472336614,24593.009552530588,-12255.44736168307,4.8448519429103065,1.8292544584723542e-06,2.0881034783228922,0.12748809095478275,0.1108362850427525,1.15023785672361,0.2501207999695619,-0.4817635838983488,0.1332929902207734,-3.61432047627113,0.00030517479243374294,-0.11031384900230395,0.12587075499953876,-0.8764057147564436,0.3808668257134876,0.09031687909666744,0.15104353014385943,0.5979526498794507,0.5499083933271216,0.03797179489949802,0.12874580545618436,0.2949361710461382,0.7680593087073296,-0.140317592129005,0.13669709040466246,-1.0264855800048474,0.30473035167211343,0.594587401776294,0.22853762151815674,2.6017046901359104,0.009313407943323944,0.20563033050400065,0.3429941665636505,0.5995155327688093,0.5488661334310863,0.6025938039841492,0.2450654099643218,2.4589100684257263,0.013981755472349483,-0.6882845931802852,0.2449769988269351,-2.80958864087696,0.004986729475699057
XLM,3531,3531,9,"log_daily_return,diff_ConSIX,log_diff_AdrActCnt,log_diff_volume_trusted_spot_usd_1d,log_diff_TxCnt,log_UnemRt,log_IndPro,log_CPIPrc,log_TotRes",0,0.002224199021915285,-0.00034812472738376954,23092.705563761643,23154.31360297119,-11536.352781880822,0.8718800448674471,0.5497403731952899,1.980668084056339,0.1477156633436276,0.10978083156819393,1.3455505959787635,0.17853487857350225,0.14466091501822997,0.3190730865577556,0.45337861798019374,0.6503043093361831,0.07273035727444835,0.1352562071801841,0.5377228800860816,0.5908026563383615,-0.17868520094811266,0.11264131901379454,-1.58632021102514,0.11275725703479757,0.04127285427147852,0.12639865511873002,0.3265292200515084,0.7440435594155648,0.06516545863559287,0.12304441995255562,0.5296092147918601,0.5964165811277685,0.3321601244136531,0.23971021621131716,1.385673625694937,0.1659350996837868,0.05878052349767908,0.344979554092924,0.1703884267931018,0.8647145468234486,0.3336505944083075,0.2450575898919737,1.361519121098789,0.1734375574683381,-0.26888430825003384,0.25467790931570305,-1.0557818264352103,0.29114096092223585
XRP,3803,3803,9,"log_daily_return,diff_ConSIX,log_diff_AdrActCnt,log_diff_volume_trusted_spot_usd_1d,log_diff_TxCnt,log_UnemRt,log_IndPro,log_CPIPrc,log_TotRes",0,0.0031854945093543474,0.0008014045413990978,24482.925691349046,24545.28194854869,-12231.462845674523,1.4307932345944927,0.16871232755764748,2.061189503013524,0.12662636333404179,0.10020373803455332,1.2636890181719282,0.20641994773731118,-0.23006130538543923,0.22988261045283837,-1.0007773312311394,0.31699881956788856,-0.12459624786905574,0.17764654713106612,-0.7013716274323626,0.4831144946175976,-0.06227211004455349,0.10896960236217904,-0.5714631300349388,0.5677198758157405,0.10422648930396856,0.10931683425818435,0.9534349399270617,0.3404309845241895,-0.06061902248252816,0.11438236164462842,-0.5299682714268815,0.5961651969229218,0.5333722163285063,0.2109595837574744,2.5283146981446802,0.011501724116986758,0.5951462510183522,0.31433588949065044,1.893344892887435,0.05838866669069599,0.3935138920900084,0.22549073419171134,1.7451444002814078,0.08104136208946439,-0.6398222763085366,0.2291981531766422,-2.791568201753475,0.0052717937466541616
XTZ,2527,2527,9,"log_daily_return,diff_ConSIX,log_diff_AdrActCnt,log_diff_volume_trusted_spot_usd_1d,log_diff_TxCnt,log_UnemRt,log_IndPro,log_CPIPrc,log_TotRes",0,0.008568828797696382,0.004981019975492718,15745.092673033338,15803.321125936136,-7862.546336516669,2.577656682549473,0.005924105447004119,1.9982348151233613,-0.07904706059429017,0.11166866631314137,-0.7078714486714325,0.47909142325671794,-0.33863960642277036,0.1770487182697796,-1.9126916575965558,0.05590228065870296,-0.1452929974403343,0.07495834342156252,-1.9383165476751893,0.05269764374348882,-0.019616467043973004,0.1298228446533609,-0.15110181182942647,0.8799076578500966,-0.2227265689313178,0.1436725282779224,-1.5502376940181077,0.12121171136367843,-0.10673616994250607,0.22985104169074266,-0.4643710516053098,0.6424225730666997,-6.976185997925599e-05,0.2918975768848024,-0.00023899431000342825,0.9998093292994445,-0.3487181357751534,0.34571095494102516,-1.0086985407640359,0.31321735872332607,0.14475206200600196,0.2508887527458622,0.5769571589868303,0.5640206149900037,0.19877296189022897,0.238208286069323,0.834450241719897,0.4041074593762408
XVG,2800,2800,9,"log_daily_return,diff_ConSIX,log_diff_AdrActCnt,log_diff_volume_trusted_spot_usd_1d,log_diff_TxCnt,log_UnemRt,log_IndPro,log_CPIPrc,log_TotRes",0,0.0057284345591224195,0.00248624467181513,19222.937154066938,19282.20318005875,-9601.468577033469,1.3766814786960226,0.19282467730794328,2.0032744918430767,-0.00027067978307842785,0.14704688798985463,-0.001840771925054974,0.9985314103612324,-0.0871260852296778,0.2866307961004956,-0.3039662395492581,0.7611765253616456,0.11961928042834452,0.22352207023774162,0.5351564626308067,0.5925847824213863,0.6299248112881717,0.32261688368415514,1.9525475669304209,0.050974185898689836,0.1348869076202651,0.20353875068970426,0.6627087331684608,0.5075724522407543,-0.39194281332159,0.28123141487114434,-1.393666541489228,0.1635305295815817,0.5720613158600556,0.32879075345327213,1.7398947806522094,0.08198896247455549,0.18561924547797704,0.3728982252671602,0.4977745478541537,0.6186826137167751,0.45568649523132815,0.29375243654783895,1.5512603081238356,0.12095396652676128,-0.3107821313957832,0.24434566706026273,-1.2718954059420065,0.20351744132465144
YFI,1771,1771,9,"log_daily_return,diff_ConSIX,log_diff_AdrActCnt,log_diff_volume_trusted_spot_usd_1d,log_diff_TxCnt,log_UnemRt,log_IndPro,log_CPIPrc,log_TotRes",0,0.01046959872309594,0.005324726619403197,11282.389794622664,11337.011944020347,-5631.194897311332,2.7852604226286415,0.003040754039005332,1.9550558169025793,0.06519879740592434,0.15441557447327875,0.4222294132461803,0.6729100105034662,-0.3482814257715301,0.1008645011107974,-3.4529633511888465,0.0005678103029984852,0.15118220573945282,0.14654094248363864,1.031672126418406,0.3023698590466603,0.024437389338997362,0.27440400481185384,0.08905624156525321,0.9290475153977371,0.27063464323790765,0.2361029693351113,1.1462568387006773,0.251847324227643,-0.06859188913333258,0.33565971379103937,-0.20434948346536927,0.8381044262936589,0.3937010929483184,0.45943183613064675,0.8569303691796474,0.39160198474063346,-1.2312900852279094,0.935085847598471,-1.3167668919277982,0.18809107443909912,1.363263313015078,0.7648196020177394,1.7824638769960006,0.07484883859195327,0.013353937219125048,0.1462740768663625,0.09129394288589728,0.9272695937916224
ZEC,3136,3136,9,"log_daily_return,diff_ConSIX,log_diff_AdrActCnt,log_diff_volume_trusted_spot_usd_1d,log_diff_TxCnt,log_UnemRt,log_IndPro,log_CPIPrc,log_TotRes",0,0.05176385434457875,0.049007353921161845,20508.671591441787,20569.082501478875,-10244.335795720894,1.3079219704894607,0.2270467571314109,1.9956990096003309,-0.12650456310507463,0.11783166837472049,-1.0736041070281137,0.28308382530717896,-0.20544802766264633,0.6614201358567979,-0.31061653028828756,0.75611306817062,-1.5067097369068467,0.8411461926074831,-1.79125786949849,0.07334956782725666,-0.06851885233621269,0.11060403003719674,-0.6194968873482225,0.5356346570098522,0.06272058451265801,0.12966112412953373,0.4837269839647468,0.628613850674786,0.2160193336720478,0.16821835218490525,1.2841603241636788,0.19918195122579785,0.2005759627254893,0.2719700777239163,0.7374927580419308,0.4608786340109192,0.00020641634860599223,0.4076710040634521,0.0005063307091957526,0.9995960391826315,0.11697086071280083,0.2781892913718565,0.420472190485742,0.674169722229413,0.1405598529478605,0.2804362997737006,0.5012184694395339,0.6162530114277813
ZRX,2850,2850,9,"log_daily_return,diff_ConSIX,log_diff_AdrActCnt,log_diff_volume_trusted_spot_usd_1d,log_diff_TxCnt,log_UnemRt,log_IndPro,log_CPIPrc,log_TotRes",0,0.010125616778368651,0.0069552006043492876,19058.266231686965,19117.711153326287,-9519.133115843482,1.127474653796011,0.3391438480487974,2.052876514195714,0.03555101035235591,0.1333066575695123,0.26668593302489757,0.789730553691377,0.20537067979057486,0.39793827931744735,0.5160867663770151,0.6058344160909159,0.2110435704386458,0.21875576109153733,0.9647451997862383,0.3347554664473328,0.7486238434496046,0.5835822582098861,1.2828077497523256,0.1996652373032195,0.6933360367431712,0.3233299178782131,2.144360909417378,0.03208951748345182,-1.5118972524991232,0.859436810702946,-1.759172092317666,0.07865710205224463,0.20370864476812156,0.2889460912959968,0.7050057118074738,0.48086511202289317,-0.2187157179922192,0.36371229569289615,-0.6013426562210419,0.547660290409674,0.3061348593748137,0.28371543726916615,1.0790208045125786,0.2806710630246632,-0.0522032837616499,0.23851132651669066,-0.21887129858378776,0.8267661998654146
