symbol,n,nobs,n_regs,regs_used,opt_hac_lag,r2,adj_r2,aic,bic,log_likelihood,fstat,f_pval,durbin_watson,coef_Intercept,stderr_Intercept,tval_Intercept,pval_Intercept,coef_log_daily_return,stderr_log_daily_return,tval_log_daily_return,pval_log_daily_return,coef_diff_fng_value,stderr_diff_fng_value,tval_diff_fng_value,pval_diff_fng_value,coef_log_diff_AdrActCnt,stderr_log_diff_AdrActCnt,tval_log_diff_AdrActCnt,pval_log_diff_AdrActCnt,coef_log_diff_volume_trusted_spot_usd_1d,stderr_log_diff_volume_trusted_spot_usd_1d,tval_log_diff_volume_trusted_spot_usd_1d,pval_log_diff_volume_trusted_spot_usd_1d,coef_log_diff_TxCnt,stderr_log_diff_TxCnt,tval_log_diff_TxCnt,pval_log_diff_TxCnt,coef_log_UnemRt,stderr_log_UnemRt,tval_log_UnemRt,pval_log_UnemRt,coef_log_IndPro,stderr_log_IndPro,tval_log_IndPro,pval_log_IndPro,coef_log_CPIPrc,stderr_log_CPIPrc,tval_log_CPIPrc,pval_log_CPIPrc,coef_log_TotRes,stderr_log_TotRes,tval_log_TotRes,pval_log_TotRes
1INCH,1616,1616,9,"log_daily_return,diff_fng_value,log_diff_AdrActCnt,log_diff_volume_trusted_spot_usd_1d,log_diff_TxCnt,log_UnemRt,log_IndPro,log_CPIPrc,log_TotRes",0,0.005106840154908476,-0.0005854919738936815,10018.040332877968,10071.711103476779,-4999.020166438984,0.6507787778082821,0.7539303974839618,1.9899639328278942,-0.08109675506204853,0.15137321662348194,-0.5357404491427601,0.592213683409452,-0.14329828356649763,0.2205789981201022,-0.6496460895541546,0.5160157062806805,0.15246454482458488,0.1684652254798809,0.905020869382881,0.36559292261835674,0.19566021632363984,0.3054070083143769,0.640653983035756,0.521840833557343,0.20143731894510325,0.1939752447287801,1.0384692089279575,0.2992112627213821,-0.14782699210433267,0.3445284872307357,-0.42907044724383214,0.6679307141112772,0.6961806119445549,0.539360308652938,1.2907523983054636,0.19697922461388118,-0.30812644976016323,0.6410112529120515,-0.48068805088892724,0.6308050713028251,0.8452881405173683,0.7026803152537535,1.2029483709275617,0.2291773269972616,-0.0992045196187428,0.17116503556537938,-0.5795840212988473,0.5622781670856981
AAVE,1694,1694,9,"log_daily_return,diff_fng_value,log_diff_AdrActCnt,log_diff_volume_trusted_spot_usd_1d,log_diff_TxCnt,log_UnemRt,log_IndPro,log_CPIPrc,log_TotRes",0,0.014225866000983745,0.008855425803652617,10676.73816881745,10730.895938571604,-5328.369084408725,2.869848496090601,0.002301638373377261,1.9175330180175916,0.043408588161034434,0.14942024392390688,0.2905134339302813,0.771459938840019,-0.6665521747210134,0.14090924078950462,-4.7303652406781,2.431979434051822e-06,0.015253168970585929,0.17415693347812444,0.087582898170987,0.9302188099585474,0.01725904168656231,0.36810653605871724,0.046885996297032044,0.9626097561995224,0.11796422061025524,0.3477250433886788,0.3392456852134105,0.7344677745938599,0.011068120348963914,0.482482997415069,0.022939917900241084,0.9817009692894458,0.7620829754281939,0.4729723409505474,1.611263301140637,0.10731337224450249,0.40281612775093717,0.7143206741131422,0.5639149787328354,0.5728885381638434,0.27455861663114356,0.7063541535737111,0.38869824045352935,0.6975494734727701,-0.1259412744827027,0.1509436688610243,-0.8343594364243152,0.4041991002566917
ADA,2738,2738,9,"log_daily_return,diff_fng_value,log_diff_AdrActCnt,log_diff_volume_trusted_spot_usd_1d,log_diff_TxCnt,log_UnemRt,log_IndPro,log_CPIPrc,log_TotRes",0,0.012048488612491082,0.008666379977083083,16367.743804173131,16426.525357538165,-8173.871902086566,2.911341348080703,0.001962203227889353,1.9947644403098643,0.026663289489190917,0.10452324596306022,0.2550943500033863,0.7986701813233994,-1.02124526201671,0.46266853040972544,-2.207293547958245,0.027379647865476114,0.05231170736071369,0.1110187102190266,0.47119721763573874,0.6375390017424571,-0.31214234745511127,0.2151680920124107,-1.4506906880835622,0.14698530743439078,0.07528182464201909,0.13081882828292324,0.5754662813460331,0.5650252380774072,0.3995850500281259,0.20600942695381333,1.9396444907237747,0.052529746867008904,0.6479283450352362,0.257816864944329,2.513134061944105,0.012025748330958326,-0.0236053098968059,0.3159318647796907,-0.0747164579719321,0.9404459971848578,0.5698560044876666,0.23269667589079884,2.448921980970161,0.014393321437177888,-0.020942602580797054,0.19654528575009308,-0.10655357365032672,0.9151512813682434
ALGO,2170,2170,9,"log_daily_return,diff_fng_value,log_diff_AdrActCnt,log_diff_volume_trusted_spot_usd_1d,log_diff_TxCnt,log_UnemRt,log_IndPro,log_CPIPrc,log_TotRes",0,0.008059256887867905,0.0038640187826004535,13725.45202112115,13782.128282037,-6852.726010560575,1.7669558891152088,0.06965711382731492,2.0526131516559962,-0.09548223410028113,0.12823604817932524,-0.7445818508595867,0.4566067590776366,-0.07734947180622413,0.22213269297009114,-0.3482129117150657,0.7277147345571182,0.013096447799207558,0.1691052726386036,0.0774455319746067,0.9382764009568412,-0.09034649028394973,0.13833804493015495,-0.6530849147793326,0.5137720876102663,0.10119687979670627,0.13486733730446243,0.7503438699042063,0.4531305806306256,0.32853455604607035,0.16439864761611583,1.998401816620932,0.045800143158626246,0.5585691433352264,0.35402456988216346,1.5777694286053234,0.1147672206695495,-0.16254776440219798,0.3579795649211412,-0.454069953512585,0.6498247849044068,0.5926434399684388,0.27197421810246,2.179042719943308,0.029437851513191882,0.1968368144336382,0.2047328628262698,0.9614324330562801,0.3364440132101586
ALPHA,1693,1693,9,"log_daily_return,diff_fng_value,log_diff_AdrActCnt,log_diff_volume_trusted_spot_usd_1d,log_diff_TxCnt,log_UnemRt,log_IndPro,log_CPIPrc,log_TotRes",0,0.007879273409733045,0.002470983561572937,11125.310560190832,11179.462311286965,-5552.655280095416,0.7733981970482505,0.641215025098703,2.01892322402226,0.019249422403087482,0.17290590632755823,0.11132888871141734,0.9113690800359506,-0.1973993479964017,0.23149787978569997,-0.8527047771631271,0.3939467221351295,0.049751163234627936,0.1788590975731404,0.27815841581266687,0.7809255851026436,0.08177075810926016,0.2773882926316587,0.2947880652549485,0.7681928459324824,0.32826096468030147,0.2298632952401273,1.4280703856497958,0.1534607305028183,-0.17543367588591047,0.32743460545418673,-0.5357823301619731,0.5921811634794214,1.0558753300879145,0.5699161200459539,1.8526854969513342,0.06410580208526773,-0.2416347839279181,0.7472604953974733,-0.3233608432617474,0.7464629319466987,0.9197768848727692,0.7214599180603388,1.2748828616087364,0.20253008915899867,-0.1690261369693994,0.17123735626741762,-0.9870868171162078,0.32374471368326474
ANT,2627,2627,9,"log_daily_return,diff_fng_value,log_diff_AdrActCnt,log_diff_volume_trusted_spot_usd_1d,log_diff_TxCnt,log_UnemRt,log_IndPro,log_CPIPrc,log_TotRes",0,0.014818569326808806,0.011205434495489053,16716.427788091816,16774.52320133835,-8348.213894045908,2.234715854013712,0.017551704733843362,2.0086627547385687,-0.042387095642095265,0.15040160783578196,-0.2818260805321722,0.7781006352249595,-1.3933341826036616,0.43643058888706804,-3.1925676569939156,0.0014279783356505934,0.013424620988214175,0.15481652646747385,0.08671310030350422,0.9309066374888185,-0.2127252027159821,0.2982242842409711,-0.7133061053609436,0.4757241861293926,0.17021431082013197,0.16774390806286818,1.014727227866528,0.3103359048349263,0.4576027617542678,0.3041281051270625,1.5046381904200687,0.13254580972037855,0.30499051895612683,0.3550410802191168,0.8590288165186384,0.3904085187287262,-0.26252592430515376,0.4206209448445478,-0.6241389724474551,0.532594336377747,0.5041390332560095,0.2906824132777717,1.7343293237842423,0.0829852406920728,0.05402221195021553,0.31101945996110764,0.17369399315711917,0.8621202845417735
BAL,1801,1801,9,"log_daily_return,diff_fng_value,log_diff_AdrActCnt,log_diff_volume_trusted_spot_usd_1d,log_diff_TxCnt,log_UnemRt,log_IndPro,log_CPIPrc,log_TotRes",0,0.02435720088884452,0.019365282075882284,11236.144468367365,11290.926165308963,-5608.072234183683,2.769188908262071,0.0032041980018360167,1.8957510366985046,-0.1498173150095488,0.140157080938332,-1.0689243383676579,0.28525042874596296,-0.7779751263643017,0.21403215602463166,-3.634851607413464,0.00028613616506717384,0.15303189868409345,0.1539036378313093,0.9943358119437609,0.32019616714393145,-0.2023075668370654,0.24610486578772495,-0.8220380616593074,0.41116664511041146,-0.4657495095857619,0.19933757605972624,-2.336486270136105,0.01957767762918605,0.740808513014882,0.263307569327281,2.813472149348225,0.0049554525013867385,0.3204837350566574,0.4803644229757234,0.6671679244506705,0.5047523856521501,0.12699704429619185,0.6727773390950775,0.18876534169092238,0.8502985125103583,0.0541553658232343,0.49504964417193575,0.10939380819840684,0.9129026225780271,-0.06616246310438535,0.1475570927053151,-0.44838551567641544,0.653930217944118
BAT,2794,2794,9,"log_daily_return,diff_fng_value,log_diff_AdrActCnt,log_diff_volume_trusted_spot_usd_1d,log_diff_TxCnt,log_UnemRt,log_IndPro,log_CPIPrc,log_TotRes",0,0.01075107423239785,0.007364524087130286,16597.39035995318,16656.171913318212,-8288.69517997659,1.8938196201666804,0.04852899727163478,1.9965411241659374,-0.05068446267923149,0.10974099846837583,-0.4618553082860576,0.6442232991378624,-0.6107634819177444,0.17918231191024775,-3.408614809165289,0.0006627701786671512,-0.053518621150914256,0.14084070496179116,-0.379993987998238,0.7039805726577877,0.1667268302097315,0.2510134485364101,0.6642147310507444,0.5066111350035543,0.08887580204173877,0.16556286415347934,0.5368100056504792,0.5914442830672906,-0.2578788284988506,0.2680765283965349,-0.9619597435154784,0.3361582925493848,0.3459451611409531,0.2693218049408977,1.28450483694356,0.199078543714682,0.08442721668706107,0.3213617110065275,0.262717099752267,0.7927892211085403,0.1748732422235652,0.2493554371227223,0.7013010995124198,0.4831771977330116,-0.028947145818444014,0.24293550147846255,-0.11915568388431003,0.9051611193829002
BCH,2860,2860,9,"log_daily_return,diff_fng_value,log_diff_AdrActCnt,log_diff_volume_trusted_spot_usd_1d,log_diff_TxCnt,log_UnemRt,log_IndPro,log_CPIPrc,log_TotRes",0,0.00202241724427743,-0.0013940141915542714,16484.25313399113,16543.03468735616,-8232.126566995565,0.438404382362736,0.9148061980159504,1.9983955322556812,-0.07234369557263629,0.11040077570643499,-0.6552824933495422,0.5123432223432861,-0.4173163135301541,0.4710111971625957,-0.8860008340440666,0.37569811105137707,0.046430097669716064,0.11435752297536741,0.4060082490569256,0.6847695818294728,-0.08361115385444809,0.20686417838483476,-0.4041838200662471,0.686110427413037,-0.06430605763216764,0.11911161525966164,-0.5398806614449929,0.5893250602001363,0.09603598743048378,0.17403989866760722,0.5518044320049829,0.5811292500540194,0.25416601503847863,0.24881773506817886,1.0214947699320318,0.3071140722402804,0.08321611098445097,0.3332213591684238,0.2497322236249271,0.8028139474892406,0.25443869410221587,0.20363125357541745,1.249507085158621,0.21159089166060938,-0.059056607724619695,0.1968818219883358,-0.2999596769686461,0.7642316274667861
BNB,2877,2877,9,"log_daily_return,diff_fng_value,log_diff_AdrActCnt,log_diff_volume_trusted_spot_usd_1d,log_diff_TxCnt,log_UnemRt,log_IndPro,log_CPIPrc,log_TotRes",0,0.01238018948502917,0.008999216379424468,15654.495764376443,15713.277317741477,-7817.247882188221,2.892228247445428,0.00209245137672843,1.9935582139066466,0.14465510134916346,0.09361698643928057,1.5451800666857174,0.12242307196300442,-0.5063759562251624,0.2886701671729452,-1.7541679529419036,0.07951823441269842,-0.021326882133541405,0.09820399778131536,-0.2171691847111252,0.8280933501603018,-0.4667546274031601,0.4054763562000428,-1.1511266200016987,0.2497848291345995,0.04192077952500154,0.10181976427064633,0.4117155429035589,0.6805814940901096,0.10145434578697121,0.44034563678443867,0.23039707291714556,0.8178011613443954,0.5221883089801905,0.23542956306218138,2.218023523419065,0.0266383918296539,0.3627598911359549,0.30083266881141296,1.2058527172903655,0.22798279677241748,0.10450807661742931,0.17909571267615484,0.583531984411058,0.5595852880570436,-0.15143320783131164,0.1760608431223402,-0.8601186109627146,0.38980209001969135
BSV,2389,2389,9,"log_daily_return,diff_fng_value,log_diff_AdrActCnt,log_diff_volume_trusted_spot_usd_1d,log_diff_TxCnt,log_UnemRt,log_IndPro,log_CPIPrc,log_TotRes",0,0.004095235767965999,0.0002762571237017175,15330.15664336662,15387.80809239598,-7655.07832168331,1.0468912602799259,0.3996898094494476,2.0803525866122388,-0.04141920531433614,0.12751181567834272,-0.3248264099604614,0.7453414049905663,0.11950585831657323,0.1878744868992241,0.636094130123566,0.5247770940718819,-0.028786817499652066,0.11870859700626595,-0.2424998544809065,0.8084140581447786,-0.1850776787175032,0.17313239064696992,-1.06899510845946,0.28518180476752086,-0.06392869221000048,0.12527725263065106,-0.510297686671645,0.6098909103808903,-0.2568207623806676,0.14584327574106234,-1.7609366018124852,0.07837934423561727,-0.0700444082945801,0.3784041118307575,-0.18510477583263601,0.8531628495775003,-0.17944319708589979,0.4614169490668381,-0.3888959810618199,0.6973883728507977,0.07228365593710498,0.23206384982446945,0.31148175811001816,0.7554620729855146,-0.02624181838801124,0.22197637707694773,-0.11821896876402556,0.9059042767923502
BTC,3803,3803,9,"log_daily_return,diff_fng_value,log_diff_AdrActCnt,log_diff_volume_trusted_spot_usd_1d,log_diff_TxCnt,log_UnemRt,log_IndPro,log_CPIPrc,log_TotRes",0,0.00694981907942771,0.0035502558887525737,14125.218817166911,14184.000370531945,-7052.609408583456,1.5440544946901253,0.12671959506139982,1.9943333692202139,0.04965023180737414,0.10179753027951825,0.4877351314029257,0.6257781340084893,-0.32834614532437023,0.14195000000316593,-2.31311127380801,0.020793346283346417,0.049340848826840006,0.07766866314201569,0.6352735689118427,0.5253052955947499,0.10169107908206262,0.07902507471272749,1.2868204105055359,0.19827018360430243,-0.021031010421581495,0.07517031114208779,-0.27977814780929183,0.7796697276517992,-0.06235033901903541,0.06477795945701091,-0.9625239748469299,0.3358749862547261,0.2700985573264989,0.15014969020433147,1.7988619021386911,0.07215518013033032,0.05483423312537705,0.28988633834249145,0.18915770035562063,0.8499838205940877,0.28150049848615466,0.1632098663614693,1.7247762329680547,0.08468533974458725,-0.08959488130154863,0.17030390194610207,-0.5260882474078821,0.5988712685951464
BTG,2775,2775,9,"log_daily_return,diff_fng_value,log_diff_AdrActCnt,log_diff_volume_trusted_spot_usd_1d,log_diff_TxCnt,log_UnemRt,log_IndPro,log_CPIPrc,log_TotRes",0,0.0018954981614436317,-0.0015213677634506872,17465.5781271073,17524.35968047233,-8722.78906355365,0.6847247877079866,0.7234493693920244,1.9987737233119827,-0.20457248418937093,0.12698240075157652,-1.6110302134670509,0.1072931796015716,-0.02839618139576744,0.45257045500262416,-0.06274422265501796,0.94997495189185,-0.01788618090469262,0.16615947392969835,-0.10764466498166826,0.9142857791641548,0.0280144670027278,0.1328918801584948,0.21080646138286308,0.833054633884001,0.08531636912367571,0.13636223238665335,0.625659815261474,0.5315924042188599,-0.0005914759459168945,0.17066536199608265,-0.003465705864383136,0.997235035278025,0.24322883645216004,0.3057051400249407,0.7956321455122293,0.42631770591495843,-0.0040653268984590235,0.4023371785881037,-0.010104278487822619,0.9919388560273288,-0.040870508116811685,0.2646887249321955,-0.15440970569215354,0.877298553598232,0.1121953250047091,0.22938452057678027,0.4891146304144562,0.6248013458679083
BUSD,2080,2080,9,"log_daily_return,diff_fng_value,log_diff_AdrActCnt,log_diff_volume_trusted_spot_usd_1d,log_diff_TxCnt,log_UnemRt,log_IndPro,log_CPIPrc,log_TotRes",0,0.20161288178222336,0.19808712905211545,8108.489487171635,8164.735677033229,-4044.2447435858176,1.6334514151966029,0.1003059892056164,2.326500618652803,-0.0005057063199776918,0.04085518614974766,-0.012378020213250582,0.9901252324998153,-0.8649235626822406,0.31508900765873354,-2.7450134459118347,0.006103940186580586,0.0436630814701661,0.030374370142517634,1.4374975107400534,0.15073019443776733,-0.054916138418370196,0.1053109006823512,-0.5214668003269054,0.6020982882212489,-0.011666315557311428,0.014320812119190958,-0.8146406405037389,0.4153732208766622,0.08701429432971994,0.11738919901267997,0.7412461713817552,0.45862959377357715,-0.010892872374498496,0.0476549473520969,-0.2285779961945376,0.8192198610149621,0.010367239769008493,0.02295619812541084,0.4516096137684364,0.6515982969116312,-0.020526533262335264,0.09411980531297152,-0.2180894148057307,0.827381278752443,-0.011553986609378251,0.0182615693180091,-0.6326940696155834,0.5270044222161085
COMP,1808,1808,9,"log_daily_return,diff_fng_value,log_diff_AdrActCnt,log_diff_volume_trusted_spot_usd_1d,log_diff_TxCnt,log_UnemRt,log_IndPro,log_CPIPrc,log_TotRes",0,0.028055426098823832,0.02310214118086773,11316.378226000583,11371.199415236104,-5648.189113000291,6.956130500673828,6.460858609863195e-10,2.134402742424911,-0.07746416228458375,0.1387115734108802,-0.5584549319120307,0.576604566916604,0.9594963149577188,0.12535430330490935,7.654275040114569,3.1784887481585675e-14,0.060138773379139435,0.15374027498272322,0.3911712359425506,0.695717855981113,-0.16512664146033051,0.25556640629160643,-0.646120293572222,0.5182854036886184,-0.04619566370725352,0.227232617487797,-0.20329679875176523,0.8389264783171951,0.004323741786632768,0.30813400003745295,0.014032017843234528,0.9888060219752001,0.7046447109056172,0.514363257859463,1.3699359356226488,0.17088104182377775,0.7945061711721224,0.6834423043757615,1.1625065731010078,0.24518682576020218,-0.06500757422662798,0.4494083304316587,-0.14465146688355313,0.8850025654122297,-0.1932146039552544,0.14892919949904437,-1.297358775882591,0.1946772186892769
CRO,2264,2264,9,"log_daily_return,diff_fng_value,log_diff_AdrActCnt,log_diff_volume_trusted_spot_usd_1d,log_diff_TxCnt,log_UnemRt,log_IndPro,log_CPIPrc,log_TotRes",0,0.004645806520083839,0.0006142188777258362,13702.775010885183,13759.881544120195,-6841.387505442592,1.3815718577956264,0.19070517586482022,2.1202591444675276,0.015550599561205275,0.10866306587404564,0.14310841900255605,0.8862175317691203,0.017089290216376257,0.13523184652524778,0.12637030888419976,0.8994502370248465,0.139258625439738,0.12164842508140532,1.1447630772576645,0.2524306060045747,-0.07448272261703989,0.2963380014737659,-0.25134381094094566,0.8015715473353325,-0.06653277429857922,0.14547706078523998,-0.4573420300042905,0.6474699352119182,-0.02533779499002871,0.33565319578806274,-0.07548801950340266,0.939833224866115,-0.07774592558521984,0.26941513957661206,-0.2885729647836352,0.7729351033550207,-0.5765069518598877,0.28497922699823525,-2.0229788603625405,0.04319486187753619,0.21072257721272805,0.22623279001681196,0.9314413582446147,0.3517264941228764,0.31551201208180396,0.18546034723820953,1.701237039508791,0.08903839357683477
CRV,1750,1750,9,"log_daily_return,diff_fng_value,log_diff_AdrActCnt,log_diff_volume_trusted_spot_usd_1d,log_diff_TxCnt,log_UnemRt,log_IndPro,log_CPIPrc,log_TotRes",0,0.010099350025848053,0.004883245898349542,11797.302064941932,11851.791225967374,-5888.651032470966,2.50159002984717,0.007658345864785147,2.000017676148617,-0.1596771169505312,0.18580554323451628,-0.8593775738380052,0.39025283407812694,-0.40440417270973505,0.15069763268475658,-2.6835469509710586,0.007354905697067437,0.012974878896283945,0.23779855761285207,0.054562479379743324,0.9564934124743256,-0.055072263692421436,0.35861138820232635,-0.15357087227065416,0.8779662464187666,0.5596585614761355,0.26461874043124023,2.11496192810864,0.034577673360818934,-0.24455284324920715,0.43612724436573136,-0.5607373682991652,0.5750501366245652,0.2114853121800781,0.6125675720775149,0.3452440544033835,0.7299534132922076,1.2536075460723637,1.0191233995140405,1.23008415533402,0.21883498858615827,-0.8971151565956618,0.8477066378182418,-1.058284926144478,0.29007520742069814,0.17024367929425133,0.2019201112090218,0.8431239378529266,0.39927718625537334
CVC,2819,2819,9,"log_daily_return,diff_fng_value,log_diff_AdrActCnt,log_diff_volume_trusted_spot_usd_1d,log_diff_TxCnt,log_UnemRt,log_IndPro,log_CPIPrc,log_TotRes",0,0.008950457970203551,0.005557743676453786,17563.998268451578,17622.77982181661,-8771.999134225789,1.53389465054297,0.13009700616412087,2.003551585549267,-0.06640559847434685,0.1292723468117835,-0.5136875759750175,0.60751360810274,-0.4870068402343962,0.34036679612028603,-1.4308294633483798,0.15259794446523203,-0.030326144475961388,0.14289033949147606,-0.21223369322158028,0.8319411746749323,-0.39676603004537353,0.29732782239290845,-1.3344396324978325,0.18217538305450728,0.2971191032033419,0.17396072997320378,1.7079665235315404,0.08776060895303912,0.11871318636652994,0.29415121959494406,0.40357876649296887,0.6865553240615873,0.5422055158988001,0.38870932729395524,1.3948868160005992,0.16316780804347852,0.14613058221108605,0.4310077771061764,0.3390439569146976,0.734603694392109,0.31975862552236184,0.28095606736770035,1.1381089880642399,0.25517868009875283,0.025372008789581013,0.31786575227466685,0.07981988813836458,0.9363865814606531
DAI,2019,2019,9,"log_daily_return,diff_fng_value,log_diff_AdrActCnt,log_diff_volume_trusted_spot_usd_1d,log_diff_TxCnt,log_UnemRt,log_IndPro,log_CPIPrc,log_TotRes",0,0.004457375500153682,-7.468500591545357e-05,1262.8782327358804,1318.8220451613986,-621.4391163679402,0.521487063936935,0.8599535973303557,2.6145561641952737,0.0036371822877015146,0.007616746510004805,0.4775243974476473,0.6330415391800674,-0.014935996721049546,0.016869914805920462,-0.8853629015250147,0.37606860390215524,9.29192164963186e-05,0.006734926700440202,0.013796618824410562,0.988993632131213,0.00755279334864076,0.009484303207762728,0.7963466775776356,0.42592617522790865,0.01057707604397633,0.009457423372414744,1.1183887648328583,0.2635368649471258,-0.023706406456650377,0.017384775493659528,-1.3636302904973627,0.1728391998222288,-0.004426140268482546,0.024487730972028155,-0.18074930149871532,0.8565828853912945,-0.009241944920594866,0.025327591837438466,-0.3648963146560862,0.7152278343110672,0.008212407363411136,0.02134976617949653,0.38466029531030677,0.7005304887004051,0.006552377355372308,0.008134179947170748,0.8055363168663822,0.4206071301493919
DASH,3803,3803,9,"log_daily_return,diff_fng_value,log_diff_AdrActCnt,log_diff_volume_trusted_spot_usd_1d,log_diff_TxCnt,log_UnemRt,log_IndPro,log_CPIPrc,log_TotRes",0,0.0041939968189973476,0.0007849994707170849,16318.163316544767,16376.944869909801,-8149.081658272384,0.9235393861871886,0.5032540296433688,1.993451584159696,-0.17652788820181892,0.1442072323488842,-1.2241264555632032,0.22101421466018725,-0.2665756097254406,0.17398845187353718,-1.5321454203132978,0.12560687131200302,-0.013407023063001525,0.10865229942101746,-0.12339382723094122,0.9018046771956647,0.0732377192979875,0.12040135708634303,0.608279848917872,0.5430544297802418,-0.037223932808628526,0.13237001608915017,-0.28121121314632536,0.7785705347220216,-0.15592314808864305,0.1551980106793586,-1.0046723370107018,0.3151471119781282,0.23196869416455224,0.25669791452448837,0.9036641166105889,0.36625632521195983,-0.043902035537597195,0.46056131322116123,-0.09532289030215499,0.9240656263637573,0.2758248401073773,0.22829447923858368,1.2081975921069956,0.22707993374603322,0.007466792266759614,0.2724639222363901,0.027404700796611944,0.9781390289335388
DCR,3301,3301,9,"log_daily_return,diff_fng_value,log_diff_AdrActCnt,log_diff_volume_trusted_spot_usd_1d,log_diff_TxCnt,log_UnemRt,log_IndPro,log_CPIPrc,log_TotRes",0,0.02236190160072582,0.019015099438080996,16298.393305312271,16357.174858677305,-8139.1966526561355,3.886834670850749,6.470012729997048e-05,2.0004740363488303,-0.10315117175505828,0.11352344983988956,-0.9086331669847942,0.36362707845310427,-0.7596657555108238,0.21513600618587284,-3.5310953706860633,0.00042095745316412126,-0.06998709478740155,0.10198574350391806,-0.6862439041267842,0.49261983192113634,0.5631056458380218,0.28046366989908295,2.007766802882668,0.04477021934290624,-0.24075053274117558,0.1121180327057823,-2.147295371949202,0.031860958077832735,-0.9456843183182966,0.35986850685038896,-2.6278607333412856,0.008642328502799442,0.6460854328270544,0.22801683697701391,2.8334987950568995,0.004639258147257377,0.5079011410440237,0.3214887500262977,1.5798411017569902,0.11426355864562412,0.2892228082615798,0.22665391384249875,1.276054771604606,0.20204888002832638,-0.3163101359781371,0.25040944693004896,-1.263171736753595,0.20663947990655313
DGB,3763,3763,9,"log_daily_return,diff_fng_value,log_diff_AdrActCnt,log_diff_volume_trusted_spot_usd_1d,log_diff_TxCnt,log_UnemRt,log_IndPro,log_CPIPrc,log_TotRes",0,0.011801948118646877,0.008418995487634251,17077.955048318032,17136.736601683064,-8528.977524159016,2.1092094702505984,0.025709334618578286,2.000162773922026,0.011215346018456716,0.18163256869198416,0.061747439345395734,0.9507686545535703,-1.7637529562825511,0.5079200651317138,-3.4725010436931147,0.0005239582730919231,-0.05474577589976609,0.12333967393871735,-0.44386185038049575,0.6571789962542061,0.0648250316730006,0.11505955896700241,0.5634041383001615,0.5732077684212409,0.012822433553038401,0.15616871634287205,0.08210628769520299,0.9345684434275472,0.03130360115996588,0.12543656784018997,0.24955722002731792,0.8029492817004225,0.4213109704195023,0.2682667748849992,1.5704925464590616,0.11642090489845877,-0.4903884020657037,0.6101842905466817,-0.8036726111489213,0.42165873357805284,0.830141829333234,0.37886562962416337,2.1911246743515345,0.02853025022392124,-0.1130930620830018,0.2997901812772239,-0.37724071415941957,0.7060251745894477
DOGE,3803,3803,9,"log_daily_return,diff_fng_value,log_diff_AdrActCnt,log_diff_volume_trusted_spot_usd_1d,log_diff_TxCnt,log_UnemRt,log_IndPro,log_CPIPrc,log_TotRes",0,0.00832303191305317,0.004928169717243969,17541.87584545562,17600.65739882065,-8760.93792272781,1.311976088515417,0.2249957153213773,2.0016229277680266,-0.0286184226392001,0.128569790710041,-0.22259056720207504,0.8238714694661313,-0.004391634385706666,0.6378211767080346,-0.006885369357557339,0.9945068359057871,-0.010777437175127663,0.15031263400501674,-0.07170014181753985,0.9428459971028803,-0.11104300517970316,0.12275034066214317,-0.9046248228779815,0.36574706875669316,0.4707329664361711,0.18979332421909972,2.480239852339333,0.013191571486092525,-0.026498371759597565,0.09457394642585304,-0.2801868036708457,0.7793562344992876,0.8082537038156414,0.35248111122926384,2.293041181687407,0.021924231043264217,0.9350293677141358,0.5704559423249724,1.6390912923148697,0.101313898197058,0.22134739766451594,0.2526624311349513,0.87605979515922,0.3810775637389182,-0.40685418850637733,0.2709650342755695,-1.5015006995057876,0.1333461961487399
DOT,1745,1745,9,"log_daily_return,diff_fng_value,log_diff_AdrActCnt,log_diff_volume_trusted_spot_usd_1d,log_diff_TxCnt,log_UnemRt,log_IndPro,log_CPIPrc,log_TotRes",0,0.006462449323488384,0.0012118104766953852,10633.178793343526,10687.638808326767,-5306.589396671763,0.6493148817526186,0.7552456250439643,2.0388518740090507,0.04880683075607628,0.1335127167323485,0.36555941599120334,0.7147392619123281,-0.07633521363692873,0.14308515132280739,-0.5334950058144929,0.5937605857897648,0.08805648033277683,0.167232118783676,0.5265524408423167,0.5985729969547239,0.14208652916767228,0.20071589042296986,0.7078987561386019,0.47910500158728286,0.004790417792544216,0.12523272542407263,0.038252124405362395,0.969491145401669,-0.13081815420807735,0.21600800020684413,-0.6056171719695983,0.5448496965118388,0.38279229295066275,0.4298888498540008,0.890444804699324,0.3733528681610401,-0.8814765851263602,0.7720001595656278,-1.1418088120892749,0.25369401563616234,1.0179273068705637,0.6209507078114443,1.6393045278235898,0.10133455336678776,0.07949196545096203,0.14824246472042396,0.5362293834015707,0.5918700605295131
DRGN,2705,2705,9,"log_daily_return,diff_fng_value,log_diff_AdrActCnt,log_diff_volume_trusted_spot_usd_1d,log_diff_TxCnt,log_UnemRt,log_IndPro,log_CPIPrc,log_TotRes",0,0.009710517621919323,0.006320405282093322,18943.950947667392,19002.732501032424,-9461.975473833696,2.0346291067750752,0.03214096997665045,2.0030454452158146,-0.10913461357789311,0.17135192576874936,-0.6369033384846658,0.5242432610109089,-0.644318465314892,0.2693612079266956,-2.392023967646588,0.01682560013760666,0.04054177059431653,0.17302846723700382,0.23430693944011474,0.8147649439282055,0.16272025082705358,0.3784582901979307,0.4299555724937408,0.6672631975354817,-0.27838829482082345,0.19101187983393395,-1.4574396894206512,0.14511448087721585,0.10811855016725135,0.4194765324932498,0.25774636193501765,0.7966228358592886,0.39048815158171024,0.36995313813507724,1.0555070665169901,0.2912904654952655,-0.4908589891286105,0.4792939013223376,-1.0241294282576214,0.3058683694013947,0.9843730648761311,0.40454278284189776,2.4332978034138875,0.01502822272069282,0.04148287131291792,0.3000015135467045,0.13827554008809967,0.8900332457684479
ELF,2717,2717,9,"log_daily_return,diff_fng_value,log_diff_AdrActCnt,log_diff_volume_trusted_spot_usd_1d,log_diff_TxCnt,log_UnemRt,log_IndPro,log_CPIPrc,log_TotRes",0,0.009469839790517853,0.006078903525061352,17230.21871759857,17289.000270963603,-8605.109358799285,1.3648444900224852,0.19844344629783012,2.007284701751123,-0.084993403046706,0.12348123756332825,-0.6883102625458909,0.4913181492451889,-0.5937804903989093,0.36544526331439137,-1.6248137546335686,0.1043221179102907,0.04482569291530755,0.14409924971448848,0.31107513053761965,0.7557681691573624,-0.07398405187453812,0.19736975375635893,-0.3748499983734436,0.7078022626714651,-0.2274052513277687,0.14385802689890959,-1.5807616455602338,0.11405284081579241,0.057693702296997273,0.21213147303595478,0.2719714405001025,0.7856653350964571,0.2767461750223016,0.37049266092635386,0.7469680352921023,0.45514965265829643,-0.07937069711051103,0.38215433149375677,-0.2076927842221977,0.8354849387651169,0.26958047093817283,0.2649363707287443,1.017529115374587,0.3089954178518578,0.12748572467146319,0.27337043196748523,0.46634789195719006,0.6410051410945908
EOS,2548,2548,9,"log_daily_return,diff_fng_value,log_diff_AdrActCnt,log_diff_volume_trusted_spot_usd_1d,log_diff_TxCnt,log_UnemRt,log_IndPro,log_CPIPrc,log_TotRes",0,0.008090757749863564,0.004528434054631547,15630.76191473137,15689.066170909575,-7805.380957365685,1.641440632263512,0.0980316315073289,2.0104679856147407,-0.11455980380127864,0.10663224112347618,-1.0743448941359364,0.2827715620247714,-0.3547991877710996,0.17345184952988688,-2.0455197723905814,0.04090785095537956,-0.037714325125557085,0.11463272826775872,-0.32900137417530617,0.7421821411682981,0.07960819865328464,0.09737254602839839,0.8175630801526661,0.4136844380038577,-0.11349845424630642,0.1134513862931437,-1.0004148733188778,0.3172063620804434,-0.2389177500615175,0.10173042226886131,-2.3485378781785307,0.01892459228851637,0.28610601678066655,0.26508218058649297,1.0793106354703226,0.2805531415965326,0.03850363907815847,0.3141891976828502,0.12254921353796808,0.9024738994419093,0.2667151695470737,0.21321964092143045,1.2508940001702558,0.21108992488646325,-0.052102006001521754,0.19393659925037243,-0.26865483979255506,0.7882174208819462
ETC,3232,3232,9,"log_daily_return,diff_fng_value,log_diff_AdrActCnt,log_diff_volume_trusted_spot_usd_1d,log_diff_TxCnt,log_UnemRt,log_IndPro,log_CPIPrc,log_TotRes",0,0.00509958745493877,0.0016936902647883834,16501.684335285143,16560.465888650175,-8240.842167642571,1.2375088725724461,0.26698091065294255,1.99653235272333,-0.053892121375973684,0.11599212012765478,-0.46461881476657957,0.642242930669624,-0.16906811805547795,0.25109172715608363,-0.6733320925001317,0.5007952258778192,-0.13714297477574589,0.12735260555775274,-1.0768760809809528,0.28163443557337514,0.015167740595806833,0.10721734927249126,0.14146722241060308,0.8875116912003149,0.07272205639599294,0.12105333514632165,0.600743930830911,0.5480623395189907,0.24657205092945875,0.10565666850422777,2.333710256249395,0.019685901146786547,0.31608537649981533,0.26110398274166013,1.2105727885911053,0.22616799931048784,0.1768453614054443,0.3937199137865271,0.44916539705768843,0.6533493706238436,0.10490928035406082,0.2198505335291906,0.4771845611197096,0.6332703681967817,0.008006657338806594,0.24454255477363107,0.03274136620605041,0.9738833215096675
ETH,3584,3584,9,"log_daily_return,diff_fng_value,log_diff_AdrActCnt,log_diff_volume_trusted_spot_usd_1d,log_diff_TxCnt,log_UnemRt,log_IndPro,log_CPIPrc,log_TotRes",0,0.010539882342676998,0.007152609212621508,15473.374624330208,15532.156177695242,-7726.687312165104,2.3498803594860678,0.012246732932413396,1.9919192130745864,-0.030109413054818773,0.11664603535656391,-0.25812633033587673,0.7963296156686686,-0.5321148592228437,0.20263299795315523,-2.6260029935788554,0.008689512486882978,0.05427559958592516,0.10285177966317254,0.5277069562011601,0.5977472770201915,0.01986763581050985,0.17746516622809236,0.1119523128554388,0.9108697641363244,-0.10301487896265324,0.10847476150439593,-0.9496667937682313,0.3423688772603365,0.1321907911574774,0.1423555154032602,0.9285962035472354,0.35318363740059755,0.4314660359107514,0.20044401970789494,2.1525513035486044,0.03144470392583307,0.04292249791071609,0.36014926304922096,0.1191797466064784,0.9051420578133005,0.31633413291043405,0.2036285019686171,1.5534865200706873,0.12042731229952622,0.018050492092900522,0.22242009492601852,0.08115495184418695,0.9353249018946983
FTT,2111,2111,9,"log_daily_return,diff_fng_value,log_diff_AdrActCnt,log_diff_volume_trusted_spot_usd_1d,log_diff_TxCnt,log_UnemRt,log_IndPro,log_CPIPrc,log_TotRes",0,0.006605057390514424,0.0022838614100962884,14093.057943577458,14149.454366456039,-7036.528971788729,1.1538211360739081,0.32091762166032234,1.9569366068725056,-0.015504186094368246,0.15686728762838023,-0.09883632418696356,0.9212778015230734,0.356157069462725,0.9072357909314039,0.3925738744247294,0.6946746771596006,0.31831497912989326,0.153101447113262,2.079111498498175,0.03773001961654241,-0.05511591333005186,0.3404762349000442,-0.16187888516281496,0.871417036868953,-0.11430296214675872,0.2647485003639026,-0.4317416793282939,0.6659741562368813,-0.07777099158041935,0.2927690946389241,-0.2656393485669494,0.7905434433557461,0.30030486290393876,0.2505838988193682,1.1984204265271312,0.2308906360022912,0.010945159956087469,0.289528687244166,0.03780336953918895,0.9698481047731429,-0.0322853981406406,0.24096110865793155,-0.1339859295985933,0.8934267317677367,0.12133638365609083,0.1941275659754144,0.6250342811770363,0.5320174839852434
FUN,2828,2828,9,"log_daily_return,diff_fng_value,log_diff_AdrActCnt,log_diff_volume_trusted_spot_usd_1d,log_diff_TxCnt,log_UnemRt,log_IndPro,log_CPIPrc,log_TotRes",0,0.016690781530273036,0.013324565111015763,17156.082004076336,17214.863557441367,-8568.041002038168,2.1175780116030065,0.025068089739526615,1.986203916564939,-0.09662882429658894,0.12232449710287441,-0.7899384553800739,0.42963495348067204,-0.9903797940303043,0.3595864124398222,-2.7542191800588327,0.0059237245868816275,-0.06726735277557265,0.1464053735951366,-0.4594595889737696,0.6459421537970547,-0.07380300296334474,0.19803459723402078,-0.3726773199943973,0.7094186598659316,-0.24628663085054245,0.15328948414176358,-1.6066766238365982,0.10824541358778883,0.24493795622611803,0.23782881023312213,1.0298918620751936,0.3031555096823328,0.6453529436923306,0.3209152229670256,2.010976412168024,0.04442985605541109,0.23583546490950502,0.3888418186390632,0.6065074629445036,0.5442301952193345,0.4287438872470411,0.25858398217716033,1.6580450329413725,0.09742767667759769,-0.09442157094059914,0.2256372463017285,-0.41846624388571,0.6756404425990181
GAS,2853,2853,9,"log_daily_return,diff_fng_value,log_diff_AdrActCnt,log_diff_volume_trusted_spot_usd_1d,log_diff_TxCnt,log_UnemRt,log_IndPro,log_CPIPrc,log_TotRes",0,0.0060476739529630175,0.002645022399359709,17440.925854103654,17499.707407468686,-8710.462927051827,1.464103435548381,0.1554335290035685,2.0028085512952125,-0.1319312055960143,0.12994986811734494,-1.015246937202585,0.31008155402109705,-0.5813854845370818,0.5744084712985829,-1.0121464316546827,0.31156118578826136,-0.00597963545977713,0.1325887772142261,-0.04509910706933909,0.9640317382889539,-0.07314330669983904,0.1454897613145559,-0.5027385160231287,0.6151902364003643,-0.09593050110106105,0.13283106161994235,-0.7221993103957749,0.47023617890394054,-0.1801612749006026,0.1339825886203094,-1.3446618456608423,0.17885045867256863,0.45840992617762644,0.2994400127456611,1.530890684829724,0.12591672397065332,0.05235891453690861,0.3699313888448298,0.1415368257892571,0.8874567143890661,0.44597476506556916,0.24138146421179613,1.8475932546098737,0.06477347592394833,-0.03771557994424646,0.23159974054204627,-0.16284810965666563,0.8706505436281472
GNO,2951,2951,9,"log_daily_return,diff_fng_value,log_diff_AdrActCnt,log_diff_volume_trusted_spot_usd_1d,log_diff_TxCnt,log_UnemRt,log_IndPro,log_CPIPrc,log_TotRes",0,0.0069682286575094565,0.003568728489353412,15990.679743582421,16049.461296947455,-7985.3398717912105,1.7758356895632679,0.06782027519181871,1.9968021574140387,-0.04965226267459632,0.09932313508461321,-0.4999063172170073,0.6171828812061022,-0.3215429842990353,0.3436080934130118,-0.9357840821070108,0.3494703162423769,-0.008375030369949125,0.10910532618375235,-0.07676096724961087,0.9388195436231339,-0.20074841859284104,0.168730454197638,-1.1897580644078611,0.23424892939429495,0.013541756186425804,0.1278559283743385,0.10591418292922676,0.915658521391008,0.1877713395713161,0.19374039785989736,0.9691904303154277,0.33253933808204406,0.39043231826875874,0.2551034521286681,1.5304862204366956,0.12601673195349034,-0.19829049161916557,0.30036378426261734,-0.6601677765712063,0.5092040015904702,0.3827435689555207,0.23410419689342937,1.6349282671329297,0.10218380369568104,0.17882702916008864,0.22507407637204954,0.794525216064803,0.4269614501271749
GNT,3023,3023,9,"log_daily_return,diff_fng_value,log_diff_AdrActCnt,log_diff_volume_trusted_spot_usd_1d,log_diff_TxCnt,log_UnemRt,log_IndPro,log_CPIPrc,log_TotRes",0,0.006902469098848507,0.003502743812385911,17057.708460845282,17116.490014210314,-8518.854230422641,1.8532985794156274,0.054502872208353495,2.0002135593770753,-0.030426729824044103,0.12385079059587413,-0.24567247150909763,0.8059549602663134,-0.5844808273985778,0.5468873101148162,-1.0687408842524961,0.28528456256610385,-0.24212643127516548,0.12565789388854123,-1.926870042004142,0.05410348546129331,-0.28350950780807377,0.15298809503340274,-1.8531475128582624,0.06397319357433784,-0.07739591759315813,0.12922507780435907,-0.5989233584392346,0.5492755960623832,0.15776128349049987,0.15523643317149266,1.0162645473580159,0.309596940902668,0.337120900134318,0.2936055028716158,1.1482104280645247,0.2509861698582731,-0.08037860015692033,0.35099318512743255,-0.2290033070805573,0.8188841580626095,0.30534523242922385,0.26974919621636945,1.1319597489525135,0.2577545921668719,0.09565326049064032,0.2705785016389466,0.35351389674807837,0.7237315574520651
GUSD,2449,2449,9,"log_daily_return,diff_fng_value,log_diff_AdrActCnt,log_diff_volume_trusted_spot_usd_1d,log_diff_TxCnt,log_UnemRt,log_IndPro,log_CPIPrc,log_TotRes",0,0.13401962689348224,0.13078164460932817,8176.093131416595,8233.995955223629,-4078.0465657082973,1.4629041471036897,0.15596458929101595,2.7897674048879253,-0.010025896405922139,0.02643430895479004,-0.3792759032615223,0.7045164470976906,0.508867246223972,0.2192588832697305,2.32085121768119,0.020378041959775793,-0.014428053152323903,0.01658944957329209,-0.8697125898349339,0.38454420892031715,-0.061210674293944944,0.06979218699363782,-0.8770419287695461,0.3805513892955077,0.018387860449762525,0.0530569955069975,0.3465680684338301,0.7289461317741526,0.06533769040884996,0.04966758182821665,1.3154997284713983,0.18846729793937325,0.023765574200029272,0.05568501923929381,0.4267857769412286,0.669573535566036,-0.01102435955438727,0.08706447515788512,-0.1266229370175998,0.8992494179133508,0.03508334533576495,0.06329665218746919,0.5542685769834504,0.5794465429934317,0.029251224079631724,0.03730875932282538,0.7840310053338042,0.4330990631403391
HEDG,817,817,9,"log_daily_return,diff_fng_value,log_diff_AdrActCnt,log_diff_volume_trusted_spot_usd_1d,log_diff_TxCnt,log_UnemRt,log_IndPro,log_CPIPrc,log_TotRes",0,0.025503148011047916,0.01463515337920096,6329.344838024578,6376.401228973178,-3154.672419012289,1.5934884849230255,0.11280911041652136,2.0224709469291926,-0.033959725804650454,0.4048202179312395,-0.08388841342508901,0.9331659563806871,-1.6701400424660706,0.6055536340669836,-2.7580381794576554,0.005946440434386732,-0.6777914160168301,0.4699911799056285,-1.4421364591414816,0.14965184796498296,0.3522072744405555,0.7915087750365772,0.4449821474490656,0.656451980990046,0.589288139425302,0.4863934137578969,1.2115462972091582,0.22604073684654297,0.4176917861254171,0.8076664676979979,0.5171587565296819,0.6051870503460548,-0.2779338227194962,0.5156377856843398,-0.5390098057896016,0.5900287495701378,0.03246739318649172,0.6040280857352495,0.053751462809831084,0.9571464838025795,-0.1957848048579196,1.4694713182443155,-0.13323485965812384,0.8940408582671289,-0.08504787502147648,1.5137753410722785,-0.056182626783465146,0.955210227826295
HT,2278,2278,9,"log_daily_return,diff_fng_value,log_diff_AdrActCnt,log_diff_volume_trusted_spot_usd_1d,log_diff_TxCnt,log_UnemRt,log_IndPro,log_CPIPrc,log_TotRes",0,0.0033174587585860227,-0.0006942330442640809,13593.114649144625,13650.28371049761,-6786.557324572313,1.0091107307427312,0.4301257498770069,2.038410539397228,-0.07700852008584397,0.1049144921179143,-0.7340122277796801,0.463018243887262,-0.03667160451026505,0.2034431985901768,-0.18025475790978707,0.856968906112827,-0.03607717230156631,0.09962949505721726,-0.36211337095352314,0.7173015308421129,-0.057902097813387246,0.2234164625551574,-0.25916665742164047,0.7955305125472626,-0.07909129542085133,0.08922827878766865,-0.8863927052662339,0.3755012690940024,0.1781878691594549,0.22610762672745874,0.7880666023452432,0.4307412840911956,0.19612806528967758,0.25219121921037435,0.7776958527888725,0.43683061287174596,0.15545558266427806,0.279683119046715,0.5558275493856766,0.5783843601814906,-0.1469492354280714,0.19020167887945832,-0.7725969418030296,0.4398426102572158,-0.12829813878974738,0.1662781329416074,-0.7715875594706274,0.4404402773593341
HUSD,1218,1218,9,"log_daily_return,diff_fng_value,log_diff_AdrActCnt,log_diff_volume_trusted_spot_usd_1d,log_diff_TxCnt,log_UnemRt,log_IndPro,log_CPIPrc,log_TotRes",0,0.00828400816105701,0.0008953956390781448,-584.8760110392786,-533.8263565565802,302.4380055196393,0.6523217802992796,0.7524968272142079,2.946327537534663,-0.0007582440578799534,0.005431139644700819,-0.1396104883106393,0.888991025467574,-0.0008939625445446249,0.006518835083820847,-0.13713532142627113,0.8909466857667725,0.0019893528184498905,0.004450544753915789,0.4469908580740748,0.6549617881009309,0.00038356567349049405,0.005866555096159833,0.06538175593741051,0.9478808676964969,-0.002173902328369953,0.001451420998722741,-1.497775166738665,0.13445291865933903,0.016581500495490783,0.01805093601588186,0.9185950512982699,0.3584907954774854,-0.0013797894840614174,0.005334576889236435,-0.2586502196351159,0.7959491947961002,-0.001607858282372991,0.005344107593514721,-0.30086562709257364,0.7635687365662561,-0.0020709390369440983,0.01237837646539635,-0.16730296115434778,0.8671596758520498,0.002099767998212611,0.0075760317173976495,0.2771593462829214,0.7817051736197025
ICP,1481,1481,9,"log_daily_return,diff_fng_value,log_diff_AdrActCnt,log_diff_volume_trusted_spot_usd_1d,log_diff_TxCnt,log_UnemRt,log_IndPro,log_CPIPrc,log_TotRes",0,0.027891485119656112,0.02181158474861855,9182.49100047418,9235.277289897387,-4581.24550023709,15.775079970053772,7.850228387968394e-25,1.9610365473469031,-0.29917561940812387,0.15696490429953158,-1.906003260685686,0.05684885449528304,-0.7512132294238332,0.09035791957096352,-8.313750836570115,2.1214076088594377e-16,-0.04127560222006655,0.14300569959290058,-0.2886290709920463,0.7729068164959443,-0.1746755749294362,0.4352984961825238,-0.401277689818146,0.6882752669025125,0.10872228410443548,0.17581209437051734,0.6184004831619113,0.5364092461332493,-0.005938008801191136,0.520487950095591,-0.011408542311307267,0.9908990790781835,-1.2373804517680955,0.7413125509847458,-1.6691751004679232,0.09530020027967671,-0.7082645343883577,0.6383233925267089,-1.1095700747935888,0.2673697207232688,-0.07529535847612073,0.7661258001358485,-0.09828067200291317,0.9217231129604976,0.3522002789600307,0.24910290782868838,1.4138746192486997,0.15761501852470985
KNC,2803,2803,9,"log_daily_return,diff_fng_value,log_diff_AdrActCnt,log_diff_volume_trusted_spot_usd_1d,log_diff_TxCnt,log_UnemRt,log_IndPro,log_CPIPrc,log_TotRes",0,0.0043238349844804125,0.0009152821183184834,17263.23273223835,17322.01428560338,-8621.616366119175,1.0662883177727898,0.38452405172473575,1.998312586660097,-0.10017089197667059,0.12489557050545307,-0.8020371865173315,0.4226039370434247,-0.31986974828194215,0.27239717263272134,-1.174277049906201,0.24039042986899684,0.05235847476921108,0.14027759035362364,0.3732490317036484,0.7089931989786142,0.2888831091218162,0.2722224551172334,1.0612023501052028,0.28869542776739077,0.04376010369227881,0.13957442164629102,0.3135252374763587,0.7539065220197112,-0.26362573231579334,0.27312654681564164,-0.9652146061574114,0.33452610873482935,-0.06611317276894685,0.30899251173974396,-0.21396367308937309,0.8305919781593188,-0.6050321238112837,0.38125715669665267,-1.5869397155806773,0.11264655569572486,0.21081345977975544,0.27603386075578534,0.7637231867226167,0.4451007519000767,0.4254727597316194,0.26082259596665097,1.6312726209734558,0.10295258232655276
LDO,1358,1358,9,"log_daily_return,diff_fng_value,log_diff_AdrActCnt,log_diff_volume_trusted_spot_usd_1d,log_diff_TxCnt,log_UnemRt,log_IndPro,log_CPIPrc,log_TotRes",0,0.008015315739106077,0.0012312259531273018,8907.34934056516,8959.248562272618,-4443.67467028258,1.0633232576270115,0.38721199589654415,2.0310250371133063,-0.1688683648346213,0.18418195729241782,-0.916856174823445,0.35938599786739833,-0.1027417348920431,0.17933349928905137,-0.5729087722001288,0.5668043355653523,0.007466274788400028,0.16883888485479953,0.04422129887212286,0.9647347133101127,-0.18248576716876586,0.3361778531774985,-0.5428250714434042,0.5873421676517041,-0.8532719437153392,0.33066246582128755,-2.5804922902150778,0.009973476184480091,1.003194597020046,0.46952972850160624,2.136594418039313,0.032814990508330165,-0.6489660706035321,0.8013031385861394,-0.8098883423177416,0.41815076810926355,0.11965991384644073,0.6426138794728519,0.1862081067165869,0.8523102650912308,-0.6810222156244389,0.9633674878711076,-0.7069184129613841,0.4797423301058362,0.037666992294010285,0.30181900353377056,0.1247999358986543,0.9007009983103246
LEND,2730,2730,9,"log_daily_return,diff_fng_value,log_diff_AdrActCnt,log_diff_volume_trusted_spot_usd_1d,log_diff_TxCnt,log_UnemRt,log_IndPro,log_CPIPrc,log_TotRes",0,0.01128222941996504,0.007897497607405102,17792.007735134866,17850.7892884999,-8886.003867567433,2.155277272011333,0.02236089123723832,1.9950092400911015,0.11005466293004791,0.13737901136272712,0.801102452538884,0.4231447294562237,-0.46230083137408395,0.3310218048016345,-1.3965872479340709,0.16265561548006424,0.030307105322621805,0.1575225257940372,0.1923985485240933,0.8474448892398517,-0.4509213260779131,0.28448538423198666,-1.5850421535547303,0.11307702605700345,-0.29160761670783664,0.24004089413346272,-1.2148247395950076,0.2245420388855468,0.3792289857043356,0.29424308680027716,1.2888288721690313,0.19757098277676194,0.8109988601646339,0.40090207817392676,2.0229350365522207,0.043180874634716995,-0.24957108776984327,0.4477651984368482,-0.5573704446908735,0.577321804551062,0.910758709508285,0.3062036461425193,2.9743561873994855,0.002962755439265154,-0.14452052048699549,0.2644853573514957,-0.546421631557208,0.5848225125791933
LINK,2801,2801,9,"log_daily_return,diff_fng_value,log_diff_AdrActCnt,log_diff_volume_trusted_spot_usd_1d,log_diff_TxCnt,log_UnemRt,log_IndPro,log_CPIPrc,log_TotRes",0,0.005998384366393883,0.002595564077043422,16992.01490021396,17050.79645357899,-8486.00745010698,1.4388595924031822,0.16556350913164472,2.0000277981480457,0.14007629892085893,0.1194893202861861,1.17229136951625,0.24118631191932324,-0.4091663299894799,0.21234992647679748,-1.926849407382242,0.05410605903036308,0.03492439571163061,0.1452080151761553,0.2405128647290096,0.8099514441762309,0.08967815038465461,0.28672303932295784,0.3127692514574782,0.7544807853654688,-0.021755585525154664,0.16079483034502748,-0.1353002797320806,0.8923848217891678,0.17882385827062267,0.33296938061782877,0.5370579659271156,0.5912730225082146,0.3590385236780569,0.29572837607886704,1.2140820858607961,0.22482542810094228,-0.0749869870641417,0.346608499937129,-0.21634491675115733,0.8287356843180321,0.40729848448699946,0.24776150570125344,1.6439135019550333,0.1003136380217691,-0.25248746207796413,0.23039391142500643,-1.0958946810543178,0.27322524568244777
LOOM,2585,2585,9,"log_daily_return,diff_fng_value,log_diff_AdrActCnt,log_diff_volume_trusted_spot_usd_1d,log_diff_TxCnt,log_UnemRt,log_IndPro,log_CPIPrc,log_TotRes",0,0.002511980062473995,-0.0010182567363610229,17312.275756451847,17370.72600062426,-8646.137878225923,0.7643088047398965,0.6497217602152199,2.008854440951767,-0.12585271518735136,0.14262791091783233,-0.8823849019274697,0.3776520964642688,-0.12894658458743888,0.20618133478383527,-0.6254037724735322,0.5317622044213963,-0.042245578320728366,0.16986507814572893,-0.24870078524607317,0.8036123240565924,-0.20952913342520646,0.3211108216924693,-0.6525134603712434,0.5141289700301273,-0.056075315506780354,0.1641204432519191,-0.34167172837028426,0.732626181210672,0.08402124548437309,0.3243578252081582,0.25903874966004614,0.7956263084521688,0.4492231242553369,0.3445641958838789,1.3037429008054249,0.19243926403993789,0.14010901386508046,0.395573065694685,0.35419250200725433,0.7232239877155751,0.2413319643036579,0.28919932084933114,0.8344831640506809,0.40408715328249534,0.019329700920457896,0.276092359931458,0.07001171972037415,0.944189836349064
LPT,2354,2354,9,"log_daily_return,diff_fng_value,log_diff_AdrActCnt,log_diff_volume_trusted_spot_usd_1d,log_diff_TxCnt,log_UnemRt,log_IndPro,log_CPIPrc,log_TotRes",0,0.006977659445833617,0.003112088050942874,16157.521187376755,16215.023028999332,-8068.760593688377,2.5013448835513103,0.007592283324515051,2.017720090135024,-0.01811818003279865,0.16289555332457423,-0.1112257496476754,0.9114469874948444,-0.29422324798577615,0.11559000052508998,-2.5454039851994983,0.010979568140272013,0.1651939818116287,0.14789192159085807,1.1169912462739964,0.2641141318046345,-1.023156659006716,0.47797550635522806,-2.140604791255377,0.0324102464291847,-0.09455060099177331,0.17097584036245927,-0.553005622264124,0.5803130248692547,1.0016377730801342,0.5279408879238722,1.8972536433369942,0.057918963280562945,0.6259325728959144,0.4452384998616586,1.405836586661755,0.15990702601240786,-0.017471978648618547,0.4914089150126348,-0.035554867066604434,0.971640365728981,0.41680476213892,0.36329943727047037,1.1472761016929838,0.25138623457724235,0.05633109264820463,0.26679345310641234,0.21114121052189613,0.8327956917911746
LTC,3803,3803,9,"log_daily_return,diff_fng_value,log_diff_AdrActCnt,log_diff_volume_trusted_spot_usd_1d,log_diff_TxCnt,log_UnemRt,log_IndPro,log_CPIPrc,log_TotRes",0,0.004342853687718917,0.0009343659293277184,15858.692878493684,15917.474431858718,-7919.346439246842,0.9725108427731802,0.46069399139373013,1.9848024986347848,-0.07540314726161217,0.12725557183113548,-0.5925331690911735,0.5535445753643524,-0.30557709459285076,0.16586768591620338,-1.8422943137171925,0.06554465736973963,-0.054447806393431275,0.10023680348285947,-0.54319176691166,0.5870438250846441,0.12590613077197355,0.17223313184915767,0.731021548642816,0.46483113607070214,-0.0632289183228498,0.11982929756256072,-0.5276582572791859,0.5977810783585863,-0.01498615669973772,0.12822318412913913,-0.11687556194708526,0.9069675914142041,0.3360286667369457,0.21397944228415816,1.5703782716225136,0.11644747257931624,0.21727233711256794,0.37171098526872837,0.5845195480448094,0.558920972276214,0.2549539960057601,0.21322602599225204,1.1956982963000224,0.23192215253982718,-0.16398601960053527,0.23960637644285201,-0.684397560845578,0.4937844811630343
MAID,3675,3675,9,"log_daily_return,diff_fng_value,log_diff_AdrActCnt,log_diff_volume_trusted_spot_usd_1d,log_diff_TxCnt,log_UnemRt,log_IndPro,log_CPIPrc,log_TotRes",0,0.04109247923257464,0.037682693500884934,18328.338144958798,18386.741274792,-9154.169072479399,1.6511316127685143,0.09550591456490261,2.0273231594651437,-0.1099640098024004,0.1816811065827174,-0.6052583665453127,0.5450616034142548,-2.6719896528836458,1.146962473878228,-2.329622558486014,0.01990439276159597,-0.22692860358087819,0.1552465182355119,-1.4617307116454825,0.14393915897912463,-0.6439975612965974,0.5175983214760169,-1.2442033418117202,0.21353994326736206,-0.29819901692211126,0.20301144474866745,-1.4688778619909242,0.14199019325294737,0.7212481275890947,0.4999618267786912,1.4426063930443958,0.14925511762546437,0.486247907562499,0.27161008730298325,1.7902424478811259,0.07353443228819867,-0.003980411916717247,0.5499565960425334,-0.007237683746972285,0.9942257846974276,0.5791261785488597,0.41957998249369544,1.3802521633823692,0.16763091093760607,-0.17811154828890388,0.3127524530684801,-0.56949688656768,0.5690695211614005
MANA,2836,2836,9,"log_daily_return,diff_fng_value,log_diff_AdrActCnt,log_diff_volume_trusted_spot_usd_1d,log_diff_TxCnt,log_UnemRt,log_IndPro,log_CPIPrc,log_TotRes",0,0.003764909246844028,0.00035444297952624826,17489.96293136584,17548.744484730873,-8734.98146568292,1.160876740815019,0.3159722362295972,1.9986837626572693,0.026255426847436772,0.1285152423364774,0.20429815460095432,0.8381363254703784,-0.12870173534216864,0.4547997430199801,-0.28298550585705706,0.7772102268788965,-0.023243510958141426,0.15191424578131457,-0.15300415598680064,0.8784067397695797,-0.1461213360328508,0.40727400397520686,-0.35877894146601624,0.7197892765866096,-0.05826656515411796,0.1911326205387142,-0.3048488792226651,0.7605053824430019,0.3273817867681758,0.39494656387502214,0.8289267883636362,0.40722108642717514,0.38835586509444925,0.3430449678824934,1.1320844246503468,0.2577021870126264,0.09933228390622989,0.385343321241646,0.25777606210005993,0.7965999153177368,-0.007772797358006289,0.29937400418988463,-0.025963501336863634,0.9792884208528159,0.19067819497911462,0.32725639704810905,0.5826568913520231,0.5601742670621288
MKR,2713,2713,9,"log_daily_return,diff_fng_value,log_diff_AdrActCnt,log_diff_volume_trusted_spot_usd_1d,log_diff_TxCnt,log_UnemRt,log_IndPro,log_CPIPrc,log_TotRes",0,0.014903487275503946,0.011531152313723703,16703.426554563106,16762.208107928138,-8341.713277281553,1.8381216398798261,0.05690785590417055,2.0004373249935075,-0.024312826381243775,0.11139816882931435,-0.2182515802256695,0.827250037537776,-1.8986655213276784,0.6737413401282751,-2.8180926540238533,0.0048671059279507675,0.09714739053544105,0.11469304044977063,0.8470207970289738,0.39706062678877985,0.012010296642264023,0.1883136155534741,0.06377816392598305,0.9491517141621426,0.16748939160403395,0.12806030494348966,1.3078946803847102,0.19102338326810672,0.016579180078319558,0.19162706956017908,0.08651794402728152,0.9310612808098016,0.6209198380937482,0.28000805598333356,2.2175070496211227,0.026673669836933638,0.38174702009571626,0.36933771902713763,1.0335987916459375,0.3014188325018671,0.32521963734818793,0.23246631406498572,1.3989968338263112,0.161931895860391,-0.27815190663069916,0.20364623368720855,-1.3658583397026038,0.1721002628396356
NEO,2877,2877,9,"log_daily_return,diff_fng_value,log_diff_AdrActCnt,log_diff_volume_trusted_spot_usd_1d,log_diff_TxCnt,log_UnemRt,log_IndPro,log_CPIPrc,log_TotRes",0,0.007398954819934578,0.0040009291802919345,16567.7349490771,16626.516502442133,-8273.86747453855,1.693031991394659,0.08523567933364354,1.9983609861912948,-0.1391164554990223,0.1097375771814849,-1.2677193999731775,0.20501044030240892,-0.4731734264288674,0.1959264764922845,-2.4150560705229687,0.01580061614610848,0.09858909956192984,0.123728376472915,0.7968188250131261,0.42562821189322786,0.023474234777065527,0.13198981212471123,0.17784883847615285,0.8588553928612299,-0.06513343962688935,0.11693737857435714,-0.556994182877743,0.5775788165626312,-0.04792595668318921,0.12056038605432562,-0.3975265694785793,0.6910114703717039,0.5092709394978927,0.253341200838725,2.0102175951320707,0.044510127048669704,0.12357149982604063,0.3152316436108543,0.3920022064110626,0.6950883571402331,0.42440933704377504,0.2370878689681365,1.7900930102029542,0.07355400099018873,-0.15078682740596133,0.2172531088867754,-0.6940606197932296,0.48770551573426935
OMG,2877,2877,9,"log_daily_return,diff_fng_value,log_diff_AdrActCnt,log_diff_volume_trusted_spot_usd_1d,log_diff_TxCnt,log_UnemRt,log_IndPro,log_CPIPrc,log_TotRes",0,0.010802271814725484,0.00741589693695166,17230.997346644403,17289.778900009434,-8605.498673322201,2.611843401022934,0.005293255552134914,1.997258578075437,-0.17632684192424602,0.12351837291327976,-1.4275353355572635,0.15354441304876335,-0.4680185433237065,0.22338696504431899,-2.0951022958338403,0.03625735552114255,0.021463679842518214,0.14172595921969053,0.15144494318960436,0.8796363583439712,-0.14967099578994542,0.29911260231542997,-0.5003834496819679,0.6168469878794223,0.22044268068432368,0.15167026338850084,1.4534337566201982,0.1462227134829486,-0.25955520178666514,0.2953714132512596,-0.8787417811684871,0.3796216045246993,0.33092430814176754,0.31550110466402637,1.0488847843945432,0.29432756111381364,-0.4534156286789115,0.38231726222646845,-1.1859669271494402,0.23574253365260972,0.49008025083468054,0.29428017854518523,1.665352567262464,0.09596158287562881,0.1792933107726461,0.2582598229079436,0.6942361717507837,0.48759545217029465
PAX,2374,2374,9,"log_daily_return,diff_fng_value,log_diff_AdrActCnt,log_diff_volume_trusted_spot_usd_1d,log_diff_TxCnt,log_UnemRt,log_IndPro,log_CPIPrc,log_TotRes",0,0.000826676752132216,-0.003029481013404167,574.1046453899098,631.6922508314865,-277.0523226949549,0.16822200050919864,0.9970280232428648,2.887518020516793,4.743873300806301e-05,0.005694986566334504,0.008329911309798975,0.9933544817319875,-0.004541085259362924,0.010288392084422972,-0.4413794907989854,0.6589792071238934,-0.0048713411416343895,0.005309201064956687,-0.9175280954770415,0.3589608577455713,-0.0065192015305417985,0.015168772437382247,-0.4297777923331316,0.6673969961696797,-0.003381343522177515,0.008352524850136933,-0.4048289089642254,0.685640406926394,0.008346883493599341,0.016436190154107813,0.5078356611439694,0.6116166258309836,-0.000635451683788394,0.008884177170870866,-0.07152622821074427,0.9429850842826679,-0.0008026213211700089,0.007981003436398461,-0.10056646730780044,0.9199032617334788,0.00021136239157857652,0.011706643536123924,0.018054909669570303,0.9855965934753819,-7.736790206427837e-05,0.010698086107460841,-0.007231938618471394,0.9942304167073028
PAXG,1932,1932,9,"log_daily_return,diff_fng_value,log_diff_AdrActCnt,log_diff_volume_trusted_spot_usd_1d,log_diff_TxCnt,log_UnemRt,log_IndPro,log_CPIPrc,log_TotRes",0,0.004591097614942252,-0.0001489447773674879,5366.1646609381805,5421.660752589726,-2673.0823304690903,0.8744953918916144,0.5474356246583622,2.360501847659742,0.0404205482212828,0.022189396313876886,1.8216154982100368,0.06867134824709652,-0.009969333815146222,0.011679986727417027,-0.8535398239575647,0.3934681737848159,0.024882871981997293,0.022009926674167502,1.1305295265341204,0.25839660592421704,-0.03956344333018934,0.046402120236964654,-0.8526214562642437,0.39397729109897206,0.00967894332260859,0.04051321082971573,0.23890832457814612,0.8112025723057573,0.057248700369661135,0.063446611405709,0.9023129699328566,0.3670056132141143,0.02381584297441297,0.11768172128278781,0.20237503934178339,0.8396453217241,-0.07368607247158863,0.08771058880636091,-0.8401046381556705,0.4009559788530751,0.10272344981722333,0.07279647552489976,1.4111047145694182,0.15837832258580795,0.027625271718425798,0.024812731638280287,1.113350683074588,0.26569942144944403
PAY,2797,2797,9,"log_daily_return,diff_fng_value,log_diff_AdrActCnt,log_diff_volume_trusted_spot_usd_1d,log_diff_TxCnt,log_UnemRt,log_IndPro,log_CPIPrc,log_TotRes",0,0.01482020414208296,0.011447584072580841,18029.599219851203,18088.380773216235,-9004.799609925602,1.876263421066636,0.05103960430534484,2.01074158933286,-0.2265097419045197,0.14151395609097214,-1.6006176928507891,0.10958177006949331,-1.7502889500004066,0.5189414387935308,-3.372806292111868,0.0007548359408352802,-0.07374284965166972,0.15606928125788533,-0.47250073209358034,0.6366086390813561,-0.2171858889972622,0.3155482484056093,-0.6882810793425448,0.491336520048945,-0.14445671034873897,0.17979688751265743,-0.8034438879736971,0.4217908508438658,0.29249123997483567,0.3308097761356993,0.8841674614079567,0.3766866701724281,0.4456752118970674,0.3361193208197104,1.3259434501122331,0.18497361904192172,-0.04312421464721938,0.4203375149435097,-0.1025942560777973,0.9182928262134908,0.4747310076933567,0.34036374065701974,1.394775503339344,0.16320137927410167,-0.09575059055014448,0.3077231965149378,-0.3111581825307618,0.7557050410517365
PERP,1577,1577,9,"log_daily_return,diff_fng_value,log_diff_AdrActCnt,log_diff_volume_trusted_spot_usd_1d,log_diff_TxCnt,log_UnemRt,log_IndPro,log_CPIPrc,log_TotRes",0,0.006673425876831729,0.0008493612728522892,10399.09284742254,10452.520639315859,-5189.54642371127,1.6473344715640141,0.0969127968113347,2.0011593114927706,-0.17214063603051555,0.18253984651367605,-0.9430304633110262,0.3458137170603456,0.08490764738168685,0.0829098046481758,1.0240965799158352,0.3059510198692296,0.11177456502115055,0.21525304515876467,0.5192705401157448,0.6036469541430454,0.08431644891717341,0.3057583211041063,0.2757617474242504,0.7827681840875089,-0.8309410493378059,0.3108776693978534,-2.67288754109382,0.0075998063895501055,0.5679938900177183,0.442116495998877,1.2847154430065895,0.19908557393612153,0.6039011223932123,0.5544699246433026,1.0891503678611774,0.27625854150803975,-0.3868460248319024,0.6852664447824375,-0.5645191410980595,0.5724833561464785,0.939191753314525,0.7100440980563573,1.3227231321060569,0.18612449062417022,-0.1618480865441228,0.20403145559392252,-0.7932506586937459,0.42775439231304346
POLY,2542,2542,9,"log_daily_return,diff_fng_value,log_diff_AdrActCnt,log_diff_volume_trusted_spot_usd_1d,log_diff_TxCnt,log_UnemRt,log_IndPro,log_CPIPrc,log_TotRes",0,0.03975249122384528,0.03629560019225109,17483.098839995786,17541.379220317045,-8731.549419997893,5.97111466941241,2.6264703203805466e-08,2.0194526930473207,-0.12607273938076197,0.15849988560732914,-0.7954121789910761,0.4264492890996876,-1.583766673948781,0.2449755839729084,-6.464998055169156,1.2139662305709186e-10,0.09095959352587235,0.1488152448120377,0.6112249698662231,0.5411062254293733,-0.16097737247353344,0.3331264654914782,-0.48323201291147927,0.6289733234826629,0.26684563708493303,0.1943641816935162,1.3729157026766867,0.16990168634785419,-0.05892137884794113,0.3662946182704885,-0.16085788845641988,0.8722183272270737,0.5600679339812108,0.3794490316408037,1.4760030657065575,0.14006900548537327,-0.045936003676212256,0.4404672104277373,-0.10428926964076134,0.9169481586062972,0.2874139675935691,0.33671604297329083,0.8535796662838767,0.3934197050874604,0.10209160348372746,0.3067527407577892,0.33281398963714104,0.7393026028505569
POWR,2767,2767,9,"log_daily_return,diff_fng_value,log_diff_AdrActCnt,log_diff_volume_trusted_spot_usd_1d,log_diff_TxCnt,log_UnemRt,log_IndPro,log_CPIPrc,log_TotRes",0,0.00343345264297501,2.1851682072360212e-05,17387.446382924158,17446.22793628919,-8683.723191462079,0.8820143984225203,0.5405362218524334,2.0024428727046057,-0.06528709785257844,0.12678092679108752,-0.5149599352602935,0.6066243090695536,-0.15444959001581438,0.2729074314867251,-0.5659413126803299,0.5714819769484463,0.007747250399772178,0.15605423960797138,0.04964460061600558,0.9604093754344243,-0.2923641781413524,0.26650440769263223,-1.0970331810742322,0.2727273589041324,-0.309818103686719,0.2031173414889314,-1.5253158662654225,0.12730061559040592,0.49029263428970393,0.2966596450755295,1.6527109178091126,0.09850911635029455,0.14506419988351285,0.32429300056029425,0.44732448629134614,0.6546776411444801,-0.20872927225340876,0.42756766484836767,-0.4881783385734569,0.6254642385223868,0.18426454335892495,0.30130995199362237,0.6115448299657396,0.540891825637556,0.2342355936451814,0.2941360765855635,0.7963511187212113,0.4258998845503509
PPT,1818,1818,9,"log_daily_return,diff_fng_value,log_diff_AdrActCnt,log_diff_volume_trusted_spot_usd_1d,log_diff_TxCnt,log_UnemRt,log_IndPro,log_CPIPrc,log_TotRes",0,0.013496447857375693,0.008176776216103243,11921.638623414075,11975.89815998485,-5950.819311707038,1.993340569325346,0.03657111731570303,2.0003691619044184,-0.4911511631844411,0.2057192914293376,-2.387482281179966,0.017074925587118088,-0.8414824287960219,0.5183323367804278,-1.62344189062718,0.10468381735251005,-0.26730570843954754,0.20351171209787816,-1.3134659705038887,0.18920651109293754,-0.7662270389521899,0.41903402987436417,-1.8285556406526744,0.06764458948956045,0.002093356810521585,0.29664769160944865,0.00705671026517743,0.9943704499020629,0.6356678665654083,0.46702547484012447,1.361098913893326,0.1736661723479626,0.845737880078145,0.33309639974259897,2.5390183764570584,0.011206530183133917,0.4731524887757361,0.3561887888614165,1.3283755793892407,0.18423566990078188,0.09299899190154912,0.39360471217314275,0.2362750978973031,0.8132482009145471,-0.34316654753792514,0.46065057074290505,-0.7449606476867924,0.4564003957416155
QASH,2593,2593,9,"log_daily_return,diff_fng_value,log_diff_AdrActCnt,log_diff_volume_trusted_spot_usd_1d,log_diff_TxCnt,log_UnemRt,log_IndPro,log_CPIPrc,log_TotRes",0,0.029250678327745527,0.025740536144117532,17060.357157888604,17118.593617196955,-8520.178578944302,2.222097302300841,0.01824269649608776,2.037808922062224,-0.1886404399546585,0.1427173789559207,-1.3217762359055198,0.18636414266965456,-1.3640761980223142,0.6243009630512779,-2.1849657116583265,0.028984317524935497,-0.16904873355848157,0.13743828124314397,-1.2299974361540154,0.2188143077047168,0.4154453516454931,0.4117478178885316,1.008980093145175,0.3130822565048439,0.10716424030768694,0.16632549832374802,0.6443043393087853,0.5194374723112762,-0.476133997149519,0.4840199384787221,-0.9837074039677194,0.32535500837377107,0.3975760842364305,0.25609415095212185,1.5524606194959893,0.1206791831169241,0.22967184771094562,0.29816488239197186,0.7702847024386181,0.4412041320108565,0.23357439783399606,0.2815642846400879,0.8295597509199883,0.40686729234535424,-0.04807695000843862,0.2875651496693123,-0.16718628826798054,0.8672370541010518
QNT,2268,2268,9,"log_daily_return,diff_fng_value,log_diff_AdrActCnt,log_diff_volume_trusted_spot_usd_1d,log_diff_TxCnt,log_UnemRt,log_IndPro,log_CPIPrc,log_TotRes",0,0.004694234162803013,0.0006700868615744371,14362.910300969192,14420.034739311941,-7171.455150484596,0.9417453246578327,0.48727828700178555,2.132177516766665,0.14443413654586243,0.12525335224653247,1.1531358958088163,0.2489784161654773,-0.13606212608457194,0.21849453808523778,-0.6227255256673382,0.5335286929306858,0.10541334344839155,0.1531397804668073,0.6883472284410103,0.49130587401639503,0.2829131430568272,0.38906258186209924,0.7271661584693435,0.46720064110889237,0.25855043507121556,0.18332411346927757,1.410346026926484,0.1585772509074212,-0.24795864200904888,0.4068211101585203,-0.6095028891505416,0.5422533628435915,0.38562872744611854,0.3407406051060515,1.1317369332196148,0.2578669516829895,0.16332589795970126,0.3804376068387888,0.42931060185359365,0.6677387495533562,0.04362311170374997,0.2846852303034651,0.15323278856879635,0.8782285901907412,-0.08909898968288939,0.21197927515002987,-0.4203193431047867,0.6742927503718763
REN,2367,2367,9,"log_daily_return,diff_fng_value,log_diff_AdrActCnt,log_diff_volume_trusted_spot_usd_1d,log_diff_TxCnt,log_UnemRt,log_IndPro,log_CPIPrc,log_TotRes",0,0.013553020877973165,0.0097345164426621,15828.595658297567,15886.153329998597,-7904.297829148783,4.020968377817007,4.0235105689305205e-05,2.031797325415218,-0.023454123336464947,0.14744135642212486,-0.15907425098095104,0.8736241909079818,-0.6220170088928662,0.13568275886796707,-4.584348181614962,4.795351326811028e-06,0.3848295677152499,0.17749124614772846,2.1681608308443043,0.03024758170411786,0.33703890561023486,0.3066408891143873,1.0991322996213597,0.2718241628735148,-0.07274851618071934,0.19730274403566472,-0.36871517695450406,0.7123736057405214,-0.2987231626759356,0.33514907648035036,-0.8913142945612432,0.37285281025986694,0.23736759548547753,0.39856275094865207,0.5955589048913862,0.551527902514173,-0.3885340431100748,0.3931472430286743,-0.9882659741346245,0.3231252390935003,0.23780565802526688,0.2972873516929908,0.7999185188034814,0.4238397272708915,-0.0059332857896507996,0.25264750628179083,-0.023484442324291532,0.9812658635623324
REP,3161,3161,9,"log_daily_return,diff_fng_value,log_diff_AdrActCnt,log_diff_volume_trusted_spot_usd_1d,log_diff_TxCnt,log_UnemRt,log_IndPro,log_CPIPrc,log_TotRes",0,0.009496433706574048,0.006105588481529978,17625.641967540636,17684.423520905668,-8802.820983770318,1.1860652855757872,0.2992158678471703,2.0086584998245045,-0.1884375185927275,0.13642883320555482,-1.3812147635156575,0.16733031943416513,-1.2406220695341652,0.5710504502322251,-2.1725262085506634,0.02990505723727638,-0.01731263288142229,0.12922975035914142,-0.13396785827805816,0.8934382447535837,-0.004521736310204985,0.3102249890258481,-0.014575667564382545,0.9883718176324585,-0.12771769500691013,0.15445390780751245,-0.8268984373388454,0.4083696721029464,0.05177527340777492,0.3413014533746627,0.15169953979345865,0.8794355597256219,0.3190431043378281,0.28178009067741167,1.1322414708960968,0.257636186014058,-0.03302800139053147,0.3789143583477471,-0.08716481881169612,0.9305471415622453,0.30577896924744274,0.27511995898828817,1.1114386988566676,0.2664811933992255,-0.04389911044099781,0.27396582245374895,-0.16023571863022762,0.8727077036221148
SNT,2903,2903,9,"log_daily_return,diff_fng_value,log_diff_AdrActCnt,log_diff_volume_trusted_spot_usd_1d,log_diff_TxCnt,log_UnemRt,log_IndPro,log_CPIPrc,log_TotRes",0,0.0035242578231656774,0.00011296772062041605,16909.978440865525,16968.759994230557,-8444.989220432763,1.0827587822421119,0.3719616016676554,1.997237279686318,-0.09120084432014447,0.11649121348677416,-0.782898912204215,0.43375699119061395,-0.1118980338615032,0.2572008178714068,-0.43506095660025884,0.6635538929582154,-0.010123680198952267,0.11105405838803749,-0.09115993009079233,0.9273724583327483,-0.48359953007988016,0.3071136167209208,-1.5746600077304127,0.11545526599672136,-0.2919069874338422,0.14890022809600603,-1.9604200152442348,0.05005217843126122,0.5974710664408946,0.32454772236826424,1.840934399665712,0.06574378919909321,0.2843837186942092,0.31093736341203737,0.9146013061072988,0.3604848472623027,-0.10404848638231223,0.40186663710743803,-0.2589129745410917,0.7957226567586146,0.3453755794407307,0.24157425443351777,1.4296870345336385,0.15292568259966072,0.020023906260801444,0.23764129184509716,0.08426105625555057,0.9328552902943581
SNX,1878,1878,9,"log_daily_return,diff_fng_value,log_diff_AdrActCnt,log_diff_volume_trusted_spot_usd_1d,log_diff_TxCnt,log_UnemRt,log_IndPro,log_CPIPrc,log_TotRes",0,0.005603065019670894,0.0007285702403555527,12132.791589483073,12187.9993536337,-6056.3957947415365,1.2005723598500129,0.2900941205736417,2.0244173658091484,0.01048217300341215,0.14871962112407747,0.07048278447849746,0.9438170784513892,-0.17611939333405024,0.14461777032261486,-1.217826778418456,0.22344629077580286,0.03772907416439644,0.16400741894045132,0.2300449236268715,0.8180824884099323,0.04690587448482603,0.29104850287468187,0.16116171023570772,0.871983768728824,0.2439607845511172,0.2016667579308547,1.2097223511411028,0.22654118663112827,-0.32795472605417875,0.3531940588544896,-0.9285397583352072,0.3532497085847367,0.48163930605044614,0.5516444002777012,0.8730974261824935,0.38272415013235084,-0.1413527269008901,0.41206419024001856,-0.3430356974687734,0.731610876429528,0.3086124904922222,0.3686413107964612,0.8371619822679537,0.40261047802592254,-0.10256093802624856,0.16782393243439145,-0.6111222430468516,0.5411943065888458
SOL,1877,1877,9,"log_daily_return,diff_fng_value,log_diff_AdrActCnt,log_diff_volume_trusted_spot_usd_1d,log_diff_TxCnt,log_UnemRt,log_IndPro,log_CPIPrc,log_TotRes",0,0.010599772096127835,0.00574712792657206,12186.762197742437,12241.964543307184,-6083.3810988712185,1.6621341406069614,0.09296231197776039,1.9865381348502338,0.2810049564894323,0.15234399707472884,1.8445423638949934,0.06526521947341606,-0.35466657050699024,0.2602754785964238,-1.3626584126156838,0.17315739550785372,0.25034503313697165,0.18233457022267832,1.372998180384744,0.16992066532355843,0.08628228093916047,0.21814235283371586,0.3955319992579853,0.6924962883153012,0.2313883921803146,0.18293916022045043,1.26483794886497,0.20609003106070903,-0.11929306538707087,0.14991026432275134,-0.7957631582200217,0.42627263445643504,1.2271408134187707,0.5804182379424909,2.114235448163775,0.03462972466895205,0.6768010004379864,0.5076181739078196,1.3332875677553842,0.18260294214513348,0.3374409420804215,0.3397358972081144,0.9932448847868229,0.3207215821825006,0.05119231702827515,0.1749697693600905,0.29257806771706124,0.7698777577483542
SRM,1754,1754,9,"log_daily_return,diff_fng_value,log_diff_AdrActCnt,log_diff_volume_trusted_spot_usd_1d,log_diff_TxCnt,log_UnemRt,log_IndPro,log_CPIPrc,log_TotRes",0,0.00950958261667445,0.004302565235570488,12038.618037586224,12093.130454436101,-6009.309018793112,1.51981827652684,0.13526046911059927,2.0275920126224887,-0.2738649312585532,0.19254880382983683,-1.422314373350139,0.15511717254794008,-0.35080214959045575,0.247993953961343,-1.4145592825425832,0.15737959595396916,0.13752782191196566,0.20539706007002653,0.6695705472370342,0.503221884640327,0.4996090650873873,0.4739270044332477,1.0541899077577397,0.29194473196951776,0.6969658889948778,0.29420772919896504,2.3689584596995337,0.017948686677774463,-0.6135914149087143,0.5253390314789568,-1.1679912935106034,0.24297290645049507,0.7791475635259646,0.5914120997413987,1.3174359534859958,0.18786881867182056,0.3473318562429611,0.8520504149114568,0.40764237674721987,0.6835872160989418,0.20498755780085706,0.6791772784497216,0.3018174551845405,0.7628278816551202,0.04564367233445912,0.19541258064507944,0.23357591503977945,0.8153421526726149
SUSHI,1733,1733,9,"log_daily_return,diff_fng_value,log_diff_AdrActCnt,log_diff_volume_trusted_spot_usd_1d,log_diff_TxCnt,log_UnemRt,log_IndPro,log_CPIPrc,log_TotRes",0,0.014636032785853903,0.009391635562360445,11630.94546633141,11685.335182255369,-5805.472733165705,1.8253329756686425,0.05931098692219897,2.040058687325288,-0.17517609124455905,0.1896489713463268,-0.9236859551674649,0.35578162748583964,-0.7955685629006206,0.28054961242869103,-2.8357499980608067,0.004626236470702713,0.19327353178772835,0.36964645327124124,0.5228605065118994,0.6011398274356301,0.12156622277075646,0.31571738165827484,0.38504760850429487,0.7002505672434601,0.21868418185400249,0.30444221893527307,0.718310957720672,0.47266480651176146,-0.185200981439479,0.3971566737890873,-0.46631718327319666,0.6410485446143315,0.7297590983290702,0.5633877740975889,1.2953051732405232,0.19539177787010348,1.5069818568874904,1.082263790929905,1.392434884652898,0.16397381333319588,-0.7665144960801533,1.0159789384250002,-0.7544590415116539,0.45067868140346246,-0.16095799408114975,0.18909449626323965,-0.8512040131357345,0.3947765527676236
SWRV,1647,1647,9,"log_daily_return,diff_fng_value,log_diff_AdrActCnt,log_diff_volume_trusted_spot_usd_1d,log_diff_TxCnt,log_UnemRt,log_IndPro,log_CPIPrc,log_TotRes",0,0.003952512559734611,-0.001530317646358581,12401.641334350448,12455.696290982443,-6190.820667175224,0.5348532618928822,0.8499694511472287,2.0131758045233465,-0.296544327258222,0.2577698534800415,-1.1504228413629551,0.25013798469930587,-0.41189366135558303,0.5194769383895154,-0.7929007640503495,0.4279506813531285,0.29893402092904675,0.2031545815194502,1.4714608880254396,0.14135895441128624,-0.4704619507995524,0.5745107176936894,-0.8188915129175841,0.4129676521558221,-0.14336865463328521,0.38392045101676475,-0.3734332314248732,0.7088744422520172,0.39055841002612834,0.5824609377147771,0.6705315064705322,0.5026137293757311,0.6699464683323498,0.7943860705967117,0.8433512282373132,0.39915540156642015,0.7163418725428323,1.1037685916514526,0.6489964272955489,0.5164318339398245,-0.21607107365477973,1.0317477274375864,-0.2094223887378037,0.8341446062456521,-0.19676402837173754,0.2385617575241235,-0.8247928352549995,0.4096095275322459
TRX,2532,2532,9,"log_daily_return,diff_fng_value,log_diff_AdrActCnt,log_diff_volume_trusted_spot_usd_1d,log_diff_TxCnt,log_UnemRt,log_IndPro,log_CPIPrc,log_TotRes",0,0.012393765578233684,0.008824104489962292,14874.844842157738,14933.085302266301,-7427.422421078869,2.1106805015754873,0.025616189638534837,2.0440337443760486,0.07789120879995905,0.09386172173855385,0.8298506287464052,0.40670279247118035,-0.45387654935730093,0.14503784706253636,-3.1293662899008816,0.0017721228643152128,0.022324142599577046,0.11121549088276858,0.20072871523903768,0.8409270987380905,0.06930794070990672,0.18816058361166627,0.36834463084440344,0.712647589125248,0.08730081546618922,0.1213313298732917,0.719524096186524,0.4718855855511459,-0.19451273829724788,0.11862750776200902,-1.6396933726996956,0.10119525587007294,0.34532943599429744,0.264650750744314,1.3048496368254372,0.19206462923305104,0.04165914513774123,0.30200031126160876,0.13794404702336172,0.8902957922739967,0.3204468381684881,0.19424290908802028,1.6497221940970783,0.09912589897168596,-0.05543602417289024,0.17495301640332311,-0.3168623514617909,0.7513746132761905
TUSD,2521,2521,9,"log_daily_return,diff_fng_value,log_diff_AdrActCnt,log_diff_volume_trusted_spot_usd_1d,log_diff_TxCnt,log_UnemRt,log_IndPro,log_CPIPrc,log_TotRes",0,0.00314639743716294,-0.0004726757468085374,-666.5304852534455,-608.3341222297695,343.26524262672274,0.8818939467507578,0.5406543456244959,2.765533507632391,3.652928743867051e-05,0.004247323256179951,0.00860054326816768,0.9931385359379732,-0.0005167583846903954,0.006511556667926624,-0.07936019158609871,0.9367525366043498,-0.004310508012550109,0.0031888359488069997,-1.3517496922859098,0.17657872403765662,-0.023742933491899543,0.01099497841454905,-2.1594342977956034,0.030912114626855648,0.0010976288626508238,0.0052568047202504915,0.20880152888740383,0.8346203323671645,0.027495028924071872,0.012634092932997994,2.1762566628158773,0.029630191925209153,-0.00035730945302091775,0.004430504946190118,-0.08064756892511214,0.9357287447766522,-0.0006180849325537903,0.005171872193379731,-0.11950893398815456,0.9048818461195962,1.6728364165211583e-05,0.007328777673877723,0.0022825585533638457,0.9981789670084062,0.00013029425394832546,0.006013633590124005,0.021666477013548593,0.9827157486600522
UMA,1726,1726,9,"log_daily_return,diff_fng_value,log_diff_AdrActCnt,log_diff_volume_trusted_spot_usd_1d,log_diff_TxCnt,log_UnemRt,log_IndPro,log_CPIPrc,log_TotRes",0,0.004593715128980325,-0.0007261521892141243,11139.636174405638,11193.984653157757,-5559.818087202819,0.8869971194410784,0.5360975035647371,2.0452822442127183,-0.15315622016468639,0.1595295747378224,-0.9600490718814348,0.33716833737504814,-0.10304123153478759,0.24533248972551305,-0.4200064640850214,0.6745343121412216,-0.041181533035929765,0.1437693909400548,-0.2864415907075837,0.7745751584024201,-0.615555988159849,0.23866318589646301,-2.5791828171894506,0.009987586085961377,-0.10442439436141586,0.3065753354469803,-0.3406157713541023,0.7334353408944143,0.4049817968006208,0.35260541700610104,1.1485410525999193,0.2509083910891449,0.11917756204090577,0.4630349525735262,0.25738351150063843,0.7969141755511744,0.24935888237052362,0.7230795377752922,0.34485678178327267,0.7302451071966016,-0.10952642214973979,0.6847355451868625,-0.15995433991943608,0.8729362255002464,0.018394732668613994,0.1612856027784589,0.11405067998462892,0.909211214072545
UNI,1716,1716,9,"log_daily_return,diff_fng_value,log_diff_AdrActCnt,log_diff_volume_trusted_spot_usd_1d,log_diff_TxCnt,log_UnemRt,log_IndPro,log_CPIPrc,log_TotRes",0,0.010221400988185025,0.004900010670917165,10752.158623604826,10806.447895552848,-5366.079311802413,1.361002835842247,0.20065591265569116,1.9545814001972028,-0.027278953429231936,0.1462706648269244,-0.18649640692827857,0.8520780936445002,-0.5269872313837535,0.18858950926855925,-2.794361327030667,0.005259512387003181,0.07364606618373964,0.16266640250669442,0.4527429453707184,0.6507925203247957,0.2095628202565018,0.311427064453289,0.6729113945969657,0.5010965414960602,0.10729505879358456,0.19899829945151093,0.5391757572266526,0.5898372857214087,-0.25442577887434914,0.3470344785275595,-0.7331426547409874,0.463574077062748,0.6304336376693501,0.4494438447138005,1.4026972336684271,0.1608925707216424,0.7821049827443585,0.6780757960570899,1.153418227419682,0.24890342066259472,-0.2700434404994426,0.6257126735184227,-0.43157738675959834,0.6661041716619397,-0.18394248157507392,0.1486977302470464,-1.2370227929469528,0.2162521241135166
USDC,2437,2437,9,"log_daily_return,diff_fng_value,log_diff_AdrActCnt,log_diff_volume_trusted_spot_usd_1d,log_diff_TxCnt,log_UnemRt,log_IndPro,log_CPIPrc,log_TotRes",0,0.004395299139598352,0.0006539871113129259,-4556.0210933889675,-4498.168041563569,2288.0105466944838,0.8547263769016405,0.5655169911459301,2.720731807062956,1.6000333647986202e-06,0.0018950012351003852,0.0008443442332183285,0.9993263811711788,-0.00031741668042350644,0.0010706876824211967,-0.29646056981408164,0.766904079899957,0.0030498308009701052,0.0020944870661385086,1.4561230051388723,0.14548969173393408,-0.0010780503107396232,0.004702730429995209,-0.22923923171601426,0.8187025554764717,0.006905380343798925,0.004515877464127012,1.5291336841297223,0.1263633633630827,-0.0025058238438328403,0.0055986902228079526,-0.44757322589926685,0.6545017068229351,-1.7464885025379826e-05,0.0028370629553610164,-0.0061559737306419475,0.9950887873184762,0.00014993263442611578,0.003949221892496278,0.03796510768640156,0.9697186660844266,-0.00014217873665343155,0.002060124297946303,-0.06901463993952535,0.9449837276238134,-5.370138124810835e-05,0.0020585496291885127,-0.026086998577380727,0.9791901204869737
VTC,3265,3265,9,"log_daily_return,diff_fng_value,log_diff_AdrActCnt,log_diff_volume_trusted_spot_usd_1d,log_diff_TxCnt,log_UnemRt,log_IndPro,log_CPIPrc,log_TotRes",0,0.013944518034862186,0.009764348775471499,14429.562265085897,14486.215112270611,-7204.781132542948,1.9582320184809805,0.04036787578278857,1.991528268187885,-0.27069941625319904,0.20148049356089817,-1.3435514846571448,0.17923705086536507,-0.9693085078554644,0.30110154098362707,-3.219208060805548,0.0013048480291746214,-0.09005155817220498,0.15990629235572656,-0.5631520614077952,0.5733908117782205,-0.26153288755486953,0.2884683728840191,-0.906625863141055,0.36470756779478564,0.1647471105520837,0.19607887610995697,0.8402083580879814,0.4008861843479863,0.2909167708398064,0.2914722272374232,0.9980943076365064,0.31834737520075995,0.29530929776540593,0.28550959048028507,1.034323566044264,0.3011027269766055,0.05069495885338287,0.5021855779134667,0.10094865540347772,0.919600751170918,0.16150492444894166,0.27472550425313647,0.5878774338334763,0.5566770890320734,-0.03222361070370881,0.33268265436606037,-0.09685990622237924,0.9228467917752349
WNXM,1739,1739,9,"log_daily_return,diff_fng_value,log_diff_AdrActCnt,log_diff_volume_trusted_spot_usd_1d,log_diff_TxCnt,log_UnemRt,log_IndPro,log_CPIPrc,log_TotRes",0,0.0066412846928946,0.0013730298680484365,10855.691040124999,10910.115967352944,-5417.845520062499,1.8284547492127297,0.058787719531297265,2.012027782143538,-0.01504657312879519,0.14298455107513186,-0.10523215980787255,0.9162040288917006,-0.3630398366708854,0.12062497937773665,-3.0096571916006516,0.0026539749274692116,0.1910871310081333,0.1479608635142691,1.2914707745653644,0.1967163582839598,0.25419106858898033,0.2025710748505153,1.2548241093974417,0.20971540226853494,-0.18173737967355405,0.17425359615612798,-1.0429476560743156,0.29712108591072167,-0.13971235512794802,0.23155623138160716,-0.6033625365827472,0.5463481714716055,0.15667978001974536,0.46346367286387563,0.3380626987474031,0.7353577552268609,0.19145703973531208,0.8956577778760395,0.21376137679430732,0.8307588245131935,-0.007789081338657106,0.7939418184051604,-0.009810645009609785,0.9921735165292226,-0.10905361748304908,0.14938733786715802,-0.7300057624698051,0.46548741830042273
WTC,2484,2484,9,"log_daily_return,diff_fng_value,log_diff_AdrActCnt,log_diff_volume_trusted_spot_usd_1d,log_diff_TxCnt,log_UnemRt,log_IndPro,log_CPIPrc,log_TotRes",0,0.01787557614192914,0.01405242743313917,17124.785825771887,17182.287667394467,-8552.392912885944,1.6432432757218038,0.09761455770527298,2.00303497615589,-0.4007647768279722,0.1884286166056832,-2.1268785179622482,0.03353579235790097,-1.5647021244009698,1.6027493630770389,-0.9762612673244031,0.3290371435621994,0.06476805397993457,0.17758856707676843,0.3647084665756466,0.7153623930880477,0.06952389371131248,0.36388909169771044,0.19105792203594632,0.8484969892229146,-0.27887451431985466,0.3279753100349606,-0.8502911828641246,0.395251262681507,-0.06702872652201397,0.33365329635899627,-0.20089334423926689,0.8407996428122226,0.45423572648552285,0.32643293658531575,1.3915131580688547,0.164203738767154,0.16232407542946586,0.3857623523272455,0.42078775818891984,0.6739491808300787,-0.05970520466223067,0.4601190193146192,-0.12976034929215907,0.8967673220054972,0.032605245642579994,0.27800242447947127,0.11728403341672183,0.906645164364343
XAUT,1953,1953,9,"log_daily_return,diff_fng_value,log_diff_AdrActCnt,log_diff_volume_trusted_spot_usd_1d,log_diff_TxCnt,log_UnemRt,log_IndPro,log_CPIPrc,log_TotRes",0,0.0035593990873550307,-0.0011334137897844876,4895.566926280606,4951.172937908292,-2437.783463140303,4.401600492180104,1.025093127359838e-05,2.1091901732060543,0.040215725718850584,0.019797407960641198,2.0313631864738357,0.0423563009066432,0.010849912529668238,0.0037933910570179274,2.8602146118300826,0.00427952934970488,0.0029532533783617667,0.019284601352666523,0.15314049403221985,0.8783036508343083,0.025543238281074725,0.04157181275346578,0.6144364796539988,0.5390000798620234,-0.01017605802875161,0.021489276435252943,-0.4735412129585661,0.6358811951579686,-0.021389990820460128,0.050192673832907,-0.42615762793725803,0.6700409854034215,0.021229903694494207,0.06625042873786958,0.3204493027281939,0.7486627911487149,-0.0704263261064609,0.06311791863370819,-1.1157897413437463,0.26465243056096754,0.09713356866983494,0.05280895392376669,1.8393390031935464,0.0660203849205846,0.025085815233020267,0.024319303316999923,1.0315186626043078,0.30242818899249074
XEM,3713,3713,9,"log_daily_return,diff_fng_value,log_diff_AdrActCnt,log_diff_volume_trusted_spot_usd_1d,log_diff_TxCnt,log_UnemRt,log_IndPro,log_CPIPrc,log_TotRes",0,0.007625799114733378,0.004228550043616108,16514.06634259518,16572.84789596021,-8247.03317129759,1.6449825297249847,0.09707308061635848,1.9964758266382654,-0.16591441680067362,0.12615192155034807,-1.3151953197514796,0.1885589641000604,-1.8869070759225268,0.81300062775511,-2.320917120485787,0.020367451413191594,-0.10790461810428002,0.11908791432786386,-0.9060920977019142,0.36497014153886154,0.02377207403476997,0.19197238009581624,0.12383069909798991,0.9014587907227061,-0.03446137699797442,0.12962884985991205,-0.2658465074342348,0.7903782691649943,0.02361375938036381,0.18100325167572412,0.1304604152784447,0.8962121516204443,0.4159582379490513,0.2601919199601947,1.598659320445794,0.1100164878083856,0.006734238169929879,0.3925050446619362,0.017157074186728134,0.9863126088752627,0.447077462062253,0.22508039031553756,1.986301256344457,0.04710355900792593,-0.07590481452388041,0.258688043201763,-0.2934221991260674,0.7692226190761832
XLM,3531,3531,9,"log_daily_return,diff_fng_value,log_diff_AdrActCnt,log_diff_volume_trusted_spot_usd_1d,log_diff_TxCnt,log_UnemRt,log_IndPro,log_CPIPrc,log_TotRes",0,0.00948429585052235,0.00609340907328948,16255.725166095728,16314.506719460762,-8117.862583047864,2.42740465850646,0.009584887133882898,2.0055938218015705,-0.07416049870251805,0.11986781070046483,-0.618685686083282,0.5361770413042466,-0.22394708422986098,0.24593959950052802,-0.9105775754887337,0.3626014678633812,-0.02635714840963363,0.10647208871900218,-0.24754983889904325,0.8045020565143088,-0.3193046199769448,0.105359406472127,-3.030622805011884,0.0024642828621042065,-0.021143370432308656,0.14632629788889343,-0.14449467209484768,0.8851209387893124,0.5899046067481721,0.27482400100533855,2.146481401152125,0.031925842998777404,0.3311667513901573,0.24807376316345084,1.3349527461796036,0.18200739935024365,-0.14136898700669642,0.3911707309498745,-0.36139970560530454,0.7178297086371255,0.5087181755978847,0.22869548950745733,2.2244346694091504,0.026203821095558733,0.007749332094252492,0.24319679517191684,0.0318644498944752,0.9745825678839255
XRP,3803,3803,9,"log_daily_return,diff_fng_value,log_diff_AdrActCnt,log_diff_volume_trusted_spot_usd_1d,log_diff_TxCnt,log_UnemRt,log_IndPro,log_CPIPrc,log_TotRes",0,0.003176184660227621,-0.00023629702028116206,16376.079495700795,16434.86104906583,-8178.039747850397,0.7438847681972898,0.6688037601775225,2.000115568435158,-0.07089621319315481,0.12266438820211308,-0.5779689951768212,0.5633345515012775,-0.543379788100923,0.63481690094142,-0.8559630143669811,0.39209624341010074,0.06446427815347988,0.11116513683848503,0.5798965393902393,0.5620340817022088,-0.0536166287129933,0.1167379224103279,-0.45929058532096845,0.646063480295836,-0.03400396867869947,0.1545698287925735,-0.21999098365005906,0.8258952567668328,0.03498479896326745,0.16491175310975428,0.21214254474624314,0.832012274370771,0.36925169831260896,0.2680182118000667,1.3777112228032449,0.168409726015243,0.2864948518384026,0.4357072080072885,0.6575398491769044,0.5108914204449275,0.360263369223891,0.21536683493141257,1.6727894493997804,0.09448773251274784,-0.1815262818695626,0.25172414795791015,-0.7211317759626101,0.47089256337645147
XTZ,2527,2527,9,"log_daily_return,diff_fng_value,log_diff_AdrActCnt,log_diff_volume_trusted_spot_usd_1d,log_diff_TxCnt,log_UnemRt,log_IndPro,log_CPIPrc,log_TotRes",0,0.007958993970018535,0.00436608891799839,15735.89408260463,15794.114522686485,-7857.947041302315,1.461080583005251,0.1566574368168795,1.9845416131239624,-0.07998549900742902,0.11174592765580012,-0.7157799902453753,0.47419446032440515,-0.3679783847425945,0.17381147513442896,-2.1171121438213056,0.03434943687199025,-0.03658386116019274,0.12562066851451784,-0.29122485648900037,0.770903658385769,-0.02392493598067734,0.12998486453182845,-0.18405939850650085,0.8539818751965262,-0.2157535103285083,0.14466843178641114,-1.4913655153672183,0.13599248187975488,-0.10773747497450505,0.2296667647898611,-0.4691034641998895,0.6390368350869544,-0.002054268644917534,0.2918523163201955,-0.00703872654093917,0.9943845201232336,-0.36249546980832964,0.34503349242147985,-1.0506095140628229,0.29354012647871724,0.15062940774391478,0.2509250435781146,0.6002964295471881,0.5483634362033909,0.2073804200035636,0.23799052971160778,0.8713809757676623,0.3836303446265602
XVG,2800,2800,9,"log_daily_return,diff_fng_value,log_diff_AdrActCnt,log_diff_volume_trusted_spot_usd_1d,log_diff_TxCnt,log_UnemRt,log_IndPro,log_CPIPrc,log_TotRes",0,0.008017877842316445,0.004621970995827618,17808.624033034263,17867.405586399294,-8894.312016517131,1.2686070682647719,0.24878194259473138,1.9958956885870491,-0.07708242838950283,0.13651914535279172,-0.5646272410386617,0.5723755025678381,-0.3561185665556388,0.4457359031474988,-0.7989452140627661,0.4243943507929159,-0.032816718402289405,0.1428494709790381,-0.22972936600587737,0.8183199458135347,0.6309460783209028,0.32174942973341714,1.9609858480360571,0.04998609568927636,0.17523321029221228,0.19091759069148778,0.9178473793720737,0.3587829675230675,-0.27791802584295544,0.2771728209550304,-1.0026885929340308,0.3161034127969177,0.5837141992383454,0.32595555414841376,1.7907785028033891,0.0734438570222272,0.14331019362548553,0.3716573210010079,0.3855976608761512,0.6998258630187386,0.5211632109635765,0.28648470254451014,1.819165932193553,0.06899982259548892,-0.20249407140650053,0.23922626959797222,-0.8464541613544307,0.3973764745891948
YFI,1771,1771,9,"log_daily_return,diff_fng_value,log_diff_AdrActCnt,log_diff_volume_trusted_spot_usd_1d,log_diff_TxCnt,log_UnemRt,log_IndPro,log_CPIPrc,log_TotRes",0,0.011607723713841112,0.0064628246469958794,11269.367399745799,11323.978054889341,-5624.6836998728995,3.0635575914014987,0.0011962558245301057,1.958481794797293,0.06344965330545009,0.1542642624541123,0.41130494060038003,0.6808999221416807,-0.27667775800509953,0.06347462962364421,-4.358871562474426,1.3842817835011024e-05,0.24564676532467056,0.16409182954117418,1.4970079010730541,0.13457372120981112,0.02771270458217101,0.27448143420542626,0.10096385812903609,0.9195908566148461,0.235431505054369,0.23586033396414383,0.9981818523591168,0.3183308582517694,-0.046352689536931946,0.33468767230238977,-0.13849535962308276,0.8898650645440996,0.38996519824276293,0.45965061166744414,0.8483948206402074,0.39633556238498036,-1.2378316875504591,0.9318477011405303,-1.3283626562961108,0.18423363494808956,1.3618986357806113,0.7616236603919867,1.7881516904026848,0.07392659194109327,0.008582634035511377,0.14704975444076435,0.058365510831020775,0.9534642307488985
ZEC,3136,3136,9,"log_daily_return,diff_fng_value,log_diff_AdrActCnt,log_diff_volume_trusted_spot_usd_1d,log_diff_TxCnt,log_UnemRt,log_IndPro,log_CPIPrc,log_TotRes",0,0.0051739394440435404,0.0017682967871384125,16440.12909970164,16498.910653066672,-8210.06454985082,1.3107785991472372,0.22562791414076647,1.9975688344495182,-0.12084972122811137,0.1101042793837223,-1.0975933170312149,0.27248262933867096,-0.3527221464407011,0.18078094631904698,-1.9511024453772232,0.051150944292246175,0.049710800312891754,0.11627251412263158,0.42753698660426503,0.6690232664230713,-0.08676800856259725,0.10226915558637106,-0.8484279357261107,0.39627693069970715,0.058364399151782445,0.11580597479889267,0.5039843518707683,0.6143146034425991,-0.010267382405521858,0.1041935924172747,-0.09854139940201913,0.9215099122852194,0.2314391086727513,0.26675245512316936,0.8676175391371277,0.3856829266595341,-0.2167214018170643,0.3605709549208925,-0.6010506361074256,0.5478580770491633,0.34318126358360423,0.2526040728895462,1.3585737540093576,0.17439825146711846,0.14329046683820432,0.26404419763035014,0.5426760675832174,0.5873988546358468
ZRX,2850,2850,9,"log_daily_return,diff_fng_value,log_diff_AdrActCnt,log_diff_volume_trusted_spot_usd_1d,log_diff_TxCnt,log_UnemRt,log_IndPro,log_CPIPrc,log_TotRes",0,0.002908386922647832,-0.0005050115245548437,17138.84111544348,17197.62266880851,-8559.42055772174,0.8042724615373399,0.6123425058828195,1.9973556815833586,-0.07461110731753902,0.12253584519169848,-0.6088920935813952,0.5426485732636841,-0.20219404086096118,0.25558819215967127,-0.7910930436670813,0.42896105912940696,0.011008755403305745,0.13192851250920545,0.0834448535341259,0.9335041777516411,0.28908513752485965,0.28835116415407497,1.0025454149732251,0.31617250807438824,0.24011571532329914,0.1793935221317206,1.3384859858372866,0.18085380384931565,-0.4531540056014747,0.33643873776548094,-1.3469138798081914,0.17812406084137658,0.30518932637723306,0.2840543949911719,1.0744045216646552,0.2827400144642173,-0.17911615501406686,0.35878935687976765,-0.49922371324434156,0.6176635624012354,0.4220666116511867,0.2815957247200705,1.4988388480356223,0.13403550537088868,0.009264882840125749,0.2285506669687897,0.04053754453226312,0.9676676535191802
