symbol,n,nobs,n_regs,regs_used,opt_hac_lag,r2,adj_r2,aic,bic,log_likelihood,fstat,f_pval,durbin_watson,coef_Intercept,stderr_Intercept,tval_Intercept,pval_Intercept,coef_log_daily_return,stderr_log_daily_return,tval_log_daily_return,pval_log_daily_return,coef_diff_InvSIX,stderr_diff_InvSIX,tval_diff_InvSIX,pval_diff_InvSIX,coef_log_diff_AdrActCnt,stderr_log_diff_AdrActCnt,tval_log_diff_AdrActCnt,pval_log_diff_AdrActCnt,coef_log_diff_volume_trusted_spot_usd_1d,stderr_log_diff_volume_trusted_spot_usd_1d,tval_log_diff_volume_trusted_spot_usd_1d,pval_log_diff_volume_trusted_spot_usd_1d,coef_log_diff_TxCnt,stderr_log_diff_TxCnt,tval_log_diff_TxCnt,pval_log_diff_TxCnt,coef_log_UnemRt,stderr_log_UnemRt,tval_log_UnemRt,pval_log_UnemRt,coef_log_IndPro,stderr_log_IndPro,tval_log_IndPro,pval_log_IndPro,coef_log_CPIPrc,stderr_log_CPIPrc,tval_log_CPIPrc,pval_log_CPIPrc,coef_log_TotRes,stderr_log_TotRes,tval_log_TotRes,pval_log_TotRes
1INCH,1616,1616,9,"log_daily_return,diff_InvSIX,log_diff_AdrActCnt,log_diff_volume_trusted_spot_usd_1d,log_diff_TxCnt,log_UnemRt,log_IndPro,log_CPIPrc,log_TotRes",0,0.004637395890632834,-0.0010503904185636959,10029.68689358797,10083.370290451085,-5004.843446793985,0.639300745369799,0.7640711698570092,1.9913965120335435,-0.07840358222998578,0.1512844237559307,-0.5182528398063992,0.6043546662111599,-0.1482263730391108,0.22030932869945816,-0.6728102432798859,0.5011667191701028,0.09541811120688212,0.11423513310089384,0.8352781549491233,0.4036877997500129,0.1991611588129138,0.3051690647064951,0.6526256486857953,0.5140928866302723,0.21154863138806823,0.19366528944347042,1.0923414928714825,0.27485008542148226,-0.15804953060884108,0.34443678718787346,-0.45886367684248774,0.6463953790277838,0.6945145917783926,0.5397169159039195,1.2868127185067333,0.19834866790921998,-0.3037196997671683,0.6394800145971961,-0.4749479152346601,0.6348899486781621,0.8440042196688505,0.7019836966658861,1.2023131358712453,0.22942295600256515,-0.09634313494439287,0.1708779172249054,-0.5638126711106173,0.5729618947107882
AAVE,1694,1694,9,"log_daily_return,diff_InvSIX,log_diff_AdrActCnt,log_diff_volume_trusted_spot_usd_1d,log_diff_TxCnt,log_UnemRt,log_IndPro,log_CPIPrc,log_TotRes",0,0.016378898005461884,0.011026667099808374,10684.474250432138,10738.64404664595,-5332.237125216069,3.3069550500116542,0.0005210339491077192,1.919097903450452,0.048593240599852906,0.14913298290712387,0.32583831995176754,0.7445879016024859,-0.6734483801682554,0.14170275115669662,-4.75254273238173,2.182769568539022e-06,0.2845233191986496,0.13796208485806288,2.062329802361067,0.039332202789962294,0.01720995769608391,0.36613441152506704,0.0470044801973104,0.9625153313229011,0.10661978816530748,0.3475817506964609,0.3067473708031849,0.7590742812410369,0.0165743072104534,0.4794785841671234,0.0345673566197826,0.9724289025487667,0.7658030740085819,0.47241756636920695,1.6210300558766402,0.10520179830153337,0.4111861941603162,0.713537414387198,0.576264377830071,0.5645149015366517,0.2772388020632159,0.7049184466409878,0.3932920231897585,0.6941544959974244,-0.11885355602598753,0.1505912691856388,-0.7892459945966246,0.4300813627805634
ADA,2738,2738,9,"log_daily_return,diff_InvSIX,log_diff_AdrActCnt,log_diff_volume_trusted_spot_usd_1d,log_diff_TxCnt,log_UnemRt,log_IndPro,log_CPIPrc,log_TotRes",0,0.006066414321468039,0.002750846392962969,17227.17365025206,17286.213306592384,-8603.58682512603,1.9448462076992254,0.041848957536054464,2.076707676018543,0.07290083412164694,0.1110428048478899,0.6565111014757679,0.5115513157852518,-0.1518773975146434,0.10655365792611335,-1.4253607099998251,0.15416863365381975,0.03501653777021525,0.11916277238220939,0.2938546751656737,0.7688915568191281,-0.30003565125257436,0.22255883478327498,-1.3481183595553299,0.17773348663298766,0.06534024920458778,0.13665349781135014,0.4781454573141615,0.6325854188134598,0.35134213669621717,0.2093761026410778,1.6780431590060882,0.093454490458431,0.5934157438003351,0.2616448725466823,2.2680197705554455,0.02340673442614515,-0.004223644704409529,0.31803738942879844,-0.013280340126031345,0.9894051150090963,0.48769639974564283,0.23774501235127643,2.0513422970365185,0.04032998221348004,-0.09173026151088974,0.19902343757677568,-0.46090180446965545,0.6449062063904758
ALGO,2170,2170,9,"log_daily_return,diff_InvSIX,log_diff_AdrActCnt,log_diff_volume_trusted_spot_usd_1d,log_diff_TxCnt,log_UnemRt,log_IndPro,log_CPIPrc,log_TotRes",0,0.008273892925172444,0.00408350092344778,13735.985719413198,13792.671330493356,-6857.992859706599,1.8076132839734091,0.062166473673563545,2.0531685725631346,-0.09374969748292722,0.12818722684834677,-0.7313497591600041,0.4646459917639868,-0.0779519012129316,0.22462630047914914,-0.34702927060033856,0.7286036113525914,0.0852342444894447,0.15532795698696805,0.5487373048793516,0.5832432535535392,-0.0890319226427929,0.13796798748878522,-0.6453085550010642,0.5187967521434309,0.10291913073228351,0.13602734021161622,0.7566062129287638,0.44936949392796377,0.32687399065022704,0.16369109481991706,1.9968953779057672,0.04596359142739285,0.5552815466683928,0.35386531666909943,1.5691889555472833,0.11675244958150113,-0.1682249900851796,0.3579474964353957,-0.46997113196890805,0.6384237540477649,0.595844019445312,0.27208375943706903,2.1899286479946123,0.028637520489061284,0.20026105241034248,0.20439295601598195,0.9797845107474428,0.3273037687792656
ALPHA,1693,1693,9,"log_daily_return,diff_InvSIX,log_diff_AdrActCnt,log_diff_volume_trusted_spot_usd_1d,log_diff_TxCnt,log_UnemRt,log_IndPro,log_CPIPrc,log_TotRes",0,0.008707604877141173,0.0033103686060549364,11137.28226803437,11191.4460528263,-5558.641134017185,0.887594707742697,0.5355607942972023,2.0207215623494874,0.018747265718803093,0.17283246610169253,0.10847074130026257,0.9136354533338734,-0.1984089288106258,0.23246028573813923,-0.8535175295883812,0.39349603352439266,0.21009537879966766,0.16870328175242233,1.2453544271177226,0.21317799912698643,0.10512889176558515,0.27777088812102474,0.37847339754258374,0.7051275526505398,0.32658210961271983,0.2302250120796189,1.4185344444667796,0.15622329470626523,-0.19213471021476958,0.3274094317938787,-0.5868331561557713,0.5573959005538365,1.054923546266973,0.5700193223207904,1.8506803277684198,0.06439386165790607,-0.2307747884193014,0.7469697818855393,-0.308947957488679,0.7574000487013908,0.9090473614861074,0.720091731975727,1.262404942481342,0.20698118121830011,-0.16714746494253088,0.17106722467626626,-0.9770864363927498,0.3286693321825691
ANT,2627,2627,9,"log_daily_return,diff_InvSIX,log_diff_AdrActCnt,log_diff_volume_trusted_spot_usd_1d,log_diff_TxCnt,log_UnemRt,log_IndPro,log_CPIPrc,log_TotRes",0,0.020245572856875782,0.016876146091767574,18492.86146719057,18551.597445087427,-9236.430733595285,1.770993691466066,0.06874568487575142,2.154515393113739,0.024995901469134156,0.15915622168923169,0.15705261914260024,0.8752154936134953,-1.079478088812546,0.4460893203008188,-2.419869832536236,0.015593779940800068,0.3073208669367145,0.152532557994534,2.014788652188783,0.044028893803920936,-0.23610747076222624,0.30231922324513255,-0.7809872896199552,0.434880610094997,0.14083787361395425,0.16886139716108037,0.8340442278800175,0.4043321827436561,0.4768887340503311,0.30751473029375814,1.550783383920425,0.12107451990683929,0.24626139718308726,0.3564026917516769,0.6909639093148869,0.48964950405576535,-0.25888113563500553,0.4227703215789802,-0.6123446288001615,0.5403629683096143,0.40786763891389444,0.2935499298415254,1.389431907321811,0.16481965154979336,0.022047846907169696,0.3142511231354564,0.07015996215760884,0.9440717018701714
BAL,1801,1801,9,"log_daily_return,diff_InvSIX,log_diff_AdrActCnt,log_diff_volume_trusted_spot_usd_1d,log_diff_TxCnt,log_UnemRt,log_IndPro,log_CPIPrc,log_TotRes",0,0.023668353975419998,0.018678584063880566,11248.295160235768,11303.088156613596,-5614.147580117884,2.6439346572673568,0.004831680131967447,1.895754913782835,-0.14645699033046233,0.14011712506791676,-1.045246897975337,0.2960523257152895,-0.7823943588657813,0.21176940876133254,-3.694557979087301,0.0002269975942430078,0.057495337812553865,0.12737668505117813,0.45138039029240756,0.6517709941280094,-0.19456350913990114,0.2493706201579352,-0.780218251118264,0.43536727545450904,-0.4471944752114644,0.20101628650294148,-2.2246678763758805,0.026229850197353445,0.7239304359376261,0.26598437846914164,2.7217028312119966,0.006558632806893086,0.32058825779615363,0.4803730159356989,0.6673735767020403,0.5046209803488704,0.11930391316609096,0.6737736996958538,0.17706822516216586,0.8594751625636401,0.06570123199460472,0.4956904211349341,0.13254488929637778,0.8945684623023251,-0.06314051739568484,0.14710614041217157,-0.4292174155257804,0.6678175142059615
BAT,2794,2794,9,"log_daily_return,diff_InvSIX,log_diff_AdrActCnt,log_diff_volume_trusted_spot_usd_1d,log_diff_TxCnt,log_UnemRt,log_IndPro,log_CPIPrc,log_TotRes",0,0.004788955615258272,0.0015366319407983386,17702.81170400312,17762.056045851998,-8841.40585200156,0.7029006802785863,0.7068094466009963,2.0450664561729677,-0.019475805369980878,0.11150704330962287,-0.17465986714312018,0.8613597428654596,-0.35295176013813134,0.22295692781977883,-1.5830490830203325,0.1135250993253426,-0.012032544597744554,0.12324049303395242,-0.09763466780703013,0.9222294998591861,0.15438771655435293,0.2549200896057931,0.6056318150252386,0.5448091768261258,-0.05750620003796478,0.14562789837318899,-0.39488450139270864,0.6929587084460642,-0.11986016540493571,0.2680558685387761,-0.44714620895381413,0.6548046598216528,0.3170409577419856,0.2722054046632536,1.1647122074383431,0.2442363842656097,0.11265517419856633,0.3225101860768991,0.34930733682844023,0.726885296765858,0.11126969323242927,0.2520610452040684,0.44143946615132623,0.6589295312157639,-0.055257591740208556,0.2432279183122922,-0.22718441256098174,0.8202972103220447
BCH,2860,2860,9,"log_daily_return,diff_InvSIX,log_diff_AdrActCnt,log_diff_volume_trusted_spot_usd_1d,log_diff_TxCnt,log_UnemRt,log_IndPro,log_CPIPrc,log_TotRes",0,0.0012266664861149135,-0.001960907982546445,18268.685713616964,18328.166033523335,-9124.342856808482,0.5208393678443124,0.8604943513452935,1.9777339640567977,0.008172208582811452,0.11372846435599088,0.07185719625326994,0.942720650012812,0.1109430463873168,0.07842956221485659,1.4145564918925597,0.15730897355947698,0.0827662944522225,0.12384574509045322,0.6683014777114262,0.5039958653025501,-0.1289709891496597,0.2115736775667243,-0.6095795593900661,0.5421894653872126,0.04646762098418923,0.14821117929015398,0.31352305006101644,0.7539064989162566,0.09623505673145011,0.17738880673673413,0.5425091836503205,0.5875106516928141,0.24218688765134191,0.2484801202539019,0.9746730941850421,0.3298060414996449,0.09216749278068388,0.3347870538460698,0.27530184253498985,0.7831045182596341,0.22540436747723233,0.20555800291272186,1.0965487321500056,0.2729323396044155,-0.15821730394856123,0.20326278100537423,-0.7783879722888274,0.43640563186533965
BNB,2877,2877,9,"log_daily_return,diff_InvSIX,log_diff_AdrActCnt,log_diff_volume_trusted_spot_usd_1d,log_diff_TxCnt,log_UnemRt,log_IndPro,log_CPIPrc,log_TotRes",0,0.009461760756449222,0.006319411742282122,18035.390421777825,18094.930632650605,-9007.695210888913,2.018274105650454,0.0337073821622929,1.97529902457337,0.3160847732510328,0.10638090281903774,2.971254848144293,0.002990763747201798,0.3004740935068867,0.23933949165301993,1.2554304825820222,0.20942592193586235,0.17687688326408485,0.1030008968537249,1.7172363413036467,0.08604513666032644,-0.10759228314911712,0.501266637870184,-0.21464082191119396,0.830062790933038,0.12432727576831665,0.12267257749080937,1.0134887381626203,0.31091319860028205,-0.19595175604933138,0.5147484760676728,-0.3806747667254289,0.7034730957115554,0.39290736057366804,0.24504391226219,1.6034161263033884,0.1089541288261888,0.24011118966220918,0.30914557814145976,0.776692945458655,0.4374047008489018,0.039576618619687115,0.18660117442419288,0.21209201250641216,0.832050486901045,-0.30198071378328695,0.18481909355251078,-1.6339259541790156,0.10238535464662465
BSV,2389,2389,9,"log_daily_return,diff_InvSIX,log_diff_AdrActCnt,log_diff_volume_trusted_spot_usd_1d,log_diff_TxCnt,log_UnemRt,log_IndPro,log_CPIPrc,log_TotRes",0,0.004369601133016432,0.0005549252752884426,15342.756103319243,15400.41603411332,-7661.378051659622,1.072390567443397,0.3798889479982433,2.0789430296681166,-0.036949937445880196,0.12746154237274013,-0.2898908702816904,0.7719253123491283,0.12880199700937534,0.18608553023197555,0.6921655695034957,0.4889017704346742,-0.10739653668714755,0.1156691455795628,-0.9284804184299524,0.35325381568373215,-0.18874699915198476,0.1730186087952869,-1.0909057728889004,0.2754262320121581,-0.07057794540501763,0.1254126232142721,-0.5627658811061834,0.5736480207828358,-0.25736990925893943,0.14573223728146886,-1.7660465114650805,0.07751792106027865,-0.06993159875605953,0.37779322697023143,-0.18510548565649607,0.8531622792866067,-0.18111977012753366,0.46105902684853384,-0.3928342350556228,0.694477562057481,0.07972825853059226,0.2317372279331676,0.3440459663804457,0.7308425118282665,-0.024905394560204304,0.22183496870444236,-0.11226992167040417,0.9106189827065305
BTC,3803,3803,9,"log_daily_return,diff_InvSIX,log_diff_AdrActCnt,log_diff_volume_trusted_spot_usd_1d,log_diff_TxCnt,log_UnemRt,log_IndPro,log_CPIPrc,log_TotRes",0,0.0037620307002427245,0.0013793196389358942,20476.397931437656,20538.7541886373,-10228.198965718828,1.7346156605564431,0.07586579020729765,2.0370182109898964,0.15679798355120167,0.058728339224808614,2.669886218831904,0.0076203059666203115,-0.09928124463404356,0.08391373877431431,-1.183134562756882,0.23683056325008625,0.08784244821900777,0.05725408074367282,1.5342565469224707,0.1250506184239608,0.11861897635204736,0.06880951408828682,1.7238746403564476,0.08481261081145065,-0.003906367942215105,0.06820583516330084,-0.05727322204709231,0.9543305918758976,-0.0907542325527413,0.06019955329280671,-1.507556577892175,0.1317519972960665,0.29537152566438785,0.11961534856029568,2.4693446887837895,0.013580153507104495,0.10593447847482199,0.1976119417676676,0.5360732632209503,0.5919396026517367,0.2911002534634417,0.16113620523681807,1.806547777612229,0.07091267288925188,-0.24657170058850522,0.14132602686277046,-1.7447012844133074,0.08111851635153977
BTG,2775,2775,9,"log_daily_return,diff_InvSIX,log_diff_AdrActCnt,log_diff_volume_trusted_spot_usd_1d,log_diff_TxCnt,log_UnemRt,log_IndPro,log_CPIPrc,log_TotRes",0,0.0035360573513981697,0.0002570169551139312,18666.60297752007,18725.778341059508,-9323.301488760035,0.7589096884190263,0.6547722331243355,2.0272059060866883,-0.1939796545550997,0.13863090534114875,-1.3992525986737692,0.16185064804359864,0.1033487130747327,0.15915689581513207,0.6493511484087809,0.5161659586578402,-0.006587261365380917,0.17214827981846303,-0.03826504320767792,0.9694791545307246,-0.3693712209826327,0.4150072959909965,-0.8900354874499511,0.373525111999495,0.08270244359565983,0.14386823542922153,0.5748485296210276,0.5654410239675651,0.23380695191819104,0.2883934898894643,0.8107220173652491,0.4175958655207096,0.2628897279475804,0.30563960057343814,0.8601297981490265,0.3897928856510484,0.01892008720559664,0.40152589987569454,0.04712046523388397,0.9624206568326061,-0.024753081556261602,0.266736009765979,-0.09279992445706425,0.9260693078263235,0.06875482690554766,0.23996128998634303,0.2865246594959575,0.7744980113995461
BUSD,2080,2080,9,"log_daily_return,diff_InvSIX,log_diff_AdrActCnt,log_diff_volume_trusted_spot_usd_1d,log_diff_TxCnt,log_UnemRt,log_IndPro,log_CPIPrc,log_TotRes",0,0.20182904150009995,0.19830769903612977,8113.834070477371,8170.0900211986955,-4046.9170352386855,1.6281342612144352,0.10173914617325208,2.3278669264652336,-0.00033081289962619276,0.040751592646080144,-0.008117790695918073,0.9935238050081288,-0.8672613063433058,0.315565225107528,-2.7482790793814145,0.006043645587575241,0.052289831908369555,0.03653122065168055,1.4313737941292706,0.15247629033892154,-0.05161978425392229,0.10516951657551436,-0.49082458429727577,0.6236033128310476,-0.008328451492236634,0.013974248167671201,-0.5959856582126639,0.5512509260892288,0.08269602623574879,0.11706110938744706,0.7064346704766205,0.479998539729372,-0.011902789708649428,0.04772640918646108,-0.24939629675777042,0.8030793573925923,0.007314259937756958,0.02264680594890666,0.32297092818557377,0.7467503588932582,-0.018853429416399226,0.09368322768516053,-0.20124658257676167,0.840525832008363,-0.010273578713467003,0.017850821127775224,-0.5755241531988515,0.5650003357874225
COMP,1808,1808,9,"log_daily_return,diff_InvSIX,log_diff_AdrActCnt,log_diff_volume_trusted_spot_usd_1d,log_diff_TxCnt,log_UnemRt,log_IndPro,log_CPIPrc,log_TotRes",0,0.0279553354551616,0.023007144289492243,11327.58280467297,11382.415248833708,-5653.791402336485,6.8992484647420325,8.050558539804858e-10,2.134945711528799,-0.07478060634385814,0.13859530735112094,-0.5395608824937125,0.5895678434315306,0.9540274661155338,0.12612851453681423,7.5639316741265,6.250197882116139e-14,-0.02601895501330032,0.11631629529630637,-0.22369140065043452,0.8230232813910553,-0.16649543605111947,0.25596450099498036,-0.6504629954697685,0.515477712730561,-0.04636301874820592,0.22625416312196472,-0.20491564932316159,0.837661616036568,0.00925984698858687,0.30790561962797885,0.030073653737709972,0.976011706789978,0.7060919200886895,0.5142748141065133,1.3729856114292391,0.1699309283616422,0.7896944083279666,0.6830423753578847,1.1561426301174957,0.24777902341036734,-0.056307778183836005,0.4490557779160176,-0.125391501352348,0.9002278718945392,-0.19150869534122203,0.14869235756105265,-1.2879525113628596,0.19793103855737731
CRO,2264,2264,9,"log_daily_return,diff_InvSIX,log_diff_AdrActCnt,log_diff_volume_trusted_spot_usd_1d,log_diff_TxCnt,log_UnemRt,log_IndPro,log_CPIPrc,log_TotRes",0,0.003943520896100172,-8.728320099304909e-05,13714.771658153602,13771.887147949894,-6847.385829076801,1.314783341674271,0.22363416820597817,2.121971992829072,0.01655805230655947,0.10864425229293219,0.15240615087409135,0.8788804306179341,0.012622854298162872,0.1369879163798537,0.09214575001754877,0.9265905387580827,0.009254581080955532,0.13459528819628297,0.06875858141080982,0.9451879684207893,-0.06643503334674024,0.29531053417741254,-0.22496668983311083,0.8220258553150532,-0.05891378893628575,0.1452450553382059,-0.40561648587006194,0.6850634309062453,-0.026967610892847535,0.33496769250832054,-0.08050809524616367,0.9358404017311508,-0.07731551720628455,0.2692347729512002,-0.2871676505928091,0.7740107070114987,-0.5808205365862117,0.2849884432947416,-2.0380494376240854,0.041663084387179423,0.21595917509153978,0.2264788080235753,0.9535513586289253,0.34041441220856783,0.31645262250068684,0.185260505344403,1.7081494078427297,0.08774816947989979
CRV,1750,1750,9,"log_daily_return,diff_InvSIX,log_diff_AdrActCnt,log_diff_volume_trusted_spot_usd_1d,log_diff_TxCnt,log_UnemRt,log_IndPro,log_CPIPrc,log_TotRes",0,0.012621340321052443,0.007424610533268483,11804.67175946788,11859.172555165955,-5892.33587973394,2.9597949214211314,0.0016998125872246931,2.004264193125456,-0.15682239700740008,0.18547347571946696,-0.8455246573617765,0.3979362635729763,-0.39299322720101193,0.1482978272151071,-2.650026872146767,0.008122730653405309,0.3782354068311035,0.1742527855776109,2.170613259221846,0.030097621570550445,-0.03741646210480018,0.35867439385498684,-0.10431874353408058,0.9169286374082968,0.5572929497879582,0.26700835131589595,2.087174228976188,0.03702013822032703,-0.25809368460673754,0.4357428055179108,-0.5923073917421887,0.5537230751612583,0.21332723837702944,0.6121403693816669,0.3484939877311388,0.7275121276913706,1.259743370455854,1.018944415970378,1.2363219727311174,0.2165086924785771,-0.8963022759988715,0.8473220703438311,-1.0578058891292244,0.29029335336686035,0.17663504097594315,0.2013716171649527,0.8771595692716383,0.38052318635041626
CVC,2819,2819,9,"log_daily_return,diff_InvSIX,log_diff_AdrActCnt,log_diff_volume_trusted_spot_usd_1d,log_diff_TxCnt,log_UnemRt,log_IndPro,log_CPIPrc,log_TotRes",0,0.007610306147967205,0.004396377668417606,18703.76683538127,18763.101219257544,-9341.883417690635,1.658200176591421,0.09364627122744819,2.0095717097937262,-0.043581269494254504,0.12940414041981133,-0.3367841968028896,0.7363050173515782,-0.3752598425098849,0.31041590318891554,-1.2088937411222327,0.22680651524391332,0.1297016900215382,0.10962250289662907,1.1831666546041484,0.23684431118842364,-0.47963468818641586,0.2965695690017095,-1.617275466936566,0.10593232546484739,0.2858423280418978,0.1710713727778313,1.6708951556326048,0.09485498753526765,0.1516683129161469,0.2941562260775801,0.5156046327441877,0.6061715884814285,0.5489142787514739,0.38789479813061256,1.4151112141664828,0.15714793457130194,0.18536213604057122,0.4294781147194155,0.43159856041016453,0.6660666849155535,0.29526667577435234,0.282071473796682,1.046779639926232,0.295292257497901,-0.024060913266126666,0.317420113473304,-0.07580147648126356,0.9395824976426016
DAI,2019,2019,9,"log_daily_return,diff_InvSIX,log_diff_AdrActCnt,log_diff_volume_trusted_spot_usd_1d,log_diff_TxCnt,log_UnemRt,log_IndPro,log_CPIPrc,log_TotRes",0,0.005239992340102306,0.0007160711329577962,1260.5679002197312,1316.5217730082709,-620.2839501098656,0.4591260189276933,0.9022960025424442,2.6133034625717073,0.003630879300787474,0.007602136067296701,0.4776130377890756,0.6329783945669405,-0.013618239238622622,0.016382184274468335,-0.8312834851849807,0.405913785949521,0.009426108371459576,0.011836538461061601,0.796356840512827,0.425920174598057,0.007467144431221315,0.009404778661328656,0.7939734362835497,0.4273060874463591,0.01088031912240634,0.009430368407878488,1.1537533478879265,0.24874062222348964,-0.02371005311540926,0.017427875955337346,-1.3604671720278096,0.173837063620719,-0.004797738881969586,0.024255155514326148,-0.19780284975438864,0.8432196311586565,-0.009548072129653546,0.025183314817541224,-0.37914278556383363,0.7046225101574397,0.00807769596271797,0.021354062102335362,0.3782744437103872,0.7052672997356471,0.006688965891331849,0.008145701666016348,0.8211650960945499,0.41165114244857914
DASH,3803,3803,9,"log_daily_return,diff_InvSIX,log_diff_AdrActCnt,log_diff_volume_trusted_spot_usd_1d,log_diff_TxCnt,log_UnemRt,log_IndPro,log_CPIPrc,log_TotRes",0,0.00419415852704319,0.0018124809896378213,23665.39381039008,23727.750067589724,-11822.69690519504,1.7676043528880365,0.0692217699659203,2.0032205175607842,0.07222646884127579,0.08979969502348337,0.804306393494855,0.421270854858962,-0.2167096493679918,0.13673668728993835,-1.5848683602263796,0.11308027397447414,0.029335619259687865,0.07725214314490275,0.3797385815518762,0.7041609068288439,0.11909609878674311,0.10712128826762378,1.1117874020447025,0.2663005950601647,-0.029133235656177363,0.10134297538567766,-0.28747168262334866,0.7737670106922698,-0.12314287603521919,0.147406349710903,-0.8353973643383075,0.40354705025046955,0.3139603482267152,0.1970763005635979,1.5930903275982593,0.11122391633198052,-0.030134399853815122,0.3090427147991058,-0.09750885042996107,0.9223274991241158,0.3886709223677554,0.22546557664551248,1.7238592611360892,0.08481538814841828,-0.35404041163375916,0.23032353064111089,-1.537143906435784,0.12434214759545144
DCR,3301,3301,9,"log_daily_return,diff_InvSIX,log_diff_AdrActCnt,log_diff_volume_trusted_spot_usd_1d,log_diff_TxCnt,log_UnemRt,log_IndPro,log_CPIPrc,log_TotRes",0,0.0132548772727058,0.010531569666282659,21205.13735477148,21266.065865046865,-10592.56867738574,2.9029145450787017,0.0020048323957663153,2.09519859189214,0.06799050027510814,0.10769950408426397,0.6312981740557733,0.5278898265173796,-0.44017875190823624,0.2859251962492198,-1.5394892009606773,0.12378193444073264,0.10407174638436906,0.10837253402230339,0.9603147819995681,0.3369680087108239,0.2560735043661737,0.27848074232158365,0.9195375674145018,0.357882477047765,-0.2838886672724188,0.12871770795854376,-2.205513691743572,0.02748759152576487,-0.40604598705431094,0.31959860906336407,-1.270487341119209,0.20400172236695063,0.7829042848480958,0.23560285552316756,3.322983005064259,0.0009004303015067066,0.6762441828637933,0.3128879899107705,2.161297987361691,0.03074488930174117,0.36255712658439554,0.23796764105693968,1.5235564170577491,0.12771652210887932,-0.6984529141189578,0.2667683164046773,-2.6182004052513927,0.00888037223479395
DGB,3763,3763,9,"log_daily_return,diff_InvSIX,log_diff_AdrActCnt,log_diff_volume_trusted_spot_usd_1d,log_diff_TxCnt,log_UnemRt,log_IndPro,log_CPIPrc,log_TotRes",0,0.0025237532687877318,0.0001124488850700045,25931.1691561911,25993.418830980245,-12955.58457809555,1.1774354233511832,0.3047285824992198,2.05984642309873,0.11881090624592297,0.12763637579889758,0.9308545898633167,0.3519891416255658,-0.06205733761242954,0.12319572240614204,-0.5037296458057509,0.6144811767920034,0.025008114976221192,0.13883268991852687,0.18013131482864053,0.8570592825581367,0.11952681582734989,0.12300790818488465,0.9717002556266336,0.33126281456785833,0.07463212732880149,0.14798791270857478,0.5043123182348738,0.6140717663059899,-0.02123401266432684,0.13971741681854755,-0.15197827978671888,0.8792123016960605,0.5634362237130326,0.25273094564596327,2.2293915067382333,0.025847300893468858,-0.008248318628785556,0.44085134868345227,-0.01870997707825582,0.9850734716774636,0.7159147405093592,0.36192667913122806,1.978065674041624,0.047994912208845185,-0.5080514544006605,0.2901972711608983,-1.7507106540604724,0.08007812205209117
DOGE,3803,3803,9,"log_daily_return,diff_InvSIX,log_diff_AdrActCnt,log_diff_volume_trusted_spot_usd_1d,log_diff_TxCnt,log_UnemRt,log_IndPro,log_CPIPrc,log_TotRes",0,0.005221507514255319,0.002842287096404883,25058.301518487267,25120.657775686912,-12519.150759243634,1.659644938395427,0.09312628681399715,1.991560246266715,0.18636092581849417,0.10768200737557915,1.730659841513675,0.08359442992701233,-0.007935791644759674,0.24231399336813933,-0.03275003450875038,0.9738756604053794,-0.09429644916825293,0.08774175190348225,-1.0747044265993342,0.28257598571099724,-0.026874127955510238,0.10721870713888772,-0.2506477523618928,0.802100142881158,0.3104791539892683,0.13752206358797328,2.257667939884089,0.024023446370255514,0.014708103331193934,0.09085834450530778,0.16187949947002075,0.8714094378688191,0.7037383234937827,0.2672008863468814,2.633742474118093,0.008479518935033051,0.7164893712541612,0.37048508582077383,1.9339223053118277,0.05319757802956859,0.1991559414725325,0.25141503208956395,0.7921401509579796,0.4283288935345957,-0.474065926988912,0.2068895597481151,-2.291396083814379,0.021995519680129146
DOT,1745,1745,9,"log_daily_return,diff_InvSIX,log_diff_AdrActCnt,log_diff_volume_trusted_spot_usd_1d,log_diff_TxCnt,log_UnemRt,log_IndPro,log_CPIPrc,log_TotRes",0,0.0066432175575884544,0.0013996920197691942,10643.440218352061,10697.911901948062,-5311.720109176031,0.7059967199596611,0.7039122195127931,2.0417702393006083,0.05075194089247384,0.13342769830770174,0.3803703544029758,0.7037178974425109,-0.06972491697118656,0.1452688468421614,-0.4799715733060413,0.6313091728858813,0.11526840521558085,0.11567989507237628,0.9964428576241535,0.31917641011984205,0.14076566153984407,0.20155142972946877,0.6984106326052163,0.48501567263009027,0.007981210824601029,0.12510821524970048,0.06379445833090594,0.9491413689074433,-0.13189050358309384,0.2172356588903255,-0.60713100352314,0.5438448173622911,0.3829979504331795,0.42956505276168094,0.8915947607257138,0.37273598375980366,-0.8809250701460851,0.7719537224127854,-1.141163057537573,0.25396232801353485,1.0208006184334306,0.6217275208594358,1.6418778068925468,0.10079974597943696,0.08197494318496111,0.14772859533403998,0.5549023396560533,0.5790342474414214
DRGN,2705,2705,9,"log_daily_return,diff_InvSIX,log_diff_AdrActCnt,log_diff_volume_trusted_spot_usd_1d,log_diff_TxCnt,log_UnemRt,log_IndPro,log_CPIPrc,log_TotRes",0,0.009688405389266963,0.006344013512532887,19255.133336645107,19314.05038323841,-9617.566668322554,2.0622853446501965,0.029593098429639426,2.0044709162890775,-0.10605567438615905,0.1722020642696785,-0.6158792279055939,0.5380268271734516,-0.6415302826535667,0.2636291593352105,-2.4334572255637563,0.015020726574428496,0.1009971307922151,0.1476070872680473,0.6842295492817985,0.4938897191994659,0.18813321286805,0.37921394687911114,0.4961136435417672,0.6198551462093611,-0.28054654832658305,0.18999484754628554,-1.47660082338937,0.13990081974762503,0.0975703413826747,0.4185358042368219,0.23312304561515138,0.8156837631723011,0.3904386894240669,0.3713988202845557,1.0512652924554886,0.29323207670701723,-0.48042262091880844,0.47985671891694576,-1.0011793145319294,0.3168310194559893,0.9729092882314431,0.4052438952129674,2.400799369772495,0.016427449309643842,0.032296653982947794,0.2998466451860362,0.10771057305947088,0.9142333901698378
ELF,2717,2717,9,"log_daily_return,diff_InvSIX,log_diff_AdrActCnt,log_diff_volume_trusted_spot_usd_1d,log_diff_TxCnt,log_UnemRt,log_IndPro,log_CPIPrc,log_TotRes",0,0.0063373893826504935,0.0029967231534551164,17724.90923032683,17783.871036412984,-8852.454615163415,1.3817327987453416,0.19049852727496455,2.118227245136179,-0.04274203826098641,0.12500920573975716,-0.34191112572914295,0.7324446147533199,0.027862648655428437,0.3797294792009462,0.073374995046629,0.9415131967981603,0.302050386287139,0.14554565042447315,2.075296550643948,0.038054346416153025,-0.11252180128660746,0.23564851371840492,-0.4774984552674441,0.6330462029616517,-0.3486290431282715,0.1618824340213989,-2.1535940278868484,0.03136105439402998,0.0456073285018731,0.23811053364620927,0.19153847502453478,0.848118265854086,0.1969622733451305,0.3767226503626242,0.5228309823036638,0.6011351442360515,-0.11849791496783385,0.38554231939677536,-0.3073538467923243,0.7585979616525987,0.20349231131395562,0.26944377574107453,0.7552310709507878,0.4501767883087028,0.1257776616630159,0.27392636679936616,0.4591659544593607,0.6461522773030512
EOS,2548,2548,9,"log_daily_return,diff_InvSIX,log_diff_AdrActCnt,log_diff_volume_trusted_spot_usd_1d,log_diff_TxCnt,log_UnemRt,log_IndPro,log_CPIPrc,log_TotRes",0,0.008103495127653515,0.004544057909211974,15641.301881174533,15699.614083320575,-7810.650940587267,1.626610040183736,0.10199936530428054,2.0109924608366097,-0.1134756147665251,0.10658732244564417,-1.0646258125528363,0.28714777944622766,-0.3540423950961791,0.17323704463119152,-2.043687571846474,0.04108869375700466,-0.039613665462464046,0.10051356397720687,-0.39411263410624964,0.6935313897922651,0.08138639087476257,0.0974287458921109,0.8353426920314354,0.40360435491163105,-0.11882611368991165,0.1128783024826952,-1.0526922453332277,0.2925834734673723,-0.23923109974492257,0.10166971438409379,-2.353022246537856,0.01869835280546584,0.2859966281673012,0.2649736547930384,1.0793398626391106,0.28054003678870854,0.038916855455349626,0.3141874826740515,0.12386507293074836,0.9014320333800688,0.2677646721760512,0.2132028971384888,1.255914791824433,0.20926384833307674,-0.052008756041853225,0.1938423225561562,-0.2683044412387613,0.788487053480332
ETC,3232,3232,9,"log_daily_return,diff_InvSIX,log_diff_AdrActCnt,log_diff_volume_trusted_spot_usd_1d,log_diff_TxCnt,log_UnemRt,log_IndPro,log_CPIPrc,log_TotRes",0,0.007563136373766599,0.004764912134218924,21066.31788699141,21127.03319592698,-10523.158943495706,1.2834918640746258,0.2403021765113472,1.8479929461455302,0.10821817404710371,0.11416576361770227,0.9479039128532896,0.34325012790907317,-0.48402922902039636,0.30393917926291064,-1.5925200238884172,0.11136692203228807,0.18658737840025605,0.21200526799320937,0.8801072735901663,0.37886745436774405,-0.04114989402440286,0.09288583933066823,-0.44301579574375827,0.6577843305023345,0.07908122074448448,0.11559524367943284,0.6841217530004214,0.49394794919634455,0.13717677843394951,0.10334891467052432,1.327317068314343,0.18449874507069963,0.3835986073805109,0.2752863651553854,1.3934529854538513,0.1635798677172179,0.1495776471983194,0.44003660465752,0.3399209193397343,0.733938447578407,0.2145564512240104,0.2282616409178869,0.9399584194752779,0.3473100124415539,-0.2724665013729185,0.2489803284639272,-1.0943294317823749,0.2738930917383805
ETH,3584,3584,9,"log_daily_return,diff_InvSIX,log_diff_AdrActCnt,log_diff_volume_trusted_spot_usd_1d,log_diff_TxCnt,log_UnemRt,log_IndPro,log_CPIPrc,log_TotRes",0,0.004972699335130559,0.002445824135925201,22206.528182759692,22268.286472846838,-11093.264091379846,2.1805533529864665,0.0206171857000077,2.03488817447891,0.21350885372481176,0.0918038857430874,2.3257060634918543,0.020090391567300865,-0.17325054014137264,0.14928586385651627,-1.16052877121634,0.24591175505214102,0.11693498279347163,0.0877436693963891,1.3326885414970329,0.18271970846758015,-0.009096336231603348,0.08462058148123998,-0.10749555335565694,0.9144019375292934,0.06682847815930443,0.1128309844843968,0.5922883546987576,0.5536952972753413,0.0508408619782673,0.15631666286687504,0.32524275432853395,0.7450165517554743,0.4796878563624754,0.2139408240357815,2.242152046129578,0.025013159422260005,0.06004283996041836,0.3678881715900324,0.16320948754864822,0.8703628020848916,0.4009947634669814,0.20565410213675786,1.949850546624759,0.051272688565909615,-0.3533253424906956,0.24411173321658644,-1.4473918882760548,0.14787564407253645
FTT,2111,2111,9,"log_daily_return,diff_InvSIX,log_diff_AdrActCnt,log_diff_volume_trusted_spot_usd_1d,log_diff_TxCnt,log_UnemRt,log_IndPro,log_CPIPrc,log_TotRes",0,0.007966974207971655,0.0036558697984456767,14101.928271230234,14158.33430949417,-7040.964135615117,0.9832471834282315,0.4516768469784741,1.9587039540216475,-0.015078342481082863,0.1567824620261662,-0.09617365543453683,0.92339195879716,0.3498578989938601,0.9031997275429254,0.3873538579840114,0.6985340611127413,0.4126910673182717,0.3406207442125831,1.2115852435009336,0.2258094067254869,-0.06399110308864575,0.34247193835727624,-0.18685064649556324,0.8517960376242575,-0.10389813487822795,0.2634749440076699,-0.39433781936852186,0.6933722464189391,-0.0849398167715062,0.29456168785197745,-0.2883600287291604,0.773100017513532,0.29206763046508677,0.2508995078032371,1.1640821180651137,0.2445248198323948,-0.010804223761699983,0.2904819802262553,-0.03719412733720905,0.9703338057410678,-0.02312016567725883,0.24166585830251117,-0.09566997109007262,0.9237919469725528,0.13051124038433434,0.19208236868694972,0.6794545552332176,0.4969258239087253
FUN,2828,2828,9,"log_daily_return,diff_InvSIX,log_diff_AdrActCnt,log_diff_volume_trusted_spot_usd_1d,log_diff_TxCnt,log_UnemRt,log_IndPro,log_CPIPrc,log_TotRes",0,0.007330598256372278,0.004126141794502658,18653.766037046247,18713.1326385985,-9316.883018523124,1.2593327785071493,0.2540744129960565,2.0910343028715928,-0.05995875435627562,0.12802820302370047,-0.4683245795863909,0.6395891040563436,-0.3693914241516357,0.31068812828878206,-1.1889460539936996,0.23456215020907145,0.05218103542755385,0.11382506225358173,0.45843186372526556,0.6466779349326895,-0.027335851906746325,0.20120843223086712,-0.13585838129975136,0.8919430454439559,-0.33004460283990256,0.1650053824970299,-2.000205071163926,0.04557495445949248,0.2336387375624387,0.24113004217006995,0.9689325123480566,0.3326629086921923,0.5987828368658409,0.32468308281821695,1.8442070700711144,0.06525900208769729,0.2590417130670304,0.39188303389113627,0.6610179330677308,0.5086554304761319,0.35075969077918395,0.2635231603279468,1.3310393300637176,0.18328490454590055,-0.14221026954548632,0.22919333650784562,-0.6204816933699041,0.5349914179019224
GAS,2853,2853,9,"log_daily_return,diff_InvSIX,log_diff_AdrActCnt,log_diff_volume_trusted_spot_usd_1d,log_diff_TxCnt,log_UnemRt,log_IndPro,log_CPIPrc,log_TotRes",0,0.02621466378679249,0.02309910458810105,19152.60757402856,19212.063128311096,-9566.30378701428,2.2007891819644123,0.019437821896778215,2.193889074579817,-0.036165101914158254,0.13479618878518146,-0.26829469171263387,0.7884921643600176,1.10852009254195,0.40109915331393187,2.763705890135187,0.005752115357569453,-0.032846529248326636,0.14865061183371042,-0.220964642144028,0.8251360006417467,-0.22083296816514805,0.1436432187174014,-1.5373713436455851,0.12431486657627322,-0.3076618756743497,0.1437768543133409,-2.1398567741915198,0.032452139685289524,-0.25960948949620904,0.13546313163037402,-1.9164586435561075,0.055407968455606846,0.3510454778616809,0.30412820150484154,1.1542680886701409,0.24848832659085487,0.009834521303842159,0.3754644387765459,0.026192950085733902,0.9791052968799728,0.3367757690528499,0.24500397879302718,1.374572652705159,0.16937345966111444,-0.06346582087233466,0.23495467615015023,-0.27011942010371465,0.7870881968553995
GNO,2951,2951,9,"log_daily_return,diff_InvSIX,log_diff_AdrActCnt,log_diff_volume_trusted_spot_usd_1d,log_diff_TxCnt,log_UnemRt,log_IndPro,log_CPIPrc,log_TotRes",0,0.009128300707800796,0.006064801809267717,18463.707574877786,18523.504387901663,-9221.853787438893,4.834302173568673,1.948726814062787e-06,2.007383256954537,0.013973666773551406,0.10481697153886653,0.13331492570714007,0.8939535388290419,-0.36957236890244344,0.07114451604825256,-5.194671204900561,2.1922738818362426e-07,0.18153080411184344,0.11695708467086449,1.5521146463482693,0.1207434993429425,-0.16303315384443798,0.17577100411990193,-0.92753156108288,0.35372750874799375,0.14227286185606516,0.13577255260724735,1.047876460477409,0.2947825224363711,0.10411006557289593,0.20170453770147204,0.5161513308489942,0.6057879219312498,0.4299030148995347,0.25927528431015556,1.6580948548310812,0.09740606412921061,-0.14969754674051655,0.3015229275365479,-0.4964715219620291,0.6195992610605991,0.3836429466918967,0.23943701053971878,1.6022708679294024,0.10920422097303821,0.041663132086176766,0.22847936384694356,0.18234965024712935,0.8553210337647728
GNT,3023,3023,9,"log_daily_return,diff_InvSIX,log_diff_AdrActCnt,log_diff_volume_trusted_spot_usd_1d,log_diff_TxCnt,log_UnemRt,log_IndPro,log_CPIPrc,log_TotRes",0,0.003989989985806908,0.0009849312898203566,19959.80194011206,20019.842255190586,-9969.90097005603,1.4038452369533656,0.18043446736539245,2.1105837914186045,0.08324525851853759,0.12373344698093121,0.6727789498288742,0.5011400438869942,0.16564928070716195,0.16862318828886935,0.9823635906076406,0.326000423797821,0.07879843518363575,0.11610689689568962,0.6786714423556442,0.4973987114548988,-0.3189179984164108,0.1535184991826659,-2.0773913249174107,0.03785082147709189,-0.16345349652753918,0.12860089677450376,-1.2710136603024471,0.2038228933345101,0.17793323738330857,0.15398894399416335,1.155493587838701,0.24798090033779302,0.46143786660781144,0.29869528195506484,1.5448448451798087,0.12248987174675935,-0.003606252036645219,0.3505951815274872,-0.010286085567215598,0.9917937236870261,0.42729728905987197,0.2777207287943364,1.5385862298247934,0.12401140362547451,-0.23479381936714902,0.2838048357667161,-0.827307324531096,0.40812906822185646
GUSD,2449,2449,9,"log_daily_return,diff_InvSIX,log_diff_AdrActCnt,log_diff_volume_trusted_spot_usd_1d,log_diff_TxCnt,log_UnemRt,log_IndPro,log_CPIPrc,log_TotRes",0,0.13414448731735173,0.13090965974817614,8180.49361585664,8238.40471096274,-4080.24680792832,1.40432977054835,0.18035959180118344,2.7899044373261,-0.009984126933592782,0.026408839840956447,-0.3780600357198875,0.7054193046939882,0.5090874791991423,0.2193091704264296,2.3213232634515983,0.020352455775950483,0.021427335876189578,0.025386649530447235,0.844039535445231,0.3987311196550457,-0.061576008167887185,0.06967822362695328,-0.8837195462610509,0.3769358096974068,0.018987771313274067,0.05303355432942861,0.35803316510388306,0.7203498623486922,0.06519118509845324,0.0495212690821235,1.316427997641651,0.18815566320775928,0.023003331861747644,0.055531103788228786,0.4142422947231922,0.6787335496467439,-0.011452258378661997,0.08675851262337145,-0.1320015527280597,0.8949940870588509,0.034655235578324936,0.06330431757561736,0.5474387357059661,0.5841280614909845,0.02979553368547836,0.03728351478066607,0.7991610732185928,0.42427580556036393
HEDG,817,817,9,"log_daily_return,diff_InvSIX,log_diff_AdrActCnt,log_diff_volume_trusted_spot_usd_1d,log_diff_TxCnt,log_UnemRt,log_IndPro,log_CPIPrc,log_TotRes",0,0.022575671689835874,0.011675028623179817,6331.795500450793,6378.851891399393,-3155.8977502253965,1.9727017525832617,0.0396162847447265,2.022758173144607,-0.03395972580464794,0.40542782014991613,-0.08376269243706701,0.9332658840111165,-1.6592574437029088,0.6079341421642552,-2.72933748678093,0.0064843492439076245,-0.2428588141631391,0.325978177999565,-0.7450155579538921,0.45647922564732346,0.3009819284693789,0.7932004892577121,0.37945252498651616,0.704451678102227,0.6343604949247938,0.49235825032801267,1.2884124405393396,0.19797169369522846,0.45025026518318234,0.8140366296375787,0.5531081142916634,0.5803425659035706,-0.2895316250393941,0.5143627024127886,-0.5628938950690828,0.5736634803141532,0.057825906524957005,0.604522000560524,0.09565558651519673,0.9238178634072778,-0.2197327548269868,1.4625879099454446,-0.15023558811940607,0.8806162900211506,-0.07924679707564708,1.505538706979383,-0.05263683803563098,0.9580342916653061
HT,2278,2278,9,"log_daily_return,diff_InvSIX,log_diff_AdrActCnt,log_diff_volume_trusted_spot_usd_1d,log_diff_TxCnt,log_UnemRt,log_IndPro,log_CPIPrc,log_TotRes",0,0.003304289232759716,-0.0007038704620145886,13603.309488424722,13660.487450534858,-6791.654744212361,1.0353753220369086,0.4088474380103804,2.037340703121365,-0.07560842343166102,0.10481701496185672,-0.7213373082526267,0.4707773557550923,-0.04329702207674582,0.1993943273607582,-0.21714269733666902,0.8281169329883383,0.04356123439821261,0.10370689704206121,0.420041825960188,0.6744952208519457,-0.060326529371714156,0.22373220305626126,-0.2696372205146705,0.7874642207390485,-0.07751013351744541,0.08851423889049584,-0.8756798283419236,0.3812980868205966,0.17976228353695045,0.22635203420714742,0.7941712746987726,0.42717992901816304,0.19388100100316707,0.25226886323727704,0.7685490730610223,0.4422421384192726,0.15281235987916178,0.2798851147024155,0.545982447268186,0.5851324210034736,-0.1456709253699519,0.19006198907934724,-0.7664390237920592,0.4434959545102488,-0.12604326518913994,0.16657163409805661,-0.7566910529012484,0.4493146249316079
HUSD,1218,1218,9,"log_daily_return,diff_InvSIX,log_diff_AdrActCnt,log_diff_volume_trusted_spot_usd_1d,log_diff_TxCnt,log_UnemRt,log_IndPro,log_CPIPrc,log_TotRes",0,0.00836034604011937,0.0009723022606169529,-584.969770861871,-533.9201163791726,302.4848854309355,0.6641346156923313,0.7419455131632358,2.947178289952361,-0.0007582440578799551,0.005430930608210725,-0.1396158619175888,0.8889867804449322,-0.0007022065315179108,0.00651151586441545,-0.10784071576257291,0.9141399526824472,-0.002607643955810637,0.0026895289910827225,-0.9695541354848453,0.332462863707779,0.00017851041994658076,0.005862477670215324,0.03044965456389094,0.975713474390342,-0.0021960476170559636,0.001463191567416812,-1.5008613130083646,0.13365275366459664,0.016723102518430413,0.01808414373423038,0.9247384208065249,0.3552866743484019,-0.0012383319819575722,0.0053086860332144485,-0.23326525136536527,0.8155949592555808,-0.0015440297881236294,0.005341730096084085,-0.2890505061750549,0.7725923237963223,-0.002007108696702996,0.012344209388370544,-0.16259515968628088,0.8708643918777258,0.0020169055557343815,0.007553679273512355,0.26700968927908275,0.789507275195778
ICP,1481,1481,9,"log_daily_return,diff_InvSIX,log_diff_AdrActCnt,log_diff_volume_trusted_spot_usd_1d,log_diff_TxCnt,log_UnemRt,log_IndPro,log_CPIPrc,log_TotRes",0,0.027880100699571475,0.02180856767132444,9193.22073406914,9246.020816597982,-4586.61036703457,15.148354787401344,9.013100113479937e-24,1.9602089745806521,-0.2984079232721242,0.1569435662890079,-1.9013708578701018,0.057452759925930505,-0.7606905696129388,0.09017701786032505,-8.435525898529606,7.905703021849252e-17,0.021803553410143534,0.1605793088432936,0.13578059070749407,0.8920137000207972,-0.17678093193299027,0.4345490560204299,-0.40681467255259457,0.6842045242947679,0.1047179609914692,0.17450061076266826,0.6001008279214115,0.5485333963277655,-0.006126850353350033,0.5204780433739831,-0.011771582742728035,0.9906094822443309,-1.237834544702282,0.7411482798242518,-1.6701577516928316,0.09510533137194631,-0.7105783239372585,0.6384103991197074,-1.1130431536157026,0.26587553131297004,-0.07245689567073305,0.7661827526327487,-0.09456868537141754,0.9246705714966481,0.3534988050786647,0.24875372442844257,1.4210794467133838,0.15551002221530394
KNC,2803,2803,9,"log_daily_return,diff_InvSIX,log_diff_AdrActCnt,log_diff_volume_trusted_spot_usd_1d,log_diff_TxCnt,log_UnemRt,log_IndPro,log_CPIPrc,log_TotRes",0,0.0030153233824995462,-0.00023218370745969885,18308.57504945195,18367.851899908106,-9144.287524725974,0.9272537911897467,0.4999584026186973,2.0276470842493763,-0.05213766043160885,0.12320407987069817,-0.42318128171020764,0.6721959377565776,-0.16504784115322563,0.17641393766582958,-0.9355714369114414,0.3495756464742116,-0.07889956721075089,0.11297368760300244,-0.6983888804976391,0.4849928020763534,0.261080732021292,0.2772615534173964,0.9416405873924202,0.3464590023749219,0.011277777897294158,0.13974344887527979,0.08070344612261222,0.9356836410432536,-0.24680347280674864,0.27606664370739503,-0.8939996136162591,0.37139996186368973,-0.09563734899854953,0.30925880338116246,-0.30924697357984726,0.7571569816415936,-0.588131368349138,0.3798307457893061,-1.5484037952930152,0.12163963315244883,0.14931730570567844,0.2771215450268749,0.5388152180343749,0.5900577699177763,0.38527134273207597,0.25959640890965013,1.4841166114365076,0.13789205105578095
LDO,1358,1358,9,"log_daily_return,diff_InvSIX,log_diff_AdrActCnt,log_diff_volume_trusted_spot_usd_1d,log_diff_TxCnt,log_UnemRt,log_IndPro,log_CPIPrc,log_TotRes",0,0.009503582756431594,0.002739950165238647,8916.901933982062,8968.816227282427,-4448.450966991031,1.2419396361441792,0.2649115060048706,2.028998653259386,-0.16554706359758176,0.18391244788047978,-0.9001406131311284,0.36820986010819456,-0.12673640473936074,0.1738704154537379,-0.7289129919464751,0.4661843861943561,0.265383466555114,0.18834664158013426,1.4090161859467165,0.15906625927013363,-0.17306969012331913,0.3381640316439069,-0.5117921302333087,0.6088822350323986,-0.8495883519669475,0.32943297113431164,-2.578941473409975,0.010017966545122183,1.002336067705315,0.46958278162739525,2.134524746055636,0.032983908619629326,-0.6492615727232871,0.798578313589619,-0.8130217934479697,0.4163523990609339,0.12051594181034439,0.642617097505123,0.18753927070759838,0.8512667024682646,-0.6781441938431773,0.9628889748047911,-0.7042807754452264,0.4813823517809619,0.04209812776998319,0.3003990969568729,0.1401406601965486,0.8885702679515177
LEND,2730,2730,9,"log_daily_return,diff_InvSIX,log_diff_AdrActCnt,log_diff_volume_trusted_spot_usd_1d,log_diff_TxCnt,log_UnemRt,log_IndPro,log_CPIPrc,log_TotRes",0,0.010462746016004498,0.007152026578883364,18546.87764459526,18605.887715115186,-9263.43882229763,2.6312139298286286,0.004966135414336665,2.0077524527662938,0.17967608130739005,0.14359480228886057,1.2512714836707464,0.21094425237902703,-0.2393750015005715,0.18990978541314385,-1.2604669158032975,0.20761029867231334,0.18776657604926955,0.13409187719920868,1.400282999769785,0.16154391685483271,-0.7070190396145906,0.3244513627003772,-2.17912180651713,0.029409115445394634,-0.31783172517657965,0.24887690064272197,-1.2770639796452887,0.20168987950949863,0.5581050972412065,0.3231297472184684,1.7271857575646572,0.08424909876923889,0.7571799158844129,0.40312448933357636,1.8782781396787425,0.06045120481515054,-0.23730051515447836,0.44958656783371753,-0.5278194059441862,0.5976682202834309,0.8276550498831728,0.3114568507864726,2.6573666554234614,0.007921948714507021,-0.21646638851902197,0.2669980603782453,-0.8107414271562978,0.41758589847201166
LINK,2801,2801,9,"log_daily_return,diff_InvSIX,log_diff_AdrActCnt,log_diff_volume_trusted_spot_usd_1d,log_diff_TxCnt,log_UnemRt,log_IndPro,log_CPIPrc,log_TotRes",0,0.00959579232442842,0.0063673830998430825,18171.779135008866,18231.048770457495,-9075.889567504433,1.674287184104325,0.08966255292754263,1.9412373354479917,0.1464700812942351,0.12081102444406364,1.2123900278823627,0.22546684739237394,-0.5244669997592284,0.22615914188229486,-2.3190174644020742,0.020466741521892387,0.18756438300402528,0.11395915934470059,1.6458912480802494,0.09989996871363067,0.22122094941626397,0.292701923921986,0.7557891880315283,0.4498400736033147,0.10960779211698765,0.16597450200388988,0.6603893416979122,0.5090591001730924,-0.0569875383600984,0.33929871849247073,-0.16795683347493395,0.8666295396692885,0.38565885910929176,0.2974271396172269,1.2966498605527876,0.19486004378902935,-0.016623785372316874,0.34749377273847576,-0.04783908857217984,0.9618479440011938,0.38916132261980624,0.25048871009337687,1.553608234378049,0.12039250489588182,-0.27689776855034565,0.2322560501210014,-1.1922090658395623,0.23328173582852257
LOOM,2585,2585,9,"log_daily_return,diff_InvSIX,log_diff_AdrActCnt,log_diff_volume_trusted_spot_usd_1d,log_diff_TxCnt,log_UnemRt,log_IndPro,log_CPIPrc,log_TotRes",0,0.002474654211149452,-0.0010529403319150532,17323.977353044702,17382.43542807108,-8651.988676522351,0.7584307374401412,0.6552183589122004,2.00938897606975,-0.12636218579930586,0.14246688990311618,-0.8869582671822047,0.3751851759448589,-0.1285752128780408,0.20512926302487552,-0.6268009302136907,0.530845953948584,0.015245156935454363,0.18128838189373334,0.0840934028766978,0.9329887837069357,-0.20850781578961733,0.32103230416372674,-0.6494916962726535,0.5160792236791971,-0.053714859433248136,0.161879258824375,-0.33182051748534447,0.7400521134571469,0.0819926662892361,0.32447746912489656,0.25269140107128923,0.8005271001158258,0.44871946432226506,0.344270296441447,1.3033929123728007,0.19255855178885656,0.14094970763907255,0.3950567161007947,0.35678347410529954,0.7212834869185969,0.23930664173607066,0.288524234559955,0.829416087355889,0.4069467871823136,0.019516262999555015,0.2758726397020898,0.07074374254957033,0.9436072647840241
LPT,2354,2354,9,"log_daily_return,diff_InvSIX,log_diff_AdrActCnt,log_diff_volume_trusted_spot_usd_1d,log_diff_TxCnt,log_UnemRt,log_IndPro,log_CPIPrc,log_TotRes",0,0.00686349559137811,0.0030008212008517665,16169.769517473283,16227.279968653002,-8074.884758736642,2.23216053423521,0.01771006969753411,2.0155153103942847,-0.017474461338014863,0.16271895461444702,-0.1073904474092743,0.9144885422154696,-0.31543085784240515,0.11602588740931231,-2.718624824903416,0.006604312174728165,-0.1427849634061128,0.18454308551318835,-0.7737215567250754,0.43917450463281216,-1.0131939354856971,0.4781065589913239,-2.1191801627303826,0.03418148399432295,-0.08997306559504017,0.17112590911142236,-0.5257711474681341,0.5990976032582285,0.9981029562461935,0.5280434809388345,1.890190850328494,0.05885730004814384,0.6319564175776966,0.44450299565758145,1.4217146425364433,0.15524386775112908,-0.015864432548264973,0.49070652274923576,-0.03232977719428467,0.9742118510362099,0.42260730169313343,0.3629463397467902,1.1643795663787815,0.24439025521232038,0.05222552937809813,0.26668687607999386,0.19583089406481652,0.8447597227725796
LTC,3803,3803,9,"log_daily_return,diff_InvSIX,log_diff_AdrActCnt,log_diff_volume_trusted_spot_usd_1d,log_diff_TxCnt,log_UnemRt,log_IndPro,log_CPIPrc,log_TotRes",0,0.001944204788134507,-0.0004428539832994627,23360.867851447827,23423.22410864747,-11670.433925723913,0.8763378143712016,0.5456630305017258,2.0066700895795573,0.09641973889910324,0.08609716416737176,1.119894480051219,0.2628302034331425,-0.10032304854681769,0.13547983474861294,-0.7405017044268635,0.45904182768129964,-0.006983550630919943,0.08558651714304362,-0.08159638765587458,0.9349720134381059,0.03848525824524854,0.08476295565369489,0.45403393438146267,0.6498305876863555,-0.05341486585944513,0.09044972008605602,-0.5905476082029326,0.5548590413852487,-0.07704291697922172,0.09352324939752579,-0.8237835776187213,0.41011474709845874,0.3242866919803393,0.18119484731566823,1.7897125485880065,0.07358051749574411,0.21438780598332946,0.2936774769166964,0.7300110591870211,0.46542886585210763,0.22558284519921493,0.21329891862738581,1.0575901961945153,0.29031020042993394,-0.3238245931310605,0.2147167719507208,-1.5081476411417958,0.131600692313238
MAID,3675,3675,9,"log_daily_return,diff_InvSIX,log_diff_AdrActCnt,log_diff_volume_trusted_spot_usd_1d,log_diff_TxCnt,log_UnemRt,log_IndPro,log_CPIPrc,log_TotRes",0,0.015505895090293098,0.013088310658045499,26074.520213669974,26136.613297786444,-13027.260106834987,1.7397694154776229,0.07480257611760953,2.2106980955712294,0.04769670837851476,0.138429008574731,0.3445571767767567,0.7304470737231717,-0.9209552374159922,0.6191023022528108,-1.4875655187596435,0.13695153935913126,0.11859436452601207,0.14371229447676853,0.8252207297767635,0.4092999947096856,-0.4017891077360836,0.4171859433138819,-0.9630935897420349,0.3355640968238469,-0.36551282001069596,0.18983511455479857,-1.9254226009128863,0.05425379920593879,0.49556424058863985,0.39643075443586384,1.2500650745269417,0.2113555891285572,0.5538010634556644,0.2169730124817401,2.5523960658575953,0.010738692818239966,0.12120615696280367,0.3855385994070765,0.31438138009840716,0.7532492907329686,0.6177559853549295,0.40960716342979214,1.5081669475265773,0.13159799699154912,-0.46483492335302945,0.2463686812956647,-1.8867451857453648,0.059273582253783215
MANA,2836,2836,9,"log_daily_return,diff_InvSIX,log_diff_AdrActCnt,log_diff_volume_trusted_spot_usd_1d,log_diff_TxCnt,log_UnemRt,log_IndPro,log_CPIPrc,log_TotRes",0,0.0038496058668149313,0.0006431131818368518,20147.08082434413,20206.475976950755,-10063.540412172066,1.2942357375946294,0.23446643527139055,1.9685818349626336,0.07738658427018619,0.16309031641608024,0.4745014049317038,0.6351794521017765,-0.3912198040753294,0.3426609199687465,-1.1417111823286177,0.25367185861040953,0.17788971925265495,0.13220318354308216,1.3455781811387661,0.17854769742964463,-0.02291828125238557,0.4451331674292572,-0.051486348197200694,0.9589416577971059,0.21900783987141828,0.25357609668762876,0.863676989796109,0.38783943897396467,-0.007737445606735088,0.48454310528844224,-0.01596853927398077,0.9872606298319979,0.3747701337334384,0.3524909934652081,1.0632048497160518,0.2877808793740271,0.16126505166919597,0.4028408881517001,0.4003194720603125,0.6889518109180772,-0.0983203817584404,0.30491466920213184,-0.32245212083667435,0.7471343126312038,0.14856234356759168,0.34008000396375737,0.43684527709963245,0.6622572938466549
MKR,2713,2713,9,"log_daily_return,diff_InvSIX,log_diff_AdrActCnt,log_diff_volume_trusted_spot_usd_1d,log_diff_TxCnt,log_UnemRt,log_IndPro,log_CPIPrc,log_TotRes",0,0.004921949999689201,0.001571518854906917,17266.44664394606,17325.393552450314,-8623.22332197303,1.0430983801594043,0.4026350651004651,2.230236523906972,0.013822507338859494,0.11588970949229042,0.11927294838700961,0.905068077438788,-0.2977093138383845,0.26129899781459737,-1.139343496639133,0.25466200282010043,0.16633571880507778,0.11936501019148534,1.3935048347773107,0.1635830358601662,0.01779137504247602,0.19477700803440928,0.09134227505606309,0.9272274720345594,0.0665245502024467,0.13354629220159828,0.4981385039280824,0.6184274047099159,0.054440822705618896,0.19377700151469557,0.28094573803945583,0.7787737627558853,0.5682761506379747,0.29013530205269406,1.9586591035887282,0.050256563486903195,0.35258403555799883,0.37830565786934744,0.9320083594408416,0.3514163768240691,0.29504031482735493,0.23666095413241162,1.2466793092631585,0.21262434210313655,-0.26686893174868365,0.20565651857639333,-1.2976439239369517,0.19452169263173755
NEO,2877,2877,9,"log_daily_return,diff_InvSIX,log_diff_AdrActCnt,log_diff_volume_trusted_spot_usd_1d,log_diff_TxCnt,log_UnemRt,log_IndPro,log_CPIPrc,log_TotRes",0,0.0035328771107521195,0.0003717195125838568,18390.890280875738,18450.430491748517,-9185.445140437869,1.2023158839781205,0.28870427431783474,2.015688955686071,0.014080854555377498,0.11370577186239976,0.12383588207305206,0.9014539932638639,-0.2331947873393519,0.14486617915920172,-1.609725532162209,0.10756904347909399,-0.0037562392880427856,0.1264113337658524,-0.029714418605853377,0.9762969026830111,0.11249316052022451,0.13489503103186112,0.8339310918995565,0.4043900234923068,-0.10249039519365982,0.11945743124169345,-0.857965838778963,0.39098380220277607,-0.057154125974568926,0.12562734614044269,-0.4549497201881075,0.6491802227477692,0.393415528989726,0.2540228461444242,1.5487407332096828,0.12155559615538714,0.01706586619956854,0.31654793119945596,0.05391242373596619,0.9570087342958713,0.3374410329415288,0.23825168185340878,1.4163217246422173,0.15679111440709131,-0.2627245095750089,0.22033981784215023,-1.1923605644587705,0.2332196176022521
OMG,2877,2877,9,"log_daily_return,diff_InvSIX,log_diff_AdrActCnt,log_diff_volume_trusted_spot_usd_1d,log_diff_TxCnt,log_UnemRt,log_IndPro,log_CPIPrc,log_TotRes",0,0.00889886776273574,0.005754733046438365,19086.32630057516,19145.86651144794,-9533.16315028758,2.5034920799228706,0.007502735331229297,1.9818148954952388,-0.01577694189365814,0.1292979304993855,-0.12202006507546631,0.902891769453467,-0.3672066087249527,0.1882208325792835,-1.9509349931829452,0.05116309476905225,0.10182603562406235,0.1143514132260345,0.8904659133751704,0.373291269905082,-0.26938542622959016,0.3444385200016954,-0.7821001734308468,0.43422097364874945,0.20880932242880754,0.17048188838886844,1.224818216187953,0.22074540627859862,-0.10353407574122178,0.3515111284883095,-0.294539965737287,0.7683668783294899,0.27164382869428005,0.3158913046054092,0.8599281611553056,0.38990130335824325,-0.5448909366063848,0.3837621805130777,-1.4198661678383293,0.15575652067483328,0.4700395732454436,0.2952578916657791,1.591962777331997,0.11150447614562943,-0.008887244695333626,0.26313004427616526,-0.03377510432068379,0.9730588644859612
PAX,2374,2374,9,"log_daily_return,diff_InvSIX,log_diff_AdrActCnt,log_diff_volume_trusted_spot_usd_1d,log_diff_TxCnt,log_UnemRt,log_IndPro,log_CPIPrc,log_TotRes",0,0.000519849245602777,-0.0033341873254297827,573.6929097922157,631.2890512991847,-276.84645489610784,0.07521172147005724,0.9998886515087722,2.887721817157187,5.359815776242744e-05,0.00568911287382757,0.009421180235147491,0.9924839021012628,-0.004054383959496092,0.010281992784022604,-0.3943188878518064,0.6933816449739455,-0.0005980653757337827,0.006048114542820109,-0.09888459808416879,0.9212383894666228,-0.006464120095237261,0.015098734383618992,-0.428123306960771,0.6686008502111973,-0.003533326913588929,0.00832221390283811,-0.4245657411405834,0.6711924035235339,0.008383077205109134,0.016375101786027586,0.5119404639220122,0.6087411112200465,-0.000662225483787561,0.008876741145455502,-0.07460232003347209,0.9405375212282467,-0.0007215927486750886,0.007962862865865238,-0.09061976337284076,0.9278025034844546,0.00012291885553097903,0.011689143578163034,0.010515642545499122,0.9916107844964748,-5.049429121477874e-05,0.010692578216177993,-0.00472236818790629,0.9962325129085536
PAXG,1932,1932,9,"log_daily_return,diff_InvSIX,log_diff_AdrActCnt,log_diff_volume_trusted_spot_usd_1d,log_diff_TxCnt,log_UnemRt,log_IndPro,log_CPIPrc,log_TotRes",0,0.005790943358560119,0.0010616190933523395,5367.630158810878,5423.1367712419315,-2673.815079405439,0.9295822316462002,0.4979962890744277,2.3653359268716194,0.040299575236722444,0.022146497601439462,1.8196816472733406,0.06896546359924556,-0.014375868902583647,0.012105031849595818,-1.1875944715555333,0.23514228712976784,0.04291036226876252,0.04364593158991116,0.9831468983624886,0.3256608472126812,-0.04144911709227158,0.046318607167871034,-0.8948696782277775,0.37097058288293183,0.00835789678889131,0.04146857558920844,0.20154771824538686,0.8402919871277084,0.05873861892082689,0.06354542835215889,0.9243563297001729,0.3554186975422935,0.022562106280455,0.11662125861371188,0.19346478119558072,0.8466157519502101,-0.07520514526399544,0.08685817328324699,-0.8658384400826541,0.3866885428893748,0.10258745763901697,0.07248988029356909,1.4151969519546574,0.15717532653401306,0.028058845595233105,0.02473733697721125,1.1342710664887543,0.2568245510523375
PAY,2797,2797,9,"log_daily_return,diff_InvSIX,log_diff_AdrActCnt,log_diff_volume_trusted_spot_usd_1d,log_diff_TxCnt,log_UnemRt,log_IndPro,log_CPIPrc,log_TotRes",0,0.00503895564603607,0.0017909870572854203,19005.504217858484,19064.759407656355,-9492.752108929242,0.8283648476228639,0.5898920824027695,2.162187518803069,-0.23524282122970278,0.14123866842853097,-1.665569520352278,0.095912796372316,-0.37644305985127696,0.3150637399420184,-1.1948155631001975,0.23226187163417883,0.12530622214639242,0.14617001710523714,0.8572635115461228,0.3913737794633614,-0.23162476757239547,0.3184034337705663,-0.727456877048941,0.4670078917504902,-0.205697079502451,0.18481470695221117,-1.1129908593023365,0.2658093856355494,0.25330034843176463,0.3358068898252159,0.7543036075394549,0.450731356884683,0.4362944164800949,0.33655922026203744,1.2963377325999446,0.19496765193013757,0.004429594568350417,0.421308422764536,0.010513899862918388,0.9916120368735515,0.44321977273610125,0.3400771249673528,1.3032919305544295,0.19258394220405617,-0.12187826497558735,0.3080772339116438,-0.3956094497087762,0.6924237739436413
PERP,1577,1577,9,"log_daily_return,diff_InvSIX,log_diff_AdrActCnt,log_diff_volume_trusted_spot_usd_1d,log_diff_TxCnt,log_UnemRt,log_IndPro,log_CPIPrc,log_TotRes",0,0.006723328127536843,0.0009071342128639248,10410.475437321442,10463.916165827173,-5195.237718660721,1.5051298667679975,0.14055374733074585,2.0021137255372286,-0.17352237851705377,0.1823734927143507,-0.9514671015751159,0.34151690437039484,0.10464478957723562,0.08264664857272153,1.2661709988779246,0.20564373531354158,-0.12105218261092654,0.21950641787784522,-0.5514744570169778,0.5813886332739053,0.0863933792996808,0.3060431281178328,0.28229151829351845,0.7777579954055351,-0.826180577228743,0.31149481598206596,-2.6523092354651245,0.008076589356227074,0.5616340319169715,0.4430661893349156,1.2676075165203589,0.2051301501458141,0.6002194760006773,0.554383502610178,1.0826791799804503,0.2791206696159115,-0.38621075873660765,0.686071504968645,-0.5629307673319829,0.573564130179266,0.9341518585131294,0.7110150044752824,1.3138286149144185,0.18909994730658003,-0.16402849257522578,0.2040764197705032,-0.8037601441640645,0.4216597990908596
POLY,2542,2542,9,"log_daily_return,diff_InvSIX,log_diff_AdrActCnt,log_diff_volume_trusted_spot_usd_1d,log_diff_TxCnt,log_UnemRt,log_IndPro,log_CPIPrc,log_TotRes",0,0.03954781319240708,0.03609294921108486,17501.483306387338,17559.771651663217,-8740.741653193669,5.8715955028908144,3.8523700907069926e-08,2.0202211228395095,-0.11907075504625443,0.15852980650289233,-0.7510938016825374,0.4526668418282128,-1.5868385551882191,0.24542891504612716,-6.465572953740926,1.2092620923639516e-10,0.04040424569323803,0.11931945604116176,0.33862244292581867,0.7349225872843178,-0.17062868645938056,0.3328793600608096,-0.51258415790096,0.6082874844324853,0.26782459058371116,0.19434323867890219,1.3781008920316304,0.16829536711649118,-0.05018961490441501,0.36592108688495273,-0.13715966830901674,0.890915625443925,0.5548235843251592,0.3794845006013277,1.462045441766372,0.14385434385763565,-0.05728255947597971,0.44085130298445663,-0.12993623720331696,0.8966273191082799,0.3009565035752683,0.33671686334941975,0.8937969443572478,0.3715165088864679,0.10753191706456364,0.3068874373384019,0.35039530453633133,0.7260715455373703
POWR,2767,2767,9,"log_daily_return,diff_InvSIX,log_diff_AdrActCnt,log_diff_volume_trusted_spot_usd_1d,log_diff_TxCnt,log_UnemRt,log_IndPro,log_CPIPrc,log_TotRes",0,0.002379234116186013,-0.0009132436590080228,18366.468451751298,18425.614628841704,-9173.234225875649,0.6717327644442727,0.7352404212790211,1.9774676216695612,0.01766980497110985,0.13108979821219083,0.13479161011834273,0.8927865869118963,-0.0914825454263286,0.25211818188540963,-0.3628558033466558,0.7167407247883627,0.08973521962907124,0.11593567847015736,0.774008664228154,0.4389927626063088,-0.3408294443137432,0.27664388725365713,-1.2320150923892772,0.21804966501922357,-0.3009614952937009,0.21338744791660694,-1.4103992443422373,0.15853588043413605,0.4710786856236345,0.306372261557072,1.537602272573493,0.12426190568486135,0.12385320929983515,0.3244147671944904,0.38177426499695594,0.7026585544792026,-0.19642349464356032,0.4266531072679883,-0.4603821964436867,0.6452786185498918,0.13471565078879172,0.3044073733281307,0.4425505509801738,0.6581259565732691,0.12206562649625666,0.2980280216521739,0.4095776827278291,0.6821479394363648
PPT,1818,1818,9,"log_daily_return,diff_InvSIX,log_diff_AdrActCnt,log_diff_volume_trusted_spot_usd_1d,log_diff_TxCnt,log_UnemRt,log_IndPro,log_CPIPrc,log_TotRes",0,0.01606744620636935,0.011169551856732851,13023.047791097182,13078.102713844557,-6501.523895548591,2.55244566979086,0.006491642750355555,1.9804616698200277,-0.2255404574594207,0.20336944222159992,-1.1090184198551438,0.26756972916067057,-0.8951811859224339,0.2941062488973085,-3.043733988239738,0.0023702976144770846,0.1517867076128024,0.17846511607645124,0.8505119148762929,0.3951531574558085,-0.8089873332194728,0.41840021141846795,-1.9335251540070435,0.053327472374082134,0.0002900579950760457,0.2939590034788976,0.0009867294134328771,0.9992128128184643,0.7450024955531933,0.4657857614879622,1.5994531330740285,0.10989467355131108,0.6827524145558055,0.3336839583023036,2.046104997163995,0.0408904299209143,0.4419389282137144,0.35718975629989236,1.2372665240787801,0.2161488189854174,-0.285924895429556,0.38670996387434614,-0.739378144190931,0.4597733922221561,-0.2840329818145005,0.45910566684786375,-0.6186658155727405,0.5362144681802015
QASH,2593,2593,9,"log_daily_return,diff_InvSIX,log_diff_AdrActCnt,log_diff_volume_trusted_spot_usd_1d,log_diff_TxCnt,log_UnemRt,log_IndPro,log_CPIPrc,log_TotRes",0,0.018071398328536326,0.014650044315743793,17980.094861786172,18038.700569641558,-8980.047430893086,1.397019164675194,0.1835644259005358,2.0576792544460134,-0.09739834611317139,0.1519652253990027,-0.6409252238954043,0.5216281249782166,-1.0050336615049114,0.520013154579118,-1.932708149120484,0.05338135666377283,0.0007932922040359211,0.17791871158905156,0.004458733974356957,0.9964428010993429,0.5594308979068621,0.41740680524117074,1.3402534191641464,0.18028084513548656,0.144623335144714,0.16552925402705276,0.873702572966818,0.38236146894962153,-0.5891370555344088,0.48095255735961245,-1.2249379830075544,0.22071028020479452,0.3345921994938701,0.26081620435029673,1.2828658415889158,0.19965418085593947,0.20753960037685218,0.2993110067071972,0.6933911407403707,0.48812646431339834,0.14518508332303753,0.2877068960823024,0.5046284440867397,0.6138628733135714,-0.13115402896105505,0.29235142190625213,-0.44861772214370144,0.6537450777567644
QNT,2268,2268,9,"log_daily_return,diff_InvSIX,log_diff_AdrActCnt,log_diff_volume_trusted_spot_usd_1d,log_diff_TxCnt,log_UnemRt,log_IndPro,log_CPIPrc,log_TotRes",0,0.004401334052766326,0.0003796159228179885,14374.412264101295,14431.545642990013,-7177.206132050647,0.8864896597691567,0.536500251866995,2.133070310014409,0.1445380319875955,0.1252188584265268,1.1542832589581893,0.24850785238279377,-0.1480397393599157,0.21836467649746163,-0.6779472840317037,0.4978755159134427,0.015802604930124843,0.13069597865561813,0.12091117946149255,0.9037722899425141,0.2908712771880666,0.3882768369278902,0.7491337353252583,0.453855686242159,0.2667978356714355,0.18256411693747943,1.4613925241552401,0.14404876602218175,-0.2595039739935633,0.4072074307167091,-0.6372771084673503,0.5240098367936803,0.3864941624526381,0.34066116926416684,1.1345412900668168,0.2566896107767836,0.1609324576918062,0.38030979608093385,0.42316148400647063,0.6722182870699339,0.046456548356888866,0.28474617315018286,0.16315073822743326,0.8704145480736747,-0.08905781411022343,0.21175948458665994,-0.42056115825960855,0.6741161207387011
REN,2367,2367,9,"log_daily_return,diff_InvSIX,log_diff_AdrActCnt,log_diff_volume_trusted_spot_usd_1d,log_diff_TxCnt,log_UnemRt,log_IndPro,log_CPIPrc,log_TotRes",0,0.01102454489667637,0.007199543136500175,15846.23427381019,15903.80050715558,-7913.117136905095,3.236597882722265,0.0006500459556034116,2.0393656076449123,-0.021641361728445524,0.14753828992353785,-0.14668301862290273,0.8833949289032063,-0.5835045481167224,0.14638812321840589,-3.9860101713726754,6.92627904606007e-05,0.131834884508676,0.14288297891048093,0.922677323176984,0.35627104221595707,0.315044806102196,0.3062871387845953,1.028592997252032,0.3037778713820439,-0.04278914245503358,0.19772287426929103,-0.21640967244263504,0.8286873963661245,-0.3074456926100083,0.3368221521713428,-0.9127834693414387,0.3614509902604154,0.23485042690800823,0.3993107739604387,0.5881394698638304,0.5564957557321023,-0.3995937746517343,0.393528808308612,-1.0154117467770392,0.31001515837970506,0.2476852290628396,0.2976851343223465,0.8320376145979638,0.40547308850904185,-0.0040153054077464445,0.2520970209264265,-0.015927619426007796,0.9872935010996878
REP,3161,3161,9,"log_daily_return,diff_InvSIX,log_diff_AdrActCnt,log_diff_volume_trusted_spot_usd_1d,log_diff_TxCnt,log_UnemRt,log_IndPro,log_CPIPrc,log_TotRes",0,0.010385225630584749,0.00753148228892353,21148.31394753624,21208.805024749505,-10564.15697376812,3.7970124753733225,8.840947265440566e-05,2.0472957403900955,-0.07774239430190692,0.12689025946221,-0.6126742480581016,0.5401363909755015,-0.6788386272107372,0.1264673294991827,-5.367699546586252,8.558282232274447e-08,0.05784847682658368,0.10854839932477402,0.5329279582787999,0.594121393554935,0.0430860787494161,0.32524646145367114,0.1324720907242011,0.8946194364294028,-0.09230203155092775,0.1478578966247411,-0.6242617652352213,0.5325013171304727,0.03304302583154984,0.34536647224792943,0.09567525653685667,0.9237846355523762,0.35455992078046733,0.2817145769610416,1.2585785393330908,0.20827673944966485,0.07662459972596977,0.37811745956150966,0.2026476106520677,0.8394236830940641,0.2593627633148174,0.2798377078461802,0.9268327893015141,0.35408502234588446,-0.2262907766983117,0.26527316245453253,-0.8530481357574107,0.393698071450834
SNT,2903,2903,9,"log_daily_return,diff_InvSIX,log_diff_AdrActCnt,log_diff_volume_trusted_spot_usd_1d,log_diff_TxCnt,log_UnemRt,log_IndPro,log_CPIPrc,log_TotRes",0,0.012749409090401342,0.009645931857363843,19470.05827220264,19529.689392792436,-9725.02913610132,0.7790759402750965,0.6359045202014649,1.7567321331799646,-0.08912121061455121,0.1332767006478433,-0.6686931037558917,0.5037451781166351,-0.7139593864670644,0.693522424974361,-1.0294683499145092,0.303346606282449,-0.029644726902789506,0.10233138242756805,-0.28969340782406183,0.7720717773800013,0.6320141692415635,0.6623949480815698,0.9541349478464544,0.3400958878514214,0.04899842175187961,0.271963125502002,0.18016568114311846,0.8570352507649748,-0.5228844723021281,0.6039126284666635,-0.8658280149394024,0.38665703127244244,0.2568496822016769,0.31679845036928767,0.8107668516126602,0.4175669639056243,-0.05666511592303103,0.40456250115844805,-0.14006517104470337,0.8886183512709658,0.24631145043323044,0.25144406064249275,0.9795874669055717,0.3273725610282171,0.05099325380617439,0.25504923850961386,0.19993493846190113,0.8415456645354359
SNX,1878,1878,9,"log_daily_return,diff_InvSIX,log_diff_AdrActCnt,log_diff_volume_trusted_spot_usd_1d,log_diff_TxCnt,log_UnemRt,log_IndPro,log_CPIPrc,log_TotRes",0,0.005651557345750402,0.0007826041445053722,12143.888571133357,12199.107163655373,-6061.944285566678,1.2169558548072372,0.2797836248170113,2.0250053606313445,0.010882758630425027,0.14862017758730733,0.07322531036562596,0.941634793229668,-0.1793114130393741,0.14265302838660754,-1.256975860010611,0.2089220847260943,0.05992658710491561,0.1513153854722144,0.39603763303976613,0.6921232338753249,0.04385068697371,0.2917170423879186,0.1503192498277093,0.8805292400188445,0.24442744173781497,0.19978711383513112,1.2234394753783873,0.22132057467555544,-0.32209310617584896,0.35302615493642125,-0.9123774589275312,0.3616897037145227,0.48115139073701857,0.5515550502434118,0.8723542473678326,0.38312909427135144,-0.1436595136115809,0.41178777725421356,-0.3488678429687678,0.7272284868002807,0.31042376375100267,0.36835628150361754,0.8427269449128535,0.3994908213059526,-0.10153053796658129,0.1674584850475347,-0.6063027378861148,0.5443886129051585
SOL,1877,1877,9,"log_daily_return,diff_InvSIX,log_diff_AdrActCnt,log_diff_volume_trusted_spot_usd_1d,log_diff_TxCnt,log_UnemRt,log_IndPro,log_CPIPrc,log_TotRes",0,0.010507860142526138,0.005660048896626746,12198.380076405101,12253.593256207094,-6089.190038202551,1.7003784641699693,0.08380668608533892,1.982892910261817,0.2846201560513454,0.15241543908932734,1.8673971465878583,0.06200529479789966,-0.3719693250041439,0.2608205315837643,-1.4261504749854537,0.15399482460097155,0.2480724002437279,0.17351105662594443,1.4297209933919255,0.1529671543105431,0.09710340412981622,0.21770541041584832,0.4460311939162876,0.6556272786426023,0.22959974696021954,0.18261872384406136,1.2572629034264602,0.20881827037451,-0.11684600512074747,0.1503984762080603,-0.7769095011248881,0.4373121925075888,1.2310461939386932,0.5809315535630903,2.119089910658466,0.03421671812416016,0.6703584370581432,0.5105326692273783,1.313056886394047,0.1893277753843968,0.3505432741016675,0.3397410357547707,1.0317955066066673,0.3023037451634415,0.056473923779657355,0.17412630802861415,0.32432734845774713,0.7457271413999809
SRM,1754,1754,9,"log_daily_return,diff_InvSIX,log_diff_AdrActCnt,log_diff_volume_trusted_spot_usd_1d,log_diff_TxCnt,log_UnemRt,log_IndPro,log_CPIPrc,log_TotRes",0,0.011526316639873802,0.006335964743583888,12047.278906701977,12101.802931214213,-6013.639453350988,1.6952763108187867,0.08504274185827172,2.0203638518259,-0.2705604120781617,0.1922831055342982,-1.4070940414986222,0.1595808068405633,-0.39882432239717885,0.24334626351288816,-1.6389169763276692,0.1014140761138181,0.384722977011507,0.23649623194879224,1.6267615506652546,0.10397156334319872,0.5150190860052479,0.4728363513245712,1.0892121228888365,0.2762134705472415,0.6974633089639333,0.2950804783283636,2.3636375842789596,0.01820752724710588,-0.6265941468076534,0.5245712003890869,-1.1944882722171817,0.23245229449594976,0.7833477111204675,0.5906242178397185,1.3263047593707875,0.1849154690529912,0.36238465282693544,0.8506100429299825,0.42602912561281026,0.6701401156289326,0.2010049175370233,0.6790668188641873,0.2960016775274424,0.767264657769806,0.052084589109122933,0.19411227574440407,0.26832197453449536,0.7884837817442748
SUSHI,1733,1733,9,"log_daily_return,diff_InvSIX,log_diff_AdrActCnt,log_diff_volume_trusted_spot_usd_1d,log_diff_TxCnt,log_UnemRt,log_IndPro,log_CPIPrc,log_TotRes",0,0.015396047770442012,0.010161886181507596,11641.480370713001,11695.881837519628,-5810.740185356501,1.964035960766202,0.03983426594041973,2.046461422028852,-0.17189340723547147,0.18966204735285622,-0.9063142027338389,0.36489853846163867,-0.7893388060285608,0.2829630941579669,-2.7895468431226043,0.005337305907825245,0.2823264920238017,0.18792884475413055,1.5023052602338545,0.13320477994493007,0.13441197699925966,0.31643066291832217,0.4247754492552272,0.6710543530823203,0.2585129283330272,0.3189738214453049,0.8104518645501287,0.417794425221764,-0.21480174784453387,0.40436307116518516,-0.5312101009263179,0.5953428765826004,0.73039814063133,0.5630954553336825,1.2971124766022242,0.19476922429645102,1.5087439958097373,1.0830354511954698,1.3930698151610497,0.16378156171731323,-0.7621410139777076,1.0192525764894522,-0.7477449962429353,0.4547178317680094,-0.15618524577790333,0.18748360102904296,-0.8330608379647496,0.40492792387876686
SWRV,1647,1647,9,"log_daily_return,diff_InvSIX,log_diff_AdrActCnt,log_diff_volume_trusted_spot_usd_1d,log_diff_TxCnt,log_UnemRt,log_IndPro,log_CPIPrc,log_TotRes",0,0.0036497801003602115,-0.0018280158551051695,12415.994921243739,12470.062028545515,-6197.997460621869,0.4779318675636147,0.8902220217554005,2.0121492282093887,-0.2886284494734816,0.2576780001605532,-1.1201128900940083,0.26282996607116677,-0.4044549990275542,0.5188294861884001,-0.7795528392167873,0.43576680964549586,0.2467565713173226,0.18825375193055643,1.3107657551938028,0.19012076882605397,-0.4786720966755732,0.5742082670896645,-0.8336210467705213,0.4046161779927231,-0.14475551808718895,0.38437709778180945,-0.3765976665169552,0.7065214283164778,0.3891815078821792,0.5822427366620593,0.6684179696483957,0.5039610640326355,0.6776968230729072,0.7955282757131364,0.8518827598747494,0.3944037710513002,0.7195600611900494,1.1062158038377505,0.6504698800122981,0.5154800307457386,-0.1989560923397699,1.0301966857566882,-0.19312437623853834,0.8468855198681253,-0.18862634678789628,0.2391364226794741,-0.788781335249466,0.4303540362949717
TRX,2532,2532,9,"log_daily_return,diff_InvSIX,log_diff_AdrActCnt,log_diff_volume_trusted_spot_usd_1d,log_diff_TxCnt,log_UnemRt,log_IndPro,log_CPIPrc,log_TotRes",0,0.013476942281044124,0.009914058043696494,14882.00201120662,14940.250468116888,-7431.00100560331,2.5008885635022398,0.007588710431996009,2.040984070366219,0.07780445365163298,0.09381911591823759,0.8293027800372663,0.40701252592217463,-0.4806261545250276,0.1423683759231732,-3.375933393975006,0.0007469359710878267,0.1603120966297763,0.08959784102852714,1.7892406199691173,0.07369747702633483,0.07113636053342037,0.1880848179354871,0.37821426159882865,0.7053036459549906,0.09220817374863133,0.12084106871799985,0.763053279210998,0.44550384766729456,-0.1956719605288026,0.11807018199439581,-1.6572512824456402,0.09759455713088337,0.3425196331995584,0.26434997729851345,1.2957051734972271,0.19519707878687023,0.037193083039900224,0.3024916832220648,0.12295572110852411,0.9021520762594769,0.3208054028861427,0.19407464345940087,1.653000088871749,0.09845680876554191,-0.05264815559704958,0.17458132845233876,-0.30156807754743764,0.7630065082334434
TUSD,2521,2521,9,"log_daily_return,diff_InvSIX,log_diff_AdrActCnt,log_diff_volume_trusted_spot_usd_1d,log_diff_TxCnt,log_UnemRt,log_IndPro,log_CPIPrc,log_TotRes",0,0.004492395113296577,0.00088112206050317,-672.4212382056467,-614.2168430530248,346.21061910282333,0.8206652021373656,0.5970593460243275,2.76072350112158,6.372114983935109e-05,0.004241867178899577,0.015021957819971532,0.9880158703842166,-0.00016820809585907067,0.006483452639380371,-0.02594421602424884,0.9793039191138864,0.008888616109867697,0.005355548520720495,1.659702283618166,0.09710073971401066,-0.023820041873113113,0.011048120947972258,-2.1560265302386084,0.031177444954852022,0.0008344675095185638,0.005239391508314294,0.15926801961532416,0.8734706795050163,0.027832588194484403,0.01266104693600735,2.1982848918544002,0.0280208593256824,-0.00065580792243617,0.004426902440027879,-0.1481414897483126,0.8822431450182839,-0.0008401307224970792,0.0052160673166519456,-0.16106592792907756,0.8720545890722813,-9.411044535557675e-05,0.0073247933182632105,-0.012848204893498808,0.9897499307403306,0.0003696343882324954,0.0060367253004609215,0.06123094390335647,0.9511802181788738
UMA,1726,1726,9,"log_daily_return,diff_InvSIX,log_diff_AdrActCnt,log_diff_volume_trusted_spot_usd_1d,log_diff_TxCnt,log_UnemRt,log_IndPro,log_CPIPrc,log_TotRes",0,0.004647192730401595,-0.0006660784827812183,11150.758591655638,11205.118869819156,-5565.379295827819,0.8695794744794613,0.5519449790582127,2.046646950807113,-0.15506407546225046,0.15933865591007507,-0.973172985403887,0.33060693214939996,-0.09946815433231304,0.24410318469349354,-0.4074840500635399,0.6837042379260218,0.07214072776871022,0.19176735615061496,0.3761887800760551,0.7068238869415568,-0.6070179548899576,0.23808655604152182,-2.5495683795942465,0.010873487303284385,-0.09761934411100434,0.30694756868327555,-0.31803263511669333,0.7504995677075007,0.39189356598536507,0.3555006120142848,1.1023710023025726,0.2704577449602568,0.11798393998690593,0.4630656176315262,0.25478881500718314,0.7989172879384832,0.2543661949153825,0.7242347339548013,0.3512206512471096,0.7254667015092853,-0.11739441547113205,0.6851076193283724,-0.17135178789314393,0.8639677239475948,0.017951177033788415,0.16086051207617955,0.11159467791130233,0.911158075324126
UNI,1716,1716,9,"log_daily_return,diff_InvSIX,log_diff_AdrActCnt,log_diff_volume_trusted_spot_usd_1d,log_diff_TxCnt,log_UnemRt,log_IndPro,log_CPIPrc,log_TotRes",0,0.011577761691405453,0.006270005041776883,10760.927338298226,10815.228479683845,-5370.463669149113,1.5569746486120135,0.12290901197064898,1.9565763458894752,-0.023355030917115854,0.14603517582503797,-0.15992743381976054,0.8729575088612885,-0.5292242143767044,0.1878829256990011,-2.81677652403897,0.004907678225978121,0.23243601295209998,0.1496489115758185,1.5532088439837266,0.12056204886730638,0.22742660655239832,0.31245117057181576,0.7278788750772983,0.46678940866068386,0.11533269935852798,0.19788977926830711,0.5828128152195023,0.5600977197254167,-0.2745383405921573,0.3465613078559625,-0.7921782794813917,0.4283688400259349,0.632586999485259,0.4488016094467063,1.409502519977876,0.1588721509520889,0.7840186090275765,0.6769860513445772,1.1581015701437563,0.2469875893175813,-0.2641998580448388,0.6247387729468769,-0.42289652809383804,0.672425008952165,-0.17858030790338408,0.14843075503288375,-1.2031220070518467,0.22909903172256266
USDC,2437,2437,9,"log_daily_return,diff_InvSIX,log_diff_AdrActCnt,log_diff_volume_trusted_spot_usd_1d,log_diff_TxCnt,log_UnemRt,log_IndPro,log_CPIPrc,log_TotRes",0,0.0034498736929566842,-0.00029186645588064053,-4559.536930006688,-4501.675565628857,2289.768465003344,0.5421439019793826,0.8445177180846475,2.7203742949275447,5.252732200062486e-06,0.0018974932953736616,0.002768248094931001,0.9977914907597389,-0.00031072222078480964,0.0010801217913119457,-0.28767331914246247,0.7736216836977342,-0.0010415617532453635,0.0017297694525321497,-0.6021390606249043,0.5471385273344531,-0.001254474802203756,0.004714945945743259,-0.26606345367253237,0.7902132231798219,0.006988700116811091,0.0044840944007953935,1.5585532979795045,0.1192341557838044,-0.0024603575855502713,0.005605177642548745,-0.4389437306810343,0.6607418708051834,4.34963851995364e-05,0.0028248377126206706,0.015397835070384893,0.9877160720329112,0.00012988780817266266,0.003931530428634142,0.0330374673502876,0.9736474599482113,-5.370692269290044e-05,0.002053739715418068,-0.02615079325276993,0.9791392405603216,-8.892070871884168e-05,0.0020520260389692278,-0.04333312883471414,0.9654395922700816
VTC,3265,3265,9,"log_daily_return,diff_InvSIX,log_diff_AdrActCnt,log_diff_volume_trusted_spot_usd_1d,log_diff_TxCnt,log_UnemRt,log_IndPro,log_CPIPrc,log_TotRes",0,0.003512741651192197,0.0007574773423936199,23433.877733887963,23494.787884305068,-11706.938866943981,1.2244416844145118,0.2748062160978949,1.995865449371324,0.022758892142176836,0.15299865724260603,0.14875223451202352,0.8817583571090404,-0.32097391834191064,0.3401426320091383,-0.9436450716159782,0.3454210863969608,0.12061797238979516,0.1403162577736102,0.8596150888260093,0.39006455840766985,-0.3682421200170271,0.2680962050911411,-1.3735446941214282,0.16967766862688927,0.0975448114208152,0.16454255181184405,0.592824229032005,0.5533399736783886,0.37697014036973653,0.2724228868987786,1.383768245983692,0.16652430884943684,0.2955239687113537,0.2571902392663812,1.1490481503276215,0.2506205525401845,0.07868046836369327,0.4523158351194301,0.17395028485553327,0.8619153505402524,0.08236900265886865,0.27922865725390256,0.2949876401259579,0.768022134481359,-0.2713840804103903,0.33688103661355556,-0.8055783820260016,0.42054483816501187
WNXM,1739,1739,9,"log_daily_return,diff_InvSIX,log_diff_AdrActCnt,log_diff_volume_trusted_spot_usd_1d,log_diff_TxCnt,log_UnemRt,log_IndPro,log_CPIPrc,log_TotRes",0,0.005983416562736377,0.0007178784515324832,10867.516915493872,10921.953552325029,-5423.758457746936,1.7119988036420875,0.08125884241230169,2.015013749723532,-0.014613298539762593,0.14306575003789698,-0.10214393407151359,0.9186544824003896,-0.34883616582470917,0.12079616515211954,-2.8878082792232447,0.0039284606457365145,0.11940492060762879,0.11438638063483321,1.0438735795725258,0.29669238383149477,0.25191806432677044,0.20332741912279922,1.2389773372110968,0.21552502463859585,-0.17197271424636013,0.17457839172664374,-0.9850744559248569,0.32472775737994375,-0.15123903830844526,0.23228637764615762,-0.6510887114475049,0.5150772698097028,0.15489634064700847,0.4629375949359818,0.3345944298786721,0.7379723469584356,0.1927296859024186,0.897219187312444,0.21480780686347847,0.829942945499512,-0.008938349072318302,0.7961401346435029,-0.011227105233578926,0.9910435723607656,-0.10800157573444114,0.149146721857097,-0.7241297320495013,0.46908578883461516
WTC,2484,2484,9,"log_daily_return,diff_InvSIX,log_diff_AdrActCnt,log_diff_volume_trusted_spot_usd_1d,log_diff_TxCnt,log_UnemRt,log_IndPro,log_CPIPrc,log_TotRes",0,0.007227349339945288,0.0036158077651915477,18641.913522932504,18700.08977736304,-9310.956761466252,1.688113479384427,0.08642426288718845,2.0724567689531663,-0.23658357636225744,0.20651917320184035,-1.1455768134953446,0.2520810952313062,-0.47091768501905124,0.8869021879046565,-0.5309691321560656,0.5954878310125433,-0.3391671675961813,0.18342489214026075,-1.8490792805636656,0.06456558650404827,0.14457791062382136,0.3633420444147895,0.39791131482370345,0.690729890816679,-0.39516271070575687,0.2568513839564446,-1.538487761361513,0.124057279053089,-0.18240773375379676,0.3431157791493122,-0.531621524973409,0.5950358825792206,0.3054771097104483,0.324152705551073,0.9423864261479001,0.34608684602632445,0.05228865040767011,0.3900189985504713,0.13406693161616223,0.8933605529759421,-0.18291781361398518,0.45602606486977026,-0.4011126286525354,0.6883718433202488,-0.06296481915140895,0.28518291872494617,-0.22078748416253285,0.8252761280111369
XAUT,1953,1953,9,"log_daily_return,diff_InvSIX,log_diff_AdrActCnt,log_diff_volume_trusted_spot_usd_1d,log_diff_TxCnt,log_UnemRt,log_IndPro,log_CPIPrc,log_TotRes",0,0.006510722876933883,0.0018367011863392735,4893.224766102556,4948.841183558444,-2436.612383051278,4.47053025436306,7.95462185621157e-06,2.113251788011844,0.040287214910401964,0.019752025812378043,2.0396497702607848,0.041522355128630804,0.009901085090584797,0.0030420298427462807,3.2547626428432093,0.0011546765860652008,0.047207450623096975,0.025267001836563826,1.8683439740279424,0.06186689222701525,0.027702579122052744,0.04165809781202634,0.664998657573252,0.5061315101523511,-0.008406574365735412,0.021322486087973623,-0.3942586399658582,0.6934340407655695,-0.02388666206349864,0.05023489122177887,-0.47549942843596327,0.6344853292495798,0.01891343040915939,0.0658063178005485,0.2874105563311391,0.773829108599574,-0.07234924927217422,0.06287099840711997,-1.150757123398582,0.24997598688795328,0.09645167160580703,0.052533696456093425,1.8359962864295936,0.06651332369251742,0.02578829215097548,0.02420774982026967,1.0652907578127062,0.28687880879028904
XEM,3713,3713,9,"log_daily_return,diff_InvSIX,log_diff_AdrActCnt,log_diff_volume_trusted_spot_usd_1d,log_diff_TxCnt,log_UnemRt,log_IndPro,log_CPIPrc,log_TotRes",0,0.007518321338648937,0.0050864304843194486,24531.00877841042,24593.12360757487,-12255.50438920521,4.624265005067056,4.187390372643537e-06,2.093674041892362,0.1275691484318892,0.11083940820421789,1.150936751636632,0.24983317584995243,-0.4022644196336237,0.09074336593174069,-4.432989844527219,9.565179149654483e-06,0.07551277161696757,0.10363716412937377,0.7286263788799009,0.4662766899365388,0.09025020365152779,0.1508803440180344,0.5981574620531113,0.5497717520590821,0.035981170258842864,0.12907496894776646,0.2787617967462272,0.7804433273781588,-0.14408231757439915,0.13653018810552645,-1.0553147225069048,0.2913508191705718,0.5890257838693849,0.2283323352085272,2.5796862425615283,0.009927527474615951,0.19285573852672724,0.34224993109926444,0.5634938710061926,0.5731330308125256,0.6034686127156219,0.24503741820020852,2.462761063792127,0.013832740855557734,-0.6779561624944437,0.24488506909351007,-2.768466713809996,0.005660325409311876
XLM,3531,3531,9,"log_daily_return,diff_InvSIX,log_diff_AdrActCnt,log_diff_volume_trusted_spot_usd_1d,log_diff_TxCnt,log_UnemRt,log_IndPro,log_CPIPrc,log_TotRes",0,0.002342157140275858,-0.0002298625061685211,23092.29164734389,23153.899686553435,-11536.145823671945,0.9757810186680095,0.4578448806359178,1.9768965884421252,0.14785796081995897,0.10976803060262147,1.3470038590309539,0.17806641972931528,0.13170587269667378,0.31342122162874597,0.420220022154984,0.6743505916728394,0.1009302383161982,0.09779314679512166,1.0320788483026198,0.3021066754771359,-0.17917352001135495,0.11255394042580041,-1.5918902468765412,0.11149990533924882,0.04484507942364984,0.12678903496876567,0.3536984048715046,0.7235862767451172,0.06746673379262463,0.12313362671415225,0.5479147783833643,0.5837854514216276,0.33028391493184284,0.23959938110131576,1.3784840069857305,0.16814223159682837,0.05895135435551024,0.34461702497791186,0.17106338364823592,0.864183840924292,0.3317544936598157,0.24510124726581292,1.3535406178493539,0.17597061144075463,-0.26984861293302836,0.25480239140662236,-1.0590505506771117,0.28965002843971627
XRP,3803,3803,9,"log_daily_return,diff_InvSIX,log_diff_AdrActCnt,log_diff_volume_trusted_spot_usd_1d,log_diff_TxCnt,log_UnemRt,log_IndPro,log_CPIPrc,log_TotRes",0,0.003094873827588218,0.0007105671213560871,24483.26868022984,24545.624937429486,-12231.63434011492,1.49241963441183,0.14449088525856543,2.072545222755293,0.12676780981621566,0.10020997889343376,1.265021819344202,0.20594183791509052,-0.13828728047986666,0.15230277290144423,-0.9079761178698496,0.3639489826099146,0.07618722679530643,0.0953579920958505,0.7989600569475678,0.4243639971413028,-0.06504927811832881,0.10920316123877667,-0.5956721159023611,0.5514301129918358,0.09917112363807687,0.11120994971377568,0.8917468616190953,0.3725856458251201,-0.05676258190065371,0.11385348253756489,-0.49855815242125273,0.6181198315281888,0.527331605774131,0.2111685527757613,2.4972070833582,0.012559990699030733,0.5800028834758751,0.3147292428624921,1.8428630215632151,0.06542762035290743,0.39475905832358554,0.22569776365909805,1.7490605663237484,0.08036207651548608,-0.6284840492508046,0.2308489622741199,-2.722490251026192,0.006509060643389309
XTZ,2527,2527,9,"log_daily_return,diff_InvSIX,log_diff_AdrActCnt,log_diff_volume_trusted_spot_usd_1d,log_diff_TxCnt,log_UnemRt,log_IndPro,log_CPIPrc,log_TotRes",0,0.00829466682738822,0.004705865862951852,15745.783076787904,15804.011529690702,-7862.891538393952,1.6136112296383405,0.1055982284542148,1.9856580323402644,-0.07865997361240881,0.11167674503658961,-0.704354103324168,0.4812782281782896,-0.3670108900192764,0.17458913513324856,-2.1021404896654605,0.035641280544701996,0.10852588655422203,0.11624106667814145,0.9336277587224668,0.3505865739493944,-0.021572601387826962,0.13001316066968369,-0.1659262898979521,0.8682284448796433,-0.2187378614605065,0.1438654406370139,-1.5204336808893721,0.12852913346004888,-0.11107745676162095,0.2299636740955838,-0.4830217520157201,0.6291228076861861,-0.006507349491229997,0.2916294560192688,-0.022313759316548727,0.9821994633100697,-0.36671207489901425,0.34515673440769523,-1.0624508762035572,0.2881342019087736,0.15098992950999535,0.251222964554674,0.6010196152953015,0.5478816930427468,0.2108969284807487,0.23792717954646178,0.8863927563162884,0.37549162229338384
XVG,2800,2800,9,"log_daily_return,diff_InvSIX,log_diff_AdrActCnt,log_diff_volume_trusted_spot_usd_1d,log_diff_TxCnt,log_UnemRt,log_IndPro,log_CPIPrc,log_TotRes",0,0.005606618709880773,0.0023640315969781778,19223.27650726303,19282.542533254844,-9601.638253631516,1.209329992935552,0.28428114847239233,1.9941762240932717,-0.00019682688853431274,0.14703914261465129,-0.0013386019874322942,0.9989320471994826,-0.14982033233133363,0.20092419893678584,-0.7456559892941002,0.45593874867029405,0.05665923702618836,0.11990839569753858,0.4725210165358874,0.6365923044011068,0.6303256506748967,0.321446233423033,1.960905386766094,0.049990483495699393,0.1443765052355218,0.2056470267538953,0.7020597745295974,0.4827010856968742,-0.3873846054345721,0.28041751778500057,-1.3814565099017262,0.16725046066645669,0.5773355918418666,0.32824859375293036,1.7588364514865877,0.0787160943457754,0.19511024886535683,0.3723562023877562,0.5239881801731804,0.6003288344208537,0.45508846622405374,0.29353083472511926,1.5503940723986536,0.12116161172074856,-0.31801672135975007,0.2448033336386229,-1.299070223566499,0.19402834083722584
YFI,1771,1771,9,"log_daily_return,diff_InvSIX,log_diff_AdrActCnt,log_diff_volume_trusted_spot_usd_1d,log_diff_TxCnt,log_UnemRt,log_IndPro,log_CPIPrc,log_TotRes",0,0.011161857889233073,0.006020585053301941,11281.171393469387,11335.79354286707,-5630.585696734694,2.983103873612332,0.0015704003345851328,1.963565117286679,0.06595154813279952,0.15434083212713212,0.42731108303520454,0.6692059081429693,-0.25852259892387086,0.06337632335261252,-4.079166875703811,4.72503294191009e-05,0.21063928160019768,0.16001600590233425,1.3163638250586092,0.18822623017855197,0.03334001975923462,0.27410301879794596,0.12163317246721421,0.9032036585659007,0.26129722859297216,0.23633214138656652,1.1056355985264419,0.26903791703068025,-0.0724104084038909,0.33416190201928375,-0.21669259112522127,0.82847345671017,0.3887864731643036,0.45953097855524744,0.8460506283746907,0.39764143970745225,-1.2381889114322517,0.9343617816516006,-1.3251707590646515,0.18528940699529256,1.3662258118693593,0.7641923089336458,1.7878036665610928,0.07398256371717077,0.012174756997825414,0.1462349684162683,0.08325475862359473,0.9336585989473226
ZEC,3136,3136,9,"log_daily_return,diff_InvSIX,log_diff_AdrActCnt,log_diff_volume_trusted_spot_usd_1d,log_diff_TxCnt,log_UnemRt,log_IndPro,log_CPIPrc,log_TotRes",0,0.002362772502194077,-0.0005373357172762105,20666.41334445786,20726.824254494946,-10323.20667222893,0.9493182937432777,0.4806033117354216,2.0569231637970393,-0.12603380267244477,0.12087208528354772,-1.0427039657402157,0.297166832051604,0.018182388621324465,0.8447951847401871,0.02152283648126661,0.9828299737558326,0.039731924681945224,0.10258192885795546,0.3873189471506406,0.6985467232671961,-0.08255103433370382,0.1062767043368327,-0.7767556855363816,0.437362266173714,0.0573324939434882,0.14311802810029253,0.40059589070994905,0.6887453126779042,0.17180757148101178,0.16746003463686274,1.0259616382713443,0.3049898178211924,0.13217731620331608,0.2667726118057194,0.49546808912893925,0.6203049066107806,-0.13359988270810422,0.38516102624949183,-0.3468676049833858,0.7287143591514522,0.12103472906883957,0.27285894395512794,0.4435798486735473,0.6573773740521985,0.268093578516284,0.27066337726236256,0.9905055542716164,0.3220044798706506
ZRX,2850,2850,9,"log_daily_return,diff_InvSIX,log_diff_AdrActCnt,log_diff_volume_trusted_spot_usd_1d,log_diff_TxCnt,log_UnemRt,log_IndPro,log_CPIPrc,log_TotRes",0,0.009585503599496614,0.006413357525616115,19059.804511498423,19119.249433137746,-9519.902255749212,0.9006435688497795,0.5236805462739791,2.069538339927323,0.03550721899238485,0.1333484650376389,0.26627392360581426,0.7900477903082589,0.2887546624381524,0.3781456369942346,0.763607018537556,0.4451655719613934,0.10211170237709236,0.1323866816525335,0.7713140106124733,0.44058568238147,0.719649907643005,0.5933504935288686,1.2128580248800138,0.22528605699503493,0.6813436770177799,0.32790289962206154,2.0778824395974893,0.03781077418097703,-1.4956707261357156,0.8619905030642511,-1.735135968225663,0.08282636329570336,0.20566795811960073,0.28863511670977876,0.7125534843578957,0.47618126492324486,-0.2019288280770239,0.36201415747823207,-0.5577926274586813,0.5770304307187015,0.29804230647016755,0.2835234702301177,1.0512085868174013,0.2932531915912647,-0.06259729305233007,0.2373941116930906,-0.2636851125155855,0.7920419026784826
