symbol,n,nobs,n_regs,regs_used,opt_hac_lag,r2,adj_r2,aic,bic,log_likelihood,fstat,f_pval,durbin_watson,coef_Intercept,stderr_Intercept,tval_Intercept,pval_Intercept,coef_log_daily_return,stderr_log_daily_return,tval_log_daily_return,pval_log_daily_return,coef_TwitSIX,stderr_TwitSIX,tval_TwitSIX,pval_TwitSIX,coef_log_diff_AdrActCnt,stderr_log_diff_AdrActCnt,tval_log_diff_AdrActCnt,pval_log_diff_AdrActCnt,coef_log_diff_volume_trusted_spot_usd_1d,stderr_log_diff_volume_trusted_spot_usd_1d,tval_log_diff_volume_trusted_spot_usd_1d,pval_log_diff_volume_trusted_spot_usd_1d,coef_log_diff_TxCnt,stderr_log_diff_TxCnt,tval_log_diff_TxCnt,pval_log_diff_TxCnt,coef_log_UnemRt,stderr_log_UnemRt,tval_log_UnemRt,pval_log_UnemRt,coef_log_IndPro,stderr_log_IndPro,tval_log_IndPro,pval_log_IndPro,coef_log_CPIPrc,stderr_log_CPIPrc,tval_log_CPIPrc,pval_log_CPIPrc,coef_log_TotRes,stderr_log_TotRes,tval_log_TotRes,pval_log_TotRes
1INCH,1616,1616,9,"log_daily_return,TwitSIX,log_diff_AdrActCnt,log_diff_volume_trusted_spot_usd_1d,log_diff_TxCnt,log_UnemRt,log_IndPro,log_CPIPrc,log_TotRes",0,0.008425447426323451,-0.001568025108013904,5935.736341739013,5983.793567273183,-2957.8681708695067,1.0477514239881367,0.399703300165312,1.9981338407059746,-0.16530769155324682,0.6972828252751206,-0.23707409039943417,0.8126536864694534,-0.18514413990367218,0.26511702693777417,-0.6983487331695505,0.4851409406194579,-0.3112464017993987,0.1470577623033433,-2.1164908055473837,0.03457917762336656,0.18233242216258444,0.4339572278314129,0.42016219679930844,0.6744680444110509,0.1656759521816552,0.25158428800842186,0.6585306001943537,0.5103669848869954,-0.06681560557249935,0.5070965627224809,-0.13176110919344877,0.8952029283490724,0.5356142997387567,1.0585725490904765,0.5059778852181228,0.6129970525793644,-0.16049531939874212,0.8374358294335296,-0.19165088685936293,0.8480592472457789,0.5348131980704649,1.4782121975575564,0.3617973109369104,0.7175890922735866,-0.05937374981413851,0.20925502150042605,-0.28373870977341215,0.7766763972947585
AAVE,1694,1694,9,"log_daily_return,TwitSIX,log_diff_AdrActCnt,log_diff_volume_trusted_spot_usd_1d,log_diff_TxCnt,log_UnemRt,log_IndPro,log_CPIPrc,log_TotRes",0,0.022726179647571954,0.013668028892503181,6495.911987317064,6544.797711912717,-3237.955993658532,4.267061145551377,1.894157879591205e-05,1.891174973752474,0.2728095843779039,0.6298604950373332,0.43312699641804636,0.6650187043168848,-0.667407025587822,0.13619872905580235,-4.900244152163687,1.1210943483293967e-06,-0.32471424637238255,0.10948246452274504,-2.965901871024496,0.003091842157045438,0.04790859961488831,0.5573187258421717,0.08596265905562925,0.931513822840127,-0.0022165557475044145,0.48870172707500414,-0.004535600397344668,0.9963820585080807,0.1823732490139019,0.8020457036554742,0.22738510808386792,0.8201721654705136,1.0684345031507387,1.057824983057444,1.0100295609039502,0.3127327464129676,0.8769774793578493,0.9052774374299075,0.9687389115182169,0.33291670263853745,0.4387035197938818,1.420346946847979,0.30887067470905516,0.7574861623892047,-0.022386798658506943,0.2074747191725598,-0.10790133249867186,0.9140962511465744
ADA,2738,2738,9,"log_daily_return,TwitSIX,log_diff_AdrActCnt,log_diff_volume_trusted_spot_usd_1d,log_diff_TxCnt,log_UnemRt,log_IndPro,log_CPIPrc,log_TotRes",0,0.008197775547877817,0.003767889681838499,13096.113698757239,13152.246948552645,-6538.0568493786195,2.339091767484661,0.012744239153854591,2.0843111786037096,-0.05121177859158849,0.13022087298805274,-0.39326858602988307,0.694162721485572,-0.144900283716777,0.09650558351929595,-1.5014704686781641,0.13339059879866533,-0.027667156662836187,0.18855373699463512,-0.14673353657065621,0.8833570252948653,-0.33526673036183313,0.2845756542664569,-1.1781286464087775,0.2388844383507983,0.16337913333110732,0.15408177071659848,1.060340445019998,0.2891168237787848,0.40849143858288073,0.26927542258985154,1.5170023118117129,0.12942296128219188,0.5981904198578392,0.2685165815021864,2.2277597029998253,0.026006570362883053,0.04879827248439378,0.32968117015891873,0.14801655933479965,0.8823445093115383,0.2600010071488662,0.3237129519717048,0.8031838255628166,0.4219632222752535,-0.07311876074706367,0.2131087671086221,-0.34310536229508964,0.7315549881778237
ALGO,2170,2170,9,"log_daily_return,TwitSIX,log_diff_AdrActCnt,log_diff_volume_trusted_spot_usd_1d,log_diff_TxCnt,log_UnemRt,log_IndPro,log_CPIPrc,log_TotRes",0,0.010186627838422835,0.0040302212389381475,9565.188730157299,9618.030078219252,-4772.594365078649,1.805040946957251,0.0629418644868716,2.0759483845465323,-0.059421665419139194,0.22403549769311906,-0.2652332600458443,0.7908675532213384,-0.14921746925488932,0.2724110328086647,-0.5477658805386795,0.5839371509207021,-0.11036401403858714,0.19029165218892577,-0.5799729665966393,0.5620231411368752,0.06510761204385149,0.21571566681947194,0.3018214346867014,0.7628315612841495,0.15422605669723763,0.16964892066479365,0.9090895249606109,0.363454260518539,0.2585491815035418,0.17174186167099617,1.505452304918188,0.13242607699676412,0.5967095505124819,0.376778514325823,1.583714378141189,0.11347724816769658,-0.1670944255297817,0.3781090664324891,-0.44192123480756634,0.6586122396753289,0.7005022764583664,0.47917266508028583,1.4618994936637226,0.14398588524937758,0.24768193646610004,0.23277744372079182,1.0640289390031519,0.28749311586588266
ALPHA,1693,1693,9,"log_daily_return,TwitSIX,log_diff_AdrActCnt,log_diff_volume_trusted_spot_usd_1d,log_diff_TxCnt,log_UnemRt,log_IndPro,log_CPIPrc,log_TotRes",0,0.013419250246170633,0.004265408238145474,6850.145887713658,6899.021413430304,-3415.072943856829,1.324425316798496,0.21959064400651016,2.0380258752809506,0.86633844757758,0.8481184592746603,1.0214828342711726,0.30728042535481553,-0.27427995067630284,0.2752859827565588,-0.9963455019751383,0.31933077968634,-0.21207880189428435,0.12915857903929603,-1.6420032139697056,0.10091347196224336,0.008826793691537077,0.46357307195701214,0.019040781756960206,0.9848124879187414,0.6391582868430346,0.35124616503212314,1.819687588004215,0.06911472331130314,-0.4702061422852147,0.5448995521962126,-0.8629226072769801,0.3883933191082094,2.1047618384269526,1.264276173506322,1.664795938208376,0.09627641439489673,0.19419284792627756,0.9734256575926237,0.19949427715572585,0.8419179303145341,2.435999302935791,1.7980783575131356,1.3547792802005265,0.17580333531674075,-0.0274184428600924,0.24040809954965608,-0.11404958032384906,0.9092220915758138
ANT,2627,2627,9,"log_daily_return,TwitSIX,log_diff_AdrActCnt,log_diff_volume_trusted_spot_usd_1d,log_diff_TxCnt,log_UnemRt,log_IndPro,log_CPIPrc,log_TotRes",0,0.019173778507548755,0.01498817585537604,15299.901742552735,15356.488738135418,-7639.950871276367,1.2811782175080106,0.24184875946993875,2.157043169579888,0.03342726245726772,0.1711014253360825,0.19536518992526744,0.8451258852328277,-1.0645976732148388,0.4468777587777321,-2.3823017644168503,0.017292950057239385,-0.14176509064877657,0.26092354387399486,-0.5433204246115779,0.5869666236694013,-0.19196607335310295,0.39934143827500057,-0.48070662083634896,0.6307748857777911,0.1311502053319475,0.17778403710797325,0.7376939317240067,0.4607825278808656,0.4988825869269919,0.41341887394642507,1.2067242653068666,0.22767368611764963,0.181790502263399,0.3718714866324823,0.4888530279899118,0.6249965825710824,-0.30803432281186693,0.4391610700532931,-0.7014153662902916,0.48312122258434576,0.40670461806968794,0.38636842099489493,1.0526342112081197,0.29262925785881094,0.046844830266517715,0.33283121722558534,0.1407465040599463,0.8880836468340152
BAL,1801,1801,9,"log_daily_return,TwitSIX,log_diff_AdrActCnt,log_diff_volume_trusted_spot_usd_1d,log_diff_TxCnt,log_UnemRt,log_IndPro,log_CPIPrc,log_TotRes",0,0.02534632731557862,0.017209144519512054,7168.998677945482,7218.919642219641,-3574.499338972741,1.8310013745846565,0.058847849129818997,1.8751655237528593,0.011672074090974968,0.5430063175587131,0.02149528230804223,0.9828545446717774,-0.7597192024193199,0.24110645701886652,-3.1509699566439737,0.00167213144289397,-0.09599176422660306,0.11155329430017301,-0.8605013848206381,0.38970405715739875,-0.21884487493659677,0.28311354885296375,-0.7729932948219825,0.4396958025567299,-0.4574706237432319,0.2537864588693903,-1.8025809012082339,0.07173327157256168,0.7569488176283756,0.34414648425974514,2.199496006058476,0.028054385741127695,0.6430444601278026,1.111857626540806,0.5783514406682018,0.5631476714433624,0.29760588107561,0.7880255121066639,0.3776602108731313,0.7057573724371737,0.407616996989695,1.3438356437450978,0.30332354919067234,0.7617018287908516,-0.02773698165035212,0.2057347260735489,-0.13481915367285308,0.8927800290300905
BAT,2794,2794,9,"log_daily_return,TwitSIX,log_diff_AdrActCnt,log_diff_volume_trusted_spot_usd_1d,log_diff_TxCnt,log_UnemRt,log_IndPro,log_CPIPrc,log_TotRes",0,0.005885418674897336,0.0015652683939093581,13670.156179988326,13726.562218252262,-6825.078089994163,0.8104472371303765,0.6065902236919413,2.0519369541449857,-0.14403213889872285,0.1388167591889487,-1.0375702454101763,0.2995913021562303,-0.38384193486670454,0.24932470011594443,-1.5395263072138663,0.12382862724352231,-0.008834416387249341,0.17711700735950595,-0.04987898406231283,0.9602236345777656,0.05788064628149941,0.3019028376157442,0.19171945099492146,0.8479807635844192,-0.07450751100754016,0.17464433968500467,-0.42662425327912035,0.6696973713790197,0.003526523767223441,0.3219581746318047,0.010953359924022481,0.9912617129671708,0.326447329167618,0.28335279053206885,1.1520879274018367,0.24941791612387582,0.1633095062363925,0.3361734334936834,0.4857894466531694,0.627167848395685,-0.11700425357726976,0.3473856707143519,-0.33681370143064987,0.7362914705007981,-0.028332398114101293,0.26332703381728145,-0.10759395912901486,0.9143282109765505
BCH,2860,2860,9,"log_daily_return,TwitSIX,log_diff_AdrActCnt,log_diff_volume_trusted_spot_usd_1d,log_diff_TxCnt,log_UnemRt,log_IndPro,log_CPIPrc,log_TotRes",0,0.0019798387932228323,-0.0022233345576714303,14113.015030427021,14169.733298405808,-7046.5075152135105,0.5834306543035855,0.8117176613267827,1.9710330886870695,-0.11536485250358372,0.12225820360302536,-0.9436164535688379,0.345472347695835,0.11992282338532026,0.0801892782969358,1.495496978302432,0.1349324418688689,0.006308812597281985,0.18050802610065697,0.03495031624668031,0.9721226226555958,-0.07084118250417504,0.310335279764158,-0.2282730553806561,0.8194558101136155,0.16164171195072274,0.19855787340486453,0.8140785816190286,0.4156906355944149,-0.10272329362342675,0.29413466510800435,-0.3492389908741543,0.726944304814382,0.28050638847315534,0.2622067513832349,1.06979086920296,0.2848342688421166,0.1519710817103127,0.3471165061932737,0.4378100119090722,0.6615682580370589,0.03136396079835779,0.28786363009405014,0.10895423221096265,0.9132490207442618,-0.1492600005406433,0.21409492956775358,-0.697167377303103,0.485773885973685
BNB,2877,2877,9,"log_daily_return,TwitSIX,log_diff_AdrActCnt,log_diff_volume_trusted_spot_usd_1d,log_diff_TxCnt,log_UnemRt,log_IndPro,log_CPIPrc,log_TotRes",0,0.011581887111312694,0.007452006416791779,14185.141664715038,14241.938801114702,-7082.570832357519,2.213078003386844,0.018806955010788377,1.9752946986440783,0.13179573316298382,0.11262786058443738,1.1701876647490452,0.24205490953967754,0.30033836621320636,0.2434543252604269,1.2336538522859666,0.21746651057772698,0.26869405181063405,0.18817801485717375,1.4278716459761338,0.15347376936941812,-0.11307979719544951,0.5002460105772067,-0.2260483738090642,0.8211852435485013,0.16599059821463175,0.18276143629330613,0.9082364506494709,0.36385491132760284,-0.20075006475033014,0.5151963385379615,-0.3896573980320284,0.6968284246528522,0.4764076505043978,0.25198448463442163,1.8906229532170151,0.058808798852015474,0.3459361585367573,0.3191906895250129,1.0837915073636524,0.27857854727637693,-0.2931962046234795,0.27208257360830024,-1.0776000856474373,0.2813329293276719,-0.2424694396777658,0.19764419569779054,-1.226797674587498,0.22003272162672752
BSV,2389,2389,9,"log_daily_return,TwitSIX,log_diff_AdrActCnt,log_diff_volume_trusted_spot_usd_1d,log_diff_TxCnt,log_UnemRt,log_IndPro,log_CPIPrc,log_TotRes",0,0.005156665168195795,-0.0002176385613879006,11086.194035834404,11140.435688644824,-5533.097017917202,0.9015091858742813,0.5230122860919119,2.110415076363961,-0.11411566386475311,0.22262760560679642,-0.5125854161424326,0.6083093072313337,0.1280543035989669,0.20721021302047465,0.6179922395346108,0.536664922208441,-0.2017674036132056,0.35853767286949917,-0.5627509154014202,0.5736802253974056,-0.2040008603828332,0.2078110959634,-0.9816649079159956,0.3264074915658255,-0.062130607117221875,0.14190074877629563,-0.4378455198652252,0.6615550290137464,-0.21714089287119084,0.1613672277618574,-1.3456319221870943,0.17860435181712697,-0.09126201510490602,0.39743424299004176,-0.2296279616429345,0.8184090650422944,-0.16803288203154101,0.4785270384592292,-0.3511460555553487,0.7255231773401831,-0.02675438404002284,0.47672209500871676,-0.05612155240997093,0.9552517041707047,0.05556626573676726,0.28039962008090075,0.19816812062988998,0.8429377061165347
BTC,3803,3803,9,"log_daily_return,TwitSIX,log_diff_AdrActCnt,log_diff_volume_trusted_spot_usd_1d,log_diff_TxCnt,log_UnemRt,log_IndPro,log_CPIPrc,log_TotRes",0,0.004670416888659656,0.0017619862886588677,17100.36994718788,17160.7292108868,-8540.18497359394,1.8206729335123022,0.05971170166651292,2.0389602241198266,0.09798495145381109,0.07679214545234088,1.275976219659379,0.20206013948437995,-0.07438544400101872,0.08495980563789195,-0.8755368899742741,0.38135011934470564,0.06198822795427988,0.08708110957186482,0.7118447187805214,0.4766148498338335,0.2136710852861609,0.1004530416239035,2.1270743208169454,0.03349316697791838,0.007268429890170583,0.08971902825193409,0.081013248045449,0.9354366803283217,-0.24111911614834683,0.11893601076513342,-2.027301189918772,0.04271757592686016,0.3002974005717435,0.12103052479343275,2.481170771458457,0.013148151893817423,0.14623692688398957,0.20763374589883488,0.7043023100649564,0.4812977745432887,0.11604466502835005,0.23945149934090432,0.4846270136030287,0.6279754094870806,-0.18218717036143212,0.148887148574175,-1.2236594770344948,0.22117431472102386
BTG,2775,2775,9,"log_daily_return,TwitSIX,log_diff_AdrActCnt,log_diff_volume_trusted_spot_usd_1d,log_diff_TxCnt,log_UnemRt,log_IndPro,log_CPIPrc,log_TotRes",0,0.007195544564913892,0.0028411390586197127,13830.400129204929,13886.714445850697,-6905.200064602464,0.824494955196724,0.5935097438901163,2.0363050752585923,-0.12775908937597244,0.15061160180392197,-0.8482685785541227,0.39638734887680094,0.10496552888237787,0.157580160256348,0.6661087836921997,0.5054164457682493,-0.15339854497989175,0.2165130606364861,-0.708495573102815,0.4787180349386996,-0.4840841307466848,0.45447972653555585,-1.0651391084852118,0.2869382968999159,0.14488784315363687,0.15680858119798657,0.9239790453221525,0.35560586257950233,0.3494420088594577,0.3844906742694066,0.9088439128555018,0.3635392515254401,0.36246762095000595,0.31960562865079734,1.1341090032742815,0.25688129839176627,0.14816291449166588,0.41313857604834675,0.35862764476955405,0.7199105553322023,0.1619319768559136,0.3303600282325383,0.49016818930022227,0.6240672919270394,-0.04318994100016274,0.253805108516466,-0.17016970719232283,0.8648934495736638
BUSD,2080,2080,9,"log_daily_return,TwitSIX,log_diff_AdrActCnt,log_diff_volume_trusted_spot_usd_1d,log_diff_TxCnt,log_UnemRt,log_IndPro,log_CPIPrc,log_TotRes",0,0.020789697605095303,0.014295303558260919,-3816.8318466339497,-3764.62810826671,1918.4159233169748,0.7644072956228257,0.6496152415135207,3.130740020048113,-0.0013300253710517803,0.0023269405735713527,-0.5715768533832721,0.5677033373416798,-0.018749657547902063,0.009398286045984796,-1.9950081808706417,0.0462416832382123,0.0017948902353245395,0.0013582035042862645,1.3215178945277082,0.18655149491972067,-0.00035404018081982365,0.0036514198228256513,-0.0969595932537414,0.9227728008096778,0.0014442208520542873,0.00281696435264636,0.5126869463923224,0.6082537627222482,0.006099737141464659,0.006539322542156422,0.9327781436291098,0.3511004590849137,-0.0004460691308705617,0.004080281424857571,-0.10932312858447808,0.9129623661164318,0.0006037900426586868,0.0037445873543001593,0.1612434122989051,0.8719256921113678,-0.002642713545474753,0.007058846869753419,-0.3743831810261481,0.7081777470665782,-0.0008121847312408759,0.001993333961853686,-0.4074504055936471,0.6837414786987779
COMP,1808,1808,9,"log_daily_return,TwitSIX,log_diff_AdrActCnt,log_diff_volume_trusted_spot_usd_1d,log_diff_TxCnt,log_UnemRt,log_IndPro,log_CPIPrc,log_TotRes",0,0.0408676036603578,0.03291166673219492,7163.5966724107875,7213.581768833294,-3571.7983362053938,9.259338300854377,1.2589224979722927e-13,2.168405061734704,0.10097183660132503,0.6391454866148618,0.1579794252105373,0.8745024072820204,0.977389329965604,0.11501410928528993,8.497995037645438,6.295474009476645e-17,-0.2986558245714752,0.11328562072275711,-2.6363083210919855,0.008501011482774361,-0.24018988476239062,0.3748784286567235,-0.6407140726209475,0.5218437634381994,-0.08504469385263777,0.278625400505239,-0.3052295077850904,0.7602499035149164,0.19676292033747214,0.488746638454668,0.40258674915821896,0.6873315628715164,1.019779416424043,1.265559718270833,0.805793200985722,0.42053866020684416,0.9326217414189774,0.8114297672634684,1.1493560860654972,0.25066247158339716,0.38040347252090845,1.4949136614633385,0.2544651790448819,0.7991844204981333,-0.08776593380584455,0.20723449792467713,-0.423510248943902,0.6720069598374504
CRO,2264,2264,9,"log_daily_return,TwitSIX,log_diff_AdrActCnt,log_diff_volume_trusted_spot_usd_1d,log_diff_TxCnt,log_UnemRt,log_IndPro,log_CPIPrc,log_TotRes",0,0.007507181198268986,0.0017106624641900492,9704.69815001503,9758.164701646796,-4842.349075007515,1.8418836197353872,0.05668054463781698,2.150318343567652,-0.048780112433292486,0.15935620037428833,-0.3061074016493871,0.7595642215788171,0.01667383907769565,0.13163277220785544,0.1266693605097577,0.8992186222544263,-0.20259495300909652,0.099097618474207,-2.0443977981350545,0.04108390153238325,-0.0754510222815867,0.3206596949113406,-0.23529936402655222,0.8140076525138323,-0.1370419741259445,0.16428380278301669,-0.8341782440168326,0.404309837649782,-0.02029036126961918,0.3726197482523619,-0.054453263319466504,0.956581102202516,-0.15525694419462224,0.28145072010083466,-0.5516310071581935,0.5812811675710293,-0.61636718860661,0.2982405600806957,-2.066677947626701,0.03893122279859399,0.10222473252385353,0.3412896272215454,0.2995248738031384,0.7645799889402611,0.44820937108868,0.2011561126600135,2.228166796234657,0.02601322997979933
CRV,1750,1750,9,"log_daily_return,TwitSIX,log_diff_AdrActCnt,log_diff_volume_trusted_spot_usd_1d,log_diff_TxCnt,log_UnemRt,log_IndPro,log_CPIPrc,log_TotRes",0,0.01803484383190268,0.009429501664898976,7382.545721248481,7431.986593330776,-3681.2728606242404,3.1924315748643264,0.0008070298552050348,2.0048673032873987,0.08598102603770898,0.7483985368135402,0.11488668377652203,0.9085573971534839,-0.3919898135591838,0.15149701480064295,-2.587442492348834,0.009805549669141855,-0.3544572621110255,0.1392303834619295,-2.5458326932493627,0.011046910105252137,-0.4871762223633271,0.5923627959156474,-0.8224287982338125,0.41102379909699216,0.866796760596211,0.40362124124432125,2.1475499107132445,0.03198301645220107,0.13544967565033095,0.7965065741748256,0.17005468635416565,0.8650006217726611,0.3708421285067758,1.3772907281130624,0.2692547919892286,0.7877877028921458,1.3502639173118463,1.236495192736018,1.0920090310453128,0.27508523577337746,-0.506898779094544,1.757839121699554,-0.28836471599542773,0.7731257610497636,0.27343532657280245,0.27089707283309683,1.009369808662604,0.31303506034549644
CVC,2819,2819,9,"log_daily_return,TwitSIX,log_diff_AdrActCnt,log_diff_volume_trusted_spot_usd_1d,log_diff_TxCnt,log_UnemRt,log_IndPro,log_CPIPrc,log_TotRes",0,0.008338176008330422,0.00408008611523647,14417.104157587648,14473.629614514588,-7198.552078793824,1.3986068378108605,0.18301031104138982,2.0067765658657706,-0.15403170360453636,0.15377048046613792,-1.001698785993297,0.31660471939048795,-0.39322480391333997,0.3416134800185174,-1.1510810518719137,0.2498301857131288,-0.06755687484163816,0.17039543646790214,-0.39647115111773573,0.6917978451425388,-0.5820846026516144,0.34766939949576187,-1.6742474416668072,0.09423117160302644,0.3468759203255709,0.19259021693393955,1.8011087263303358,0.07182942535241825,0.23888995745860575,0.3701945974051188,0.6453091404712719,0.5187975002132026,0.5531486123331879,0.402190056153322,1.3753413439001532,0.16917261595703983,0.2460065673891892,0.44760006420257276,0.5496124488441823,0.5826437719766582,0.08668831878637888,0.3820815639277566,0.22688432777345355,0.8205358141577914,-0.016007343969190416,0.3436815634626483,-0.04657609156544155,0.9628555245784238
DAI,2019,2019,9,"log_daily_return,TwitSIX,log_diff_AdrActCnt,log_diff_volume_trusted_spot_usd_1d,log_diff_TxCnt,log_UnemRt,log_IndPro,log_CPIPrc,log_TotRes",0,0.004621714996510762,-0.0022906342049022754,804.4119077443538,856.1591508427176,-392.2059538721769,0.4028818225732316,0.9340004485047572,2.783611429858,-0.0029173093238215953,0.015066443459576409,-0.19362959358317036,0.8464962665946811,-0.011340919876222922,0.014141729794801198,-0.8019471479643238,0.42273054848985314,0.001384765085029901,0.008152687671270888,0.16985381273830102,0.8651516144015343,0.008373791050183599,0.015278879332347211,0.5480631706054045,0.5837429111372412,0.010759922387838815,0.009265168171693733,1.161330500261371,0.24572136715472095,-0.027544294788153484,0.024282495770104107,-1.1343271733239715,0.25686709841238803,-0.007979041778438034,0.032642833077021705,-0.2444347204671621,0.8069328462352151,-0.002907563594824542,0.024226078759086233,-0.12001792051196199,0.9044875541568774,-0.007824631414446412,0.04505366267027835,-0.173673591683552,0.8621491148967763,0.0002754744998056174,0.007467926889683272,0.03688768032613945,0.9705802435388997
DASH,3803,3803,9,"log_daily_return,TwitSIX,log_diff_AdrActCnt,log_diff_volume_trusted_spot_usd_1d,log_diff_TxCnt,log_UnemRt,log_IndPro,log_CPIPrc,log_TotRes",0,0.0053782088181494325,0.0024718464413192587,19703.205802207616,19763.565065906536,-9841.602901103808,1.915122000755024,0.04556300642347553,2.004201250349007,0.005080562717166788,0.11651339440185053,0.04360496699327211,0.9652221189474637,-0.24939980882193347,0.14709779510804405,-1.6954693891825372,0.09008748349365682,0.08712222179618351,0.12512392468161584,0.6962874767385246,0.4863013540141562,0.13255907137516632,0.1306162194982342,1.0148745070435787,0.31024536675383074,-0.037240063058972844,0.11492805973269526,-0.3240293375315604,0.7459378249845039,-0.13270139402896533,0.15113645213594706,-0.8780237471076837,0.37999931739482706,0.33785811719361264,0.20045363353237333,1.6854676627203589,0.09199967462238035,0.034308836476584115,0.3266253455129938,0.10504033734032205,0.9163506408810244,0.1982037475332462,0.3340996704612334,0.5932473601653684,0.5530591804534378,-0.2982800890068164,0.23682518780222153,-1.2594947850560445,0.2079471070763074
DCR,3301,3301,9,"log_daily_return,TwitSIX,log_diff_AdrActCnt,log_diff_volume_trusted_spot_usd_1d,log_diff_TxCnt,log_UnemRt,log_IndPro,log_CPIPrc,log_TotRes",0,0.01638990013134456,0.012956040201624663,17113.956145584212,17172.54255214042,-8546.978072792106,3.228161302877468,0.0006658604595885051,2.10417042665907,-0.07161002856528537,0.13380756570120408,-0.5351717460071914,0.5925772600388266,-0.45143902326820146,0.309613123818226,-1.4580745728764442,0.1449417970195775,-0.1779592413184565,0.3717351357294448,-0.4787259105041346,0.6321742287028291,0.18819331130958378,0.35044204091888215,0.5370169367126402,0.5913022578338695,-0.3612945926190051,0.15141955572412988,-2.3860497469510804,0.017102218651840664,-0.34915159039999094,0.3757780952115307,-0.929143009795312,0.3529019655105857,0.7752502553306669,0.2601931536120523,2.9795182715935877,0.002913980424793747,0.7786537376668989,0.32541138729622454,2.3928287947652067,0.01679020313211025,0.04709215406793707,0.3343646710532401,0.14084069922697873,0.8880067935708331,-0.7446595767427375,0.31176199741777405,-2.3885514684615736,0.016986485604024066
DGB,3763,3763,9,"log_daily_return,TwitSIX,log_diff_AdrActCnt,log_diff_volume_trusted_spot_usd_1d,log_diff_TxCnt,log_UnemRt,log_IndPro,log_CPIPrc,log_TotRes",0,0.0037856672276479486,0.0008363484793088016,21552.518565275248,21612.747533971262,-10766.259282637624,1.6074495647285572,0.10721521850412341,2.06460715942919,0.08256006654467483,0.15203101174663214,0.543047537447594,0.5871368851668517,-0.06846981588452353,0.12250642275423365,-0.5589079686204232,0.5762656978654318,0.2079900201740502,0.17611825152743238,1.1809680051340585,0.2377078189679064,0.18270558106919027,0.13067516523280515,1.3981660611921938,0.16216519980054864,0.1242261740141876,0.16356900670243033,0.7594725707430846,0.4476288026581221,-0.05079067884391264,0.1704040137543255,-0.2980603433269973,0.7656774768293015,0.6007374166196899,0.257029109397686,2.337234945985065,0.01949155836924541,0.007447897952865823,0.4717178975138764,0.01578888143129386,0.9874038547470521,0.6262174834445398,0.5183185965541501,1.208170973620695,0.22707547868734834,-0.4167626049510728,0.29249581983318423,-1.4248497814046035,0.15430327929911836
DOGE,3803,3803,9,"log_daily_return,TwitSIX,log_diff_AdrActCnt,log_diff_volume_trusted_spot_usd_1d,log_diff_TxCnt,log_UnemRt,log_IndPro,log_CPIPrc,log_TotRes",0,0.0056473006229644795,0.002741724553356195,20852.41461498596,20912.77387868488,-10416.20730749298,1.6227138062268356,0.10293986279846493,1.9968653708707156,0.05280442593612497,0.12103533826110564,0.43627280011571234,0.6626693917269375,-0.01290408697095434,0.2504061711303188,-0.05153262362786846,0.958904448194293,0.0001936480442852155,0.13757317917074813,0.0014076002710155472,0.9988769890041573,-0.02835946695111749,0.11741824710006679,-0.2415252113834474,0.8091641567915655,0.283469943860567,0.14538727820694125,1.9497575534571996,0.0512956474402999,-0.05107370278375392,0.2678397426170309,-0.19068754429316098,0.8487829653488801,0.761304711140345,0.27264100662686713,2.7923338479389366,0.005265229521257723,0.9294213928158246,0.4135748896970365,2.247286805774573,0.024692218411932195,-0.16953461628236,0.3876788600467461,-0.4373068375766416,0.6619194968468997,-0.48455563344851754,0.22630063246928916,-2.141203178096622,0.032335918155590816
DOT,1745,1745,9,"log_daily_return,TwitSIX,log_diff_AdrActCnt,log_diff_volume_trusted_spot_usd_1d,log_diff_TxCnt,log_UnemRt,log_IndPro,log_CPIPrc,log_TotRes",0,0.010826862415569294,0.0021159443742191364,6663.362638240089,6712.755177700504,-3321.6813191200445,1.2444291753035484,0.2637702558467713,2.072632423382385,0.33235009545550165,0.5492282703782612,0.6051219745600632,0.5452322900390032,-0.12683221580668594,0.17608783024963265,-0.7202781454395855,0.47151845714345386,-0.27771792470724854,0.13530058024094427,-2.052599657833591,0.04036564388951825,0.15017590306518064,0.2003641289055698,0.7495149150971904,0.45371939878087164,-0.05495998472371048,0.18292503749757671,-0.30045085940976535,0.7638943794862401,-0.12512455204567008,0.21690642178177344,-0.5768596015638309,0.5641613378542396,0.6540591437544665,1.0358445980408555,0.6314259349245255,0.5279032594803158,-0.8499233946775901,0.9616328737940518,-0.8838335479571116,0.376993937453589,1.6065554334979062,1.2836710501218573,1.251532028665286,0.21102681772350504,0.19706027338722668,0.18777300553163753,1.0494600798943081,0.29421452021663747
DRGN,2705,2705,9,"log_daily_return,TwitSIX,log_diff_AdrActCnt,log_diff_volume_trusted_spot_usd_1d,log_diff_TxCnt,log_UnemRt,log_IndPro,log_CPIPrc,log_TotRes",0,0.01623342467208122,0.011766270697332715,14028.994714257402,14084.963658638848,-7004.497357128701,2.938678008565003,0.0018109031205273218,2.0094080588861485,-0.27164232174503705,0.20970215578775853,-1.2953720991784592,0.19534275022785047,-0.8686257037728953,0.2777656238637783,-3.1271893609084125,0.0017904912239955074,-0.10433848812773112,0.21779410646508252,-0.47906938264401117,0.631942119121141,0.05129193017399569,0.42596886178771304,0.12041239342878934,0.9041686788871232,-0.41949118688434717,0.20993391159854227,-1.998205929142798,0.0458307454139673,0.22859759123690515,0.45914265520744835,0.4978792291333092,0.6186244030074817,0.3303993894722933,0.3766260425236803,0.8772611348338173,0.3804511366875387,-0.4955081327131945,0.4864282029110972,-1.0186665364955347,0.308485629778618,0.668635221346292,0.4995598291616035,1.338448734896164,0.18090371372461467,0.11857986136335759,0.3084343077715688,0.3844574302388554,0.7006806862885443
ELF,2717,2717,9,"log_daily_return,TwitSIX,log_diff_AdrActCnt,log_diff_volume_trusted_spot_usd_1d,log_diff_TxCnt,log_UnemRt,log_IndPro,log_CPIPrc,log_TotRes",0,0.0041097271808915314,-0.00038526402039829044,13536.926445057561,13592.955449679608,-6758.4632225287805,0.8718181121852288,0.5498694207647735,2.125750351378037,0.005578004979592446,0.1370738264970002,0.04069343595448923,0.9675443685181453,0.14222227229630985,0.39172424850852117,0.3630673179866119,0.7165930802955299,-0.0709015882470436,0.1884073597275052,-0.37632069336139007,0.7067185330658605,-0.0917940997907764,0.262273910576019,-0.34999325548306975,0.7263807224856549,-0.2343384181941024,0.18071342030488255,-1.2967405397936071,0.19487051085425205,-0.07833845329343622,0.3139236380099622,-0.2495462074472716,0.8029640061869086,0.20427323250992852,0.390755780355948,0.5227644548824116,0.6011962557345255,-0.12313385719549222,0.4017415476655481,-0.30650018130064505,0.7592558419235699,0.3149682163275544,0.35776245145077035,0.8803836597449506,0.37875759891463245,0.11365767646302294,0.2954298793874718,0.384719638713168,0.7004861708718788
EOS,2548,2548,9,"log_daily_return,TwitSIX,log_diff_AdrActCnt,log_diff_volume_trusted_spot_usd_1d,log_diff_TxCnt,log_UnemRt,log_IndPro,log_CPIPrc,log_TotRes",0,0.013410136499300451,0.008544761829981984,11600.376600802174,11655.52459840706,-5790.188300401087,2.3636004270416864,0.01183348066518668,2.0130334965351526,-0.11482233868293529,0.1534657773222175,-0.748195074409676,0.45443890539630505,-0.46138271411188936,0.19836101490919106,-2.325974760328327,0.020128955994418916,-0.33466652967524546,0.11332926396613001,-2.953046000327551,0.003186765220127506,0.04447108810212871,0.10880512833977059,0.40872235326313733,0.6827913818461415,-0.09182756836788097,0.1352158654278688,-0.6791182978218381,0.49714902477752043,-0.238726262128419,0.13159822865621285,-1.814053764751404,0.0698336004509881,0.26527394544623106,0.2749679650721678,0.9647449126541251,0.3348004104775132,0.10202976585529362,0.3242640209738218,0.314650282658188,0.7530631645965318,0.23579377651370145,0.31593576103791726,0.7463345578198173,0.4555614669462015,-0.02508520634132541,0.2111757818465096,-0.11878827260390243,0.9054561732034747
ETC,3232,3232,9,"log_daily_return,TwitSIX,log_diff_AdrActCnt,log_diff_volume_trusted_spot_usd_1d,log_diff_TxCnt,log_UnemRt,log_IndPro,log_CPIPrc,log_TotRes",0,0.00840918943899871,0.004852267440174862,16979.146903101406,17037.463075864933,-8479.573451550703,1.515716053216857,0.1363641641956636,1.8335579183805872,0.027773720157691955,0.14074842012935737,0.19732882352900313,0.8435862087328948,-0.5221925844746645,0.323538498261678,-1.6140044763770742,0.10665220267941561,0.07602645886441885,0.14561350389722316,0.522111320925838,0.6016389152694472,-0.05922480040935717,0.09401288650665346,-0.6299647060104439,0.5287750402945144,0.09822958254683994,0.13562725420072155,0.7242613818714126,0.4689728080415918,0.2704300222499677,0.15696316075791072,1.7228884850698218,0.08503191163055349,0.4322417291957351,0.28703990575957117,1.50585936144289,0.13222916017972178,0.23196407787330256,0.4513819799165873,0.5138975151736632,0.6073688992277487,0.04876041757323581,0.32984726275067455,0.14782726152283673,0.8824909724411527,-0.24677872871670326,0.26900840319638847,-0.9173643863331045,0.35903989893586674
ETH,3584,3584,9,"log_daily_return,TwitSIX,log_diff_AdrActCnt,log_diff_volume_trusted_spot_usd_1d,log_diff_TxCnt,log_UnemRt,log_IndPro,log_CPIPrc,log_TotRes",0,0.004846733937186709,0.001716227333004361,18352.7131013198,18412.337258121013,-9166.3565506599,1.8768030926879595,0.05091901421079328,2.0349906505615514,0.1947395010865388,0.10938939222478558,1.7802411835908756,0.07514259772392512,-0.15504843008400424,0.15120551114503886,-1.0254152041804825,0.30525400630993155,0.116550760994223,0.12632907438466046,0.9225964930237406,0.35629531964662964,0.006789890533956955,0.08835825560747955,0.07684500432104716,0.9387522214973472,0.10916406624643993,0.13537640157179165,0.8063744122238984,0.4200940180037732,0.060930577196306554,0.16934760215205533,0.35979592519767517,0.719026306179829,0.5178279555848163,0.22826410714800632,2.268547438555712,0.02337006349065181,0.098540811156078,0.3806521986985768,0.2588736161067298,0.7957513786745685,0.3606225423886858,0.30885602049093125,1.1676072942190698,0.24306250371777768,-0.31384369976705623,0.2627486962001278,-1.1944633952741326,0.23239576704672243
FTT,2111,2111,9,"log_daily_return,TwitSIX,log_diff_AdrActCnt,log_diff_volume_trusted_spot_usd_1d,log_diff_TxCnt,log_UnemRt,log_IndPro,log_CPIPrc,log_TotRes",0,0.01415595525672475,0.007763594736055035,9464.520745032834,9516.948724260772,-4722.260372516417,1.3927409071040173,0.18606867109240124,1.9263867348311658,-0.46251465445158935,0.4048587149551321,-1.1424100244522262,0.2534806507256721,0.4455050042215668,1.1511674113366535,0.3870027937155363,0.6988134663240964,-0.22088194046085624,0.1314271592613193,-1.680641518102603,0.09305756695331438,-0.38527907303765946,0.3573303747261327,-1.0782152883950809,0.2811250331055335,-0.052304300693120725,0.24978914586795534,-0.20939380897186807,0.8341715530239898,0.07315968180861446,0.33657863357592815,0.21736282256345454,0.8279575484662609,0.12129277220436424,0.24986668219481253,0.48542995464195743,0.6274479996125352,0.08204604256765408,0.28471149363156584,0.28817256908436123,0.773257669635509,-0.7571830799299936,0.5282515430447587,-1.4333759927433614,0.1519756240359573,0.23582980754950078,0.19671207409453959,1.1988578161001,0.23078787137307197
FUN,2828,2828,9,"log_daily_return,TwitSIX,log_diff_AdrActCnt,log_diff_volume_trusted_spot_usd_1d,log_diff_TxCnt,log_UnemRt,log_IndPro,log_CPIPrc,log_TotRes",0,0.006852672457640652,0.00260643685294637,14149.052626365677,14205.62072728048,-7064.526313182839,1.200272101653792,0.29018462807206524,2.1056872050256112,-0.14729642353958164,0.10450847169404409,-1.4094208933683605,0.1588584635457949,-0.3105478198952606,0.3018961453254294,-1.0286577841545645,0.30375869558149843,-0.05126506479710343,0.19062391575618376,-0.2689330171072221,0.7880075838427751,-0.2158144473322502,0.23608665945739918,-0.914132326783136,0.36075201143216007,-0.2548512374331261,0.17710792911651516,-1.438960066352904,0.1503105088219426,0.46077943480622957,0.2839902579787289,1.6225184556885128,0.10484212996823349,0.5877527242063161,0.337292546092681,1.7425606673348002,0.0815564195700103,0.2753986722592687,0.40593865961868153,0.6784243523835951,0.49757724511329837,0.19637708604648418,0.32791497305026435,0.5988658712951865,0.5493267707847105,-0.13636090496772557,0.24290215449786665,-0.5613820315822814,0.5745968882955221
GAS,2853,2853,9,"log_daily_return,TwitSIX,log_diff_AdrActCnt,log_diff_volume_trusted_spot_usd_1d,log_diff_TxCnt,log_UnemRt,log_IndPro,log_CPIPrc,log_TotRes",0,0.0311660786954564,0.027072414239240006,14671.976679695508,14728.662290775666,-7325.988339847754,2.3335443795655753,0.012949741455905463,2.262101489443745,-0.07321263173835432,0.17243065626215093,-0.4245917363270207,0.671177200609363,1.0634172998368217,0.4502304526167157,2.361939965758194,0.0182690918528706,-0.032288717723505084,0.19762471961389352,-0.16338400270264117,0.8702315975208408,-0.2477295310615481,0.18263208491109303,-1.3564403603131678,0.1751028535606914,-0.3757489471974082,0.16145493862808336,-2.3272682173133026,0.020044284056630817,-0.41599908657168105,0.17642093204417547,-2.3579916609187603,0.018464042259959124,0.316232475297842,0.3114854026171115,1.0152401128298323,0.3101066892245272,-0.031175187624263134,0.3805016957536605,-0.08193179681502963,0.9347086471830868,0.2634708527187114,0.37163578609855363,0.7089490909490667,0.4784336553789771,0.0006741401439594452,0.24545277470529359,0.0027465166966185706,0.9978088566796892
GNO,2951,2951,9,"log_daily_return,TwitSIX,log_diff_AdrActCnt,log_diff_volume_trusted_spot_usd_1d,log_diff_TxCnt,log_UnemRt,log_IndPro,log_CPIPrc,log_TotRes",0,0.009586968799681461,0.005586198027328404,14493.787082856026,14550.920461744745,-7236.893541428013,4.677043487873355,3.6264207644640255e-06,2.0083084547926497,-0.029299255808530964,0.12537146667325944,-0.23369955370219994,0.8152397042494024,-0.35540367663706834,0.07181328147785133,-4.9489964714491155,8.018262061132206e-07,-0.03195712967274825,0.16245052768164261,-0.19671914969322377,0.8440652656957334,-0.2533387989238379,0.20992840794912745,-1.2067866440697737,0.22764243338983878,0.12564987895534468,0.1462659642380768,0.8590506999347068,0.3904049581893766,0.21945259960467953,0.24867143898086308,0.8825002199853271,0.3776015633486892,0.41219652060784295,0.26912470296143925,1.5316190452680345,0.12575843823730562,-0.16957012032568883,0.31261208555042236,-0.5424298296949183,0.5875766846026691,0.3125688696150412,0.3222312998911765,0.9700139921869835,0.332144807096843,0.08206633180782813,0.2461826347313929,0.33335548584639113,0.7388973278477122
GNT,3023,3023,9,"log_daily_return,TwitSIX,log_diff_AdrActCnt,log_diff_volume_trusted_spot_usd_1d,log_diff_TxCnt,log_UnemRt,log_IndPro,log_CPIPrc,log_TotRes",0,0.004909154371321223,0.001015320627556826,15634.659201865736,15692.109229900894,-7807.329600932868,1.4094047078489753,0.1781632170677635,2.1306600753575218,0.021832589651256167,0.14750111730304133,0.14801643574265996,0.8823427718399263,0.16697418511140574,0.16938814104017005,0.9857489673483586,0.32435999763361223,0.16283012108414663,0.17216897192992173,0.9457576429649803,0.3443715584721736,-0.37818068202608446,0.19799718983998585,-1.9100305531190436,0.05625353960813129,-0.14836968400090522,0.1307955826438866,-1.134363110754796,0.25676047715761796,0.16862858306221895,0.2002473567869986,0.8421014178059176,0.3998187394888192,0.5205558604852443,0.3158195928717056,1.648269683815051,0.0994339230367691,0.05921014713362496,0.36331174774614383,0.1629733899356229,0.8705537036116123,0.3189654359196377,0.36841679670586824,0.8657733273064886,0.3867047769314286,-0.19037443311066127,0.30336769552637327,-0.6275369326333267,0.5303696287163908
GUSD,2449,2449,9,"log_daily_return,TwitSIX,log_diff_AdrActCnt,log_diff_volume_trusted_spot_usd_1d,log_diff_TxCnt,log_UnemRt,log_IndPro,log_CPIPrc,log_TotRes",0,0.1361799683359104,0.13167569238864696,6439.841743836183,6494.435132788386,-3209.9208719180915,1.379136344926062,0.19205660577402964,2.7894845196985014,0.014150227265922188,0.032261601372786684,0.4386089550365033,0.660999800498083,0.5113445710343821,0.21833093490181874,2.3420619311886735,0.019290685583472033,-0.00931571235513701,0.043485534651483505,-0.21422554488057113,0.830396481133456,-0.1833024931680446,0.15319142173853798,-1.196558469709219,0.2316430285556138,0.02372712703060135,0.05895165714898332,0.4024844792850839,0.6873773487685482,0.1969676947176723,0.13045643460451933,1.5098350289488047,0.13126855846832391,0.027811718234714743,0.060107245001702475,0.462701596686506,0.6436365999939071,-0.015601728538208175,0.09095360429219304,-0.1715350222745086,0.863823202547612,0.07904959690364005,0.09969698797486781,0.7928985469808508,0.4279459083378664,0.02751120410330534,0.03777388582133233,0.7283127881900022,0.4665209321572181
HEDG,817,817,9,"log_daily_return,TwitSIX,log_diff_AdrActCnt,log_diff_volume_trusted_spot_usd_1d,log_diff_TxCnt,log_UnemRt,log_IndPro,log_CPIPrc,log_TotRes",0,0.022148343323263542,0.011242934512742386,6332.15261349645,6379.20900444505,-3156.076306748225,1.4876750794186424,0.14795471308728347,2.024881498049929,-0.0339597258046512,0.40551643666528986,-0.08374438798070545,0.9332804331490991,-1.6650706821928025,0.6091496132559239,-2.733434686583723,0.006404967915988919,-0.043956431293980996,0.666204939319649,-0.06598034433498916,0.9474098159047051,0.30586587595288073,0.7939626216669469,0.3852396417739499,0.7001613909824169,0.6378049392193459,0.493660420706036,1.291991240268267,0.19673004110412276,0.45167067636307084,0.8078068266975117,0.5591320368133034,0.5762267391878694,-0.289021078820876,0.5127508611076229,-0.5636676615160524,0.5731369226036335,0.04125918060954237,0.5942723046364311,0.0694280724301703,0.9446660837550428,-0.1628502251014184,1.3498698948095482,-0.12064142309388622,0.904005087176652,-0.08380410122653592,1.5280754646155692,-0.05484290741335816,0.9562771907356907
HT,2278,2278,9,"log_daily_return,TwitSIX,log_diff_AdrActCnt,log_diff_volume_trusted_spot_usd_1d,log_diff_TxCnt,log_UnemRt,log_IndPro,log_CPIPrc,log_TotRes",0,0.003959001406955487,-0.001805866109017007,9487.982512774413,9541.538923804155,-4733.991256387207,0.9468270935103961,0.48296963019529293,2.056902727521743,-0.09588454285208735,0.157616901804434,-0.6083392184110928,0.5430513596269162,-0.05169934845402386,0.2544269197175466,-0.2031992075029567,0.8390059175225382,-0.17009556332262638,0.09443592965952266,-1.8011742345936064,0.07186908873163765,-0.13751738315343154,0.29683018535703204,-0.463286383721465,0.6432239373729028,-0.08174417261302928,0.11896987469550654,-0.687099762206581,0.49212232064138484,0.23299379742814194,0.3104542211951477,0.7504932499586949,0.45307123062988375,0.21519674084264645,0.26302917944597637,0.8181477860970393,0.41339815481243114,0.21453445662301535,0.286616437876328,0.7485071624384109,0.45426750170874475,-0.18097822348765405,0.2831032981389475,-0.6392656838594288,0.5227442645314011,-0.10180845815354306,0.18784416311410404,-0.5419836127231727,0.5879074471705865
HUSD,1218,1218,9,"log_daily_return,TwitSIX,log_diff_AdrActCnt,log_diff_volume_trusted_spot_usd_1d,log_diff_TxCnt,log_UnemRt,log_IndPro,log_CPIPrc,log_TotRes",0,0.00817892445954338,0.0007895290291922707,-584.7469567849685,-533.69730230227,302.37347839248423,0.5604072431884428,0.830127643633085,2.9472573201665138,-0.0007582440578799603,0.00543142738289609,-0.13960309223091505,0.8889968682011782,-0.0009872734232237836,0.006477990694812458,-0.1524042669611099,0.8788935421418316,-0.0005656057248000768,0.004344422698132437,-0.13019122771898256,0.8964368102330974,0.0005173016201170571,0.0059742151128875185,0.08658905150588553,0.9310125186781331,-0.0021730855237579866,0.0014608559910599846,-1.4875426031427057,0.1371325297154334,0.01647356668615581,0.018164814094561152,0.9068943177947674,0.3646435490485017,-0.001366119054811792,0.005377841398263826,-0.2540273975451987,0.7995176226655605,-0.0017292270914121724,0.005694952478857432,-0.30364205809125633,0.7614528944146574,-0.0016920901803909017,0.011867324320754538,-0.14258396708950116,0.886642537897415,0.002271592442005483,0.008190700921128462,0.27733797923762027,0.7815680516446968
ICP,1481,1481,9,"log_daily_return,TwitSIX,log_diff_AdrActCnt,log_diff_volume_trusted_spot_usd_1d,log_diff_TxCnt,log_UnemRt,log_IndPro,log_CPIPrc,log_TotRes",0,0.047017083039340934,0.03570198244218281,5038.475150683684,5084.913048015161,-2509.237575341842,18.45531777182252,5.831524765906992e-28,2.017628642186284,-0.5294934899133174,0.8493734938412155,-0.6233929993726676,0.5332138261041233,-0.8132333501550234,0.0839392868684094,-9.688351908801888,5.2561296320645055e-21,-0.19977688360745893,0.1159160822860262,-1.7234613150098002,0.08521292344340169,-1.284629026317424,0.5838233877729666,-2.200372669580312,0.02808141926977768,-0.033054558892453414,0.24062253791887891,-0.1373710009807855,0.8907740315656381,1.0792608742181864,0.5898419865662903,1.8297457603874594,0.06768057715389218,-1.4341661130653067,1.2587359712843684,-1.139370086962666,0.25490875106883065,-0.39515816561420797,0.9007013661302095,-0.43872273372024856,0.6609874699864537,-0.689571597323725,1.6030316786465308,-0.430167167941399,0.6671963122755673,0.42978056681308585,0.2967216302531663,1.4484301884105724,0.1479102915951222
KNC,2803,2803,9,"log_daily_return,TwitSIX,log_diff_AdrActCnt,log_diff_volume_trusted_spot_usd_1d,log_diff_TxCnt,log_UnemRt,log_IndPro,log_CPIPrc,log_TotRes",0,0.004445491850473049,0.00013780407482599788,14141.181029994745,14197.630223444334,-7060.590514997372,1.2134208348501179,0.28189152993265315,2.0315789099106993,-0.16002818479255548,0.17511727140994665,-0.9138343894014437,0.36090978779116467,-0.17502876574435644,0.18820585560992706,-0.9299857604171399,0.3524863737701964,-0.14836966411778077,0.1773421934997901,-0.8366292374632006,0.40289711139126905,0.5396222827238849,0.408892935056552,1.3197153495676133,0.187075304589292,0.05769872038603996,0.16603273620349374,0.34751412104250945,0.7282402719234474,-0.6166220402341007,0.4026234178517343,-1.5315106198347639,0.12579531219175172,-0.1778095265595042,0.323791510354862,-0.5491482045487616,0.5829626923883997,-0.607105029078472,0.3953538386943815,-1.5355991763817918,0.12478880578912806,-0.09390907211349667,0.3885650906063489,-0.24168170117123294,0.8090506330389894,0.4633110651623489,0.27732846738170785,1.6706220949350263,0.0949467907547238
LDO,1358,1358,9,"log_daily_return,TwitSIX,log_diff_AdrActCnt,log_diff_volume_trusted_spot_usd_1d,log_diff_TxCnt,log_UnemRt,log_IndPro,log_CPIPrc,log_TotRes",0,0.010336811673014035,-0.0036899106812267046,4531.976455508714,4576.6689586766715,-2255.988227754357,0.8228938322274234,0.5951679008592452,2.044839268283957,-0.05976871865525718,1.423351651454486,-0.04199153357090715,0.9665186471115377,-0.08318164122684114,0.19183575087720903,-0.43360865139305743,0.6647199162432317,-0.1341618484874076,0.23118260135617472,-0.5803284836332007,0.5618989936210361,-0.2578172219305915,0.43678818705101297,-0.5902568557800322,0.5552284487493973,-0.9202369536975117,0.4219263245741718,-2.181037067611884,0.029546847108593604,1.2575443658808543,0.690733632782607,1.8205923473204297,0.06913938178855861,-0.5140893816244507,1.7806942609573364,-0.28870165580702556,0.7729039134347615,0.44382151985294066,0.9177197374540808,0.4836133535540831,0.6288270157462602,-0.6973138339658028,2.6320433889755432,-0.2649324995501745,0.791147436248833,0.10189416672533164,0.4532682670298222,0.22479880930783896,0.8222081107345822
LEND,2730,2730,9,"log_daily_return,TwitSIX,log_diff_AdrActCnt,log_diff_volume_trusted_spot_usd_1d,log_diff_TxCnt,log_UnemRt,log_IndPro,log_CPIPrc,log_TotRes",0,0.010660197112921543,0.0062236957546835114,14211.863960421246,14267.957625800787,-7095.931980210623,2.0254469621658977,0.03315991651801027,2.004028359852477,0.08288816753694572,0.1728859739174537,0.47943835846696037,0.6316790471242851,-0.23582006667503735,0.19976952354946473,-1.1804606753073934,0.237956925149009,-0.010916052501491302,0.2480467009758269,-0.044008053558249556,0.9649023620933248,-0.6932769336668966,0.46162342606407386,-1.5018235525392702,0.1332999927696433,-0.31250485618795887,0.24383061942637332,-1.2816473046869419,0.20011444105580725,0.5046798620811346,0.49614633161180116,1.017199624235074,0.3091810781108998,0.7573192126778635,0.42047369633123305,1.801109603967418,0.0718356587852263,-0.21065366319208811,0.46598922919067065,-0.45205693607543473,0.6512768169702028,0.6547837608011964,0.4242471934255764,1.5434015143722144,0.12289103689637468,-0.1843778593096333,0.28703598475601205,-0.6423510260093668,0.520718655984289
LINK,2801,2801,9,"log_daily_return,TwitSIX,log_diff_AdrActCnt,log_diff_volume_trusted_spot_usd_1d,log_diff_TxCnt,log_UnemRt,log_IndPro,log_CPIPrc,log_TotRes",0,0.01181689956088372,0.007536992003640219,13997.886708745094,14054.32632823512,-6988.943354372547,1.7420531860299109,0.07465438594669407,1.9343177364638413,0.003250950755524215,0.1418827950936599,0.02291293143314658,0.9817219252123607,-0.5822505251105704,0.24086290711882172,-2.417352393838444,0.015719449883132616,-0.2105369382228799,0.18970175123642127,-1.109831284374872,0.267200149252445,0.2511453575397221,0.33151519008636465,0.7575681750036702,0.44879543393872656,0.276298912567804,0.1943138380576978,1.4219209261141879,0.15519927767375302,-0.19119344618936207,0.37735763656812965,-0.5066637790297991,0.6124445034827932,0.2916598569141993,0.31182350606291914,0.9353363400876801,0.3497236724786691,-0.01855981127803022,0.35932392613113295,-0.051652032966090146,0.9588109228075548,0.06421315083360368,0.3502634673973799,0.1833281424144436,0.8545584393811415,-0.19312961433133663,0.2487408611247578,-0.7764289850008642,0.4375841007735446
LOOM,2585,2585,9,"log_daily_return,TwitSIX,log_diff_AdrActCnt,log_diff_volume_trusted_spot_usd_1d,log_diff_TxCnt,log_UnemRt,log_IndPro,log_CPIPrc,log_TotRes",0,0.0065073668191302225,0.0017053079047221198,12560.012388024921,12615.360014595297,-6270.006194012461,1.3535525528794894,0.20416119624107204,2.0535545763709546,-0.02747993790738751,0.20125138427244382,-0.13654533610654113,0.8914049483129256,-0.2691315454164373,0.19245461555400478,-1.3984156453806438,0.16215481103967952,-0.18197925640064935,0.16043680927315215,-1.134273719510465,0.25682575357209647,-0.5104261204347378,0.40911027220660484,-1.2476492405865756,0.21231642221418665,-0.10939793885444246,0.1993609807117227,-0.548742981018099,0.5832476355572058,0.3979843514419561,0.43921431227257446,0.9061279205195134,0.3649853868784715,0.46051497452002,0.3506488404691265,1.3133223937198986,0.18923614710753542,0.13112614085450885,0.39512246194688777,0.3318620262903069,0.7400307951233992,0.43569842569583755,0.41059777336780573,1.0611319738101628,0.2887675436313926,0.05794861231987514,0.2805827372511932,0.20652949959639294,0.8363999044090443
LPT,2354,2354,9,"log_daily_return,TwitSIX,log_diff_AdrActCnt,log_diff_volume_trusted_spot_usd_1d,log_diff_TxCnt,log_UnemRt,log_IndPro,log_CPIPrc,log_TotRes",0,0.00909073001456484,0.003622806391101352,11577.557584466093,11631.588195376993,-5778.778792233046,2.5011296562901437,0.007682691641726,2.030345403918041,0.03303078791057145,0.2346861108655347,0.14074453655886227,0.8880891398321143,-0.31979679990121634,0.1146720449232699,-2.78879477657524,0.005351913819806778,-0.300948881404553,0.1466456916495831,-2.052217682082913,0.04030782245960749,-0.9289533528789868,0.5099986345497608,-1.8214820392589668,0.0687167175996143,-0.0602457140107117,0.17639312137359034,-0.3415423092554431,0.7327393561698691,0.846996741090273,0.5715545218014351,1.4819176627641657,0.1385553746916734,0.6130560715049029,0.4624878588176231,1.3255614386769334,0.185170640958918,-0.038117495075924046,0.508856636719316,-0.07490812210227604,0.9402970003567364,0.5366061874979168,0.49814264851408085,1.077213904688887,0.28154401453864586,0.19059154455219024,0.2891362882272528,0.659175455702021,0.5098761590272348
LTC,3803,3803,9,"log_daily_return,TwitSIX,log_diff_AdrActCnt,log_diff_volume_trusted_spot_usd_1d,log_diff_TxCnt,log_UnemRt,log_IndPro,log_CPIPrc,log_TotRes",0,0.002696570650444041,-0.00021762768207089778,19435.100940113483,19495.460203812403,-9707.550470056742,0.9710677273457612,0.461883325804737,2.009598658974943,0.059847119796723455,0.10499612077324434,0.5699936279167184,0.5687235925564623,-0.10566777821221783,0.1446291475411177,-0.730611913357069,0.4650718035757059,0.12586358522475855,0.12080026642710373,1.0419147982650374,0.2975329577628883,0.02469714477155692,0.08657733113417374,0.28526110066019905,0.7754632928646994,-0.05120457471661795,0.10172169847553235,-0.5033790772667294,0.6147337759008622,-0.07831025971441387,0.11964075123186244,-0.6545450350997,0.5128095957495951,0.34087461599477387,0.18430486862377518,1.8495149831912867,0.06447922907783102,0.2365477819015393,0.30608114790794755,0.7728270215867066,0.43968406067629984,0.11032711105250459,0.31260899354266086,0.3529236628870326,0.7241698208712544,-0.2512188846947488,0.2270379389925299,-1.1065061892718049,0.2685939007232958
MAID,3675,3675,9,"log_daily_return,TwitSIX,log_diff_AdrActCnt,log_diff_volume_trusted_spot_usd_1d,log_diff_TxCnt,log_UnemRt,log_IndPro,log_CPIPrc,log_TotRes",0,0.008969024375207968,0.0060731546412393644,20565.202168404412,20625.56143210333,-10272.601084202206,1.7604269560684815,0.0707111214577981,2.174164407805503,0.02555149876513399,0.15166398673473372,0.16847439735198685,0.8662211458075874,-0.4637022693869151,0.28630046335081527,-1.6196350643649584,0.10541306913106095,0.1742332785559262,0.13948471768890056,1.249120917637207,0.21171577408202547,-0.3588916501033047,0.3348701737838459,-1.0717336992065598,0.2839236291228516,-0.18117976878197564,0.14754984542926897,-1.2279224573557947,0.2195699081260997,0.2916606765394817,0.32658962451698026,0.8930494254703963,0.371900474664669,0.556959352110426,0.2136290754929384,2.607132717422805,0.009174440213226918,0.12077227564907261,0.3787174659981976,0.31889808760403826,0.749825418788072,0.5353511196485615,0.4560905494496587,1.1737825313296724,0.2405728976334512,-0.36053871134495896,0.2531080859679182,-1.4244456472665112,0.1544188170244633
MANA,2836,2836,9,"log_daily_return,TwitSIX,log_diff_AdrActCnt,log_diff_volume_trusted_spot_usd_1d,log_diff_TxCnt,log_UnemRt,log_IndPro,log_CPIPrc,log_TotRes",0,0.00420595721873529,-3.547505056489264e-05,15691.305062255009,15747.910916872042,-7835.6525311275045,1.353072265797365,0.20428689903601976,1.969170985336432,-0.12101272144251042,0.1704486106075333,-0.7099660185623246,0.47780354983776596,-0.3984251157443605,0.3556758683900135,-1.12019158777303,0.26275943406943825,0.11136809229826253,0.3207619906600204,0.3471985320614341,0.7284767502931262,-0.02878504639428954,0.5167046313440985,-0.05570889953010735,0.9555789765680507,0.21656435612953936,0.2897297236755672,0.7474702746482554,0.45486291128334966,-0.026343913987063303,0.548768512466803,-0.04800551305074549,0.9617163856492625,0.41080989732875034,0.3560865108296771,1.153680032336997,0.24876184924251676,0.23356653803566568,0.41305305312251195,0.5654637734063416,0.5718183938208004,-0.45805212023681535,0.410969588855256,-1.114564514402894,0.26516383864174975,0.2113617397119104,0.3633787305752306,0.5816568828266959,0.560859864902808
MKR,2713,2713,9,"log_daily_return,TwitSIX,log_diff_AdrActCnt,log_diff_volume_trusted_spot_usd_1d,log_diff_TxCnt,log_UnemRt,log_IndPro,log_CPIPrc,log_TotRes",0,0.006210950615462951,0.0017164272765378685,13160.890465919227,13216.899490514648,-6570.445232959613,0.8959567272934316,0.5279646366987218,2.274143807556651,-0.06154902328350097,0.15471115782264727,-0.3978318315868176,0.6907968230373054,-0.2667805060795936,0.2722401971310444,-0.9799453162722227,0.3272322285596375,-0.23048042032510807,0.19975710226940058,-1.1538033827416698,0.24871933862071366,0.11628885022728713,0.2337761014071212,0.4974368617122673,0.6189359733606822,0.04113628445549232,0.13563962224796794,0.303276312435385,0.7617109978703683,-0.01915943678328827,0.21414380952478623,-0.08946995398001756,0.9287174343367257,0.49703175101918795,0.3051561580216924,1.6287783744605142,0.10351822619243146,0.3636715171438909,0.3910264777284318,0.930043201310938,0.35246152097838734,0.12085159853915174,0.3425323528559664,0.35281805508739605,0.7242622124924865,-0.2167298700013339,0.22438554498513508,-0.9658816035395312,0.3342207915412777
NEO,2877,2877,9,"log_daily_return,TwitSIX,log_diff_AdrActCnt,log_diff_volume_trusted_spot_usd_1d,log_diff_TxCnt,log_UnemRt,log_IndPro,log_CPIPrc,log_TotRes",0,0.004445717998849852,0.0002860204417420853,14236.449852124271,14293.246988523935,-7108.224926062136,1.2036158983075087,0.2880412113397466,2.0171700722154386,-0.05965458036703898,0.1486548960655437,-0.40129576587061466,0.6882421865004774,-0.21765900390845055,0.15346128194930084,-1.418331719530134,0.15623859867618622,0.14204132838961847,0.17887881831298802,0.7940645501195439,0.4272453238401668,0.12340862690468042,0.1962890465855758,0.6287086775923494,0.5296064575714388,-0.11777792445905033,0.14873776114112175,-0.7918495179398535,0.4285356163625149,-0.1151433834417283,0.15314029998152684,-0.7518816631260219,0.45220437285561077,0.45957313391519083,0.26516797317298246,1.7331396714918814,0.08321395881297365,0.07369644559720501,0.32708162701817123,0.22531514921536927,0.8217554890491932,0.23193221910206344,0.3436586075868217,0.6748913426923788,0.4998172332661538,-0.23777009768663684,0.23599793969621607,-1.007509209583363,0.31380329694578923
OMG,2877,2877,9,"log_daily_return,TwitSIX,log_diff_AdrActCnt,log_diff_volume_trusted_spot_usd_1d,log_diff_TxCnt,log_UnemRt,log_IndPro,log_CPIPrc,log_TotRes",0,0.01060265320779219,0.006468681006710608,14756.214387495014,14813.011523894678,-7368.107193747507,2.332193102248311,0.013001159672641652,1.9786029582846985,-0.15862431270229074,0.17408589053978782,-0.9111841988483077,0.3623002852608904,-0.3864056512661144,0.2038838700971993,-1.8952242327060986,0.05819647450424189,0.29881876634938387,0.19341268065887765,1.5449802222451543,0.12249794349065853,-0.33132452281514424,0.4128641796874906,-0.8025024671937725,0.4223508932851169,0.1324831917637831,0.22885389226028433,0.5788985734754507,0.5627181404161246,0.02538187740515263,0.45841629600831857,0.05536861936664669,0.9558499305431194,0.3849567219324898,0.3288762902592865,1.1705213581343594,0.2419207070039496,-0.4690762885407348,0.39479906395722447,-1.1881393127911724,0.2349095142569926,0.2673207275476063,0.41826123547989796,0.6391238414453877,0.5228103281607626,0.03937228930266225,0.28210075056376993,0.13956818343793095,0.8890142284544005
PAX,2374,2374,9,"log_daily_return,TwitSIX,log_diff_AdrActCnt,log_diff_volume_trusted_spot_usd_1d,log_diff_TxCnt,log_UnemRt,log_IndPro,log_CPIPrc,log_TotRes",0,0.0013154172920973872,-0.004128653722058395,-531.8050041218016,-477.6532530256687,275.9025020609008,0.1439046731731877,0.9983894426834619,2.8509642873728174,0.003243231066209053,0.010820243959994657,0.2997373329289199,0.764415250115637,0.0022349081737533106,0.0040053362576445385,0.5579826586314172,0.5769318777699327,-0.006956444811085951,0.011627149567969699,-0.5982932248716799,0.5497263616363637,0.009733868350841538,0.015608272313480482,0.6236352208203488,0.532953321841166,-0.00346092746590457,0.01006128459991929,-0.34398465042250503,0.7309016333208547,-0.009492873872867964,0.018800592624334294,-0.5049241831122382,0.6136794760671154,-0.0009137463458213815,0.009173179386105866,-0.09961064832171332,0.9206655328744413,-0.0007979153627860397,0.007702383768409196,-0.10359330134375222,0.9175046854484366,0.0047849673208889675,0.018374234031628207,0.26041724039502473,0.7945744199171756,0.00223384765740492,0.011846209956352539,0.18857066231609526,0.8504525036983619
PAXG,1932,1932,9,"log_daily_return,TwitSIX,log_diff_AdrActCnt,log_diff_volume_trusted_spot_usd_1d,log_diff_TxCnt,log_UnemRt,log_IndPro,log_CPIPrc,log_TotRes",0,0.004261673673465638,-0.0031507704431090744,3661.581396181833,3712.639257476646,-1820.7906980909165,0.6725697991913315,0.7343525506998171,2.4507442983799566,0.039514288843606665,0.11933964245594081,0.331107819919898,0.7406204232563001,-0.008056824863662698,0.01369410735973523,-0.5883424638068905,0.5564123367528554,0.033271480275490095,0.02675658459304175,1.2434875669498786,0.2139292854728437,-0.03933280507246155,0.06072413021239756,-0.6477294106129705,0.5172829571040888,0.032611694088467216,0.052978593701483605,0.6155636042780419,0.5382984354502751,0.05333207333146962,0.08555767365286109,0.6233464639052417,0.5331744443636866,0.0374514366950359,0.2500787932353546,0.1497585469384025,0.8809800934531999,-0.07174819055114051,0.0717560908212317,-0.9998899010522901,0.31756387003131537,0.10784318852599459,0.35206710838403316,0.3063142962175261,0.759418096115278,0.019188992062809614,0.0474082288694193,0.404760787745595,0.6857249550753517
PAY,2797,2797,9,"log_daily_return,TwitSIX,log_diff_AdrActCnt,log_diff_volume_trusted_spot_usd_1d,log_diff_TxCnt,log_UnemRt,log_IndPro,log_CPIPrc,log_TotRes",0,0.007024455907348348,0.0027154974228575934,14470.53349926203,14526.953943290762,-7225.266749631015,1.5068266619466932,0.13965158411984263,2.144392123872855,-0.21064255296714468,0.19676931040761989,-1.0705051134792591,0.2845165703167782,-0.2742595453117963,0.2435191705606483,-1.1262339005195163,0.26019682467779837,-0.026134778354146106,0.1708324186134643,-0.1529848875656337,0.8784250748695913,-1.077829675708795,0.3935176836595605,-2.738961221984742,0.00621608814489787,-0.30301336245390076,0.270164020723953,-1.12159036440871,0.26216648892704497,0.9814637185042778,0.404003295763941,2.4293458216681154,0.015210509016488084,0.4276803529766684,0.34786806671138343,1.229432632376409,0.21904909682514506,-0.005944579654461532,0.436669182654405,-0.013613462755319458,0.9891396730853841,0.492573915298673,0.46429566689606533,1.0609056909612251,0.28885628789242535,-0.11206507113379066,0.3305724481909081,-0.3390030589272589,0.7346417448860381
PERP,1577,1577,9,"log_daily_return,TwitSIX,log_diff_AdrActCnt,log_diff_volume_trusted_spot_usd_1d,log_diff_TxCnt,log_UnemRt,log_IndPro,log_CPIPrc,log_TotRes",0,0.009733694728573328,-0.0007023670365822188,5883.623312009682,5931.239039697723,-2931.811656004841,1.36551184087193,0.19947733164843717,2.073299690580227,0.09641618195463048,0.8925099015227352,0.10802813704378206,0.9139987473081833,0.047003091674027594,0.08874406761835732,0.5296477041841688,0.596493870741242,-0.22096692699625164,0.13377628608451342,-1.6517645500836775,0.09895017111941828,-0.1504584823531203,0.37793937553664586,-0.39810216159530987,0.6906543804113897,-0.9407875407326525,0.3872997289461168,-2.4290942399898756,0.01534195464705335,0.9109324131766698,0.5646400105382314,1.6132976696219992,0.1070492813193066,0.9867321018146671,1.1339067818915236,0.8702056620286304,0.3844325502382089,-0.08515846689847256,0.8577876067390172,-0.0992768678743363,0.920941742795275,1.3665871701055723,1.7254958065241166,0.7919968074906313,0.4285824698077355,-0.07955281695691989,0.2515460365964687,-0.31625549753558185,0.7518858676807807
POLY,2542,2542,9,"log_daily_return,TwitSIX,log_diff_AdrActCnt,log_diff_volume_trusted_spot_usd_1d,log_diff_TxCnt,log_UnemRt,log_IndPro,log_CPIPrc,log_TotRes",0,0.010516107953404075,0.005620365771755176,12291.882923094661,12346.99816957857,-6135.941461547331,1.708232044467759,0.08203769473604922,1.9814167145162829,-0.11247405956305045,0.2094812754186396,-0.5369170076813583,0.5913906063573477,-0.5142541344904167,0.3369789234816655,-1.5260721031960813,0.1271657549176951,0.05354639742555823,0.16577759159529767,0.3230014196145258,0.7467312916756785,0.022266413325252934,0.3324364373911048,0.06697946079555939,0.9466054152512746,0.012407218792214958,0.1921840050394724,0.06455906041539022,0.9485321754803102,-0.26799544869078373,0.37225569935617514,-0.7199230237556821,0.47166488173350873,0.4496507261763453,0.3867258433345434,1.1627118640410274,0.24509894156112844,-0.1657071516095765,0.43794103241231624,-0.3783777708537829,0.7051941322482629,0.30366763676343056,0.43626334717100546,0.696064977112092,0.48647706371183486,0.18871873537644573,0.32114537147523675,0.5876427068200722,0.5568450783745544
POWR,2767,2767,9,"log_daily_return,TwitSIX,log_diff_AdrActCnt,log_diff_volume_trusted_spot_usd_1d,log_diff_TxCnt,log_UnemRt,log_IndPro,log_CPIPrc,log_TotRes",0,0.0035179249126682244,-0.0008697163181470291,13955.232940731983,14011.508384636869,-6967.6164703659915,0.8927321895717341,0.5308683163349002,1.9764899510848866,-0.10907751184458388,0.15086334001361704,-0.7230219868838809,0.4697490989619648,-0.12404417302182956,0.26519450870758954,-0.46774789427711694,0.6400147517214914,0.13385384602431033,0.21254626032238633,0.6297633551457609,0.528919811173346,-0.17051611877123674,0.36607918838272757,-0.4657902557218466,0.6414152680422511,-0.1686054728137344,0.25967960815796143,-0.649282683417994,0.5162286255999216,0.06343704683364101,0.42863589931634577,0.1479975124221283,0.882359328980086,0.15339172916795926,0.3366214813650621,0.45568015607895124,0.6486683972749181,-0.18723798742156292,0.44111439478675957,-0.42446582935040283,0.6712707923361949,-0.056694092656836725,0.38085798853008573,-0.14885887749301652,0.8816796749182206,0.18189957178847624,0.31406470972407285,0.5791786410777809,0.5625324619036525
PPT,1818,1818,9,"log_daily_return,TwitSIX,log_diff_AdrActCnt,log_diff_volume_trusted_spot_usd_1d,log_diff_TxCnt,log_UnemRt,log_IndPro,log_CPIPrc,log_TotRes",0,0.0164301525614321,0.011534063719094045,13022.377499502558,13077.432422249933,-6501.188749751279,2.6532849020483327,0.004681692208650585,1.9833477736137353,-0.2255404574594181,0.2033319548003721,-1.109222884719964,0.26748155964429354,-0.8895489324865031,0.28954867888214814,-3.072191301030134,0.002156631895200963,0.2349069037797858,0.2228366769430727,1.0541662485830223,0.29194766170345715,-0.817306709609285,0.4193326636623601,-1.9490652182234178,0.05144209848830327,-0.006070759604693707,0.29343087708212867,-0.02068889158857865,0.9834961132258477,0.757329152717098,0.4658689485342246,1.6256270247242322,0.10420330270766812,0.7633271439130931,0.33476222183622834,2.2802069472657713,0.02271137699798175,0.4596174600664915,0.3571922930069544,1.2867507756040608,0.19834589399878885,-0.21282999886455148,0.386656896112278,-0.550436319653147,0.5820881412178602,-0.329813942144884,0.4619972382769857,-0.7138872590990414,0.47538904125697545
QASH,2593,2593,9,"log_daily_return,TwitSIX,log_diff_AdrActCnt,log_diff_volume_trusted_spot_usd_1d,log_diff_TxCnt,log_UnemRt,log_IndPro,log_CPIPrc,log_TotRes",0,0.010293305192527469,0.005926952127200402,14200.049536424614,14256.305487145939,-7090.024768212307,1.1329309804458039,0.33544837463876803,2.043324934301434,-0.11924673838155314,0.24492983380550984,-0.4868608144985832,0.6264092735433842,-0.6802225017064428,0.6131108198518571,-1.109460932153834,0.2673621563946668,0.24471575238436474,0.19167040979490718,1.2767529043539771,0.20183480904851225,0.5450446072440874,0.42378559483797895,1.286132926373932,0.19854262708920417,0.2177689837731158,0.23801770179138768,0.9149276803116979,0.36033772726097546,-0.5812643695630559,0.4732095924132605,-1.2283444352823467,0.21945938909022017,0.37276585909075166,0.27440076955781945,1.3584723530165084,0.17446404736304982,0.18065213442391323,0.29858894405877395,0.6050195026255019,0.545233330212359,0.13931413767168294,0.46674757630101416,0.29847854546080527,0.7653683470405597,-0.10392303539301695,0.33857148265070874,-0.306945625128831,0.7589160879588377
QNT,2268,2268,9,"log_daily_return,TwitSIX,log_diff_AdrActCnt,log_diff_volume_trusted_spot_usd_1d,log_diff_TxCnt,log_UnemRt,log_IndPro,log_CPIPrc,log_TotRes",0,0.005541506309634903,-0.00025145578953233994,10331.342695355946,10384.83500360208,-5155.671347677973,1.3113092314754442,0.22578935602977665,2.148987156710377,0.24102897076412705,0.18574698188002853,1.2976198499946794,0.1946117031040822,-0.13420295461911186,0.21523306378519436,-0.6235238780647954,0.5330323538841558,-0.2987034377957579,0.12532791387393674,-2.3833751680907573,0.01727491782218864,0.15148834436700445,0.4210114555407635,0.3598200057820919,0.7190309180313411,0.30099960094729583,0.21391589100261701,1.407093224989131,0.15960087757246919,-0.1849237779637109,0.4328421955358167,-0.4272314018156044,0.669270323405845,0.3937951068726102,0.3621898552348666,1.0872615595962754,0.2770908202451599,0.18894463867669298,0.39742975526188284,0.4754164381884028,0.6345573851328785,0.19390675963494747,0.43981253610178883,0.4408850219541498,0.6593579210442149,-0.030972107432231416,0.23685398364122542,-0.13076456201448744,0.8959785814322798
REN,2367,2367,9,"log_daily_return,TwitSIX,log_diff_AdrActCnt,log_diff_volume_trusted_spot_usd_1d,log_diff_TxCnt,log_UnemRt,log_IndPro,log_CPIPrc,log_TotRes",0,0.012034292124332824,0.00662572073085288,11412.128163166444,11466.23768192228,-5696.064081583222,3.825266814940145,8.426829284083322e-05,2.026571353716992,-0.008459887020261781,0.2543796024493934,-0.03325693938823103,0.9734737292190997,-0.5390155568570654,0.11805691885519884,-4.565726109777503,5.347789457982954e-06,-0.31246931661121313,0.18842834366967365,-1.65829253988981,0.09744920003176065,0.2805303673790535,0.3634452090490075,0.7718642601262805,0.4403057614275603,-0.0278545889240725,0.23529255899001966,-0.11838278712950714,0.9057788259501298,-0.35473771260815834,0.42398485437641587,-0.8366754353286885,0.40289662800750337,0.22852463365075798,0.4168396675115728,0.5482314939338478,0.5836073923439835,-0.3654556726562382,0.4072267923683804,-0.8974254138112904,0.3696233574026502,0.276313326792324,0.47099359389593193,0.5866604777078489,0.5575123015037566,0.10070727278179015,0.2827657900138776,0.3561508369765934,0.7217733053053574
REP,3161,3161,9,"log_daily_return,TwitSIX,log_diff_AdrActCnt,log_diff_volume_trusted_spot_usd_1d,log_diff_TxCnt,log_UnemRt,log_IndPro,log_CPIPrc,log_TotRes",0,0.013958217936449246,0.010318194950980963,16338.380547051347,16396.41081348767,-8159.190273525674,5.005500207203886,1.0473082652707646e-06,2.083529703773413,-0.07476018474319646,0.16274301626091509,-0.4593756860407356,0.6460053612608798,-0.7110205746264588,0.1122017252454738,-6.3369843295269765,2.781829784217681e-10,0.06791967286914694,0.15049560417926872,0.4513066892521443,0.6518086640632619,-0.01945703080486106,0.3826920715741061,-0.050842523924860876,0.959455170445302,-0.03243029747144963,0.13923222364666918,-0.23292235534317315,0.8158412510825349,0.11313572604016398,0.3985984777940333,0.2838338135817576,0.7765618416391926,0.3574560159065817,0.28895403375627177,1.23706878654648,0.2161806878841474,0.1309198269045713,0.3863395235639337,0.3388724655889522,0.7347349909262985,0.1955996997609145,0.387925925420349,0.5042191999644429,0.6141529125368745,-0.23332020283174748,0.27927907972851407,-0.8354374522379442,0.40355331326968347
SNT,2903,2903,9,"log_daily_return,TwitSIX,log_diff_AdrActCnt,log_diff_volume_trusted_spot_usd_1d,log_diff_TxCnt,log_UnemRt,log_IndPro,log_CPIPrc,log_TotRes",0,0.018139787192285928,0.014086235855006235,15146.851467086452,15203.768035314557,-7563.425733543226,1.0232379168763595,0.4186165123233191,1.7319403353109777,-0.14720243582306308,0.14527186968036218,-1.0132893322495862,0.3110344292898303,-0.8009424380303614,0.7176930059889682,-1.115995880336993,0.2645468939635735,-0.06874633773264155,0.21324497262691103,-0.32238198577801275,0.7471942425929438,0.9145008825849905,0.6671931149776423,1.3706689443514948,0.17061928628761475,0.0741293075634943,0.3129079114003272,0.2369045487912096,0.8127530996517136,-0.8362664471516794,0.6830437035249697,-1.2243234844798017,0.22096251204555317,0.21160321216030709,0.326009502903332,0.6490706874365298,0.516361059798981,-0.09402317182277331,0.41534029093958585,-0.2263762362425119,0.8209300318678429,0.12675923341553938,0.33310314656996864,0.3805404863952958,0.7035813244461446,0.11559231932560839,0.2603619422492647,0.44396780238696676,0.657109925988121
SNX,1878,1878,9,"log_daily_return,TwitSIX,log_diff_AdrActCnt,log_diff_volume_trusted_spot_usd_1d,log_diff_TxCnt,log_UnemRt,log_IndPro,log_CPIPrc,log_TotRes",0,0.010279044493515466,0.002566933151906592,7908.462783459692,7959.06754711969,-3944.231391729846,1.5311571949424614,0.13186804978022423,2.0308336635144797,0.6508129764649571,0.6990768265155468,0.930960592284035,0.3520684911287473,-0.1741927885581075,0.150728094098968,-1.155675652899403,0.2480528573814354,-0.13183527307421122,0.18144097489112498,-0.7266014369318725,0.46761737465356656,-0.4641835541285376,0.5574113671757618,-0.8327486331691047,0.40515866628295905,0.33257166372707947,0.26229333296366253,1.2679379226659686,0.20507565342539433,-0.12267705556316033,0.6212902854323714,-0.19745529334614706,0.8435060060456687,1.6392099563119742,1.3855051551036566,1.1831135743333534,0.2370076041840445,0.007272091646656237,0.45504095883056617,0.015981180387245074,0.987252165693892,2.010881390849424,1.8465794084462968,1.0889763969269917,0.2763914553419841,0.1115579156410261,0.2634194749624774,0.4234991192542498,0.6720099895470403
SOL,1877,1877,9,"log_daily_return,TwitSIX,log_diff_AdrActCnt,log_diff_volume_trusted_spot_usd_1d,log_diff_TxCnt,log_UnemRt,log_IndPro,log_CPIPrc,log_TotRes",0,0.014900940488866588,0.007218192191119521,7986.131331708322,8036.727507991236,-3983.065665854161,2.104900514769713,0.02652428738467379,1.9786876680308843,0.9827647918787896,0.6384946524258811,1.5391903254708508,0.12403197724226941,-0.4073381927641761,0.3127453272502582,-1.302459724484468,0.19301914699274658,-0.19103278121975942,0.14242241458349225,-1.3413112098852271,0.18008334144424015,0.11985405848895196,0.23786291445996866,0.5038787099748704,0.6144427890695634,0.263774562764576,0.24745098254792142,1.0659669242311187,0.28666155976355145,-0.10885208192548708,0.15591109467754796,-0.698167645802325,0.4852130128161858,2.600932720654895,1.305177642814472,1.992780626433556,0.046520672790301816,0.7934239518714182,0.5636028907432726,1.4077712604083,0.1594681223317304,2.360135056160798,1.6009849787059394,1.4741768895723633,0.14070670331880505,0.4184754479669375,0.2415398799751983,1.7325314892509973,0.08344614867055032
SRM,1754,1754,9,"log_daily_return,TwitSIX,log_diff_AdrActCnt,log_diff_volume_trusted_spot_usd_1d,log_diff_TxCnt,log_UnemRt,log_IndPro,log_CPIPrc,log_TotRes",0,0.01986939676744537,0.011313455517112714,7428.755644032157,7478.235014718307,-3704.3778220160784,2.0883993619145262,0.027967240892952577,2.0492005928720833,-0.7591582522965997,0.9166812222438938,-0.8281594886805882,0.4077718435923626,-0.41268311550066306,0.25498297691145505,-1.6184732035816285,0.10586651030781999,-0.1787735461376556,0.20964550027147294,-0.8527421094474205,0.3940003848580357,0.8090346874869236,0.7200620795687755,1.123562412801173,0.2614602561149889,1.283592682816119,0.4037602811422241,3.179095970472576,0.0015213608332751208,-1.6622890536966848,0.7844462921935477,-2.119060374482012,0.03432393893280886,0.32470442958490997,1.3051974746832027,0.24877800936882916,0.8035820495338065,0.44507207908465407,1.0148321569092102,0.438567181828543,0.6610670629079136,-0.7585832908507124,1.905565350305281,-0.39808831050017973,0.6906475073785859,0.019750000109362204,0.2635345423302681,0.07494273780858302,0.9402748104972487
SUSHI,1733,1733,9,"log_daily_return,TwitSIX,log_diff_AdrActCnt,log_diff_volume_trusted_spot_usd_1d,log_diff_TxCnt,log_UnemRt,log_IndPro,log_CPIPrc,log_TotRes",0,0.025938054921492593,0.01725829501485243,7200.960812598165,7250.236391660948,-3590.4804062990825,2.662020774355352,0.004696857582412183,2.08854803991504,0.12448388700166957,0.7356342018535249,0.16921981969845395,0.8656576250252064,-0.8740564870866112,0.3280904646043725,-2.6640715942189637,0.007843080976747106,-0.29319647730748,0.13462684581424633,-2.1778455517855835,0.029648326881452712,0.4314055786494114,0.48896491468677983,0.8822833002767905,0.37783355345523795,0.6958466726082659,0.5200106333376328,1.3381393148483298,0.1811522043388591,-1.1830860447190117,0.7588375104068993,-1.55907691500994,0.1192914454840889,1.4059345034948936,1.2828253502797875,1.095967197084354,0.2733543860813081,2.283987541183464,1.3621355882167971,1.6767695969044347,0.09389699168357442,-0.44290193990577276,1.7618090977797898,-0.2513904261613317,0.8015634066779942,-0.057613933480696614,0.24860498765973596,-0.23174890424786018,0.8167799888922551
SWRV,1647,1647,9,"log_daily_return,TwitSIX,log_diff_AdrActCnt,log_diff_volume_trusted_spot_usd_1d,log_diff_TxCnt,log_UnemRt,log_IndPro,log_CPIPrc,log_TotRes",0,0.008459542751657056,-0.0005635756661741542,7744.514685072585,7793.58223285907,-3862.2573425362925,0.6180902329119993,0.7823659949893089,2.016295103351688,-1.1307402907701705,1.4780989015284234,-0.7649963676997068,0.44445620827198296,0.20239227305891486,0.662877832920713,0.3053236403564019,0.760183919296294,-0.0973915373560957,0.19608091505841546,-0.49669054903727516,0.6195176689901072,-0.4565411511854014,0.8124085418748062,-0.5619600578445855,0.5742705633783487,-1.3390967721317832,0.8579493856455215,-1.5608109225746998,0.11888828370399737,0.9280742395251601,0.877398493117088,1.0577568195131486,0.2904246096719336,-0.4122300248916664,2.314730291495944,-0.17808987353997685,0.8586888650022378,0.8195373285857782,1.3542899201815726,0.6051417177172086,0.5452236597558682,-2.258877453637285,3.4101311496300375,-0.6624019295804353,0.5078679935767378,-0.4303361796876882,0.3951045542089146,-1.089170385669978,0.2763440771800683
TRX,2532,2532,9,"log_daily_return,TwitSIX,log_diff_AdrActCnt,log_diff_volume_trusted_spot_usd_1d,log_diff_TxCnt,log_UnemRt,log_IndPro,log_CPIPrc,log_TotRes",0,0.01336338648846247,0.008454746620245812,11117.284488226105,11172.344910011287,-5548.642244113053,2.6172929062353814,0.005263307621643574,2.0350626200156823,0.10022956393476089,0.11323491832263971,0.8851471385282168,0.37619491435599994,-0.4032477056368171,0.11894970880914446,-3.390068875946813,0.0007137673404927186,-0.14509016485415005,0.10970625927203935,-1.3225331518630035,0.18615784991453121,0.06396825404299503,0.1927965086257982,0.3317915583583104,0.7400850939112031,0.05194335972483495,0.12015004537891585,0.43232076659664803,0.665559823872868,-0.25664592714242873,0.12454267300957762,-2.060706751674521,0.03947370436742408,0.31814070425843,0.27343054494233343,1.1635155989084027,0.2447738155706036,0.04034214287228491,0.31337123935339245,0.12873594576045505,0.8975809018217054,0.33805993840011517,0.2604981676399581,1.2977440166387557,0.19454076262175216,-0.021070798775371026,0.18519551367509857,-0.11377596766375778,0.9094280150411471
TUSD,2521,2521,9,"log_daily_return,TwitSIX,log_diff_AdrActCnt,log_diff_volume_trusted_spot_usd_1d,log_diff_TxCnt,log_UnemRt,log_IndPro,log_CPIPrc,log_TotRes",0,0.0022122349286886056,-0.0027822533280643658,-739.0317572941326,-684.0319918846114,379.5158786470663,0.32396107284681513,0.9674214998819389,3.003752798193617,0.0005542960011900768,0.00553867647305663,0.10007733867224373,0.9202940831552888,0.0008419770913875792,0.005425553187505071,0.15518732602725815,0.8766910585395006,-0.0004178575702664831,0.009907939754455168,-0.042174012016836376,0.9663646621667417,-0.02595042855091394,0.016203503474651264,-1.6015319521183027,0.10943481181707486,0.00014015057216416361,0.00673552337570755,0.02080767363522677,0.983401385143537,0.029571823838640356,0.01905674139031387,1.5517775695728901,0.12089144436802915,-0.0007274702934073935,0.004193760835730096,-0.17346489747566815,0.8623055432932528,-0.0008341526542467231,0.005290148445706997,-0.15768038700759815,0.8747263613754596,0.0005101525739196885,0.013092252087590508,0.03896599076359343,0.968921829334934,0.00030439991904670583,0.0061983847399704455,0.04910955544333591,0.9608374428746003
UMA,1726,1726,9,"log_daily_return,TwitSIX,log_diff_AdrActCnt,log_diff_volume_trusted_spot_usd_1d,log_diff_TxCnt,log_UnemRt,log_IndPro,log_CPIPrc,log_TotRes",0,0.008535286932260022,-0.0003612060065332212,6804.298051354797,6853.504766397284,-3392.1490256773986,1.182562340614869,0.3023741741464259,2.0722964964090393,0.2091505079133179,0.7519577105686546,0.2781413169567097,0.7809612060050337,-0.09160596933861097,0.254137135886818,-0.36045880905578637,0.7185799496243509,-0.1574108763856604,0.12494474197054715,-1.2598439430349648,0.2080187223078982,-0.6995891257949138,0.2906257572092063,-2.4071821180368267,0.01625596337890705,-0.05848382318938198,0.41244451019509065,-0.14179804008475833,0.8872680078789552,0.30347808956734884,0.47559575256143305,0.6381009248566583,0.5235536386300323,0.9080614518495145,1.1487446852803767,0.7904815260389056,0.4294334642304296,1.0275406333562798,0.8775641824443873,1.1709008342776077,0.24191674253744888,0.3573481433101182,1.6194850617500998,0.2206554118652686,0.8254056585946987,0.0922201125405708,0.22258679447212623,0.41431079844280344,0.6787350931677142
UNI,1716,1716,9,"log_daily_return,TwitSIX,log_diff_AdrActCnt,log_diff_volume_trusted_spot_usd_1d,log_diff_TxCnt,log_UnemRt,log_IndPro,log_CPIPrc,log_TotRes",0,0.017421254980487078,0.008515707442545817,6551.293839998708,6600.401347878327,-3265.646919999354,1.899255145978386,0.04859961575182432,1.9511792935617835,0.1478684262554581,0.5970815567232626,0.24765197415734727,0.8044548909383328,-0.5887578695286361,0.1949714277514965,-3.0197135873623773,0.002594833999723951,-0.1561148693031356,0.10355552859051788,-1.5075474137208966,0.13198846251877283,0.39602810017864803,0.4001760928420567,0.9896345815314714,0.3225938382721182,0.13412216038304633,0.2513099723245348,0.5336921537273684,0.5936739778321579,-0.4082449366944073,0.47803298426821017,-0.8540099744777301,0.393305432161692,1.132020839509721,1.0440755990316797,1.084232636563488,0.278524836828076,1.4330899715865653,0.8507105047137112,1.6845800817621754,0.09238385541919161,-0.16772045200861851,1.3579296666098366,-0.12351188440218998,0.9017267585939448,-0.16276973444678833,0.2059445878403005,-0.7903569409311593,0.429508046091858
USDC,2437,2437,9,"log_daily_return,TwitSIX,log_diff_AdrActCnt,log_diff_volume_trusted_spot_usd_1d,log_diff_TxCnt,log_UnemRt,log_IndPro,log_CPIPrc,log_TotRes",0,0.00449857038987278,-0.0007286833245325752,-2696.2541409149744,-2641.730116402738,1358.1270704574872,0.638177058703216,0.7650760780346098,2.718847936797501,-5.872485705735956e-05,0.006427123603675034,-0.009137035582104044,0.9927108651279066,-0.00023337189062747006,0.001089105565431094,-0.21427848505676847,0.8303553831465472,0.00031200587854262685,0.0034763304370412527,0.08975150210639322,0.9284951743953034,-0.0014846014087451186,0.006241844776357877,-0.23784657612254578,0.8120285206112474,0.009535816423091932,0.006607540603720599,1.4431718236770983,0.14915480280229682,-0.003069680784336195,0.006573547415511639,-0.4669747687668078,0.6405772830324257,5.372955616026365e-05,0.0030336802934738958,0.017711014662898913,0.9858714549337897,9.564638385467809e-05,0.004054822525086498,0.023588303375284655,0.9811837478233203,-0.00013941273903824488,0.01003226618192119,-0.013896435412516854,0.988914222856131,-0.0001423257575577726,0.002962035891725904,-0.04804997736703418,0.9616820103717618
VTC,3265,3265,9,"log_daily_return,TwitSIX,log_diff_AdrActCnt,log_diff_volume_trusted_spot_usd_1d,log_diff_TxCnt,log_UnemRt,log_IndPro,log_CPIPrc,log_TotRes",0,0.003227009167394934,0.00031436081755931156,22194.356859580435,22254.716123279355,-11087.178429790218,1.1630205990989373,0.3144454741526327,1.9998517344084024,0.02875182072102312,0.1504255465037114,0.19113655485581857,0.8484312070219846,-0.2854741245695001,0.3559826031485251,-0.8019327968406169,0.42265369962622,0.0702059393542572,0.17929631993581369,0.3915637497712738,0.6954076642687925,-0.3798271027483431,0.27182742976235574,-1.397309694170326,0.16242110864195522,0.20311189805184404,0.17442738947882408,1.1644495664283407,0.24433205620592433,0.26292795165163835,0.27645943201806095,0.9510543725433879,0.3416513980374186,0.29342071342461146,0.2577655267777388,1.1383241083188629,0.2550737053289788,0.0395629165170162,0.4383576995727753,0.09025258722630931,0.9280923647144799,0.11786430963698363,0.30523923632029226,0.3861374804165307,0.6994215235838603,-0.2357426033370086,0.3400150561395752,-0.6933298954862661,0.4881548249741853
WNXM,1739,1739,9,"log_daily_return,TwitSIX,log_diff_AdrActCnt,log_diff_volume_trusted_spot_usd_1d,log_diff_TxCnt,log_UnemRt,log_IndPro,log_CPIPrc,log_TotRes",0,0.008672562109829252,-0.00010888172974898858,6904.303719166862,6953.637949424169,-3442.151859583431,1.8556977509738246,0.054967560791766686,2.0065404406360012,0.9034723257280641,0.677227045820453,1.334075966551982,0.18247790848125098,-0.3203301888030803,0.12058756836309284,-2.6564113793103146,0.0080214848508915,-0.27761539067931496,0.1269415042283558,-2.18695526232233,0.028973210662755548,-0.0860167116741775,0.40668773051983714,-0.21150554889922316,0.8325352202358225,-0.3755915814678908,0.2779329404103559,-1.3513748349272532,0.17687620716738378,0.3150250288677068,0.5145639718698887,0.612217423079444,0.5405309002453623,1.3839557105204674,1.2453121055895464,1.1113324156318911,0.2666882070575822,0.6875138900179696,1.1311710228921845,0.6077895173270352,0.5434629086735333,1.743720374718751,1.702652360715505,1.0241200229423157,0.3060223602237124,0.1336160467347915,0.23943945562920887,0.5580368798603794,0.5769421414808986
WTC,2484,2484,9,"log_daily_return,TwitSIX,log_diff_AdrActCnt,log_diff_volume_trusted_spot_usd_1d,log_diff_TxCnt,log_UnemRt,log_IndPro,log_CPIPrc,log_TotRes",0,0.004682916141782956,0.00043748782200847547,14926.932485108859,14983.524198785519,-7453.466242554429,1.4257715312170058,0.17119137653829847,2.046852832389792,-0.12917406480967256,0.1578475487421406,-0.8183469799755396,0.41325149445713194,0.08818381504224297,0.26707840618454365,0.3301795016004043,0.7412971127072525,0.27104767336491875,0.23368226000825815,1.1598983737804494,0.24622141413775042,0.33329079119070115,0.33443444086737234,0.996580347186417,0.31908252093788425,-0.37369616051560417,0.16811654588308855,-2.2228398671447818,0.02633220213407321,-0.34968197293952075,0.32291399401005577,-1.082895072452733,0.278978731282133,0.3745947519654921,0.32713686655155605,1.1450704285157562,0.252309848214338,-0.00048271692883407324,0.38529519622180824,-0.0012528495905673863,0.9990004893487545,0.14742167250445865,0.3133108371877219,0.47052848164371075,0.6380261237021396,-0.08021723737834056,0.28667273192894255,-0.279821651813832,0.779641766928213
XAUT,1953,1953,9,"log_daily_return,TwitSIX,log_diff_AdrActCnt,log_diff_volume_trusted_spot_usd_1d,log_diff_TxCnt,log_UnemRt,log_IndPro,log_CPIPrc,log_TotRes",0,0.0036290941563800194,-0.003661424666866031,3249.244202819234,3300.4728694052246,-1614.622101409617,5.266355280755824,4.5821984553958524e-07,2.146624879395474,0.04441522668490822,0.060000499445612775,0.7402476161913991,0.45929103129959337,0.010579748903419742,0.004533079346445505,2.3338989006922137,0.019761401060280587,0.014617700246595002,0.02197323818661543,0.6652501612392792,0.5060152197035648,0.03547820213634168,0.04796715541812816,0.7396353156045908,0.459662442725453,0.0031768307426004085,0.023571632518235443,0.1347734714658713,0.8928130311177702,-0.052203773139773244,0.059551490820776896,-0.8766157222979192,0.3808665676378258,0.023471907512008883,0.10291575149528352,0.22806914559706215,0.8196303935383533,-0.07464711482629942,0.06382426092920337,-1.169572725786848,0.24239954554649867,0.10425810416714759,0.1585615571189705,0.6575244722711797,0.5109667640049175,0.02235852484167971,0.03293446839770243,0.6788791782423148,0.4973421334045821
XEM,3713,3713,9,"log_daily_return,TwitSIX,log_diff_AdrActCnt,log_diff_volume_trusted_spot_usd_1d,log_diff_TxCnt,log_UnemRt,log_IndPro,log_CPIPrc,log_TotRes",0,0.009209492254868223,0.006227179689749174,20312.66468249436,20372.72835817086,-10146.33234124718,4.827128589638134,1.9959816857512415e-06,2.103484332838734,0.09153774157360071,0.1317060708418807,0.6950153549375567,0.48709968438571194,-0.4171194373253686,0.09092582649382154,-4.587469296786784,4.6710339955950944e-06,0.23431325446892798,0.15519801602732736,1.5097696508418637,0.1312078739465056,0.019176051745327674,0.1699014066156314,0.11286576213409302,0.9101445574682605,0.06929135037280033,0.14815843847393126,0.46768412981750124,0.6400445758215842,-0.16606560589972957,0.16371236881394569,-1.014374216822055,0.31048629683525175,0.6459203735234452,0.23366472119748827,2.7643042142314997,0.005739402837725,0.24018133955497112,0.3530924656971405,0.6802222162423112,0.49641643140265435,0.508377032755243,0.34890580665782156,1.4570609690477805,0.1452045588454467,-0.586827569539028,0.2556659077316952,-2.2952906578176453,0.02178540104360055
XLM,3531,3531,9,"log_daily_return,TwitSIX,log_diff_AdrActCnt,log_diff_volume_trusted_spot_usd_1d,log_diff_TxCnt,log_UnemRt,log_IndPro,log_CPIPrc,log_TotRes",0,0.0040545309965859255,0.0008623980831135025,18874.53887622,18933.976703144584,-9427.26943811,1.3253898265553343,0.21796763538640104,1.974148901040891,0.07054577008937465,0.11707687681529412,0.6025593781483505,0.5468505067288068,0.11136287046431578,0.3364718371888122,0.33097233752084926,0.7406900756428851,0.2792152056358842,0.16866994688753748,1.6553939263528314,0.09795636173993236,-0.15645545608827,0.11964834936942766,-1.307627367304469,0.1911067782006807,0.08103696676607905,0.14118225238833906,0.5739883405683099,0.5660216633451866,0.05460892176594674,0.12304926475673922,0.44379722116914067,0.6572233920158708,0.46330623456719944,0.24596407087577615,1.8836337881283143,0.05971777766750086,0.25087450965763225,0.36493549468399944,0.6874489144303886,0.4918566571703996,0.14252351399358748,0.3277622715861196,0.4348380712150984,0.6637133835246007,-0.22382888387976363,0.26889004538697364,-0.8324178887233994,0.4052438965016515
XRP,3803,3803,9,"log_daily_return,TwitSIX,log_diff_AdrActCnt,log_diff_volume_trusted_spot_usd_1d,log_diff_TxCnt,log_UnemRt,log_IndPro,log_CPIPrc,log_TotRes",0,0.004622708508816409,0.00171413850121227,20329.094795913526,20389.454059612446,-10154.547397956763,1.5853316866126541,0.1136658055858849,2.0785710336682386,0.08308270551916366,0.10854026077292954,0.7654551861910109,0.4440591923817251,-0.14940448566207848,0.14895305854913685,-1.0030306669586964,0.31592485823413097,0.2021706523813473,0.14390880053838512,1.4048525984859548,0.16016595761177216,-0.07470171541573943,0.11987383410837117,-0.6231694845783095,0.5332192925972775,0.15657298327334113,0.12108250633664343,1.2931098637653253,0.19607004509987944,-0.05577807275708892,0.12345051253571768,-0.45182536395667666,0.6514266106260509,0.5559500639822167,0.21438091943706888,2.593281461064984,0.009551489062693897,0.6227896276163561,0.332123136612157,1.8751768815902472,0.06086293691002144,0.23986988936846557,0.32226619682892843,0.7443222147676815,0.45673834740841734,-0.5305726871210503,0.22985306544621276,-2.3083124259885412,0.0210476973947043
XTZ,2527,2527,9,"log_daily_return,TwitSIX,log_diff_AdrActCnt,log_diff_volume_trusted_spot_usd_1d,log_diff_TxCnt,log_UnemRt,log_IndPro,log_CPIPrc,log_TotRes",0,0.011342323310340685,0.0064099956550154324,11701.159230870806,11756.192127177557,-5840.579615435403,1.7907200121884443,0.06531124562292967,1.9857449817024824,-0.0660929359856409,0.15386188875337142,-0.42956014982750346,0.6675669292078608,-0.31608112753642287,0.191837934634962,-1.6476466353637331,0.09959935156897719,-0.4282493637687779,0.16835680979570364,-2.543700871312819,0.01105130474389857,-0.014888374088761744,0.12951067387625248,-0.11495866435678957,0.9084906792551823,-0.2414674296628035,0.1764600217679119,-1.3683973698042056,0.17135811813475044,-0.11229391982061496,0.21658780815419934,-0.5184683329020416,0.6041951337152052,-0.0458565365180818,0.3068496531792099,-0.14944301237746596,0.8812207782252849,-0.3011222158656746,0.35718260360892395,-0.8430483814810047,0.3993131471870477,0.12713710352469543,0.3619386202563834,0.351267028190129,0.7254290474343743,0.27882112808484016,0.2600461737643218,1.0721985409311732,0.2837742761663266
XVG,2800,2800,9,"log_daily_return,TwitSIX,log_diff_AdrActCnt,log_diff_volume_trusted_spot_usd_1d,log_diff_TxCnt,log_UnemRt,log_IndPro,log_CPIPrc,log_TotRes",0,0.00536033421178328,0.0010503886209821678,14462.848971006322,14519.283800077093,-7221.424485503161,1.365103176367529,0.19849341828917177,2.027258032914772,-0.20540370870211166,0.15099189918883307,-1.3603624419958467,0.17386287240732204,-0.274393718821453,0.19551491435551893,-1.4034413677644204,0.16063474654462181,0.131123964611997,0.2339006817839087,0.5605967610352546,0.5751329246920711,0.26913216570569476,0.2270826687496766,1.1851726386145796,0.2360847788453811,-0.0007453993933059927,0.18237480028070457,-0.004087184151312031,0.9967393004530303,-0.4049701988931698,0.3342967108016161,-1.2114094629351406,0.2258763214558622,0.6821088059489095,0.32983635224284436,2.0680219184776276,0.03876150591409908,0.311459363198846,0.3828179500937052,0.8135965492804289,0.4159693731221831,0.1512924206681714,0.37406475542918943,0.4044551604295986,0.6859196893306059,-0.3128486045190574,0.2526562661262674,-1.238238058828544,0.21576773945539912
YFI,1771,1771,9,"log_daily_return,TwitSIX,log_diff_AdrActCnt,log_diff_volume_trusted_spot_usd_1d,log_diff_TxCnt,log_UnemRt,log_IndPro,log_CPIPrc,log_TotRes",0,0.01724376644305814,0.008804065964038599,7174.067890259714,7223.709246383896,-3577.033945129857,5.145264704613627,7.570493384176922e-07,1.98819845936883,0.17188801284731098,0.6263313652565308,0.27443622079649427,0.7838034971454155,-0.29009798615628973,0.057829841204619065,-5.016406410832728,6.180447003668513e-07,-0.399353189636447,0.1636670116273759,-2.4400347123442487,0.014850728539166668,0.10532250990460518,0.3789266817571509,0.2779495743509162,0.78110589207331,0.6164677361740428,0.377566222104307,1.632740695759952,0.10282393473730765,-0.5124840743140464,0.5242789334709089,-0.9775027024664591,0.3285459245725296,0.17735082676983593,1.1381686971702047,0.15582121280507719,0.8762039575986014,-1.4020993720361503,1.1052360964043122,-1.2685971591025933,0.20486648607546754,1.496293593726995,1.532819743113781,0.9761706165706173,0.32920519151608174,0.09459627144993453,0.2170594815555951,0.4358080594867068,0.66306574531889
ZEC,3136,3136,9,"log_daily_return,TwitSIX,log_diff_AdrActCnt,log_diff_volume_trusted_spot_usd_1d,log_diff_TxCnt,log_UnemRt,log_IndPro,log_CPIPrc,log_TotRes",0,0.0030127284007970268,-0.0007058316673309584,16478.70175849271,16536.629375700875,-8229.350879246354,1.104671565117819,0.35569127387421545,2.0639574466394275,-0.21410526230245497,0.14032492156426746,-1.5257821626816077,0.12719517699348848,-0.005880296623945902,0.9302164723785095,-0.006321428182098652,0.9949567861884809,0.13202842921041547,0.15936358633541098,0.8284730046959192,0.40748461234742095,-0.04339020558102677,0.12954289488138945,-0.33494855600343965,0.737693006580865,0.07297767489625773,0.17346243974744643,0.4207116826127314,0.6740030939604786,0.19947051419451256,0.190665788438134,1.0461788442934818,0.29558325253602274,0.14147532042985214,0.27859403834175395,0.5078189083727018,0.6116267616829143,-0.11384480891406705,0.3953518798111187,-0.2879581828938235,0.7734034783527732,-0.0783521354147092,0.34617192901490074,-0.22633878962305054,0.8209571017277784,0.3730679951725018,0.28793812976920147,1.2956533248011879,0.19521887464974366
ZRX,2850,2850,9,"log_daily_return,TwitSIX,log_diff_AdrActCnt,log_diff_volume_trusted_spot_usd_1d,log_diff_TxCnt,log_UnemRt,log_IndPro,log_CPIPrc,log_TotRes",0,0.014165209469243378,0.00999383517926844,14683.425564751324,14740.097147304516,-7331.712782375662,1.0366680009744575,0.40783825292749115,2.085450509045134,-0.09498922920330499,0.16815686305376784,-0.5648846409137186,0.572211800734774,0.2631409233263259,0.4176867177313419,0.6299959087891787,0.5287649305516473,0.0893821837489655,0.21126519635712807,0.4230804945168138,0.6722793041399298,1.42528068610199,1.1762265972921264,1.211739888711264,0.2257465593131504,0.9348364496661405,0.4817238900965763,1.9406063699243232,0.05243801936603288,-2.5472195735554735,1.6625590430973027,-1.5321077372446708,0.1256445624737334,0.2289677295192144,0.29488143776626746,0.7764738643898692,0.43755558152409246,-0.15964224976668823,0.37269049817327193,-0.4283507375400461,0.6684391557641705,0.06459175869899214,0.38964118718895474,0.16577241016275998,0.8683518136917153,-0.007073687280753457,0.24722045405992274,-0.028612872295101018,0.9771760299510222
