symbol,n,nobs,n_regs,regs_used,opt_hac_lag,r2,adj_r2,aic,bic,log_likelihood,fstat,f_pval,durbin_watson,coef_Intercept,stderr_Intercept,tval_Intercept,pval_Intercept,coef_log_daily_return,stderr_log_daily_return,tval_log_daily_return,pval_log_daily_return,coef_fng_value,stderr_fng_value,tval_fng_value,pval_fng_value,coef_log_diff_AdrActCnt,stderr_log_diff_AdrActCnt,tval_log_diff_AdrActCnt,pval_log_diff_AdrActCnt,coef_log_diff_volume_trusted_spot_usd_1d,stderr_log_diff_volume_trusted_spot_usd_1d,tval_log_diff_volume_trusted_spot_usd_1d,pval_log_diff_volume_trusted_spot_usd_1d,coef_log_diff_TxCnt,stderr_log_diff_TxCnt,tval_log_diff_TxCnt,pval_log_diff_TxCnt,coef_log_UnemRt,stderr_log_UnemRt,tval_log_UnemRt,pval_log_UnemRt,coef_log_IndPro,stderr_log_IndPro,tval_log_IndPro,pval_log_IndPro,coef_log_CPIPrc,stderr_log_CPIPrc,tval_log_CPIPrc,pval_log_CPIPrc,coef_log_TotRes,stderr_log_TotRes,tval_log_TotRes,pval_log_TotRes
1INCH,1616,1616,9,"log_daily_return,fng_value,log_diff_AdrActCnt,log_diff_volume_trusted_spot_usd_1d,log_diff_TxCnt,log_UnemRt,log_IndPro,log_CPIPrc,log_TotRes",0,0.00511117683895479,-0.0005739021505368758,10028.959958697873,10082.643355560987,-5004.4799793489365,0.6465809329230536,0.7576516628574276,1.9984868927828343,-0.08869782174931568,0.1520528224798841,-0.5833355823503374,0.5597509307897769,-0.15356297205675468,0.21345161778879385,-0.7194275388847238,0.4719842656440444,0.1654385687850905,0.22840435604254183,0.7243231768936862,0.4689749288479552,0.19379659556726372,0.3053355888489833,0.6347003187470363,0.5257160690711007,0.208816619130283,0.1934562710494869,1.0793995872941584,0.2805749030555566,-0.15106759203943523,0.3443515904030717,-0.43870159525793695,0.6609379409933519,0.5155765399823198,0.5963406268245254,0.8645671899426524,0.3874080416805544,-0.12266870132575373,0.7096287400906879,-0.1728632091621277,0.8627811619415363,0.46490098296072047,0.9017186665544853,0.5155720960475751,0.6062256628289306,-0.10113940801459,0.1709990698561224,-0.5914617436205243,0.5542959585220387
AAVE,1694,1694,9,"log_daily_return,fng_value,log_diff_AdrActCnt,log_diff_volume_trusted_spot_usd_1d,log_diff_TxCnt,log_UnemRt,log_IndPro,log_CPIPrc,log_TotRes",0,0.014460442066326906,0.009094527957795195,10681.97266801689,10736.13645280882,-5330.986334008445,2.958510443382056,0.0017105094199751098,1.9179086916835333,0.039479485145976254,0.15244843817746354,0.2589694300443972,0.7956910713659948,-0.6617924240640709,0.14096998484099052,-4.694562639064982,2.892348526822845e-06,0.1231322338290419,0.23219717726677055,0.5302916912188631,0.5959809322217378,0.016487008194312813,0.3660757327374986,0.04503715138674633,0.9640831362835252,0.11319799975566677,0.3436876889891821,0.32936297511439167,0.7419230766221776,0.014468660188791699,0.4770289567743876,0.030330779679764174,0.9758069107119808,0.6171303189122994,0.5595516471739642,1.1029014426624215,0.27023050830985146,0.5263157663801046,0.7871825121667004,0.6686070361642479,0.5038395378099941,0.013261196260501595,0.9211399350911442,0.014396505628853706,0.9885153845127638,-0.12633811010926704,0.15131356252866965,-0.8349424069989069,0.4038707903449278
ADA,2738,2738,9,"log_daily_return,fng_value,log_diff_AdrActCnt,log_diff_volume_trusted_spot_usd_1d,log_diff_TxCnt,log_UnemRt,log_IndPro,log_CPIPrc,log_TotRes",0,0.01212580851697509,0.00874781926038426,16385.326496996306,16444.119411847125,-8182.663248498152,2.867551611322818,0.0022729860368407386,1.9971259747908563,0.030595266274433694,0.10440277466178592,0.29305031761413847,0.7695067930618572,-1.0190607835268994,0.4587850489677072,-2.2212162009634904,0.02642111136192863,0.09869302844714468,0.13493065791107664,0.7314351680711907,0.46457850453975746,-0.30876461851089343,0.216796768412499,-1.424212273881349,0.1545035780766877,0.0698009135413223,0.13014650197244984,0.5363256982204421,0.591778797305852,0.4006702011886173,0.20666009604229,1.93878842051165,0.05263387738573221,0.575708707247488,0.2631875223085009,2.1874468143389363,0.028797614698810824,-0.07659746096165541,0.3152246166745933,-0.242993271812674,0.8080295443597525,0.5253938889373895,0.24261866848142885,2.1655130342025,0.030437971347421284,-0.00199810723688814,0.195576516346191,-0.010216498760778008,0.9918493294577012
ALGO,2170,2170,9,"log_daily_return,fng_value,log_diff_AdrActCnt,log_diff_volume_trusted_spot_usd_1d,log_diff_TxCnt,log_UnemRt,log_IndPro,log_CPIPrc,log_TotRes",0,0.00851871106508284,0.004327385747837975,13729.995297688447,13786.676234779272,-6854.9976488442235,1.84687487162512,0.05563419043568898,2.053327854827211,-0.09449041253631668,0.12818777004518608,-0.737125019828404,0.4611275490103709,-0.07544537765896255,0.22523310493921517,-0.33496575771720316,0.7376839155600559,0.1399079225435078,0.1648733029683335,0.8485783933762723,0.39621133146809007,-0.09048211539714218,0.13855159371777265,-0.6530571967396693,0.5137899195016049,0.09545299936008081,0.13535029051963945,0.7052293644410795,0.4807446573911236,0.3285262393006484,0.1648717612057374,1.992616788333404,0.04643090348704501,0.44018360440632337,0.37764664816468024,1.1655964816464428,0.24390819862573254,-0.2360961932493717,0.3643891335540567,-0.6479232543150113,0.5171044545147734,0.5262724820725833,0.2868717287112685,1.8345219462258953,0.06671602457782642,0.2172057653965232,0.20502584650499084,1.0594067484620084,0.2895347531855186
ALPHA,1693,1693,9,"log_daily_return,fng_value,log_diff_AdrActCnt,log_diff_volume_trusted_spot_usd_1d,log_diff_TxCnt,log_UnemRt,log_IndPro,log_CPIPrc,log_TotRes",0,0.009588788422360661,0.004193085695848198,11129.49687692098,11183.654646675135,-5554.74843846049,1.0334725899485908,0.4105189011054111,2.0180648448294427,-0.002871233673138643,0.17440821261489112,-0.01646272059148145,0.9868672306274004,-0.21714630754962538,0.2303329341768407,-0.9427497128261687,0.3459467831122742,0.35763678074623667,0.26355403236221187,1.3569770780616381,0.1749738703004214,0.10020210746335706,0.27726753214533606,0.3613914210872474,0.7178530729824919,0.32313806226005476,0.2295699276428124,1.4075801024027195,0.15944357082581861,-0.18768835499385356,0.32622983547803747,-0.5753255361172788,0.5651495048742299,0.6306744676803455,0.6455408009414106,0.9769707302166104,0.328726682470479,0.12661675645972098,0.8203622696518706,0.15434249129162428,0.8773585481807691,0.13394609416707587,0.9430885894974285,0.14202917483972072,0.8870742794768531,-0.17879200368693043,0.17178259904057916,-1.040803927088654,0.2981188529101869
ANT,2627,2627,9,"log_daily_return,fng_value,log_diff_AdrActCnt,log_diff_volume_trusted_spot_usd_1d,log_diff_TxCnt,log_UnemRt,log_IndPro,log_CPIPrc,log_TotRes",0,0.014715160463341426,0.011106058487016734,16737.09914778264,16795.20672894793,-8358.54957389132,2.213382513609253,0.018742439532778613,2.00872391565885,-0.03697753477069081,0.14914228041593286,-0.24793462100463165,0.8042057103965126,-1.3875757259289787,0.435296674325773,-3.1876552424347873,0.0014523342945193672,0.066625150633988,0.17081101007690663,0.39005185089644057,0.6965320155504005,-0.21098919806308047,0.2976453345419595,-0.708861096001278,0.4784779304991059,0.16922060438095315,0.16776507836734628,1.0086759773116774,0.31322937906179565,0.45629176940746285,0.3035213060767814,1.5033269832202003,0.13288326176008208,0.25631668230611626,0.3582497999487557,0.7154691568363192,0.47438717517265816,-0.2959540058564767,0.42530560115987154,-0.695861999111618,0.4865810711821622,0.4731161583618324,0.28752157894264213,1.6454979139364516,0.09999507952436329,0.06508019677539273,0.3083504292248285,0.21105920604359074,0.8328585749507347
BAL,1801,1801,9,"log_daily_return,fng_value,log_diff_AdrActCnt,log_diff_volume_trusted_spot_usd_1d,log_diff_TxCnt,log_UnemRt,log_IndPro,log_CPIPrc,log_TotRes",0,0.027206586669702992,0.022232074896991194,11236.405304888356,11291.192653144035,-5608.202652444178,3.316871234147438,0.0005010851100712235,1.8994322090795506,-0.15541729391953468,0.1402780353279965,-1.107923229436025,0.2680463569597383,-0.7866643965652291,0.20574532038149643,-3.8234862163891883,0.000136160637150728,0.40092656987895864,0.1780589517940272,2.2516507361154043,0.024467220335646404,-0.20209754936111368,0.24823685511190252,-0.8141319276302074,0.41567951196807074,-0.4663716643520694,0.20060160665297858,-2.3248650503525,0.0201924139703392,0.7404488527633847,0.2655134246339052,2.7887435589531084,0.005348239816271593,-0.20097732411238456,0.5236803917763083,-0.3837785933337612,0.7011889110330609,0.06152974628588653,0.6710519065640383,0.09169148568690455,0.9269535969303098,-0.3833029448178551,0.530049005188378,-0.7231462394342769,0.4696861325917986,-0.06274735820257736,0.14752097370124442,-0.4253453365190746,0.6706369489754581
BAT,2794,2794,9,"log_daily_return,fng_value,log_diff_AdrActCnt,log_diff_volume_trusted_spot_usd_1d,log_diff_TxCnt,log_UnemRt,log_IndPro,log_CPIPrc,log_TotRes",0,0.010236201921041466,0.006851751243719839,16640.260967743852,16699.053882594675,-8310.130483871926,1.8596562075350813,0.053522641880172965,1.9934436339100543,-0.043419228984495475,0.11027605074873677,-0.39373217203276434,0.6938106795258097,-0.5951501074019847,0.17919890883736234,-3.321170375775737,0.0009086474880095812,0.02016470326909444,0.13059247548584707,0.15440938074016206,0.8772987962657413,0.18222211316255083,0.25190595268439925,0.723373589312707,0.4695146725283489,0.09483561415666741,0.1658548464463991,0.5717988722585585,0.5675070693960256,-0.28549005664048677,0.2698590201249276,-1.0579229721812635,0.29018764480428444,0.32332244986305114,0.2761210500020373,1.1709445906448117,0.2417270498328818,0.07550170162022748,0.32470072482819606,0.23252704982465483,0.8161467591633713,0.15338263881104525,0.2528530790529554,0.6066077557193681,0.5441635695153761,-0.02815091322160851,0.24364521046161033,-0.11554059761024554,0.9080254575941678
BCH,2860,2860,9,"log_daily_return,fng_value,log_diff_AdrActCnt,log_diff_volume_trusted_spot_usd_1d,log_diff_TxCnt,log_UnemRt,log_IndPro,log_CPIPrc,log_TotRes",0,0.0025321568548620776,-0.0008786374416067666,16509.495237031544,16568.288151882367,-8244.747618515772,0.5491600681167349,0.8391305430341596,1.9964283580211248,-0.059640888229316305,0.1108492957960032,-0.5380357881485678,0.5905978333076416,-0.40768361366262906,0.4704012633691094,-0.8666720211223843,0.38620073913290487,0.1521821964608375,0.13088047132464564,1.1627570937099811,0.24503348259960955,-0.08994188037828868,0.20549180640171094,-0.4376908352368244,0.6616463275473676,-0.0736941055963398,0.1190004698433341,-0.6192757532248335,0.5357883133524168,0.10162991075911157,0.17358079277177163,0.5854905323121615,0.5582681257107188,0.14214521415404158,0.25747345878100125,0.5520771532220172,0.5809423672981935,0.0001855294741812119,0.33638994611456363,0.0005515309726825977,0.999559983771249,0.18183950798721749,0.20935907380781774,0.8685532691749392,0.3851707131567711,-0.029121961233107667,0.19709690666573385,-0.14775453215253656,0.8825478110203562
BNB,2877,2877,9,"log_daily_return,fng_value,log_diff_AdrActCnt,log_diff_volume_trusted_spot_usd_1d,log_diff_TxCnt,log_UnemRt,log_IndPro,log_CPIPrc,log_TotRes",0,0.013725066120060081,0.01035254544949804,15666.908959314067,15725.70187416489,-7823.4544796570335,3.306920859953899,0.000506136988395009,1.992750287985372,0.1566191945380758,0.09370454225791175,1.6714151818489031,0.09475857500891037,-0.5202553521004826,0.28596491075401753,-1.819297866751204,0.06897956666498915,0.18965003293572086,0.11633373127775753,1.630223932927191,0.1031738312608738,-0.4665842151185534,0.40339561873191104,-1.1566417518000767,0.24752372443322615,0.03745185520848681,0.10108972573491831,0.37048132177838355,0.7110537030980935,0.10101352856711548,0.4379867071166522,0.23063149389191806,0.8176190230725602,0.3872475319479365,0.23675730801426198,1.6356307443933649,0.10203646194212262,0.2605947365508514,0.2977972540057165,0.8750743435191282,0.3816133015095561,0.01658498931663359,0.1879840057109311,0.08822553415601138,0.9297041350135535,-0.11222030947480174,0.17542019103470688,-0.6397228780385888,0.522408456275126
BSV,2389,2389,9,"log_daily_return,fng_value,log_diff_AdrActCnt,log_diff_volume_trusted_spot_usd_1d,log_diff_TxCnt,log_UnemRt,log_IndPro,log_CPIPrc,log_TotRes",0,0.004159849093137713,0.00034274459647587463,15337.699356630688,15395.35504744166,-7658.849678315344,1.059432402222011,0.38987585481933623,2.0799114375017145,-0.03723695455034277,0.12760748814078066,-0.2918085379853396,0.7704587952246578,0.12330379552677181,0.187087539587432,0.6590700577851579,0.5099154098011045,0.06156110323447079,0.1574734569670516,0.3909300298611677,0.695884423847719,-0.18537945430946248,0.17316711387326159,-1.0705234392549785,0.2844937936642875,-0.06887227023654621,0.12556361429667437,-0.5485049998148256,0.5833973444503968,-0.256256250870002,0.14580159768888282,-1.7575681949440063,0.07895130891942553,-0.1194862938983279,0.4121414003173576,-0.2899157760087216,0.7719062714596642,-0.217276831839808,0.47990706924536564,-0.45274772088993603,0.6507722417431331,0.05284315335351794,0.24448094160212475,0.21614426469085019,0.8288940721737558,-0.010499267265687347,0.2273886181809853,-0.04617323131508135,0.9631761045772191
BTC,3803,3803,9,"log_daily_return,fng_value,log_diff_AdrActCnt,log_diff_volume_trusted_spot_usd_1d,log_diff_TxCnt,log_UnemRt,log_IndPro,log_CPIPrc,log_TotRes",0,0.007317253497960641,0.003922821614025129,14139.42885885301,14198.221773703834,-7059.714429426505,1.6185258490582792,0.10418940232376617,1.9953316683817517,0.07732815585766613,0.10279449996911719,0.752259662539319,0.45196218860438064,-0.32620307191787523,0.141923574621583,-2.298441769012968,0.021614689695896947,0.10691641065976858,0.08613969514597905,1.2411979224976322,0.21464325138244014,0.09432683308848401,0.07943389518451377,1.187488450231177,0.23514216501344135,-0.020772527736117152,0.0752664139090774,-0.2759866806091038,0.7825799635350995,-0.05831683447407563,0.06476196248579516,-0.9004797297003901,0.36794739105751884,0.20066233624931534,0.15316303277386745,1.3101225055106913,0.19026872182141752,-0.019627701236470715,0.28787609386992924,-0.06818107392182096,0.9456466716848455,0.233052259350148,0.1695921876614593,1.3741921875279302,0.16949902847586265,-0.061838827292874224,0.16874718569121383,-0.36645842145202656,0.7140524878760466
BTG,2775,2775,9,"log_daily_return,fng_value,log_diff_AdrActCnt,log_diff_volume_trusted_spot_usd_1d,log_diff_TxCnt,log_UnemRt,log_IndPro,log_CPIPrc,log_TotRes",0,0.0027486331196246994,-0.0006614209464554932,17483.554186979316,17542.34710183014,-8731.777093489658,0.8561720708917852,0.5641760786632106,1.9996408393641396,-0.1953202592716386,0.12653584140302176,-1.5435963210576495,0.12280637413792045,-0.030332355270718397,0.4508660477134262,-0.06727575834230451,0.9463672850745869,0.2163416858672528,0.1575391700907826,1.3732564780085168,0.1697895969450073,0.040729529388687916,0.13445633054925624,0.30292013192913375,0.7619746674548337,0.08227007487500562,0.13528748835444376,0.6081129591190559,0.5431650272606148,-0.004368034598839832,0.17261485167222848,-0.025305091401602683,0.9798135311988166,0.0866964404164917,0.32894934791273256,0.26355559287958075,0.7921430119270751,-0.1203831065388201,0.41483591599339203,-0.29019451281247716,0.7716902945204032,-0.13497448517171723,0.2807916257472346,-0.4806927016164639,0.6307748714042092,0.15754764656895218,0.23187935930199485,0.6794379932875586,0.49692012968599275
BUSD,2080,2080,9,"log_daily_return,fng_value,log_diff_AdrActCnt,log_diff_volume_trusted_spot_usd_1d,log_diff_TxCnt,log_UnemRt,log_IndPro,log_CPIPrc,log_TotRes",0,0.20118781764335114,0.19766191786835852,8112.5293501142,8168.780421596589,-4046.2646750571,1.6450246176212322,0.09724563929551928,2.326703431488737,-0.000526724790763598,0.040750832098053635,-0.012925497803240088,0.9896884965220077,-0.8656779826224379,0.31570255076169457,-2.7420683821965306,0.006158706567818766,0.0186455231503549,0.03485588589621277,0.534931839227211,0.5927553194827908,-0.0532031951410214,0.10533545835483912,-0.5050834350746168,0.6135548210445648,-0.009424698526611559,0.01409202158937859,-0.6687967703452231,0.5037008358930533,0.08362972572044579,0.11724983891014566,0.7132609008063148,0.475765950310165,-0.02764902823219566,0.03584672909859589,-0.7713124440488678,0.4406111305297712,0.00017036555811182977,0.028354870408988327,0.006008334922871835,0.9952066589299611,-0.029863492414768773,0.07807631932209932,-0.3824910379236586,0.7021370394469482,-0.009881362992902777,0.01717592107148012,-0.5753032371178252,0.5651497106716217
COMP,1808,1808,9,"log_daily_return,fng_value,log_diff_AdrActCnt,log_diff_volume_trusted_spot_usd_1d,log_diff_TxCnt,log_UnemRt,log_IndPro,log_CPIPrc,log_TotRes",0,0.02940031868540216,0.024456687031847446,11319.47902086316,11374.305839144707,-5649.73951043158,6.821548726233538,1.0879231969479599e-09,2.1374137369010175,-0.07978499976637465,0.13891684711889685,-0.5743363848309044,0.5658132971021219,0.962128385879177,0.12761962373368765,7.53903167656186,7.524121711134217e-14,0.2604528230719592,0.17817198346692428,1.4618057115601988,0.14397227022059272,-0.1619387767553726,0.25553331864988366,-0.6337286175085893,0.5263399658498722,-0.053475522527956815,0.22550846446950037,-0.23713310564087178,0.8125810186982719,0.009792130764594287,0.3072054522563204,0.03187485994364485,0.9745754471337549,0.3565857867795167,0.5447866580452696,0.6545420698424773,0.5128478173152347,0.725724425182981,0.6780561387462347,1.0703013861431705,0.2846298450913882,-0.33330905792492016,0.4909193969577226,-0.6789486420591043,0.4972593193296896,-0.18828145800226662,0.14877218217758717,-1.265568974296,0.2058342866083428
CRO,2264,2264,9,"log_daily_return,fng_value,log_diff_AdrActCnt,log_diff_volume_trusted_spot_usd_1d,log_diff_TxCnt,log_UnemRt,log_IndPro,log_CPIPrc,log_TotRes",0,0.0061733343180446765,0.002149744578441637,13704.476655024577,13761.587667542979,-6842.238327512288,1.7961475343788809,0.06417233094103252,2.124250411451562,0.016331960083736996,0.10862555882457525,0.15035098793012683,0.8805013478094965,0.012755881654087614,0.13901320544485998,0.09176021524909929,0.9268968219626301,0.26297557236677577,0.1405099865435867,1.8715792296030132,0.06139607356924031,-0.07085573347804605,0.29529934147942233,-0.2399454503456235,0.8103946681941494,-0.06628681188649307,0.14430895130101326,-0.45933957172362627,0.6460352478957987,-0.026062214611808576,0.3336960901086497,-0.07810164812935882,0.9377542251713211,-0.2784817755219212,0.27551264037571044,-1.0107767656037916,0.31223328881171913,-0.7309695763766612,0.28412908376829765,-2.572667207038735,0.010156169444832082,0.1166104666117174,0.23313823074607562,0.5001773679012115,0.6169997014224381,0.377099347527594,0.18590485256292438,2.0284534928960762,0.04263298515377657
CRV,1750,1750,9,"log_daily_return,fng_value,log_diff_AdrActCnt,log_diff_volume_trusted_spot_usd_1d,log_diff_TxCnt,log_UnemRt,log_IndPro,log_CPIPrc,log_TotRes",0,0.011384776895483006,0.006178494269420631,11800.935948135344,11855.430928189173,-5890.467974067672,2.4255476934511395,0.009754273033648394,2.002010776687311,-0.16851730975062532,0.18688008131272726,-0.9017403490349863,0.36732187718101206,-0.4048684878800452,0.14748927756183067,-2.7450706557994744,0.006113125722759275,0.3205128657082617,0.2475469205668124,1.2947560202905288,0.19557930591687958,-0.05740859429700775,0.35846940639145625,-0.16014921573060642,0.8727824589326891,0.5446603464849659,0.2669670689747367,2.040178021119554,0.041486045464965385,-0.2353872299122661,0.43665750484578925,-0.539066035279517,0.5899115050014578,-0.1557582165518513,0.6592480129617652,-0.23626649377687983,0.8132541974385947,1.3943925449481869,1.0458421818224077,1.3332724278900483,0.1826201069774712,-1.3894512286076457,0.9777845208635031,-1.4210198657886204,0.15549341571718603,0.1616925264599055,0.2022932055600595,0.7992978608067984,0.42422879217456766
CVC,2819,2819,9,"log_daily_return,fng_value,log_diff_AdrActCnt,log_diff_volume_trusted_spot_usd_1d,log_diff_TxCnt,log_UnemRt,log_IndPro,log_CPIPrc,log_TotRes",0,0.008875716205849704,0.005486613411720742,17582.730085239225,17641.52300009005,-8781.365042619613,1.51774009829504,0.13562486685227645,2.006185512252624,-0.06367432984837822,0.13043185560975043,-0.4881808171072147,0.6254624369232411,-0.4796649599767498,0.3389159947422504,-1.4152915985612913,0.15710132332943205,0.07208055577279474,0.1640725758385503,0.4393211687230595,0.6604649024879673,-0.3977254718662768,0.2982716672191661,-1.3334336297320302,0.18250493152050112,0.2946939247253447,0.1740198114042298,1.693450431576446,0.0904880913651444,0.11610584836676377,0.29483905281020634,0.3937939945883064,0.693765037446477,0.4906942650639733,0.3843236710252772,1.2767734648113829,0.20179486834779145,0.11004793255412748,0.4273591824067599,0.25750688667637894,0.7968076298101933,0.2844040353738164,0.29308901243663377,0.9703674423322333,0.33195253404933744,0.039346713887200874,0.3200069398285853,0.12295581435914267,0.9021514750557899
DAI,2019,2019,9,"log_daily_return,fng_value,log_diff_AdrActCnt,log_diff_volume_trusted_spot_usd_1d,log_diff_TxCnt,log_UnemRt,log_IndPro,log_CPIPrc,log_TotRes",0,0.0044980285553252175,-3.1555743462474695e-05,1262.4254370120434,1318.3742808842087,-621.2127185060217,0.48825880322023685,0.8833806280115858,2.6146960746932177,0.003625959767824311,0.007623871727677803,0.4756060827545903,0.6344075593658742,-0.014944703803649801,0.016848394591192726,-0.8870105530091245,0.3751810530987183,-0.0024790754772305136,0.005471552531759886,-0.4530844696894716,0.6505376129714602,0.007550625346465655,0.00942296769589063,0.8013001413300497,0.42305415253237655,0.010667954464730591,0.009610468238138267,1.110034828729342,0.2671189449489555,-0.023719945224800795,0.01747054483775176,-1.357710675029712,0.1747103740345086,-0.001992632310237937,0.024229392510877922,-0.08224029180027248,0.9344639546083592,-0.008034950814651394,0.023993853960247395,-0.33487537383379773,0.7377546066071613,0.009724423223362678,0.022553612985963232,0.4311691980089798,0.6663923328093915,0.006391651987692127,0.008098988643936664,0.789191375453682,0.4300947459049268
DASH,3803,3803,9,"log_daily_return,fng_value,log_diff_AdrActCnt,log_diff_volume_trusted_spot_usd_1d,log_diff_TxCnt,log_UnemRt,log_IndPro,log_CPIPrc,log_TotRes",0,0.00422502758441845,0.0008200219796539177,16342.188920493838,16400.98183534466,-8161.094460246919,0.9296225833611275,0.4978776707637653,1.9954530402188917,-0.1486178685410115,0.148413037506686,-1.0013801417838124,0.3167351131591169,-0.26301898253223177,0.17377196339374093,-1.5135869871958034,0.1302506890514987,0.08071439644526313,0.13452919542581526,0.599976801985501,0.5485733451001802,0.07172057483759114,0.12053324963503569,0.5950273061977079,0.5518763698960962,-0.041907287655038566,0.132205229076569,-0.31698661201038586,0.7512789015165393,-0.15664183824205533,0.1553118209864757,-1.00856352882306,0.31327671496663934,0.17485284796998313,0.26546449010090745,0.6586675600322991,0.5101668821948812,-0.09900703518601928,0.47025535524785445,-0.21053887867759907,0.8332634081159702,0.2299973957231773,0.22921314818706973,1.0034214770937464,0.31574978529973113,0.025903680022800663,0.27342351818448163,0.09473830266979151,0.9245299052390542
DCR,3301,3301,9,"log_daily_return,fng_value,log_diff_AdrActCnt,log_diff_volume_trusted_spot_usd_1d,log_diff_TxCnt,log_UnemRt,log_IndPro,log_CPIPrc,log_TotRes",0,0.02225579338403605,0.01891244313344953,16314.886478645565,16373.679393496388,-8147.443239322783,3.8788398101750903,6.658737746588478e-05,2.0073080822302396,-0.09131378287221603,0.11321353495568841,-0.8065624212507462,0.419991503400826,-0.757008303422076,0.21513827998166646,-3.518705752814359,0.0004410067585739179,0.11386291029249272,0.1243100916715965,0.9159587026393381,0.35977246798595763,0.5554847853390118,0.279786858803734,1.9853855456759515,0.04720521478106211,-0.2441851410121586,0.11215278954319509,-2.1772542796905814,0.029550160441480473,-0.937466537243621,0.35784079230510074,-2.6197866688276337,0.008849020254650602,0.5699789352810629,0.22979861950056532,2.480340989514346,0.013187768008065833,0.4418620324327955,0.32716984379995095,1.3505585579060075,0.17695298930410205,0.23737101414367784,0.22137089809093313,1.0722774140175024,0.2836937544715969,-0.2865626328087766,0.24757739253761024,-1.157466882866714,0.24718669020544212
DGB,3763,3763,9,"log_daily_return,fng_value,log_diff_AdrActCnt,log_diff_volume_trusted_spot_usd_1d,log_diff_TxCnt,log_UnemRt,log_IndPro,log_CPIPrc,log_TotRes",0,0.011492989596374792,0.008112836445298588,17100.956978854225,17159.749893705048,-8540.478489427112,2.0653730060617557,0.029326128377663806,2.002275290029316,0.011130389203706903,0.18091174948586686,0.0615238603094512,0.9509466838982573,-1.7443686125061726,0.5067266532041244,-3.442425223690552,0.0005855228109806796,-0.02618959018106931,0.14952166060060232,-0.17515582742908495,0.8609706651377643,0.0694372635668765,0.11450189584473633,0.6064289421114292,0.5442822539723391,0.010835129967051098,0.15541262425884825,0.06971846732994222,0.9444230390325978,0.029200259496948607,0.12400626167503336,0.23547407286149652,0.8138591194511524,0.43376694268853366,0.2765835708141685,1.5683033573240466,0.1169305601847916,-0.4697538116194637,0.5980044701952877,-0.7855356189328456,0.4322103015309485,0.8319513918640529,0.39267178641665373,2.118694086621469,0.034209768147878294,-0.12281746566086567,0.2983135534761591,-0.4117059524440317,0.6805884852280992
DOGE,3803,3803,9,"log_daily_return,fng_value,log_diff_AdrActCnt,log_diff_volume_trusted_spot_usd_1d,log_diff_TxCnt,log_UnemRt,log_IndPro,log_CPIPrc,log_TotRes",0,0.008643291196011371,0.005253393635511472,17568.02783679372,17626.820751644544,-8774.01391839686,1.2840493955333216,0.24010065610256226,2.0061159389391228,0.015413738341422581,0.1334829671291268,0.11547344708416515,0.9080786745447715,0.02107813938720332,0.6360750745710538,0.03313781694938708,0.9735671984056508,0.160061297765679,0.15798536770317959,1.0131400147537692,0.31108641272972265,-0.11380533243643332,0.12323710490429815,-0.9234664553732479,0.3558488226451436,0.4566109759191153,0.18904647301665936,2.415337184729584,0.015788375665878356,-0.026884163905981053,0.09462631140213519,-0.2841087590504392,0.7763493828336487,0.6990250552682585,0.3310581821566959,2.1114870223548716,0.034824498535590526,0.8203467599906447,0.5430315095116963,1.510679851208478,0.13099007954634836,0.14823847303737822,0.2710154160768302,0.5469743204399637,0.5844427446177933,-0.362622931642531,0.26860319397237686,-1.350032091129278,0.1771217737680417
DOT,1745,1745,9,"log_daily_return,fng_value,log_diff_AdrActCnt,log_diff_volume_trusted_spot_usd_1d,log_diff_TxCnt,log_UnemRt,log_IndPro,log_CPIPrc,log_TotRes",0,0.009040468274097657,0.0038065270854045208,10633.921251741293,10688.38710273287,-5306.960625870646,1.0172869889025504,0.42356193254929525,2.0440606613923817,0.038721465074600434,0.13402642925475142,0.288909174779255,0.7726860247455064,-0.07495248540800589,0.14802902028926207,-0.5063364282323963,0.6126859967655409,0.3406149140618069,0.1925173154136781,1.769268978896257,0.07702783604742373,0.1418777052935839,0.199791235408422,0.7101297762314311,0.4777208314405669,-0.003925594249150899,0.12476662773159393,-0.03146349565202557,0.9749035886563068,-0.13480243857050656,0.21421804247559179,-0.6292767733878722,0.5292522277324845,-0.006142044963935361,0.46978695346902055,-0.013074107142782522,0.9895701994208344,-0.7293380518936713,0.7890148108444075,-0.9243654768826585,0.35542694110222506,0.4904229403319763,0.7062039670212658,0.6944494271259288,0.48749507449661955,0.06930045153827777,0.14839555929599918,0.4669981491834719,0.6405609069711846
DRGN,2705,2705,9,"log_daily_return,fng_value,log_diff_AdrActCnt,log_diff_volume_trusted_spot_usd_1d,log_diff_TxCnt,log_UnemRt,log_IndPro,log_CPIPrc,log_TotRes",0,0.009514768075999713,0.006127850489633491,18967.644608089773,19026.437522940596,-9473.822304044887,1.9549493545165473,0.04064474228880543,2.0027854972826398,-0.10425980139333388,0.17148858884875234,-0.6079693237506771,0.5432602746231765,-0.6388360448100163,0.2683193485682933,-2.3808795311211712,0.01734211237817648,0.08717502808724492,0.19147033557639298,0.45529260616177153,0.6489362991348973,0.15641824877691657,0.37858565485770634,0.4131647535237628,0.6795195666274778,-0.2744354407348344,0.19040422897191916,-1.4413305955263638,0.14961026739133815,0.11848502185772601,0.41958522094673,0.282386070678044,0.777669697970453,0.3224110824537282,0.3726802521354741,0.8651144797887695,0.38705480031946327,-0.5343050981008417,0.4814417075559254,-1.1098022662250873,0.26718562728086404,0.9316645185576027,0.3980138923502952,2.340783918511159,0.01931759270106769,0.05361781031594312,0.2974900132515813,0.18023398409209662,0.8569827550251995
ELF,2717,2717,9,"log_daily_return,fng_value,log_diff_AdrActCnt,log_diff_volume_trusted_spot_usd_1d,log_diff_TxCnt,log_UnemRt,log_IndPro,log_CPIPrc,log_TotRes",0,0.009430004676230452,0.006042797245412124,17249.003478729086,17307.79639357991,-8614.501739364543,1.342380669904555,0.2094028784969282,2.0067409916352235,-0.08380552439041698,0.12328798863149018,-0.6797541700587968,0.49671990859086745,-0.5878785893432982,0.3649156814624548,-1.6109984284240288,0.10729997079105692,0.05774988863088162,0.1537267997921418,0.3756657180723649,0.7071957005519323,-0.08859471073692074,0.1975050390587865,-0.4485693689594974,0.6537792600061261,-0.22752990543043755,0.14396323508162126,-1.5804723011499249,0.11411890331474221,0.0645564320990623,0.21212673642710136,0.3043295399080799,0.7609009009078702,0.2357608440958091,0.40164204704738954,0.5869924372434836,0.5572591312493501,-0.1091074709426012,0.40173213338588876,-0.2715925908714817,0.7859565970985323,0.24452007541061854,0.27246054484949733,0.8974513192201364,0.3695602212073654,0.13824572109369374,0.2780822398231517,0.49713969932640084,0.619132064803917
EOS,2548,2548,9,"log_daily_return,fng_value,log_diff_AdrActCnt,log_diff_volume_trusted_spot_usd_1d,log_diff_TxCnt,log_UnemRt,log_IndPro,log_CPIPrc,log_TotRes",0,0.008199020011121827,0.004638505922609615,15635.740540711731,15694.048770663085,-7807.870270355866,1.603101289242165,0.10857830892804059,2.0118152056960326,-0.11396827543309214,0.10660270929533866,-1.0690936110952627,0.28513041496875513,-0.35473709003227405,0.1737953939448988,-2.0411190537347736,0.04134351284921738,0.07426889353613766,0.13545168584970813,0.5483054202702469,0.5835310258175364,0.08169632496990588,0.09736472783572171,0.8390751639315185,0.4015071317658021,-0.12037792957345048,0.11269246271898349,-1.068198588166734,0.2855337866113789,-0.2389662441586114,0.10145312353433117,-2.355435060387732,0.018577670303922256,0.2301974112083689,0.2795290803580453,0.8235186511310806,0.41029144664627304,-0.0003621097414451893,0.32220505209867334,-0.0011238487388282646,0.9991033880467483,0.23348355934628195,0.2176727367984251,1.0726357502570403,0.283537816899826,-0.037576442292622275,0.19483783894032872,-0.19286008558188988,0.8470841669499949
ETC,3232,3232,9,"log_daily_return,fng_value,log_diff_AdrActCnt,log_diff_volume_trusted_spot_usd_1d,log_diff_TxCnt,log_UnemRt,log_IndPro,log_CPIPrc,log_TotRes",0,0.0043604085806160375,0.0009558659047899098,16523.772470861142,16582.565385711965,-8251.886235430571,1.1689752973399559,0.31051446748775186,1.9990484631295573,-0.0492788961132961,0.1167686002530194,-0.4220218107138083,0.6730435654693534,-0.16322403401371882,0.25099341807865233,-0.6503120092279482,0.5155474596661854,0.018385004787497015,0.1356906110255727,0.13549209225708414,0.8922331770622044,0.013045351608526538,0.10683747816369958,0.12210463811714144,0.902825470385001,0.059475096554367654,0.12094669285902661,0.49174636485257855,0.6229396640124649,0.24403608413778838,0.10570402784061951,2.308673464229252,0.021038836345624597,0.2997659181609774,0.2719083268048965,1.102452145116062,0.2703659479499661,0.1675050439593968,0.4006803411739513,0.4180515656660984,0.6759435197475148,0.09220594451570317,0.22480746165234344,0.41015517829339804,0.6817255003370872,0.013442451956628132,0.2452923146641925,0.054801765701591496,0.9563005529728493
ETH,3584,3584,9,"log_daily_return,fng_value,log_diff_AdrActCnt,log_diff_volume_trusted_spot_usd_1d,log_diff_TxCnt,log_UnemRt,log_IndPro,log_CPIPrc,log_TotRes",0,0.011827988339815465,0.008448980701159847,15491.593459538759,15550.386374389582,-7735.796729769379,2.7217599107740607,0.0036913290013811583,1.9926247279392328,0.0037928138761056836,0.11581483466553925,0.03274894694672682,0.9738772739382573,-0.5332169675637706,0.20286173964970936,-2.6284747852626165,0.008626725947910743,0.20186655737723116,0.10921466531267571,1.848346619012182,0.06466431776412428,0.010178128169453626,0.1778924455811521,0.057215066869213974,0.9543782192212851,-0.11543154062081784,0.10817202885439933,-1.067110803442449,0.2860196728493654,0.12907377886133137,0.14199928663164746,0.9089748401071518,0.3634466309527393,0.3021016118285167,0.2065996644740054,1.4622560622141159,0.14379044143019595,-0.08643432774110482,0.3610245544001088,-0.23941398635538008,0.8108032273078166,0.22785391456620804,0.20986847422823152,1.0856986281723162,0.2777117750823752,0.07151920596665255,0.22132819200563456,0.3231364487215068,0.7466175770717153
FTT,2111,2111,9,"log_daily_return,fng_value,log_diff_AdrActCnt,log_diff_volume_trusted_spot_usd_1d,log_diff_TxCnt,log_UnemRt,log_IndPro,log_CPIPrc,log_TotRes",0,0.006801561959754676,0.002483307881318897,14098.58601806235,14154.987249789303,-7039.293009031175,1.4123016749757522,0.17698440543865682,1.9560055010455062,-0.01722982983995216,0.15668514851150703,-0.10996466483029049,0.9124480576509666,0.3327061673394801,0.9080988323392097,0.3663766051570052,0.7141215166048198,0.37014575552285633,0.15744319244775942,2.350979739220372,0.01881738608142246,-0.07623254049733766,0.3426542671614741,-0.2224765537836231,0.8239648715434651,-0.09990940827785368,0.2632616881608343,-0.3795060685655715,0.7043510264809142,-0.06997601308031172,0.2921330474872253,-0.23953473830574307,0.8107146779634259,-0.0350308017571577,0.28129250842736286,-0.12453513942837043,0.9009036714914185,-0.17874349953916896,0.3129440400860074,-0.5711676103179479,0.5679480353635483,-0.23678527634832364,0.23264367882668055,-1.0178023213118486,0.3088908502170165,0.15619295040174347,0.19630764382893154,0.7956539406985841,0.4263244324093136
FUN,2828,2828,9,"log_daily_return,fng_value,log_diff_AdrActCnt,log_diff_volume_trusted_spot_usd_1d,log_diff_TxCnt,log_UnemRt,log_IndPro,log_CPIPrc,log_TotRes",0,0.015799370139131352,0.012433942453436875,17188.86466499578,17247.657579846604,-8584.43233249789,2.047898258306502,0.03089629164903924,1.9912209798429832,-0.10348060742924851,0.12303347036870306,-0.8410768802923375,0.4003812707805635,-0.9462388950144776,0.36212947098923187,-2.6129850531900356,0.009026604913621577,-0.03922785361809289,0.14171851921085302,-0.2768011819240683,0.7819545088265141,-0.07835728607615994,0.19916921212770422,-0.3934206760125077,0.6940406663160676,-0.2579716519618822,0.15360574014302142,-1.6794401805667307,0.09318497499480916,0.25096902756519424,0.2378841764211585,1.0550051346032778,0.29151980875384853,0.6762609508071648,0.3157800173059901,2.1415571402413014,0.032320693117184995,0.26157863545133064,0.3797348382609146,0.6888455024281991,0.49098121234858827,0.4505981262436223,0.2723784149268567,1.6543092313854013,0.09818393616889748,-0.10035150856585054,0.2247091799006562,-0.4465839295493664,0.655212241328801
GAS,2853,2853,9,"log_daily_return,fng_value,log_diff_AdrActCnt,log_diff_volume_trusted_spot_usd_1d,log_diff_TxCnt,log_UnemRt,log_IndPro,log_CPIPrc,log_TotRes",0,0.006341502092504392,0.0029437336726079177,17461.80826760886,17520.601182459683,-8720.90413380443,1.5164354263681767,0.13607997658159893,2.0050249686789545,-0.12820692265837388,0.13037119987399345,-0.9833991156197734,0.3255014324906603,-0.555083977925862,0.5737011850836891,-0.9675489477067905,0.3333585806743491,0.07447241473484127,0.1584761991456771,0.46992807207840415,0.6384453391058841,-0.09893297011916663,0.14536221604744737,-0.6805961879865269,0.4961869049454405,-0.09318736042222071,0.13278019440126773,-0.7018167192962853,0.48285552318690617,-0.19448701074521574,0.133536820573713,-1.4564298439160301,0.14539310764261457,0.4060985958295755,0.299852056780952,1.3543298658319318,0.17574741791650855,0.014949008260170704,0.3697611173168333,0.04042882704554764,0.9677543147030392,0.4106781868258025,0.23999055889993332,1.7112264278572693,0.08715714491156676,-0.0234140853223678,0.22763155331065124,-0.10285957716246107,0.9180822561709884
GNO,2951,2951,9,"log_daily_return,fng_value,log_diff_AdrActCnt,log_diff_volume_trusted_spot_usd_1d,log_diff_TxCnt,log_UnemRt,log_IndPro,log_CPIPrc,log_TotRes",0,0.0075194615250351315,0.004125721081921663,16009.163934230088,16067.95684908091,-7994.581967115044,1.9282446253024388,0.04393122240056475,2.0035271094373805,-0.044059097661393376,0.09880528988255514,-0.44591840896134405,0.6556928623711,-0.3041735478931133,0.34317093119127334,-0.886361635693368,0.375503662442625,0.14540490706645037,0.11875216192602724,1.2244400835163372,0.22089583799985973,-0.1911547600954243,0.1690074428164978,-1.131043443471145,0.2581398538048681,0.020377111541983704,0.12796219785809307,0.1592432130978355,0.8734894771781172,0.17422803302117254,0.19408095841426673,0.897708020635811,0.3694233403016153,0.29316295194367337,0.2651865675515815,1.1054969889704167,0.2690453389202393,-0.27114667494586053,0.30609068870880535,-0.8858377106786536,0.37578591021948526,0.31326706316957276,0.2377780915281551,1.3174765646248745,0.1877936035410442,0.20792522967369056,0.22554693077029767,0.9218712441068264,0.356680232875639
GNT,3023,3023,9,"log_daily_return,fng_value,log_diff_AdrActCnt,log_diff_volume_trusted_spot_usd_1d,log_diff_TxCnt,log_UnemRt,log_IndPro,log_CPIPrc,log_TotRes",0,0.005301285360162389,0.001899959968156839,17083.53704120018,17142.329956051002,-8531.76852060009,1.4493619464890908,0.1612835876994035,2.009557791808889,-0.036710861404594196,0.12414935759676679,-0.2956991652250825,0.7674831607226511,-0.580730651738817,0.5472005145643584,-1.0612757778584199,0.2886619616628023,-0.041542778830240115,0.14189974123656837,-0.29276148404655655,0.7697275476798174,-0.29096717314390785,0.15226087258799628,-1.9109779695748748,0.05611593825398845,-0.08853158166460376,0.12888619350722597,-0.6868973258927091,0.4922079462184271,0.16636468972495366,0.1551224948531672,1.0724730148417732,0.28360595087201174,0.36683435633517725,0.2967109350895354,1.2363358169609806,0.21644407882036007,-0.050165625378606915,0.35794174936855416,-0.1401502492154218,0.8885520030327667,0.3203910000791092,0.26580553947194335,1.2053586268954621,0.22817324207281497,0.08795481356969129,0.270512145427652,0.3251418284034668,0.745099575184952
GUSD,2449,2449,9,"log_daily_return,fng_value,log_diff_AdrActCnt,log_diff_volume_trusted_spot_usd_1d,log_diff_TxCnt,log_UnemRt,log_IndPro,log_CPIPrc,log_TotRes",0,0.13395620016277288,0.13071932549560716,8178.64510547017,8236.552065781918,-4079.322552735085,1.3629877875562846,0.1993914273544097,2.7901488594180037,-0.01004532686734013,0.02641274435003569,-0.3803212091183761,0.7037405373272274,0.5099843618445399,0.21923701474970247,2.326178188600025,0.020091664658996134,0.00995011963695694,0.021884252487219164,0.45467029969463235,0.6493874348328161,-0.06179679042219704,0.06975912031312571,-0.8858596574155695,0.3757816118513143,0.0188061458180233,0.05301626877332027,0.35472405458090717,0.7228273910253638,0.06556271400099026,0.0496185417211592,1.3213349632367746,0.1865152332743673,0.016219128380053828,0.05388070191390162,0.3010192481525407,0.7634258058554926,-0.01604374729546893,0.0858706129277509,-0.1868362964751129,0.8518047267305874,0.030484596375547412,0.06342579104220748,0.4806340744770697,0.6308202560031091,0.031281851858001614,0.03865448380272334,0.8092683896039429,0.4184407385364519
HEDG,817,817,9,"log_daily_return,fng_value,log_diff_AdrActCnt,log_diff_volume_trusted_spot_usd_1d,log_diff_TxCnt,log_UnemRt,log_IndPro,log_CPIPrc,log_TotRes",0,0.02280068654416567,0.011902552936851607,6331.607395556459,6378.663786505059,-3155.8036977782294,1.5333375010436672,0.13178180908666354,2.0239757086715238,-0.03395972580458889,0.40538115027981136,-0.08377233569234396,0.9332582191624895,-1.6728739054257733,0.6102016714629062,-2.7415098706878362,0.006251074831970291,-0.4223395888424686,0.6053032384840928,-0.6977322472289523,0.4855456318924175,0.30577209774776537,0.7912904929955572,0.3864220541690271,0.6992859806226523,0.6336695816287192,0.4934656497164966,1.2841209555169075,0.19946817115306556,0.4446641856582202,0.8130221706342674,0.5469275029871841,0.5845797379711068,-0.30926941090439414,0.5135963875330136,-0.6021643033548684,0.5472339200023852,0.16425566975977235,0.6420723596050592,0.2558211193841245,0.7981541571470366,-0.9640037106980509,1.767395648963739,-0.545437413101739,0.5856034347462702,0.6185600001746183,1.7380411452455669,0.35589491184756866,0.7220122792789325
HT,2278,2278,9,"log_daily_return,fng_value,log_diff_AdrActCnt,log_diff_volume_trusted_spot_usd_1d,log_diff_TxCnt,log_UnemRt,log_IndPro,log_CPIPrc,log_TotRes",0,0.004447461496128402,0.0004421093072437543,13595.660002112669,13652.833514834521,-6787.830001056334,1.3156794936537006,0.22316011973448455,2.0393966983426517,-0.07579012458469832,0.10483842738439025,-0.7229231349189712,0.46980268355704224,-0.04373113965551034,0.20338242354141692,-0.21501926712268185,0.8297718968557313,0.18421280055048692,0.13071201244448874,1.4093027649522196,0.1588846562161172,-0.059185278473068634,0.22370989329660812,-0.26456263333243474,0.7913707813741873,-0.08462576724644882,0.08880339033313171,-0.95295649106401,0.3407150714825863,0.17957006750718374,0.22640561823399538,0.7931343263822808,0.42778367754259305,0.054221229476517585,0.2606209216182989,0.20804634232676492,0.8352117217754622,0.047666905243668595,0.28661584895747794,0.16630938385664923,0.8679285112920705,-0.2144483350849755,0.19032601468910373,-1.126742108456773,0.25997238362545905,-0.08275866381024082,0.16908682846185602,-0.48944476966702455,0.6245748352756098
HUSD,1218,1218,9,"log_daily_return,fng_value,log_diff_AdrActCnt,log_diff_volume_trusted_spot_usd_1d,log_diff_TxCnt,log_UnemRt,log_IndPro,log_CPIPrc,log_TotRes",0,0.008185753387548012,0.0007964088349717846,-584.7553430384464,-533.705688555748,302.3776715192232,0.5677903303221954,0.8242511746604879,2.9474925378513013,-0.0007582440578799607,0.005431408684518326,-0.13960357283392386,0.8889964885356241,-0.0009873250519787128,0.0064752757471531995,-0.15247614009531285,0.8788368703992675,-0.0008372395669149423,0.007456419610670018,-0.11228439527690554,0.9106165691231751,0.000477554513483352,0.005892056979442185,0.08105055927829184,0.9354151700701302,-0.0021648619349519315,0.001460955273536448,-1.4818126017722488,0.13865096154724976,0.016495256065327948,0.01810913613494082,0.9108803392062994,0.36254014618562325,-0.0008752789833691419,0.004819296102098157,-0.18161967325229827,0.8559116778357369,-0.0011529731059389046,0.005211861855286292,-0.2212209643986373,0.8249577729900415,-0.0024025901979942347,0.015290300709265774,-0.1571316512132615,0.8751673513910831,0.0021315628884465455,0.007895687837896374,0.26996544597619904,0.7872329474785311
ICP,1481,1481,9,"log_daily_return,fng_value,log_diff_AdrActCnt,log_diff_volume_trusted_spot_usd_1d,log_diff_TxCnt,log_UnemRt,log_IndPro,log_CPIPrc,log_TotRes",0,0.028106851688844303,0.02203251951189944,9187.494356260362,9240.287544614508,-4583.747178130181,15.162540525198093,8.542825969530108e-24,1.9602492811338839,-0.3034876052656171,0.1580701464266364,-1.9199552358640468,0.05506091796633811,-0.7595027000696457,0.08633926414455798,-8.796724266702217,3.9450079640073254e-18,0.11636223229511171,0.20141733296372413,0.5777170742106336,0.5635454698952479,-0.17880056141501308,0.4333694879299125,-0.4125822569306724,0.6799741202669851,0.10353834872111707,0.17433331825843812,0.5939102734660738,0.5526654106495053,-0.004339948835094115,0.5189679803932068,-0.008362652416062091,0.9933288048686877,-1.2503167972365086,0.7438237219498777,-1.6809315975549928,0.09299306466004681,-0.5662325122321844,0.686614214158029,-0.8246734491602908,0.4096935894387853,-0.2818697928325157,0.8698768744339611,-0.3240341261123094,0.7459592554965628,0.3242977576398386,0.24564268901601752,1.3202011382422714,0.18697767982430516
KNC,2803,2803,9,"log_daily_return,fng_value,log_diff_AdrActCnt,log_diff_volume_trusted_spot_usd_1d,log_diff_TxCnt,log_UnemRt,log_IndPro,log_CPIPrc,log_TotRes",0,0.00418656967496045,0.0007814325651863685,17282.679198027516,17341.47211287834,-8631.339599013758,1.0438640814461537,0.40203471851077416,2.000214269126328,-0.09727434948309174,0.12404899257931548,-0.7841607373062354,0.43301636480884,-0.3152001641151342,0.2718961405280546,-1.1592667829082752,0.24645261654480904,0.0024383113603184126,0.15207073089482118,0.016034060900284988,0.9872084337850751,0.28747523629255867,0.2716859438068012,1.0581159712001347,0.2900996742148407,0.042966925319506286,0.13940839989160508,0.308209012892441,0.757947684182469,-0.2652905762245152,0.27254340206155653,-0.9733883639002817,0.3304497678066989,-0.07019417236118403,0.3179397965236328,-0.22077818860265397,0.8252822718389431,-0.6068705119827448,0.3864805617619196,-1.5702484730825614,0.11647751798020763,0.20737252215496904,0.2733398639317696,0.7586618328263046,0.4481228042625144,0.424265866769908,0.2572019188187008,1.6495439408792631,0.09915557781207729
LDO,1358,1358,9,"log_daily_return,fng_value,log_diff_AdrActCnt,log_diff_volume_trusted_spot_usd_1d,log_diff_TxCnt,log_UnemRt,log_IndPro,log_CPIPrc,log_TotRes",0,0.008270213367040924,0.0014930166474533824,8912.716257474647,8964.623017817969,-4446.358128737324,1.1530041743151764,0.32184394012458845,2.031994129645632,-0.1766973572659225,0.18491668347953805,-0.9555511917099409,0.33947438975391653,-0.0986316460858054,0.1782403670043011,-0.553363122751118,0.5801087082833943,0.143079870618725,0.24193678172768215,0.5913936260414179,0.5543581995765989,-0.1846777634556309,0.33541744989608363,-0.5505908041243719,0.5820075902897985,-0.8566671247047066,0.3298224304354215,-2.597358595574476,0.009499088550666798,1.0050796892703513,0.46930854196927857,2.1416181453951566,0.032407247854799426,-0.7960250238598716,0.7786885385455771,-1.022263696530933,0.30684384675612947,0.2548334779578857,0.6882648080961884,0.37025498755745107,0.711252044362277,-1.016178262417049,1.0298541249396975,-0.9867205828558979,0.3239608756979465,0.055382401780613294,0.29922860926520667,0.1850839126533112,0.8531917171752791
LEND,2730,2730,9,"log_daily_return,fng_value,log_diff_AdrActCnt,log_diff_volume_trusted_spot_usd_1d,log_diff_TxCnt,log_UnemRt,log_IndPro,log_CPIPrc,log_TotRes",0,0.010979482314599776,0.007597573249566114,17813.84502273445,17872.637937585274,-8896.922511367226,2.114934925103823,0.025268561913470124,1.9986118692437134,0.11211291092856304,0.13699605303958898,0.818365992603924,0.4132223177662311,-0.44627957852780303,0.3303701153945185,-1.350847300443228,0.17686046980490988,-0.058995655710758016,0.15468710668630967,-0.3813870268476573,0.7029468703259478,-0.4404247926632213,0.28438016427243845,-1.5487183988025652,0.1215696542413438,-0.28293545929825775,0.23924017435916634,-1.1826419206395185,0.23705791228155487,0.3726974037028992,0.29391557227455906,1.2680423865216188,0.204894970144964,0.8490168812227759,0.41517856544336706,2.044943915435796,0.040959650674239304,-0.21878045010795527,0.4536288901167953,-0.48228949891534934,0.6296404102983917,0.9340165864568231,0.31101094010797736,3.0031631238841614,0.0026970472775081954,-0.15699164367007296,0.26424626897976383,-0.5941111080818912,0.552488861179419
LINK,2801,2801,9,"log_daily_return,fng_value,log_diff_AdrActCnt,log_diff_volume_trusted_spot_usd_1d,log_diff_TxCnt,log_UnemRt,log_IndPro,log_CPIPrc,log_TotRes",0,0.007163160892149856,0.003768202095808415,17006.829042347323,17065.621957198146,-8493.414521173661,1.7142641267484142,0.08042551773274237,2.0016673185574203,0.14824037377719493,0.1192285112242206,1.2433299070422406,0.21385702440494478,-0.4072405451990454,0.21198393942901214,-1.92109150483742,0.05482807149021814,0.23884023520994824,0.14990264911657333,1.5933022973077124,0.11121246583293985,0.07554850831592998,0.28604618239114327,0.264112975339849,0.7917135434818177,-0.033812863662778886,0.16123274866311335,-0.20971461407898553,0.8339066497217451,0.19885196593980387,0.3328697941378891,0.5973866341787407,0.5503006638734274,0.19039255146803202,0.3151926353050691,0.6040513963270576,0.5458615317113342,-0.20135021985415708,0.3542392659604508,-0.5684017532845637,0.5698106902292179,0.3016581010576147,0.25718060278768257,1.1729426628129138,0.24092494112911214,-0.20370942681789256,0.2302354173310288,-0.8847875326019123,0.3763520544815995
LOOM,2585,2585,9,"log_daily_return,fng_value,log_diff_AdrActCnt,log_diff_volume_trusted_spot_usd_1d,log_diff_TxCnt,log_UnemRt,log_IndPro,log_CPIPrc,log_TotRes",0,0.002474311132275697,-0.0010546712575867367,17318.198918001977,17376.6530783679,-8649.099459000989,0.7566651125293942,0.6568687381915836,2.009188233506923,-0.126624483797105,0.1425277120481086,-0.8884200972395063,0.37439880943618364,-0.12820036315106717,0.20573807300885735,-0.6231241562447605,0.5332587929470471,0.015492700405919109,0.16447198121575807,0.09419659379913126,0.9249604084927106,-0.20859513173101626,0.3213201624133368,-0.6491815831422544,0.5162796162068781,-0.05426013308184019,0.16191639807498787,-0.33511203143680884,0.7375682063653641,0.08200723403940145,0.3246216081364895,0.2526240767217225,0.8005791319856678,0.4379323162739584,0.3514010107231252,1.2462466040514968,0.21278861990922635,0.1336177823244089,0.39918825383247664,0.3347237325787721,0.7378610913137293,0.23206311336357205,0.3037559938089841,0.7639787134850881,0.44495077653383863,0.021982425985366302,0.2770131741338709,0.07935516443973512,0.9367563710278823
LPT,2354,2354,9,"log_daily_return,fng_value,log_diff_AdrActCnt,log_diff_volume_trusted_spot_usd_1d,log_diff_TxCnt,log_UnemRt,log_IndPro,log_CPIPrc,log_TotRes",0,0.007675962910697498,0.0038147798870037386,16161.842613961335,16219.348761289039,-8070.921306980667,2.6141138658772167,0.005273392159611701,2.0191005778105584,-0.017470256600569008,0.16281365289789274,-0.10730215979814259,0.9145585771185792,-0.3069675314911788,0.11495822234173458,-2.670252942661735,0.007632465903468974,0.2835795950301494,0.18036655590416842,1.5722404500578238,0.11603156800870956,-1.0217236850419154,0.4777007398174674,-2.138836304570771,0.032553374128077406,-0.09784539467297423,0.1704928075306522,-0.573897492158917,0.5660929697327358,1.0049381826962474,0.5273385196425392,1.9056794549684197,0.05681566971647378,0.4121999518266825,0.4563370438602684,0.9032796205624263,0.3664715697411408,-0.180362382673053,0.49411285866682675,-0.3650226451497162,0.7151278748682857,0.3098001649361506,0.3699536453179198,0.8374026553243548,0.40245278864738054,0.1212722274236124,0.271596565493639,0.44651605664892957,0.6552663166590054
LTC,3803,3803,9,"log_daily_return,fng_value,log_diff_AdrActCnt,log_diff_volume_trusted_spot_usd_1d,log_diff_TxCnt,log_UnemRt,log_IndPro,log_CPIPrc,log_TotRes",0,0.004287429747011906,0.000882637523502483,15877.682219116052,15936.475133966875,-7928.841109558026,0.9504397706687278,0.4796659975680029,1.998165350429041,-0.05565554713458558,0.13001087287674648,-0.42808378947927234,0.6686251438971342,-0.29637742706942155,0.1659788323315924,-1.7856338841890327,0.07427365916609692,0.08586310408179017,0.1204392455723715,0.712916322862512,0.47596073681590256,0.12115110477293903,0.17176393858000333,0.705334925214875,0.48066424646119,-0.0736787924476755,0.11990607726845345,-0.6144708769241001,0.5389573241571921,-0.013958047036079294,0.12811400062700531,-0.10895020815653976,0.913250288453243,0.28105503714064195,0.2219698074534884,1.266185885211142,0.20555859263880508,0.1623020328461516,0.3773779118506536,0.43007825246110915,0.6671739285969533,0.21268492908379655,0.21774240495136027,0.9767731238722496,0.32877125081148206,-0.1415803035299045,0.2401097710692062,-0.5896482383846727,0.5554771157124583
MAID,3675,3675,9,"log_daily_return,fng_value,log_diff_AdrActCnt,log_diff_volume_trusted_spot_usd_1d,log_diff_TxCnt,log_UnemRt,log_IndPro,log_CPIPrc,log_TotRes",0,0.040149482678649706,0.03674038455083106,18352.699791641633,18411.114720886235,-9166.349895820817,1.4230913152048439,0.17218943137354947,2.032160542200192,-0.11652572536039892,0.19654331408305964,-0.5928755496162789,0.5533173472510209,-2.676370418497044,1.1462316156979364,-2.3349298534811496,0.019624789650827278,-0.005064126190938732,0.2256768524468674,-0.0224397235960698,0.9820989602384725,-0.6441032531172706,0.5177160090225397,-1.2441246588710924,0.21356875471706555,-0.3040744977049096,0.20279317758975016,-1.499431594883587,0.13388627135253384,0.7252447365313288,0.4999965932283825,1.4504993561027326,0.14704308445428682,0.4880996828146339,0.2984558118117361,1.6354169143220567,0.10208587670753543,0.0017620131569341668,0.5760226442929121,0.00305893036392189,0.9975595712780974,0.5846168415864512,0.39157892107126085,1.4929732172178407,0.13556868940994435,-0.1730879459323307,0.31440620596493335,-0.55052331235356,0.5820090182312068
MANA,2836,2836,9,"log_daily_return,fng_value,log_diff_AdrActCnt,log_diff_volume_trusted_spot_usd_1d,log_diff_TxCnt,log_UnemRt,log_IndPro,log_CPIPrc,log_TotRes",0,0.003943519000924156,0.000537550790820962,17508.71168694697,17567.50460179779,-8744.355843473484,1.1656321138060646,0.3127592617850775,2.002671417559366,0.03157993372263934,0.12874156488369584,0.2452971093769787,0.8062455136101527,-0.1166194140278165,0.45310175151201765,-0.25738018808943713,0.796905415068799,0.11543974631671422,0.15237219236666374,0.7576168887753717,0.4487481888613064,-0.14052686441671844,0.4066194265648738,-0.34559800943081154,0.7296724610896865,-0.061305087822571214,0.19009706400932816,-0.3224936068426756,0.7471043943692595,0.31976835644653945,0.3946115461060432,0.8103370507070989,0.4178197461951929,0.30612799408944796,0.3567579529497888,0.8580831669155063,0.3909246731212591,0.03879638087305656,0.3938937601593289,0.09849453024430632,0.9215471152571835,-0.05979014562985337,0.30721113054413995,-0.19462232870258178,0.8457036421120753,0.21444048223110898,0.3308573331868272,0.6481357996983539,0.5169536569981905
MKR,2713,2713,9,"log_daily_return,fng_value,log_diff_AdrActCnt,log_diff_volume_trusted_spot_usd_1d,log_diff_TxCnt,log_UnemRt,log_IndPro,log_CPIPrc,log_TotRes",0,0.014755888008494367,0.011386892184815256,16723.554391917496,16782.34730676832,-8351.777195958748,1.7889367591903134,0.0653785946880695,2.000394795609119,-0.02511747640775461,0.11115609437777468,-0.22596580554900075,0.8212455608065403,-1.893498871000551,0.6739189236032572,-2.809683486667118,0.004995659927286146,0.11548215934647128,0.13265135593210037,0.8705690080211664,0.3840689168986884,0.012802985773077383,0.18823111588563612,0.0680173716913845,0.9457769721611878,0.16008349179946174,0.12790766800865713,1.251555081034132,0.21084325170743862,0.01767808290489721,0.1916752578625029,0.0922293419716095,0.9265228448495035,0.5428527591611506,0.28124242553819045,1.9301951265792776,0.05368998865182871,0.32190202636488663,0.364537577517335,0.8830420955699116,0.37729417269217147,0.28101030888907336,0.23927840679553405,1.1744073050820656,0.2403381657562801,-0.2547048769648068,0.2021172079625712,-1.2601840265474773,0.2077146997839666
NEO,2877,2877,9,"log_daily_return,fng_value,log_diff_AdrActCnt,log_diff_volume_trusted_spot_usd_1d,log_diff_TxCnt,log_UnemRt,log_IndPro,log_CPIPrc,log_TotRes",0,0.008109670299359828,0.004717948047343934,16585.68879757569,16644.481712426514,-8282.844398787845,1.841347957058607,0.05638805433403293,1.996711389229602,-0.1264680606335637,0.10978512130689225,-1.1519599297981018,0.24944216302173883,-0.4765119002695219,0.19551286440665844,-2.4372406476455555,0.014865640871516135,0.20136400734441579,0.13448927861958312,1.497249516178868,0.13444825247789682,0.028955763888290575,0.13187428625596254,0.2195709619393779,0.8262223351180656,-0.0664777937415032,0.11715144913413802,-0.56745174074105,0.5704557010169471,-0.06466469830798766,0.12113174781398602,-0.53383773845391,0.5934988822189602,0.36697962886669006,0.26516047928714787,1.3839906680409946,0.16647865571279055,0.014628917677077288,0.3219660113019697,0.04543621737561896,0.9637630603489195,0.3326731688491114,0.23783885260064017,1.3987334920746082,0.16201073760098145,-0.11056114148387206,0.21658529848746816,-0.5104738976097642,0.6097623053168612
OMG,2877,2877,9,"log_daily_return,fng_value,log_diff_AdrActCnt,log_diff_volume_trusted_spot_usd_1d,log_diff_TxCnt,log_UnemRt,log_IndPro,log_CPIPrc,log_TotRes",0,0.01085264585197998,0.007470303075638007,17248.738116795226,17307.53103164605,-8614.369058397613,2.5929229780000176,0.005629201966925876,1.9970015753393298,-0.17167631073900286,0.12419986715388587,-1.3822584087492849,0.16700965622078504,-0.46744110440728837,0.22306248722092253,-2.0955612493656615,0.03621643981473627,0.07680882930433824,0.14875666717703806,0.516338734672824,0.605661223432878,-0.16015577170930728,0.2977832275713279,-0.5378267037250956,0.5907421658188825,0.21261170662072187,0.15141328968516599,1.4041812780292,0.16038286177649377,-0.24579810322306125,0.2943749625796338,-0.8349830470265228,0.4038030369981903,0.276707964639227,0.3235444021247861,0.8552395368982616,0.39249639601270336,-0.4943620916365309,0.38680483727709053,-1.2780659495279034,0.2013388751664907,0.4549660581357894,0.2955166310120317,1.5395616029382315,0.1237874583778217,0.1947466410296045,0.25783794145414496,0.7553063755135476,0.45013275739257874
PAX,2374,2374,9,"log_daily_return,fng_value,log_diff_AdrActCnt,log_diff_volume_trusted_spot_usd_1d,log_diff_TxCnt,log_UnemRt,log_IndPro,log_CPIPrc,log_TotRes",0,0.0005408660229903051,-0.003314741437701274,574.2752512190709,631.8671256041489,-277.13762560953546,0.07192203101402427,0.9999078473092564,2.8874527686916984,0.00010623428182156194,0.005695886185192966,0.01865105417621032,0.9851210694169102,-0.0040417252333400325,0.010274270183073983,-0.39338319523643084,0.6940724245944352,0.0010376674121708534,0.005517034663125758,0.18808426546715723,0.8508269525573003,-0.006451218221538133,0.015125901450786105,-0.42650140505859624,0.6697818740538038,-0.00372538809125535,0.008299297255988089,-0.4488799444516121,0.6535599547765488,0.008379093804271015,0.016417211085430997,0.5103847273856893,0.6098302391218425,-0.001497284600803713,0.009320648756997304,-0.1606416720380815,0.8723895394623026,-0.0013726671085080586,0.008658564275687813,-0.15853287736886582,0.8740506367624596,-0.00021723214390185694,0.011168465241995235,-0.01945049200538575,0.984483394457231,0.00022203595107691577,0.01066456297428327,0.020819976553407532,0.9833910426021161
PAXG,1932,1932,9,"log_daily_return,fng_value,log_diff_AdrActCnt,log_diff_volume_trusted_spot_usd_1d,log_diff_TxCnt,log_UnemRt,log_IndPro,log_CPIPrc,log_TotRes",0,0.00402759797326413,-0.0007126196989941658,5369.055801995664,5424.557155420549,-2674.527900997832,0.7718280035934121,0.6426846423200023,2.36252143162726,0.040452035500569763,0.022174396356704294,1.8242677207462894,0.06826934484252935,-0.008093204352404093,0.011833606304670948,-0.6839169855777231,0.4941113849352625,-0.009413763311122685,0.026734917930688915,-0.35211491337015327,0.7247913199325655,-0.04142312493970167,0.046507636733808595,-0.8906736151052209,0.3732175974318549,0.010025765721261468,0.040478569377752155,0.24768083149627892,0.8044082538361554,0.057416556046313766,0.06350900116510708,0.9040695805787511,0.36607366413229747,0.037232413857546304,0.1309571066309298,0.28430999138119817,0.7762039582700248,-0.06733365002620276,0.09254403434737599,-0.7275849869853005,0.46695774542764923,0.11095594155350921,0.0812484224557149,1.3656381034842446,0.1722149911223959,0.026981706929734835,0.024653106876188578,1.0944546285886327,0.2738950205503983
PAY,2797,2797,9,"log_daily_return,fng_value,log_diff_AdrActCnt,log_diff_volume_trusted_spot_usd_1d,log_diff_TxCnt,log_UnemRt,log_IndPro,log_CPIPrc,log_TotRes",0,0.014558925494322583,0.011189256166605599,18051.29485543796,18110.087770288785,-9015.64742771898,1.7948855669251327,0.06429661477578337,2.0144116214118157,-0.2275443020404942,0.14138799122440754,-1.6093608804395663,0.10765737794912245,-1.727842245409367,0.5184435169163097,-3.332749256247881,0.0008718185818352143,-0.11182536809632834,0.17368327070937029,-0.6438465123301902,0.5197310669017836,-0.19644231070726934,0.31528534222789245,-0.6230619835326129,0.5332977731338624,-0.1502708206918192,0.17972906703739838,-0.836096370881125,0.4031765867817828,0.27721796787599595,0.33091699710555306,0.8377265909601233,0.40226033878417855,0.5211224347701966,0.35174332968412025,1.4815417686475694,0.13858196729422706,0.01533221557356644,0.4268105402018985,0.03592276696426871,0.9713466662698105,0.5252023179356805,0.3527972645411384,1.4886802442155516,0.1366913921357472,-0.11669543407992852,0.3125432852941507,-0.3733736719702693,0.7089004209530467
PERP,1577,1577,9,"log_daily_return,fng_value,log_diff_AdrActCnt,log_diff_volume_trusted_spot_usd_1d,log_diff_TxCnt,log_UnemRt,log_IndPro,log_CPIPrc,log_TotRes",0,0.006460579508926867,0.0006390594669869465,10405.165644467364,10458.599906758838,-5192.582822233682,1.4995704672983161,0.1425572315079283,2.0025472363409893,-0.1745232197933777,0.18662165504791497,-0.9351713216162882,0.34984701076282787,0.09660334630119069,0.08015367482928398,1.2052266662376014,0.2283014548567804,0.042170120473229,0.25192992368431466,0.1673882953502222,0.8670865682744585,0.08300497745662909,0.30618271352744186,0.2710962238865575,0.7863534521002288,-0.8254208049561514,0.31212136930430096,-2.6445507617628454,0.008263289499896541,0.5619606029947546,0.44300162547330624,1.2685294380000338,0.2048011610197432,0.5610374750093743,0.6419240975787462,0.8739934785522685,0.3822584293196749,-0.3381876172651593,0.7653144637960393,-0.4418936702015451,0.6586283567847302,0.8410537450386426,0.9654111673089703,0.8711870895206578,0.3837881483169814,-0.1632458669829183,0.2039002125829373,-0.8006164629010247,0.4234775312409065
POLY,2542,2542,9,"log_daily_return,fng_value,log_diff_AdrActCnt,log_diff_volume_trusted_spot_usd_1d,log_diff_TxCnt,log_UnemRt,log_IndPro,log_CPIPrc,log_TotRes",0,0.03968525684167579,0.03622950606661579,17495.15116806439,17553.435531655963,-8737.575584032194,5.915176736109303,3.257782703841232e-08,2.023140950581649,-0.1178931599258944,0.1586039731855316,-0.743317822107681,0.45735910172436445,-1.5865498051359985,0.24486819572106114,-6.479199148195215,1.1066754103193165e-10,0.0975008712032208,0.19140806841992197,0.5093874673523052,0.6105255992075509,-0.16915504627478153,0.3344102865719548,-0.505830870242637,0.6130199640075846,0.26843871434098343,0.19442730145592768,1.3806636842194329,0.1675057620611006,-0.05392827076776596,0.367254980233566,-0.14684149615471187,0.8832689656886767,0.4826252470148173,0.39756412084548576,1.2139557412485689,0.22487924538626888,-0.1084848047475323,0.452305600529317,-0.23984846665744672,0.8104673877535244,0.25960674610315293,0.3442735099601572,0.7540712212600883,0.45087744538271923,0.12589262219995018,0.309556021567586,0.4066876863271218,0.6842721840681052
POWR,2767,2767,9,"log_daily_return,fng_value,log_diff_AdrActCnt,log_diff_volume_trusted_spot_usd_1d,log_diff_TxCnt,log_UnemRt,log_IndPro,log_CPIPrc,log_TotRes",0,0.0033833912620926387,-2.4492278424492753e-05,17407.106052226503,17465.898967077326,-8693.553026113252,0.8770173688560069,0.5450840745165126,2.0023358486540346,-0.06333077682802592,0.12690036103330637,-0.49905907526460125,0.6177794753557562,-0.1489316206433312,0.27204052403040485,-0.5474611592304011,0.584108365743384,-0.02169809976756395,0.15082902355900482,-0.14385891558248787,0.8856228919269149,-0.2926183747452647,0.26663847273362695,-1.0974349340711675,0.2725516988005802,-0.3116953153456392,0.20272289998431742,-1.5375436883043399,0.12428042629904183,0.49405261457677474,0.2972123365644994,1.662288383744657,0.09657404161247718,0.15778342349929264,0.3378178690733398,0.4670665407135052,0.6404909333640796,-0.19682879955586668,0.4377290085628623,-0.4496590258024905,0.6529933474828085,0.18992622285207933,0.29894980772994384,0.6353114066012349,0.525280563274271,0.2282710645149665,0.29441961669496347,0.7753255950722507,0.4382169414400524
PPT,1818,1818,9,"log_daily_return,fng_value,log_diff_AdrActCnt,log_diff_volume_trusted_spot_usd_1d,log_diff_TxCnt,log_UnemRt,log_IndPro,log_CPIPrc,log_TotRes",0,0.012337694797571963,0.007018149168115495,11939.352990869702,11993.624432203787,-5959.676495434851,1.8796691737751599,0.05083717551073657,2.0054610944117606,-0.49914562562005693,0.20580590486597783,-2.425322178900085,0.015400154569348333,-0.8228669776693665,0.5187077766122509,-1.5863787179818656,0.11284262626105517,0.026116234374034653,0.2811818935777546,0.09288021373542955,0.9260098589430378,-0.7806841924575456,0.4190650620416609,-1.86291882375996,0.06264903496614317,-0.005061458991298486,0.29924085457362964,-0.01691433142880926,0.9865069788165808,0.6609112306232248,0.4682341949689356,1.4114971476337221,0.15828424317722617,0.8372400857661619,0.33610148410093893,2.4910335876848424,0.012833612790371351,0.46628032895476856,0.36250883043954385,1.2862592295735285,0.19853079399136989,0.1161499724305963,0.4237431456892739,0.2741046636675694,0.7840380691461764,-0.35096271933060563,0.4732291444971469,-0.7416337801923388,0.4584134692076606
QASH,2593,2593,9,"log_daily_return,fng_value,log_diff_AdrActCnt,log_diff_volume_trusted_spot_usd_1d,log_diff_TxCnt,log_UnemRt,log_IndPro,log_CPIPrc,log_TotRes",0,0.02839226099616332,0.024883244282265182,17082.73903015158,17140.987487061848,-8531.36951507579,2.004814758309222,0.03513236359099354,2.0427869199389233,-0.19242630934738594,0.1423756214563606,-1.351539732568376,0.1766452705127455,-1.3588772034332424,0.6229617864261889,-2.1813171097200965,0.02925314257124219,0.043253781658798555,0.15738718411217104,0.2748240392176485,0.7834742099729664,0.423540746681655,0.41127091302401453,1.0298339446556581,0.30318790390396344,0.1019433273450705,0.1660863009418018,0.6137973256493466,0.539405288373733,-0.4822935146554465,0.4833934095717802,-0.9977246381631308,0.3185097706303047,0.36952306640858557,0.27511472653694835,1.343159892093083,0.1793425136135684,0.21609499302141716,0.3179933569375951,0.6795581992734047,0.49684736032432986,0.20473499202513057,0.27608964948953885,0.7415525804884912,0.4584283400545829,-0.04002118941464333,0.28879443158095763,-0.13858019767055033,0.8897930892874558
QNT,2268,2268,9,"log_daily_return,fng_value,log_diff_AdrActCnt,log_diff_volume_trusted_spot_usd_1d,log_diff_TxCnt,log_UnemRt,log_IndPro,log_CPIPrc,log_TotRes",0,0.004517305180465225,0.0004942498354378877,14368.73670589201,14425.865615506911,-7174.368352946005,0.915998264148906,0.5099856679915049,2.1321642016664697,0.1445441544126572,0.1252506420011092,1.1540392296861612,0.24860791500761234,-0.14863973983899514,0.21733448214766635,-0.6839215681292715,0.49409584972109044,0.07070228387947379,0.1565008938186096,0.4517692017875654,0.6514792526457838,0.2908083734890782,0.38867130069909905,0.7482115941310926,0.45441154412750684,0.26448511436583927,0.18255180328011983,1.4488222499779717,0.1475280127822679,-0.25784360946717766,0.4075411823915566,-0.6326811144681992,0.5270068590735644,0.3327986140306367,0.3674614246195066,0.9056695253800804,0.3652087687457992,0.12072096170711097,0.38739034574972864,0.31162614926160825,0.7553538285366516,0.020057882059753424,0.29585381841106717,0.06779659687164986,0.9459536389021348,-0.07271276130985645,0.21258497101290627,-0.3420409305672035,0.7323523640236964
REN,2367,2367,9,"log_daily_return,fng_value,log_diff_AdrActCnt,log_diff_volume_trusted_spot_usd_1d,log_diff_TxCnt,log_UnemRt,log_IndPro,log_CPIPrc,log_TotRes",0,0.012687741315035916,0.008867530511869726,15836.414668763311,15893.976622202792,-7908.2073343816555,3.6746594440606697,0.00013966226036001513,2.0375388810388686,-0.022582501131789126,0.14746622536226806,-0.15313676793660763,0.8783037043440187,-0.6043820889291438,0.14444896037846228,-4.1840528816935585,2.9698812995813428e-05,0.34322307495359283,0.17736334252945998,1.9351409939547324,0.053094081994895834,0.32641652351981637,0.3070960376746218,1.062913497652045,0.2879315195395075,-0.04521507335270726,0.1966969430385394,-0.22987176442212495,0.8182116300698234,-0.31833899684920647,0.3359496473228529,-0.9475794940879271,0.3434420018410279,-0.019844333133202385,0.40800624313401374,-0.04863732716630102,0.961212498074619,-0.5848470647363685,0.39456152050882937,-1.4822709117253643,0.13840368733495262,0.10931841808384277,0.3014439430145834,0.3626492441367585,0.716899867687724,0.06792759971012893,0.24918504321527943,0.27259902453873996,0.7851856589625351
REP,3161,3161,9,"log_daily_return,fng_value,log_diff_AdrActCnt,log_diff_volume_trusted_spot_usd_1d,log_diff_TxCnt,log_UnemRt,log_IndPro,log_CPIPrc,log_TotRes",0,0.009569395198177233,0.006182664406681693,17648.33626159651,17707.12917644733,-8814.168130798254,1.1932575394838463,0.29454810051991437,2.006711832202724,-0.18061770265666294,0.13710667787078923,-1.3173516087004817,0.18783545979351618,-1.2332326190867438,0.5718380778208338,-2.1566115775052244,0.031126243032942057,0.09673674743268892,0.15509521246793878,0.6237249099657819,0.5328623107128012,-0.025745334317198984,0.31175347933765674,-0.08258234798821443,0.9341899171831437,-0.1334179140330768,0.15475709759991693,-0.8621117616071678,0.38870455872582177,0.0714549250742118,0.342035772737461,0.208910677682416,0.8345341347188479,0.25497886421626537,0.29907436671621923,0.8525600739905788,0.3939808833764775,-0.08200088557425289,0.3955806520595619,-0.20729245767537224,0.8357975001815388,0.2550546448874361,0.265363464015442,0.9611520780893712,0.3365639965162506,-0.02396041351276463,0.2717027579221368,-0.08818612551452674,0.9297354534571189
SNT,2903,2903,9,"log_daily_return,fng_value,log_diff_AdrActCnt,log_diff_volume_trusted_spot_usd_1d,log_diff_TxCnt,log_UnemRt,log_IndPro,log_CPIPrc,log_TotRes",0,0.0034726936236928463,6.511544839393757e-05,16930.885096550126,16989.67801140095,-8455.442548275063,1.06827200349173,0.38299700677601684,2.004896752125589,-0.08895454603745954,0.11653624235606369,-0.7633208711644288,0.4453404698996254,-0.09590044726307884,0.25674198916487223,-0.3735284889511951,0.7087852290094341,0.034863191020338025,0.1486509706041615,0.23453053066955237,0.814591376394196,-0.4894546505864305,0.3056771960009295,-1.6012141467855592,0.10944950307655292,-0.29320080367118545,0.1489917094132121,-1.9679001256239386,0.04918436280624143,0.6001143444159266,0.32325348384922714,1.8564822172058437,0.06349652428574386,0.25960523678162273,0.3132752422742079,0.828680986397233,0.4073600871915859,-0.11966723971936126,0.4022725988289016,-0.29747797903147577,0.7661250943305168,0.3252600188116819,0.24177121061496387,1.3453215458712298,0.17863731095345572,0.025725364463973152,0.23478143974545337,0.10957154233258054,0.9127575337525062
SNX,1878,1878,9,"log_daily_return,fng_value,log_diff_AdrActCnt,log_diff_volume_trusted_spot_usd_1d,log_diff_TxCnt,log_UnemRt,log_IndPro,log_CPIPrc,log_TotRes",0,0.005610049426898356,0.0007382423745533329,12138.385818128218,12193.59899793021,-6059.192909064109,1.2009412618112363,0.289858577327826,2.024482621429183,0.009391213571556645,0.14905333668900517,0.0630057251999068,0.9497687998958296,-0.17981456909733579,0.14271518972808708,-1.2599539645354747,0.20784600739332756,0.04065815354579305,0.19298036777964175,0.21068543921638352,0.833156104143461,0.041843230434475284,0.2914408292651083,0.14357367339362295,0.8858528779337566,0.24755056332402706,0.2004931249617576,1.2347084887386799,0.21709692419241872,-0.3249066320782584,0.3530063032639181,-0.9203989534298724,0.3574851626612837,0.4155780583695148,0.6085365456182089,0.6829138880185599,0.49474737003404345,-0.17325431090910826,0.43973897966721365,-0.39399352552330913,0.6936315478599522,0.26973283915898516,0.37828764914373536,0.7130363356285434,0.475913837391189,-0.10139148047161373,0.16815192549303004,-0.6029754353054758,0.5465994630321631
SOL,1877,1877,9,"log_daily_return,fng_value,log_diff_AdrActCnt,log_diff_volume_trusted_spot_usd_1d,log_diff_TxCnt,log_UnemRt,log_IndPro,log_CPIPrc,log_TotRes",0,0.014317940094725867,0.009486165291268667,12185.412247790573,12240.6200119412,-6082.7061238952865,2.325497511424058,0.01333009025040551,1.9833276934380508,0.2750076772936858,0.15244682524333292,1.8039580480257522,0.07140172643163578,-0.39340026803517625,0.25966027376742407,-1.5150575878524344,0.12992995229190382,0.5459721518105224,0.20135704714528457,2.711462844489315,0.006761141755596407,0.10189553036324434,0.21106929956413692,0.48275865118073075,0.6293246673634967,0.22758608184725543,0.18243744594646563,1.247474610634695,0.21238261536187414,-0.11638847181328041,0.14816480217616715,-0.7855338791928136,0.4322419723063813,0.36115894501097084,0.6588383535965523,0.5481753499009727,0.5836381478000388,0.26236905196356747,0.5251135498462723,0.4996425097778877,0.6173866894300717,-0.1652516455777477,0.3882871797499014,-0.4255912999347223,0.6704555614393746,0.07551054280972122,0.17376736956802566,0.4345496107665985,0.6639404427135407
SRM,1754,1754,9,"log_daily_return,fng_value,log_diff_AdrActCnt,log_diff_volume_trusted_spot_usd_1d,log_diff_TxCnt,log_UnemRt,log_IndPro,log_CPIPrc,log_TotRes",0,0.010293311870488764,0.005093451862802967,12043.238574372399,12097.756796737678,-6011.6192871861995,1.6395288909893393,0.09884438224227779,2.027056694402713,-0.2830085162845508,0.193501729959838,-1.4625632357048708,0.14377036690073686,-0.37213186670657866,0.2432658212259489,-1.529733461245002,0.12626734949325802,0.31122822347183055,0.23848030114178193,1.3050479305072595,0.1920518017891028,0.49423713757601384,0.4738062024736856,1.0431208688186453,0.29703950224401254,0.6993433999445424,0.2943412334378251,2.3759613689743797,0.017612712128417172,-0.6050508696405912,0.5244007713935599,-1.153794774238621,0.24874526870045577,0.4203246967839046,0.6479731759832141,0.6486760754349393,0.5166347197426413,0.48390535031773396,0.8640408411626529,0.5600491634939283,0.5755191325173238,-0.2734408643631513,0.773270022887907,-0.35361627409522534,0.7236699912109491,0.036468333110162315,0.1944925609170981,0.187505028152243,0.8512868879647819
SUSHI,1733,1733,9,"log_daily_return,fng_value,log_diff_AdrActCnt,log_diff_volume_trusted_spot_usd_1d,log_diff_TxCnt,log_UnemRt,log_IndPro,log_CPIPrc,log_TotRes",0,0.016491408705869848,0.011259980028773486,11633.563602531125,11687.959195622458,-5806.7818012655625,1.9046046065728979,0.04731860938330376,2.046690269357095,-0.18908203956843014,0.19235352451119606,-0.9829923316919753,0.32575174847950084,-0.7919823475428318,0.28616262125861763,-2.767595376571152,0.005708659136370837,0.4407521886430076,0.27818988726638444,1.5843573358256529,0.1132992975560401,0.12120152815885503,0.31678231712232413,0.3826019370647307,0.7020629882781806,0.23010457927531863,0.31720208704748254,0.7254194996544077,0.46829502984668514,-0.19648598033351172,0.40392920475431854,-0.48643667756833825,0.6267205884601782,0.23592356158730726,0.6562761344011022,0.3594882538317563,0.7192747224401188,1.73814389088669,1.156548660439921,1.5028713882436604,0.13305882086592902,-1.4805193842937503,1.271650625691609,-1.16425011271358,0.2444868008939887,-0.1770228940307217,0.18960561570433018,-0.9336373997844563,0.3506241790268706
SWRV,1647,1647,9,"log_daily_return,fng_value,log_diff_AdrActCnt,log_diff_volume_trusted_spot_usd_1d,log_diff_TxCnt,log_UnemRt,log_IndPro,log_CPIPrc,log_TotRes",0,0.0033286364215282527,-0.002154274502803144,12409.827740626017,12463.888774438386,-6194.913870313008,0.3377024891479534,0.9625659498805756,2.0107602627400816,-0.29127949775481404,0.2577959643987211,-1.1298838538228841,0.2586907969790816,-0.40960865037443506,0.5202798902735574,-0.7872851863620318,0.43122897708317465,0.1997086677919967,0.3306314774198378,0.6040219441611285,0.545912798372973,-0.4729005991293717,0.5754613572307105,-0.8217764636796964,0.41132387365078427,-0.1532204265877347,0.38378720791463183,-0.39923276083192555,0.6897738138375631,0.3938011237045676,0.5831334093536807,0.6753190906023363,0.49956849164093153,0.432506198506143,0.7855021176657196,0.5506111171175754,0.5819754602878666,0.8385872339131843,1.1267593150604194,0.7442469946371976,0.4568339444277678,-0.5621948599244758,1.0797544679113054,-0.5206691675117536,0.6026677140581822,-0.20371303137236474,0.23889776311920435,-0.8527205475369677,0.3939391109245042
TRX,2532,2532,9,"log_daily_return,fng_value,log_diff_AdrActCnt,log_diff_volume_trusted_spot_usd_1d,log_diff_TxCnt,log_UnemRt,log_IndPro,log_CPIPrc,log_TotRes",0,0.0125674060255484,0.008999805324717225,14879.346839159613,14937.59129846839,-7429.673419579806,2.1428924809643295,0.0232378862858289,2.043959538731487,0.07775510428264149,0.09386771229617678,0.8283477074343106,0.40755296854409195,-0.4547897553351694,0.14510876334906386,-3.1341301851023142,0.0017437064881235486,0.07432690430743027,0.11660901659863405,0.6374027195792417,0.5239211359475695,0.06767364305886686,0.1880161170796663,0.3599353295345002,0.7189260088154503,0.08534222077869635,0.1199868119334085,0.7112633413917226,0.476987659071754,-0.1913581403851997,0.11866707403850459,-1.6125630629698395,0.1069661424770594,0.290496210143808,0.26782425015270456,1.0846523792306957,0.27818060979335635,0.0025423983509461692,0.3021372503977603,0.008414713338388863,0.9932867831887711,0.2879009202953957,0.19556826412200864,1.4721249461813688,0.14111346585719597,-0.04149936829819452,0.1738152776357426,-0.23875558502494246,0.8113147520027522
TUSD,2521,2521,9,"log_daily_return,fng_value,log_diff_AdrActCnt,log_diff_volume_trusted_spot_usd_1d,log_diff_TxCnt,log_UnemRt,log_IndPro,log_CPIPrc,log_TotRes",0,0.002726884766561244,-0.0008922515387215224,-666.7496348813374,-608.5492549867499,343.3748174406687,0.5779077265384795,0.8162605911478464,2.764372087182192,5.078969312081669e-05,0.004249968618166376,0.01195060427122156,0.9904659855497074,-0.0002927626247589202,0.006505168417357858,-0.04500461878553926,0.9641072507126454,-0.0005639990788982004,0.004372187070290078,-0.12899701449892015,0.8973704713723759,-0.023704233984849124,0.010996524762847827,-2.1556113859657526,0.031209949665663633,0.000875683252508544,0.00521315854169029,0.1679755651982563,0.8666161985670134,0.027623567633635212,0.01260682101540578,2.191160451939365,0.028532916692779686,1.0803632174125424e-05,0.004638267149038601,0.002329238878869828,0.9981417252767928,-0.0002727437205850632,0.005769835929902964,-0.04727061980593444,0.9623013500099786,0.00018426365420155062,0.006413312012076309,0.02873143453095389,0.9770810973414409,6.0873083878718124e-05,0.006056625985294324,0.01005065923280055,0.9919816775760275
UMA,1726,1726,9,"log_daily_return,fng_value,log_diff_AdrActCnt,log_diff_volume_trusted_spot_usd_1d,log_diff_TxCnt,log_UnemRt,log_IndPro,log_CPIPrc,log_TotRes",0,0.007127130165391571,0.0018239516321504334,11140.95047043091,11195.304850629054,-5560.475235215455,1.3065599788672748,0.22821756096981546,2.050871396657182,-0.16752768237263488,0.15997390250207694,-1.047218826023575,0.295148854925363,-0.09338737266423813,0.24942402095956362,-0.37441210475625364,0.7081448501684592,0.390579419762407,0.2113645078795611,1.847895011706343,0.0647926810810473,-0.6154513928697174,0.23764786948599356,-2.589761878365969,0.009686992144147635,-0.10732745949590203,0.30691184969927177,-0.3497012565694908,0.7266066116219925,0.3982535435833343,0.3517718713104176,1.132135841617363,0.25773841154785687,-0.31912509855276366,0.5307448285710072,-0.6012778295211756,0.5477358322748469,0.4783571632807415,0.7472082833263561,0.6401925325977827,0.5221344770969776,-0.7695352901980641,0.8090428231205221,-0.9511675627130894,0.3416557326586249,0.00481222571945171,0.1608743532206102,0.029912945246484437,0.9761400240857274
UNI,1716,1716,9,"log_daily_return,fng_value,log_diff_AdrActCnt,log_diff_volume_trusted_spot_usd_1d,log_diff_TxCnt,log_UnemRt,log_IndPro,log_CPIPrc,log_TotRes",0,0.011921758157675155,0.006612681037328261,10754.909267176568,10809.204475604432,-5367.454633588284,1.6450829393104032,0.09740804458204685,1.957501966342351,-0.036841183876194894,0.14731394770246492,-0.25008618973815233,0.8025513637776709,-0.5259339159379108,0.18395187303943508,-2.8590843205231327,0.004301254268698906,0.3091379014275668,0.21332432808206814,1.4491450844211176,0.14748425435050358,0.20271365018836057,0.31012621572191434,0.6536488691111846,0.5134277716049325,0.09753205295526923,0.1979407988698015,0.49273345117406736,0.622265520648762,-0.2480756178857083,0.34518600515426645,-0.7186722931447967,0.47244309635135184,0.28167627117002586,0.496255590382767,0.5676032202534305,0.5703804871017201,1.0021317396161193,0.7192265440034797,1.393346433013839,0.16369991659571873,-0.8276519955520859,0.7613095544463925,-1.0871425305491353,0.2771302372112712,-0.19193395611834113,0.1498617654704496,-1.2807399907229007,0.200462314615786
USDC,2437,2437,9,"log_daily_return,fng_value,log_diff_AdrActCnt,log_diff_volume_trusted_spot_usd_1d,log_diff_TxCnt,log_UnemRt,log_IndPro,log_CPIPrc,log_TotRes",0,0.003337769632970611,-0.00040595326907588714,-4556.3668757278965,-4498.50966676255,2288.1834378639483,0.5429094889838433,0.8439315592739667,2.7200995231385376,1.0344580814039084e-06,0.0018942413900664844,0.000546106788093993,0.9995643153088558,-0.00024179506071327734,0.0010771553112612026,-0.224475577649214,0.8224064084972623,-0.00012192289030853024,0.0018815926370425867,-0.06479770802045859,0.9483404718794708,-0.0013028075560402657,0.00471857705104064,-0.2761017870319492,0.7824936998759984,0.00702619522542821,0.004521673546057743,1.5538926359586605,0.12034209784858092,-0.0024263141505337423,0.005618392124733413,-0.4318520488900316,0.6658878046869632,0.00010731399064003739,0.002829628468738607,0.037925116963456296,0.969750546445243,0.0001706538968644345,0.003964140557137368,0.0430494061461002,0.9656657369893391,-1.798018663480848e-05,0.002342530686846195,-0.007675539422288479,0.9938765047193447,-9.626000541969912e-05,0.0020994261314461887,-0.045850627453793986,0.9634331272903452
VTC,3265,3265,9,"log_daily_return,fng_value,log_diff_AdrActCnt,log_diff_volume_trusted_spot_usd_1d,log_diff_TxCnt,log_UnemRt,log_IndPro,log_CPIPrc,log_TotRes",0,0.013615353695516141,0.009437724605285358,14444.572671067355,14501.234890323982,-7212.286335533678,1.9221942100866722,0.044824912224448336,1.993753698861444,-0.2596789743812261,0.20757931587564482,-1.2509867531155792,0.21107702276434126,-0.9659097627993966,0.3009832207453423,-3.2091814301390555,0.001350970456825819,0.02162239450274512,0.17823706982594564,0.12131255593384753,0.9034549449233817,-0.250110746843736,0.2884088312488393,-0.8672090440529552,0.3859253947039334,0.15865023844154502,0.19524917281749024,0.8125526789803295,0.41656559069447274,0.28310322511602126,0.2914731537620436,0.9712840495325499,0.3315173902692392,0.27926392583540416,0.29602240277728203,0.943387808542023,0.3455898182442796,0.03870210039389829,0.5181592711666956,0.07469151387903575,0.9404671900177628,0.1496865240178946,0.2730695289710541,0.5481626770365934,0.5836377845854424,-0.02884287797943988,0.33325327344434,-0.08654942134951667,0.9310378249352761
WNXM,1739,1739,9,"log_daily_return,fng_value,log_diff_AdrActCnt,log_diff_volume_trusted_spot_usd_1d,log_diff_TxCnt,log_UnemRt,log_IndPro,log_CPIPrc,log_TotRes",0,0.009456131628722941,0.0042058991108538946,10856.191779146495,10910.62256288998,-5418.095889573247,2.2681078720414085,0.01596490843144793,2.018887248223713,-0.028189598457446015,0.14466416243834618,-0.19486234864464116,0.8455240224298584,-0.35441536130897433,0.12252113323917745,-2.892687587349594,0.0038682791062026357,0.42890382127426163,0.19377954257672447,2.2133596538161027,0.027005372625458348,0.25260200843904107,0.20226001963311843,1.2488973792113662,0.21187475873890893,-0.18056890515639634,0.1746132207995354,-1.0341078661145502,0.3012329943771103,-0.14145712650470063,0.231006743298058,-0.6123506374105478,0.5403877849861315,-0.32995242078598963,0.48453081577260404,-0.6809730362760666,0.4959814032396934,0.3958164263267517,0.9264859721266631,0.427223334443145,0.669270833937913,-0.6847618115646816,0.9018346330279677,-0.7592986413324467,0.44777932363538153,-0.12308171781293176,0.14908924694398754,-0.825557311045868,0.4091712299376755
WTC,2484,2484,9,"log_daily_return,fng_value,log_diff_AdrActCnt,log_diff_volume_trusted_spot_usd_1d,log_diff_TxCnt,log_UnemRt,log_IndPro,log_CPIPrc,log_TotRes",0,0.017576925007220523,0.013755919097568348,17140.061114419557,17197.571565599275,-8560.030557209779,1.6213290136086822,0.10350254048291373,2.004821478926216,-0.4004896978966472,0.19207565408125465,-2.085062262639627,0.037173012499276355,-1.5543298492771234,1.601091094678492,-0.9707941380994574,0.3317522628037104,0.006086348757748328,0.23925424878781607,0.02543883249131362,0.9797071307377896,0.06754954477434183,0.36348549050839907,0.1858383526667372,0.8525878155465219,-0.27064251814132173,0.32670157982027304,-0.8284089666484293,0.407524363261604,-0.06113591812874358,0.3337028618504259,-0.18320465635127292,0.8546534910808017,0.4513684912621426,0.32893845539146993,1.3721973939622494,0.1701349953527429,0.1610340250080856,0.40537826214534417,0.3972438585035636,0.6912242794631207,-0.060981374119455506,0.41496501414026615,-0.1469554589940506,0.8831799788249873,0.03179695856612645,0.27182038076816295,0.1169778310083608,0.9068877725876534
XAUT,1953,1953,9,"log_daily_return,fng_value,log_diff_AdrActCnt,log_diff_volume_trusted_spot_usd_1d,log_diff_TxCnt,log_UnemRt,log_IndPro,log_CPIPrc,log_TotRes",0,0.0036681252001133924,-0.0010217214908903038,4897.0517077230925,4952.662923618394,-2438.5258538615462,4.382032831062717,1.1013603264379543e-05,2.108893115120598,0.04041925614393548,0.01979432552493131,2.04196177803718,0.041292288000202085,0.010778101007075654,0.0030902132405830614,3.4878178843871765,0.0004979919953718003,-0.009327745659047143,0.0216312946230262,-0.4312153212095726,0.6663604263340108,0.025513287248826635,0.041567053390048125,0.6137862842819395,0.539429577096511,-0.010199184399741086,0.021498496128980447,-0.474413853813354,0.635258991218769,-0.02160679628537826,0.050118606473351306,-0.4311132692180272,0.6664346115496186,0.03184745077625737,0.06807801381366069,0.4678081658408605,0.6399750959181947,-0.06546928335340896,0.06181125502297289,-1.0591806189516217,0.289651316014135,0.10398005417575505,0.05607111691700271,1.8544316556002953,0.06383130486198875,0.024714721573927137,0.024214559208658695,1.0206554396038559,0.3075468362076411
XEM,3713,3713,9,"log_daily_return,fng_value,log_diff_AdrActCnt,log_diff_volume_trusted_spot_usd_1d,log_diff_TxCnt,log_UnemRt,log_IndPro,log_CPIPrc,log_TotRes",0,0.007388270957740972,0.003994081914663328,16536.454276725002,16595.247191575825,-8258.227138362501,1.6472265562400294,0.0964888255990725,2.002100853998123,-0.13721464175741294,0.13272195636626483,-1.0338503553907081,0.3013011084786355,-1.8394675428653975,0.8117973445356123,-2.2659196352972337,0.023537196449417302,0.13074994834682135,0.13492455288243443,0.9690597119172921,0.33260443668479045,0.011776926614717242,0.19196803135011234,0.06134837416360446,0.9510864242186787,-0.05034621419072022,0.12926307450716812,-0.3894864359576124,0.6969478535654308,0.02960516563277548,0.18060882662458036,0.16391870865931588,0.8698077247715312,0.32983932110057623,0.2635721226117938,1.2514196032271026,0.2108926416437153,-0.07525195329066992,0.3963133730492293,-0.18987992434290693,0.8494178664944254,0.38011985875858223,0.22719420090832415,1.673105463250647,0.09442537324698165,-0.04248160052027776,0.256388013582695,-0.16569261537094368,0.8684115833720423
XLM,3531,3531,9,"log_daily_return,fng_value,log_diff_AdrActCnt,log_diff_volume_trusted_spot_usd_1d,log_diff_TxCnt,log_UnemRt,log_IndPro,log_CPIPrc,log_TotRes",0,0.0097854867209769,0.006399494844262943,16283.10581821988,16341.898733070702,-8131.55290910994,2.4392656609023486,0.009229663621293717,2.0119338462389087,-0.040672507360066376,0.1250340723951456,-0.3252913912259765,0.7449864009840338,-0.2040090576804019,0.24456698560726248,-0.8341643381417373,0.404264083713055,0.16108004967219525,0.13448332428711585,1.1977696902278872,0.23111454225730124,-0.3129315511106435,0.1053634681484378,-2.970019463195539,0.003004728905370541,-0.024130592657626904,0.14650766493530432,-0.1647053256106609,0.8691885727911131,0.5939018943720998,0.27533626402634603,2.1570057125321904,0.031095487633960292,0.2205896388517054,0.2451426886415684,0.8998418026418774,0.3682867645843788,-0.2410407400393304,0.38441240573561536,-0.627036839714037,0.5306894729767246,0.4242084966927214,0.2360633875019642,1.7970109688830578,0.07244848250516311,0.04667463787374497,0.24247893408827972,0.19248945500870626,0.8473736774343485
XRP,3803,3803,9,"log_daily_return,fng_value,log_diff_AdrActCnt,log_diff_volume_trusted_spot_usd_1d,log_diff_TxCnt,log_UnemRt,log_IndPro,log_CPIPrc,log_TotRes",0,0.0031221994399560637,-0.00028657723369152066,16395.15676671865,16453.949681569473,-8187.578383359325,0.6892993313623516,0.719276249839176,2.0003974529704296,-0.04876012081738959,0.1273768143607911,-0.38280216899818187,0.7018973641692052,-0.5267235398903074,0.6323182528485448,-0.833003851331918,0.40491813852100533,0.07812685632455138,0.13481558340201608,0.5795090919985074,0.5622953103745916,-0.055981550396416155,0.1169559203170348,-0.47865512275621297,0.6322237553807426,-0.03872089456380612,0.1537855119400573,-0.25178506138405804,0.8012268623304183,0.033490995178094174,0.16397490047163168,0.20424464403860548,0.8381781168620508,0.317694855388315,0.2612451500991411,1.2160794382890994,0.22406371447973164,0.23297440395077618,0.4282023320083288,0.5440755141572762,0.5864355942788789,0.3214666928208777,0.22361948169955898,1.4375612105781554,0.1506774669685276,-0.16301894752471546,0.25016168791210863,-0.6516543315856993,0.5146810852827335
XTZ,2527,2527,9,"log_daily_return,fng_value,log_diff_AdrActCnt,log_diff_volume_trusted_spot_usd_1d,log_diff_TxCnt,log_UnemRt,log_IndPro,log_CPIPrc,log_TotRes",0,0.008434908741881575,0.004845171886964872,15740.073554119137,15798.29800141403,-7860.0367770595685,1.5878116918289664,0.11305855641408438,1.9858241281897078,-0.07921553131276167,0.11169783970352468,-0.7091948378144146,0.47827007960662293,-0.3681582276186742,0.17394236903313484,-2.116552911548207,0.034396924063101866,0.1402800610637283,0.1428177955991285,0.9822309641123206,0.32608165564942715,-0.022757140915028853,0.12980158198481084,-0.17532252355515862,0.8608404926446067,-0.22433436419546282,0.14383062789402049,-1.5597120549370078,0.11895522689372577,-0.11011525782845955,0.22969923445764237,-0.47938887601632524,0.6317041730036494,-0.10721199809800186,0.30423624595793486,-0.35239718975767764,0.7245702808362107,-0.4362535657625029,0.3493422148761788,-1.2487857097864026,0.21186104265104866,0.088832119273689,0.253845946605552,0.3499449979862161,0.7264096197994717,0.23488324520607756,0.23737406922030221,0.9895067560563535,0.322511563119085
XVG,2800,2800,9,"log_daily_return,fng_value,log_diff_AdrActCnt,log_diff_volume_trusted_spot_usd_1d,log_diff_TxCnt,log_UnemRt,log_IndPro,log_CPIPrc,log_TotRes",0,0.008150262263610597,0.004758678813904127,17828.22895727389,17887.02187212471,-8904.114478636944,1.2565052998030448,0.25574885271523384,2.0051980568677297,-0.08022801679724775,0.1372796853600299,-0.5844128837186772,0.5589926477787965,-0.3128119576975893,0.4428335355237917,-0.7063872371987129,0.4800098799865996,0.12584495746774077,0.16503276897416566,0.7625452705543626,0.44580296665439845,0.6344360133797422,0.3192543109445697,1.987243371914548,0.04699892496167986,0.15135096871577808,0.19025075711032285,0.7955341204135786,0.42637460851946674,-0.2863635525558501,0.2756610268015741,-1.0388249506230705,0.29898157650875595,0.5007548794953184,0.32672441331545865,1.5326521652112663,0.12548176390385554,0.07897047360991902,0.3689237654805876,0.21405634713460706,0.8305196976048252,0.4732247104385628,0.2849970996204272,1.6604544785502244,0.09694217245021201,-0.17272095718125746,0.23664506945705321,-0.7298734665274874,0.4655324844851415
YFI,1771,1771,9,"log_daily_return,fng_value,log_diff_AdrActCnt,log_diff_volume_trusted_spot_usd_1d,log_diff_TxCnt,log_UnemRt,log_IndPro,log_CPIPrc,log_TotRes",0,0.011116375885513952,0.0059718946039934995,11275.71878421032,11330.335188132405,-5627.85939210516,3.322067677856279,0.0004927786200220913,1.961050947775014,0.057588505385092414,0.1556890361917624,0.36989441770427933,0.7115064359658367,-0.2653265698018331,0.06411609241457658,-4.138221151816669,3.668259052661991e-05,0.24340170591898225,0.20168003285120334,1.2068706181665518,0.2276469683569017,0.022116191700293594,0.2735378261235186,0.08085240719251317,0.9355686815692712,0.25593977734028783,0.23596142393154565,1.084667879502787,0.2782199087334665,-0.0631667941385354,0.33473221984366563,-0.1887084373534075,0.8503434721999277,0.09914400869311146,0.507112733535348,0.1955068412538702,0.8450191415438209,-1.1612661985917812,0.950478020804711,-1.2217707018712636,0.22196080309043764,1.0131198701880613,0.8553927169189275,1.1843915083089056,0.23642081194155742,0.003030757394485023,0.14688657603462288,0.020633317736064853,0.9835405417898686
ZEC,3136,3136,9,"log_daily_return,fng_value,log_diff_AdrActCnt,log_diff_volume_trusted_spot_usd_1d,log_diff_TxCnt,log_UnemRt,log_IndPro,log_CPIPrc,log_TotRes",0,0.0052158543642363275,0.001814236844965067,16460.86336267609,16519.656277526912,-8220.431681338045,1.3086807550781892,0.2267380611495881,1.9952141907338363,-0.10921700436237289,0.11030791811034743,-0.9901102861275721,0.32221122817205883,-0.35429630216107194,0.18093702997384442,-1.958119364578316,0.05032150267404687,0.08218452187745659,0.1336455351815539,0.6149440141476564,0.5386448542155902,-0.08741465338587728,0.10209023042591417,-0.8562489576249238,0.3919380335745264,0.05635208360620757,0.11564531753098739,0.48728374662560736,0.6260978446407329,-0.008703533957794468,0.10435330383636174,-0.08340448876867984,0.9335362619650346,0.17212209420719105,0.2767641941309138,0.6219088229519119,0.534055688729012,-0.26488741672762317,0.3679711307511468,-0.719859235116905,0.4716755857340914,0.30301331586068,0.2537380688138653,1.194197296752351,0.23250841226685978,0.1612340262678031,0.2633974549893239,0.6121320582780053,0.540503264115351
ZRX,2850,2850,9,"log_daily_return,fng_value,log_diff_AdrActCnt,log_diff_volume_trusted_spot_usd_1d,log_diff_TxCnt,log_UnemRt,log_IndPro,log_CPIPrc,log_TotRes",0,0.0029357362568168677,-0.00047367801890074723,17168.651059713877,17227.4439745647,-8574.325529856938,0.7998539779058602,0.6164701879142959,2.0017401753966424,-0.0740699502080301,0.12301517209773245,-0.6021204453478584,0.5471458310927599,-0.17190899065912224,0.255993485331527,-0.6715365839739622,0.5019376956518273,0.09514331052079798,0.14364869194675592,0.6623332884650514,0.5078156366244778,0.29416791167398526,0.28776348814545766,1.0222558586907673,0.3067537669780584,0.2269473778610857,0.17957303496373792,1.26381657416947,0.20640779156834155,-0.4482685227033308,0.33681340350963895,-1.330910581444548,0.18333371396879172,0.24304257638891127,0.2923096069210133,0.8314559995100853,0.4057914983397839,-0.2238686562090728,0.3638862088825762,-0.615216105321853,0.5384652005604902,0.3818724252211114,0.27923592033466854,1.3675619696901153,0.17156598939749595,0.02891303647389014,0.22731752380162168,0.12719229028344656,0.8987979233594805
