symbol,n,nobs,n_regs,regs_used,opt_hac_lag,r2,adj_r2,aic,bic,log_likelihood,fstat,f_pval,durbin_watson,coef_Intercept,stderr_Intercept,tval_Intercept,pval_Intercept,coef_log_daily_return,stderr_log_daily_return,tval_log_daily_return,pval_log_daily_return,coef_EPU_DUS,stderr_EPU_DUS,tval_EPU_DUS,pval_EPU_DUS,coef_log_diff_AdrActCnt,stderr_log_diff_AdrActCnt,tval_log_diff_AdrActCnt,pval_log_diff_AdrActCnt,coef_log_diff_volume_trusted_spot_usd_1d,stderr_log_diff_volume_trusted_spot_usd_1d,tval_log_diff_volume_trusted_spot_usd_1d,pval_log_diff_volume_trusted_spot_usd_1d,coef_log_diff_TxCnt,stderr_log_diff_TxCnt,tval_log_diff_TxCnt,pval_log_diff_TxCnt,coef_log_UnemRt,stderr_log_UnemRt,tval_log_UnemRt,pval_log_UnemRt,coef_log_IndPro,stderr_log_IndPro,tval_log_IndPro,pval_log_IndPro,coef_log_CPIPrc,stderr_log_CPIPrc,tval_log_CPIPrc,pval_log_CPIPrc,coef_log_TotRes,stderr_log_TotRes,tval_log_TotRes,pval_log_TotRes
1INCH,1616,1616,9,"log_daily_return,EPU_DUS,log_diff_AdrActCnt,log_diff_volume_trusted_spot_usd_1d,log_diff_TxCnt,log_UnemRt,log_IndPro,log_CPIPrc,log_TotRes",0,0.0051255457530758886,-0.0005558438968111812,10034.514491470793,10088.20419549274,-5007.257245735396,0.6806791915031436,0.7270621853100229,2.001107885080376,-0.06764753147836505,0.15291622344611114,-0.44238295946541323,0.6582728107311118,-0.1492355167870478,0.2129478563047857,-0.7008077910559082,0.4835264271592913,0.16917803932166287,0.1823294658400122,0.927869988222917,0.35361709208947867,0.1949158772332169,0.3054272241462954,0.6381745365955162,0.5234527866322425,0.21614049538665828,0.19420642046316205,1.1129420689140233,0.2659030335265928,-0.15787749181300684,0.3453628608385983,-0.45713511704661614,0.6476369343048527,0.6080529598987439,0.5336115728867893,1.1395048210990506,0.2546658180016783,-0.4881848861610738,0.6947299297958263,-0.7026973579568483,0.48234815215941684,0.9075754413238425,0.7125683706260539,1.273667873479225,0.20296895499847326,-0.10425691495129344,0.17100061231745595,-0.6096873779477734,0.5421568056093641
AAVE,1694,1694,9,"log_daily_return,EPU_DUS,log_diff_AdrActCnt,log_diff_volume_trusted_spot_usd_1d,log_diff_TxCnt,log_UnemRt,log_IndPro,log_CPIPrc,log_TotRes",0,0.014177256256555748,0.008813045438121003,10688.194623982485,10742.364420196296,-5334.097311991242,2.823282855966289,0.0026869781019291214,1.9165259715446115,0.04936481803192386,0.15169140592038494,0.32542923399255014,0.7448973940726755,-0.6665531477354086,0.14259683483301397,-4.674389501814443,3.1874151191513026e-06,0.03349380090888952,0.20626089442027143,0.16238560878458858,0.8710220381396174,0.015779628682183106,0.36572094086555196,0.0431466370091837,0.9655898508281178,0.11237097058622085,0.3468255755427528,0.32399851253867235,0.7459801250262487,0.013547329698872207,0.47872656803243907,0.028298679462373653,0.9774273477223105,0.7364357663548774,0.4857244379035166,1.5161595935618986,0.12967008570598085,0.36990983478015743,0.7627813457464613,0.4849487167494402,0.6277769424820134,0.2835770679130657,0.7042960930678329,0.4026389904817398,0.6872658536731182,-0.1223244768798691,0.1508804681693803,-0.8107376545421777,0.41763298221114864
ADA,2738,2738,9,"log_daily_return,EPU_DUS,log_diff_AdrActCnt,log_diff_volume_trusted_spot_usd_1d,log_diff_TxCnt,log_UnemRt,log_IndPro,log_CPIPrc,log_TotRes",0,0.0060866025428291115,0.002771101958279565,17227.118646316736,17286.15830265706,-8603.559323158368,1.930018590247107,0.0436937784032252,2.0755339726448634,0.0724463869115146,0.11118420338018142,0.6515888472375219,0.5147219416816582,-0.1534253175874813,0.10544075300294896,-1.4550855643376361,0.14576190886951956,-0.056622400090785494,0.16426866461161369,-0.34469386005334535,0.7303514008082268,-0.30185775935758014,0.22193984863884456,-1.3600881554568571,0.1739156599865734,0.06542424741866268,0.1366574354965432,0.4787463424946066,0.6321578877116719,0.3530512992243092,0.20916560328355288,1.687903238783001,0.09154538174393399,0.624933793813364,0.2786349038514225,2.24284102664539,0.024987949582586922,-0.03790318452643651,0.3305965203933251,-0.11465088767825336,0.9087303743256414,0.5464166792111739,0.27149245419613227,2.012640391163248,0.04425165723105961,-0.09137958415296032,0.19913809626853565,-0.45887545309128547,0.64636057062371
ALGO,2170,2170,9,"log_daily_return,EPU_DUS,log_diff_AdrActCnt,log_diff_volume_trusted_spot_usd_1d,log_diff_TxCnt,log_UnemRt,log_IndPro,log_CPIPrc,log_TotRes",0,0.008355083269174779,0.004165034325241734,13735.810515344794,13792.496126424952,-6857.905257672397,1.7995987378978218,0.06358257374115737,2.0515707884991636,-0.09521152249530496,0.128285557358835,-0.7421842680932761,0.45805753126562043,-0.08030129566201849,0.22333279794307512,-0.359558902237397,0.7192126647831194,-0.12696758519417484,0.15997233121322507,-0.7936846592861198,0.42746744035773643,-0.09104020137875143,0.13820353458737056,-0.6587400362122935,0.5101339188749547,0.10117293968455973,0.1354876310479692,0.7467319260216425,0.45530780796955406,0.3276221579870084,0.1645469704616283,1.9910555452214087,0.046602335911472115,0.6300963211620156,0.36976244530030233,1.7040571025277684,0.08851627166325413,-0.24074221335369161,0.36637776734972444,-0.6570873966920927,0.5111957130461289,0.7133557167693549,0.3048562868567194,2.3399737762489634,0.0193769967734693,0.202031187858887,0.2046806859256509,0.9870554563818185,0.3237275611948738
ALPHA,1693,1693,9,"log_daily_return,EPU_DUS,log_diff_AdrActCnt,log_diff_volume_trusted_spot_usd_1d,log_diff_TxCnt,log_UnemRt,log_IndPro,log_CPIPrc,log_TotRes",0,0.008235510557032089,0.0028357038994479833,11138.074068688486,11192.237853480416,-5559.037034344243,0.8136858659500695,0.6035859265703108,2.023170922696277,0.026300234002040367,0.1741335142226432,0.1510348775733859,0.8799666317853683,-0.19482270248125777,0.233452318276176,-0.834528883327605,0.40410360509053045,0.1735963920198758,0.19826969252619173,0.8755568731057747,0.3813981846186535,0.09063313682631377,0.27798956755862936,0.32603071267125444,0.7444423868176047,0.31565681296529746,0.23089552750955808,1.3670979960936256,0.17178046862245955,-0.17427571321071073,0.327615107848908,-0.5319526146244895,0.5948302990394344,0.909367667681789,0.5863502819514544,1.5508949098741596,0.1211182954369555,-0.3953362556598219,0.7961346480299429,-0.4965695898779086,0.6195586295293716,0.9086504604000355,0.71966139286535,1.262608317478614,0.20690806504732792,-0.1689181293813054,0.17114298434580943,-0.9870000223905847,0.32378707360890646
ANT,2627,2627,9,"log_daily_return,EPU_DUS,log_diff_AdrActCnt,log_diff_volume_trusted_spot_usd_1d,log_diff_TxCnt,log_UnemRt,log_IndPro,log_CPIPrc,log_TotRes",0,0.019703792227353967,0.016332502250298586,18494.31373349905,18553.049711395906,-9237.156866749525,1.7169699161494776,0.07983376663018768,2.15367147902987,0.02499590146914981,0.15920022038850506,0.15700921398319007,0.8752496981206994,-1.0737807229746563,0.4440584904294674,-2.418106501997425,0.01566938104210109,0.3262269102409043,0.19401231851433412,1.6814752420826402,0.09278995868014606,-0.22027246804073894,0.30406146206272966,-0.7244340224717312,0.4688640774207615,0.1427767744583826,0.16886329203780562,0.8455169429387727,0.39789957392274644,0.46254217960947985,0.30880827760105856,1.4978296022460453,0.13429812843938316,0.06096029156088632,0.3787566887047277,0.1609484225066978,0.8721464466965854,-0.020529501668978184,0.4368142258816461,-0.0469982442250876,0.9625182129348402,0.12233079556355178,0.3291948040731339,0.3716060947802043,0.7102162339909799,-0.006975214518863487,0.31368680958550377,-0.022236237883512935,0.9822612062921521
BAL,1801,1801,9,"log_daily_return,EPU_DUS,log_diff_AdrActCnt,log_diff_volume_trusted_spot_usd_1d,log_diff_TxCnt,log_UnemRt,log_IndPro,log_CPIPrc,log_TotRes",0,0.023573186320751116,0.01858293003278233,11248.46777955355,11303.260775931378,-5614.233889776775,2.581992294012062,0.005907101612127266,1.8939254122497813,-0.14680680712483926,0.14089434981297852,-1.0419637644781985,0.29757150184656844,-0.7858898508673919,0.21327168937532914,-3.68492345687914,0.00023569006044590803,-0.006930075219923268,0.18740344294197314,-0.03697944451356248,0.9705055867114688,-0.19741270477627326,0.2491414601055556,-0.7923719508291954,0.4282505571107753,-0.4475526952635029,0.20140258282539453,-2.2221795221539318,0.026397805755463202,0.7262002884635872,0.26571050775636806,2.733050697149868,0.0063378190509097345,0.32784356682412596,0.514276064581464,0.6374855634997063,0.5238914822513527,0.12042230496120321,0.6764951927147446,0.17800910672839218,0.8587362976399198,0.07103911332311896,0.47976159248223965,0.14807169735194833,0.8823031373824681,-0.06401085812581982,0.14663194499041327,-0.43654101519286825,0.662497763688596
BAT,2794,2794,9,"log_daily_return,EPU_DUS,log_diff_AdrActCnt,log_diff_volume_trusted_spot_usd_1d,log_diff_TxCnt,log_UnemRt,log_IndPro,log_CPIPrc,log_TotRes",0,0.004833631198574939,0.0015814535227532955,17702.687623704092,17761.93196555297,-8841.343811852046,0.7365518120788596,0.6756403353504543,2.045442622658424,-0.019100541200236,0.11153324322346793,-0.17125424356186048,0.8640364384417714,-0.352994467399473,0.2230083224813341,-1.5828757576032562,0.11356460793516383,0.05400406550506964,0.13244713510719805,0.4077405333181473,0.6834958693738197,0.15466207688919176,0.2547699276067259,0.6070656703562556,0.5438573757375169,-0.05751402193609703,0.14545745878984043,-0.3954009812531809,0.692577609466708,-0.12139692433257741,0.26804893768387483,-0.45289089888409717,0.6506629805843915,0.2876248736934584,0.28979267897622296,0.9925194615322135,0.32103138466394654,0.1456797680465609,0.32192152145591196,0.45253193196812147,0.6509214664170446,0.05472914415795263,0.281217962212077,0.19461468153545375,0.8457089632509106,-0.056507654970425925,0.243512833042242,-0.23205206175160215,0.8165148189199221
BCH,2860,2860,9,"log_daily_return,EPU_DUS,log_diff_AdrActCnt,log_diff_volume_trusted_spot_usd_1d,log_diff_TxCnt,log_UnemRt,log_IndPro,log_CPIPrc,log_TotRes",0,0.0011157216768489242,-0.002072206870991078,18269.000055582957,18328.48037548933,-9124.500027791479,0.5471574931247285,0.8406912587125347,1.976938270698112,0.008428494715669064,0.11368980117557462,0.07413589106953124,0.9409075149611635,0.11935986582399444,0.07984570809848492,1.4948814240180721,0.1350572792500901,0.06719476395543747,0.1368634640965486,0.4909620284638987,0.6234915074757199,-0.12919543602344255,0.21160690190391013,-0.6105445279006527,0.5415503571114784,0.04392179319758127,0.14816403733599917,0.2964403102621831,0.7669156743672076,0.09736012883729828,0.1775396060097724,0.5483854055186944,0.5834707040852616,0.20821802718572474,0.2638522797733175,0.7891462122844282,0.4300928955800766,0.13662958130790628,0.34032044096148223,0.4014733317866444,0.6881020891097738,0.15458518173075303,0.24929617649143315,0.6200864526137857,0.5352509730499205,-0.16286805998884335,0.2027301659988137,-0.8033735837309797,0.42182654684714616
BNB,2877,2877,9,"log_daily_return,EPU_DUS,log_diff_AdrActCnt,log_diff_volume_trusted_spot_usd_1d,log_diff_TxCnt,log_UnemRt,log_IndPro,log_CPIPrc,log_TotRes",0,0.008542781641553754,0.00539751729004645,18038.030522407284,18097.570733280063,-9009.015261203642,1.9508518125392849,0.041100031952773675,1.9732489180749844,0.31596643634091603,0.10638300103623562,2.970083878657392,0.0030021518100348163,0.29708872773313777,0.23950806470760513,1.2404122094837513,0.21492554105517223,0.03581017924647284,0.1111236584308823,0.3222552222643604,0.7472830968523035,-0.11442907958229992,0.4983533005120384,-0.22961437089857445,0.8184079914217739,0.12113451349294532,0.12156048490591966,0.9964958068956042,0.31909428757892194,-0.19182265181156866,0.5113011283161722,-0.37516571192260634,0.7075652734436235,0.3790890751170844,0.2631622383940319,1.440514708457053,0.14983217914105765,0.26840104284353306,0.3048369305483048,0.8804741681421764,0.3786770723062435,0.0026326062632161668,0.2216393755737912,0.011877881610164,0.9905238796529107,-0.30850172393425435,0.18439730965164622,-1.6730272503273487,0.09443218341773882
BSV,2389,2389,9,"log_daily_return,EPU_DUS,log_diff_AdrActCnt,log_diff_volume_trusted_spot_usd_1d,log_diff_TxCnt,log_UnemRt,log_IndPro,log_CPIPrc,log_TotRes",0,0.004452864411175983,0.0006385075698394083,15342.558814961078,15400.218745755154,-7661.279407480539,1.1077177879251943,0.3534745615279052,2.07933712832391,-0.03533717259746846,0.12741722653436463,-0.27733434134934626,0.7815477964391867,0.12377369687660081,0.18656254648752635,0.6634434360321961,0.5071116974285543,0.15419481261191767,0.16089946467404698,0.9583301779424083,0.337994914096894,-0.18418964833474583,0.172668670956944,-1.0667230326958077,0.28620654480281765,-0.06720059169602133,0.1251526322248679,-0.5369490876970028,0.5913536351584927,-0.25898471290310365,0.14603401697817,-1.7734546940650011,0.07628293399602926,-0.157240172484315,0.381691829748631,-0.411955824644892,0.6804093901168853,-0.09296798239268173,0.47697820457611406,-0.19491033657460613,0.8454799978707012,-0.0678068828592413,0.26084048989736586,-0.2599553577204275,0.7949209916106623,-0.024782408793909035,0.22203283100898713,-0.11161596544659617,0.9111374486551731
BTC,3803,3803,9,"log_daily_return,EPU_DUS,log_diff_AdrActCnt,log_diff_volume_trusted_spot_usd_1d,log_diff_TxCnt,log_UnemRt,log_IndPro,log_CPIPrc,log_TotRes",0,0.003441741016002031,0.001058263915057145,20477.61075287107,20539.967010070715,-10228.805376435535,1.593734759391998,0.11107254679639485,2.039736806616655,0.15699069732202492,0.05879586596584581,2.6700975441576102,0.007615520715924976,-0.08899466515248783,0.08563482779176707,-1.0392344732553287,0.2987624702613706,0.07430098873103827,0.07928788467673833,0.9371039350333036,0.34876523546299143,0.11785155831893246,0.06884031886742961,1.7119554391647582,0.0869872760019233,-0.004599666698109406,0.06830691997225877,-0.06733822429671037,0.9463160247908855,-0.08846778300089206,0.060134190338271686,-1.4711727638342842,0.1413280163878469,0.24303452169198897,0.13752535777014013,1.767197887230345,0.07727613353259542,0.13256736990567475,0.19604261072758164,0.6762171214394237,0.498944361718465,0.2058267674049091,0.1824283726181628,1.1282607220079797,0.2592817539902696,-0.24561053641180955,0.14145614706687637,-1.7363016136420852,0.08259236194846041
BTG,2775,2775,9,"log_daily_return,EPU_DUS,log_diff_AdrActCnt,log_diff_volume_trusted_spot_usd_1d,log_diff_TxCnt,log_UnemRt,log_IndPro,log_CPIPrc,log_TotRes",0,0.007235570572626471,0.003968704077253027,18656.39281196751,18715.56817550695,-9318.196405983756,1.0566502469417243,0.39197831584270876,2.0303994027708563,-0.19774966164851743,0.13891333589022414,-1.4235469933915381,0.15469171384519362,0.09842420684583271,0.16095928073758944,0.6114851308654445,0.5409292805001017,-0.5725141341507332,0.27541295545589184,-2.078748013879917,0.03773352232113384,-0.3717527089193743,0.41429713436329185,-0.897309390012312,0.36963282523328167,0.08627813140292427,0.1438023478108019,0.5999772098049388,0.5485711283596052,0.24743651833710514,0.28866935758681667,0.8571623964718499,0.39143024077064814,0.5697619330254073,0.33916381751100144,1.6799018751666397,0.09309061548990431,-0.33603606466454555,0.43347607566000695,-0.7752124823795636,0.43828113194202345,0.5716332908397852,0.3126759732664897,1.828197046507918,0.06762885589325986,0.08412164733569134,0.2403441759301017,0.3500049335922169,0.7263619452504751
BUSD,2080,2080,9,"log_daily_return,EPU_DUS,log_diff_AdrActCnt,log_diff_volume_trusted_spot_usd_1d,log_diff_TxCnt,log_UnemRt,log_IndPro,log_CPIPrc,log_TotRes",0,0.20134375787495107,0.19782027445381112,8115.08008064277,8171.336031364094,-4047.540040321385,1.8005493634919825,0.06344352119447255,2.326908436467157,-0.00013751655498228654,0.04055654432538662,-0.003390736495668523,0.9972949204121102,-0.8656198677081448,0.315451522774863,-2.7440662200446426,0.0061214628559273215,0.03730115641489552,0.03794225687833039,0.9831032596323754,0.32567319843525977,-0.05261589702033903,0.1052277392417859,-0.5000192667775692,0.6171154410629688,-0.010656911212947632,0.013984785073946742,-0.7620361097147753,0.44612654446027433,0.0829849919402959,0.11708219245069548,0.7087755208824069,0.47854477610701895,-0.03261976236513861,0.06008202254094032,-0.5429205107552975,0.5872438442611672,0.03182431507202575,0.033834790426983875,0.9405796421497935,0.34703167782508393,-0.05415520644676322,0.11637528990491953,-0.46534970173658763,0.6417307187755936,-0.013235215226831508,0.018003679381908746,-0.7351394648879996,0.4623390635117416
COMP,1808,1808,9,"log_daily_return,EPU_DUS,log_diff_AdrActCnt,log_diff_volume_trusted_spot_usd_1d,log_diff_TxCnt,log_UnemRt,log_IndPro,log_CPIPrc,log_TotRes",0,0.028239539123757207,0.02329279469621981,11327.062882053408,11381.895326214146,-5653.531441026704,6.908857015522451,7.756359116457485e-10,2.1349909527033226,-0.07692926176047685,0.1387716202842586,-0.5543587485891972,0.5794034642070414,0.9569011000890856,0.12588406798747523,7.601447231466113,4.723127206914042e-14,-0.12088368179998865,0.15668875545544805,-0.7714891949241374,0.4405201215510366,-0.15896939652066958,0.25621544579149896,-0.6204520419507982,0.535040185123733,-0.04392557833026087,0.2260737174857019,-0.19429758938271519,0.8459651948728218,0.0023694806078366805,0.3081199368402011,0.007690124281265038,0.9938650966290856,0.8240905658927447,0.5623212329019778,1.4655156477728055,0.14295809732387016,0.7942717785348398,0.6846667161943412,1.1600852790825418,0.24617071749101777,0.05086127226368921,0.45325881634047155,0.1122124279331923,0.9106677135356612,-0.18850345620331582,0.14823967483649894,-1.2716127204894765,0.20367800406114892
CRO,2264,2264,9,"log_daily_return,EPU_DUS,log_diff_AdrActCnt,log_diff_volume_trusted_spot_usd_1d,log_diff_TxCnt,log_UnemRt,log_IndPro,log_CPIPrc,log_TotRes",0,0.004018365169212945,-1.2136050875799498e-05,13714.603787764936,13771.719277561227,-6847.301893882468,1.3356098893057933,0.21291661033960266,2.1212362946149765,0.01707869143794981,0.1089258961541656,0.15679183776260056,0.8754231373873052,0.01230118060737817,0.13654516238406247,0.09008873249407745,0.9282248151903754,0.05820836867527606,0.15642454752324522,0.3721178651108203,0.7098405484338748,-0.06658781473890943,0.2951420921579811,-0.22561273538464613,0.8215233644871501,-0.059336953027742306,0.14507075699448535,-0.4090207720498619,0.6825638010176571,-0.02676199497842993,0.33499316152843345,-0.07988818295969434,0.9363333759626313,-0.10903603661556178,0.2927771374402247,-0.3724199149184703,0.7096157133655316,-0.5456400414175169,0.2847633562401674,-1.9161174689812543,0.05547820827708128,0.1615971197226595,0.25138471606594803,0.6428279421739636,0.5204020152933119,0.3147133472523194,0.18496029941792588,1.7015183703893713,0.08898546437094654
CRV,1750,1750,9,"log_daily_return,EPU_DUS,log_diff_AdrActCnt,log_diff_volume_trusted_spot_usd_1d,log_diff_TxCnt,log_UnemRt,log_IndPro,log_CPIPrc,log_TotRes",0,0.010170545736872705,0.00496091703022461,11808.935720164702,11863.436515862777,-5894.467860082351,2.3682741722864185,0.011683832879613073,2.0000032348439394,-0.15553444955433088,0.18685669511378747,-0.8323729019161838,0.4053147216491746,-0.403587747219801,0.14832535584795042,-2.720962608938705,0.006575189265507528,0.07955535410267837,0.21317240867455348,0.37319723784767156,0.7090479082630227,-0.05576385780120667,0.35844038887808455,-0.1555735891698675,0.8763875061312096,0.5592849448331871,0.2674832460771871,2.0909157976638113,0.0366829047863827,-0.24526498451813278,0.4367415765163938,-0.5615791985605162,0.5744763464013212,0.13533743821553718,0.6535330453987264,0.2070858377681064,0.8359674783592412,1.2126544897956681,1.0514778159905924,1.1532858528767265,0.24895425109467242,-0.9335717586982063,0.8253772129303779,-1.1310849682700834,0.2581779347948784,0.17204031579793672,0.20184021751444628,0.8523589496509698,0.3941342570287334
CVC,2819,2819,9,"log_daily_return,EPU_DUS,log_diff_AdrActCnt,log_diff_volume_trusted_spot_usd_1d,log_diff_TxCnt,log_UnemRt,log_IndPro,log_CPIPrc,log_TotRes",0,0.00774320746488899,0.004529709396225434,18703.393306114478,18762.727689990752,-9341.696653057239,1.6305732253501555,0.10085996558842403,2.009042788886562,-0.04256608009655102,0.12946247566258542,-0.3287908707036459,0.7423385379145222,-0.37354758231331614,0.30982647625165904,-1.2056670780127232,0.2280485280262771,0.19796897815488387,0.16280906015088045,1.2159579938083274,0.22410420090474184,-0.4873265052734463,0.2953852262768471,-1.649799861069233,0.0990968897178809,0.2796041293055983,0.17105873325492957,1.6345504493412977,0.10225658397170437,0.16084475057652475,0.29319698624340457,0.5485893720714974,0.5833313490838556,0.4458537009929926,0.37665484070505395,1.1837195565000742,0.2366253367598308,0.31200791401457567,0.4621987381496768,0.6750514189277949,0.4996992559871114,0.08788668061318206,0.31908976045455534,0.2754293352691236,0.7830068859208696,-0.03406292999821285,0.31896744543562466,-0.10679124307401325,0.9149623030124686
DAI,2019,2019,9,"log_daily_return,EPU_DUS,log_diff_AdrActCnt,log_diff_volume_trusted_spot_usd_1d,log_diff_TxCnt,log_UnemRt,log_IndPro,log_CPIPrc,log_TotRes",0,0.007067271972270639,0.0025516607786125745,1256.9109363973412,1312.8648091858809,-618.4554681986706,0.4395581261889803,0.9140863893660908,2.62059620387308,0.0038107089122656067,0.007718966396012584,0.49368124134263874,0.6215860983727417,-0.015044439080742341,0.01686274947476701,-0.8921699929928069,0.3724102878045329,0.0213258556715687,0.018724272620771785,1.1389417417427927,0.25486529958311455,0.0084276690022343,0.0096435161194507,0.8739207668493372,0.3822674389897529,0.009620875729532078,0.009209568704249976,1.0446608346699553,0.29630733637870765,-0.023838613149762565,0.01744280169728693,-1.3666734027865743,0.1718829388799195,-0.017487618413296744,0.027173384987453454,-0.6435568635034302,0.5199373971372692,0.003666822551359413,0.0239637411162957,0.15301544669358488,0.8784016934672525,-0.01182094471415825,0.019775399519741256,-0.5977600959392864,0.550068413574931,0.005462212158977576,0.007488285002059251,0.7294343307547039,0.46582234552495816
DASH,3803,3803,9,"log_daily_return,EPU_DUS,log_diff_AdrActCnt,log_diff_volume_trusted_spot_usd_1d,log_diff_TxCnt,log_UnemRt,log_IndPro,log_CPIPrc,log_TotRes",0,0.004166572595960094,0.0017848290810422718,23665.498329034206,23727.85458623385,-11822.749164517103,1.761386011313021,0.07043266586016728,2.0035415792594797,0.07217070495436723,0.08982108241683119,0.8034940463024688,0.42173998683444536,-0.21521487700433722,0.13657358998576702,-1.5758162103431987,0.11515222608179054,-0.0016595129109644655,0.10864056467525678,-0.015275260359010492,0.987813389341687,0.11851507021703114,0.10701271071430017,1.1074859185040147,0.2681546826802751,-0.029192787725652314,0.10134450707089628,-0.2880549579784358,0.7733205340131387,-0.12263002928519931,0.14726239281936482,-0.832731472967575,0.4050490367878057,0.31551204921369214,0.2218099115037093,1.4224434204709373,0.15498045101176242,-0.030059774877938344,0.3071930124516099,-0.09785305543912222,0.9220541888741198,0.39045051156300814,0.2557448069245166,1.5267192177170974,0.12691488914222626,-0.3544501857937524,0.23045488443640183,-1.5380458811302362,0.12412147352014966
DCR,3301,3301,9,"log_daily_return,EPU_DUS,log_diff_AdrActCnt,log_diff_volume_trusted_spot_usd_1d,log_diff_TxCnt,log_UnemRt,log_IndPro,log_CPIPrc,log_TotRes",0,0.0129780902387715,0.010254018730690762,21206.054758273545,21266.98326854893,-10593.027379136773,2.8597085795813593,0.0023182583512770284,2.0943626229457393,0.0677281416381425,0.10769641691133754,0.6288801761520123,0.5294715526685516,-0.43629898288324237,0.284975407963703,-1.531005731339503,0.12586497287149823,-0.013131525237096098,0.11370992433596322,-0.11548266621212559,0.9080696691930612,0.26241218578689407,0.278284509018949,0.9429636838643642,0.3457693314073065,-0.2864314059376142,0.1286408337586191,-2.226597866079385,0.026042214749981373,-0.41195699636185745,0.31933351680903355,-1.290052483304514,0.1971239086524303,0.7927951342314828,0.25184266763420915,3.147977829487513,0.0016588874902032642,0.6718123581645884,0.31268795423103246,2.148507318795573,0.031746901315471074,0.3769405785284955,0.27093879727538833,1.3912388418310004,0.1642479174470613,-0.6997156864274232,0.26590537047967827,-2.6314462365509037,0.008542271793974744
DGB,3763,3763,9,"log_daily_return,EPU_DUS,log_diff_AdrActCnt,log_diff_volume_trusted_spot_usd_1d,log_diff_TxCnt,log_UnemRt,log_IndPro,log_CPIPrc,log_TotRes",0,0.0027978797824447232,0.00038723807361906726,25930.14311179328,25992.392786582426,-12955.07155589664,1.229301742522546,0.27177534010737797,2.0602679230987757,0.11956234699482268,0.1277042652592194,0.9362439598405744,0.3492083193322746,-0.06379141333991524,0.12306141661188398,-0.518370542906256,0.604230568091659,0.16947968166780733,0.15332331491181334,1.105374494187571,0.26906877738313706,0.1264992806964199,0.12382492352428588,1.0215978907639665,0.3070376334756734,0.075032762336894,0.14787944195543626,0.5073914355147842,0.6119102474831615,-0.028359667849581133,0.14016113020886262,-0.2023361812745136,0.8396649718928815,0.4428478724311356,0.2727897346789808,1.6234037287080445,0.1045877882730158,0.0486889281357884,0.4375399114992872,0.11127882704219937,0.9114012431634568,0.5240353548499516,0.3743441661660662,1.3998758421080335,0.1616338226960981,-0.5043415368119051,0.2900436525788908,-1.7388470057096872,0.08214433855156877
DOGE,3803,3803,9,"log_daily_return,EPU_DUS,log_diff_AdrActCnt,log_diff_volume_trusted_spot_usd_1d,log_diff_TxCnt,log_UnemRt,log_IndPro,log_CPIPrc,log_TotRes",0,0.005077943619646752,0.002698379838774412,25058.84598893596,25121.202246135603,-12519.42299446798,1.5065578044984902,0.13936709120904575,1.9937587937227654,0.1867815382535969,0.10775153163335426,1.7334467122857962,0.08309821339312005,0.004906852517911647,0.24130322547664437,0.020334798709048252,0.9837773742702007,0.061797179831634824,0.1394218986616888,0.4432386907998394,0.6576185763991969,-0.028621118056883825,0.1072949502015157,-0.266751771664269,0.7896749060201945,0.3078955376845669,0.13768549567978627,2.2362234755695427,0.025395522807131084,0.013135174821221868,0.09124465231450615,0.14395555781117955,0.8855432721982677,0.6564137187696146,0.28918472424465314,2.2698768770866407,0.023271382495197612,0.7328408828489269,0.37281322591899213,1.9657051625313435,0.049406103644634526,0.12816728322733956,0.29699730774989136,0.4315435860289762,0.6660978897086489,-0.46940941468729125,0.2069603117523682,-2.268113198674286,0.02337874447689936
DOT,1745,1745,9,"log_daily_return,EPU_DUS,log_diff_AdrActCnt,log_diff_volume_trusted_spot_usd_1d,log_diff_TxCnt,log_UnemRt,log_IndPro,log_CPIPrc,log_TotRes",0,0.006749896787031973,0.0015069343653798528,10643.256030045864,10697.727713641865,-5311.628015022932,0.6410126142743051,0.7625823350457269,2.041253633983242,0.05542865238409716,0.1341345457440854,0.4132317448619776,0.6794887958287801,-0.07378699455970691,0.14460461940146466,-0.5102672021483122,0.6099303271408475,0.14930465997258763,0.15472880269801959,0.9649441950635518,0.3347096042534836,0.14551130876966334,0.2022189609709536,0.7195730215949648,0.471886545589007,0.00018542929160310362,0.12509351337310412,0.0014823253948431515,0.9988174492939883,-0.134318274439383,0.2183524453897017,-0.615144356179113,0.538541482298651,0.23815707306002315,0.4655259414480106,0.5115871143920349,0.6090062526736921,-0.969639899718568,0.7978043514002635,-1.2153855741908501,0.22438733250868748,0.95637929933967,0.6080896082489777,1.5727604720850412,0.11595982652369362,0.08209060322917217,0.1480709516165282,0.5544004568956179,0.5793775228756641
DRGN,2705,2705,9,"log_daily_return,EPU_DUS,log_diff_AdrActCnt,log_diff_volume_trusted_spot_usd_1d,log_diff_TxCnt,log_UnemRt,log_IndPro,log_CPIPrc,log_TotRes",0,0.009560185447741287,0.006215360558071481,19255.479658089054,19314.396704682356,-9617.739829044527,2.00794984320685,0.03477900764506036,2.0033145628929594,-0.10633813219293967,0.17210712308000845,-0.6178601459946875,0.5367203252939758,-0.6437285457506786,0.2636938776023535,-2.4411964039658582,0.014703349921170929,-0.012530843336888309,0.21003521187731572,-0.059660678916103535,0.952430362825173,0.18104436046824093,0.378831385850871,0.4779022204340535,0.6327589967129583,-0.2791272955817156,0.18996347624691123,-1.469373487453508,0.14184954757560353,0.10033939198932096,0.41850296682019866,0.23975789885482401,0.8105363854172434,0.3999043509343697,0.39411688069940487,1.014684654523537,0.3103482817164182,-0.48529371950207617,0.48448579723287605,-1.0016675871074334,0.31659510473570873,0.9862618845597246,0.46201239763597246,2.134708699606839,0.032875795328467794,0.03037802077603348,0.2998301849871425,0.10131741998336882,0.9193061099198925
ELF,2717,2717,9,"log_daily_return,EPU_DUS,log_diff_AdrActCnt,log_diff_volume_trusted_spot_usd_1d,log_diff_TxCnt,log_UnemRt,log_IndPro,log_CPIPrc,log_TotRes",0,0.004256937250442516,0.0009092765986883355,17730.529177019387,17789.49098310554,-8855.264588509694,1.1037257965882623,0.3563370635853181,2.121657529529138,-0.04315737184594899,0.12515306773229792,-0.34483670778460257,0.7302442242366626,0.06420626573364649,0.39315209622976416,0.1633115182377747,0.870285492698709,0.03211103121476261,0.14644366322915142,0.2192722478166642,0.8264546955173662,-0.12018791738999005,0.23587829032518415,-0.5095336125435613,0.6104202435687074,-0.35364707787616023,0.164072238066048,-2.1554352036924005,0.03121667384166952,0.0518462482936394,0.23784313487092892,0.21798505271878024,0.8274573718366042,0.18860298242408818,0.3957816390093047,0.4765329258229036,0.633733648204643,-0.08776193544309985,0.3858180732015512,-0.2274697364870542,0.8200758695725573,0.17136407022106326,0.30745209919735744,0.5573683532115435,0.5773223822721081,0.11698820714330524,0.27299074631101583,0.42854275730658525,0.6682904893101078
EOS,2548,2548,9,"log_daily_return,EPU_DUS,log_diff_AdrActCnt,log_diff_volume_trusted_spot_usd_1d,log_diff_TxCnt,log_UnemRt,log_IndPro,log_CPIPrc,log_TotRes",0,0.008706686273308062,0.005149413616393983,15639.770171665588,15698.08237381163,-7809.885085832794,1.829495626528506,0.0583435676715891,2.0117586923929056,-0.11198118074774158,0.10659188499354127,-1.0505600942747833,0.2935618927297179,-0.3533571692859343,0.17361492768157114,-2.035292552343369,0.04192638236051982,0.17803133580533118,0.14046409821396394,1.26745081532608,0.2051118059629275,0.08106599192659557,0.09746956239855399,0.8317057133704565,0.4056542536899893,-0.1181692370405032,0.1129639478866604,-1.046079207138417,0.29562527055597254,-0.23894050905171027,0.10143824993222605,-2.3555267289346338,0.018573067032322355,0.1894895156567441,0.28232392502107795,0.6711776752274787,0.5021691574763946,0.14532536186156264,0.31623559763444786,0.4595477642259342,0.645880690234742,0.09207487438177753,0.23985532723494707,0.38387671202977625,0.7011023678046882,-0.05447493981680425,0.19395858548064931,-0.28085861567720627,0.7788420099872635
ETC,3232,3232,9,"log_daily_return,EPU_DUS,log_diff_AdrActCnt,log_diff_volume_trusted_spot_usd_1d,log_diff_TxCnt,log_UnemRt,log_IndPro,log_CPIPrc,log_TotRes",0,0.00674602226307397,0.003945494130357052,21068.953140652877,21129.668449588444,-10524.476570326438,1.3454920461319366,0.2077434944372157,1.8459289622376376,0.10799376056927593,0.11399177949223528,0.9473820046526432,0.3435158712475177,-0.48103381783184285,0.3035150497047192,-1.5848763291962833,0.11309349351767142,0.017696419191405348,0.14554846925629136,0.12158437173423187,0.9032358443627643,-0.04721255655500016,0.09255341321638974,-0.5101114579601432,0.6100086479774227,0.07777928745908436,0.1153436028435739,0.6743268420752097,0.5001523740038114,0.13838120147115232,0.1034179660124086,1.33807699770994,0.18096664995338935,0.37910246965605543,0.28649473420788696,1.323244110242425,0.18584898531735944,0.1674016237277386,0.45382179338289114,0.3688708346945807,0.7122484673944249,0.1965203117565318,0.28277134622743616,0.6949795811293706,0.4871186830151296,-0.2801068122348844,0.24845569359824785,-1.1273913999645195,0.2596617715842916
ETH,3584,3584,9,"log_daily_return,EPU_DUS,log_diff_AdrActCnt,log_diff_volume_trusted_spot_usd_1d,log_diff_TxCnt,log_UnemRt,log_IndPro,log_CPIPrc,log_TotRes",0,0.004575549541617541,0.0020476657791668185,22207.946424004756,22269.704714091902,-11093.973212002378,1.9571927633824353,0.0402598914244761,2.034114287787043,0.2130323991123719,0.09183651327519197,2.319691716452816,0.020414109712516698,-0.17178278082923493,0.1486468420431265,-1.1556436616352472,0.24790484464314583,-0.05162082584116087,0.11461029056034924,-0.4504030623147176,0.6524473880959265,-0.008644394392372957,0.08527443892184275,-0.10137146021325184,0.9192613256924708,0.06807417223401459,0.11284580000628643,0.6032494982553387,0.5463813270018731,0.05008169815871052,0.15615020045354464,0.320727722495688,0.7484356467685536,0.5152653899492505,0.224949655284167,2.2905809270894104,0.022046120536132065,0.04026621477618701,0.37280948878924114,0.10800748368009094,0.9139958698668038,0.4572163845576193,0.23048852882678178,1.9836839034242328,0.04736813061699973,-0.35264421510693433,0.24449832861640627,-1.4423174878229874,0.1493011944737122
FTT,2111,2111,9,"log_daily_return,EPU_DUS,log_diff_AdrActCnt,log_diff_volume_trusted_spot_usd_1d,log_diff_TxCnt,log_UnemRt,log_IndPro,log_CPIPrc,log_TotRes",0,0.004668548598651068,0.0003431101328797981,14108.835942243095,14165.241980507031,-7044.417971121547,0.721418813664473,0.6896831297030468,1.9565350346081782,-0.016471163669080365,0.15718228204835236,-0.10479020570533205,0.9165524293261041,0.3467144224300844,0.9079313494866512,0.38187294956399337,0.7025947836264049,-0.016398424944414375,0.18319806346790077,-0.08951199938468586,0.928683673009741,-0.07459325068183957,0.3440954948210454,-0.2167806664270146,0.8284006313725546,-0.09212039527929394,0.2638061330684202,-0.34919732232078843,0.7269766766474877,-0.07295229018435463,0.2943862318203505,-0.24781148810272433,0.8043048323494559,0.31492793614601317,0.2770880670023032,1.136562608246119,0.2558526722145195,-0.003685516457580862,0.32654159504920166,-0.011286514531251514,0.9909959425773222,-0.009498999913747308,0.31222202185000536,-0.030423862664981153,0.9757319455008351,0.12060973009725995,0.194960206227219,0.6186376821775297,0.5362231060242606
FUN,2828,2828,9,"log_daily_return,EPU_DUS,log_diff_AdrActCnt,log_diff_volume_trusted_spot_usd_1d,log_diff_TxCnt,log_UnemRt,log_IndPro,log_CPIPrc,log_TotRes",0,0.008377235187886245,0.0051761573961686125,18650.81436444952,18710.180966001775,-9315.40718222476,1.5187480048346582,0.13523686506843133,2.0924848104115,-0.05817924716543734,0.12811515533437629,-0.4541168218045043,0.6497800954698625,-0.373705364484111,0.3115351836476224,-1.1995607048570454,0.2304119264816213,0.2936654851273133,0.18717677307102304,1.5689205466528893,0.11677993360788409,-0.02693248573502121,0.20071912671702244,-0.13417996668046056,0.8932699518238667,-0.33272742366319386,0.1647242546979295,-2.0199054733824577,0.04348867080168256,0.23515593861752387,0.24091254533196615,0.9761049940072238,0.3290971215887921,0.4419206206440528,0.3457260558107719,1.2782392683932724,0.20127147885883068,0.4426371393514329,0.3988128426559128,1.1098868742633012,0.2671434960171316,0.04199720640110443,0.30961718058261645,0.13564236429670007,0.8921138053892543,-0.15348829287536808,0.22862182385896404,-0.6713632595725176,0.5020447639222234
GAS,2853,2853,9,"log_daily_return,EPU_DUS,log_diff_AdrActCnt,log_diff_volume_trusted_spot_usd_1d,log_diff_TxCnt,log_UnemRt,log_IndPro,log_CPIPrc,log_TotRes",0,0.026194468618590427,0.02307884480684752,19152.666119137582,19212.12167342012,-9566.333059568791,2.1981715930226966,0.01959453795631253,2.193798191330974,-0.03610798860848696,0.13476106022520995,-0.2679408172371457,0.7887645193014352,1.1056189454945757,0.4014003779158447,2.7544043461921537,0.005917732069723007,-0.0014121166234355997,0.162560226474109,-0.008686728937723938,0.9930696962396799,-0.22097871564310528,0.14381753898596913,-1.536521325571174,0.12452303580516626,-0.308132946437513,0.14400618021506048,-2.1397202951799965,0.0324631848318207,-0.25901382586086064,0.13546078925760707,-1.9120944686679153,0.05596555648691131,0.35087639275410853,0.3321415463826154,1.0564062116755224,0.29087338463774254,0.007820223688712435,0.37084638724779717,0.02108750134186156,0.9831773507541128,0.3381682215299996,0.29689094036130365,1.1390317977317301,0.25478687921922183,-0.06259437175252924,0.2339138792851822,-0.2675958004023168,0.7890300819457132
GNO,2951,2951,9,"log_daily_return,EPU_DUS,log_diff_AdrActCnt,log_diff_volume_trusted_spot_usd_1d,log_diff_TxCnt,log_UnemRt,log_IndPro,log_CPIPrc,log_TotRes",0,0.008219663836396274,0.0051533556861137475,18466.384926666935,18526.18173969081,-9223.192463333467,4.543817731576277,5.770842452868657e-06,2.0071598904981647,0.013198252793972132,0.10486782025730614,0.12585608017396174,0.8998545402739211,-0.35737226837714164,0.07117069729420032,-5.021339989123077,5.440528118271926e-07,-0.07182390903518837,0.13973849872792776,-0.5139879824745379,0.6072994058869801,-0.1691554274275636,0.17599778921873913,-0.9611224560174929,0.3365704249553516,0.1395690791222235,0.13560510373346732,1.0292317566199234,0.3034562911943057,0.112494205802696,0.20236723565036993,0.5558913993224296,0.5783278196307011,0.4737760818795024,0.27648836447924396,1.7135479924149533,0.0867182391151826,-0.18837420445792594,0.3072663255032693,-0.613064917378724,0.5398813095068911,0.4611284070024768,0.28209764843354773,1.6346410881588842,0.10223243366373434,0.04102217637933635,0.22783698959025836,0.18005055479845725,0.8571254119379189
GNT,3023,3023,9,"log_daily_return,EPU_DUS,log_diff_AdrActCnt,log_diff_volume_trusted_spot_usd_1d,log_diff_TxCnt,log_UnemRt,log_IndPro,log_CPIPrc,log_TotRes",0,0.004286574402938115,0.001282410530871747,19958.91057422143,20018.95088929996,-9969.455287110715,1.4545437041526132,0.15912768024259422,2.109723250773013,0.08200742582839049,0.12368000579826188,0.6630613032324337,0.5073425249872898,0.16357599664386285,0.16795035801270192,0.9739544385579206,0.3301581327287695,-0.18326459984170693,0.14495591369504923,-1.2642781875546625,0.2062289711313758,-0.3141139210103363,0.15328860889120333,-2.049166753370949,0.04053310868228287,-0.16205889467328327,0.1284828611897275,-1.261326944097041,0.20728970639460023,0.17388257932907786,0.1538429053499708,1.13026063134676,0.25845728796357553,0.5611202866459822,0.3197837977549179,1.754686418090589,0.07941561926612671,-0.11918814141478476,0.3556848944311786,-0.33509475178976555,0.7375771735201003,0.6239917955781323,0.3325236012581278,1.8765338556938904,0.060679560473079756,-0.221362844228703,0.2827716679361408,-0.7828324734382303,0.4337876366018294
GUSD,2449,2449,9,"log_daily_return,EPU_DUS,log_diff_AdrActCnt,log_diff_volume_trusted_spot_usd_1d,log_diff_TxCnt,log_UnemRt,log_IndPro,log_CPIPrc,log_TotRes",0,0.13406995010100486,0.13083484406153167,8180.701846633419,8238.61294173952,-4080.3509233167097,1.5499986441265925,0.12483915964468596,2.7901036859430173,-0.009845143077874645,0.026414139646617655,-0.3727224588643878,0.709387808491544,0.5098601930258294,0.21928739603322567,2.325077511288324,0.02015050575263768,0.022523341610050127,0.018637774792462623,1.2084780431598992,0.22698204520906418,-0.06287887188583219,0.06974540021897234,-0.9015486568062979,0.3673868001764927,0.018778171185599022,0.05304345164016651,0.3540148803472563,0.7233587131844064,0.06614313890343664,0.04958976682485931,1.333806209193126,0.18239346269312545,0.011448340722588973,0.057148294780809974,0.20032689980512333,0.8412418355103098,0.002704962328904374,0.08739418905257534,0.030951283583363878,0.9753109550434582,0.012942426915014706,0.06557532188492943,0.19736734099034817,0.843556735751566,0.02890590296851324,0.037282946583147174,0.7753116536550636,0.438231623012836
HEDG,817,817,9,"log_daily_return,EPU_DUS,log_diff_AdrActCnt,log_diff_volume_trusted_spot_usd_1d,log_diff_TxCnt,log_UnemRt,log_IndPro,log_CPIPrc,log_TotRes",0,0.0226311047344514,0.011731079880188844,6331.74916429931,6378.80555524791,-3155.874582149655,1.5746954782001774,0.11846479076930454,2.0229031129904533,-0.03395972580466464,0.4054163233943908,-0.08376506777115746,0.9332639959991051,-1.6573728339195188,0.6065909948677303,-2.7322740494703783,0.006427365312441416,-0.39699615770960517,0.5227887846887336,-0.759381550134009,0.44784610318206286,0.3078364288683311,0.7900367871816709,0.38964822127649024,0.6968994960939411,0.6385123458488615,0.4916836048438146,1.2986244396977353,0.19444380104075906,0.44571890401627623,0.8129707052201847,0.5482594897383885,0.5836653650587803,-0.09900787678932421,0.6017605146369848,-0.1645303644574474,0.8693548458850752,-0.15677833554281767,0.6457669715151658,-0.2427784982173492,0.8082386838978096,-0.03449447854918519,1.5103735074694127,-0.022838376321218518,0.9817848418193904,-0.1972475536739241,1.5343636422619562,-0.12855332871622407,0.8977431276708252
HT,2278,2278,9,"log_daily_return,EPU_DUS,log_diff_AdrActCnt,log_diff_volume_trusted_spot_usd_1d,log_diff_TxCnt,log_UnemRt,log_IndPro,log_CPIPrc,log_TotRes",0,0.0032495337692030057,-0.0007588461218055453,13603.432983388899,13660.610945499035,-6791.716491694449,1.018650659709621,0.4223273922311689,2.038576652725529,-0.0754578682334828,0.10472370966012086,-0.7205423535738003,0.4712663833791363,-0.03760074206380068,0.20291972831231678,-0.1852986024401177,0.8530116249968637,0.028515699090246677,0.12580252915184345,0.2266703164276473,0.820700811447202,-0.061223770090434795,0.22385878235133128,-0.27349282189138424,0.7844996456543796,-0.07993246121455244,0.08898239152315027,-0.898295267707619,0.36912478503642143,0.18155861522198968,0.22636587060073327,0.8020582552491973,0.4226044160993153,0.17935193641460376,0.26471134956798104,0.6775377659753272,0.49813485056558027,0.17138386377236098,0.28643705487304383,0.5983299327257874,0.549680354256977,-0.17234387039254245,0.21582089287996684,-0.7985504465890381,0.42463586138172194,-0.12777291045478034,0.16656328697168943,-0.7671132863540197,0.4430950789884226
HUSD,1218,1218,9,"log_daily_return,EPU_DUS,log_diff_AdrActCnt,log_diff_volume_trusted_spot_usd_1d,log_diff_TxCnt,log_UnemRt,log_IndPro,log_CPIPrc,log_TotRes",0,0.0082978714791061,0.000909362243437184,-584.893037727913,-533.8433832452146,302.4465188639565,0.5741823810902749,0.8191052440474117,2.9475447570606113,-0.0007582440578799074,0.005431101683288512,-0.1396114641368293,0.8889902545876821,-0.0010176987206066026,0.006504875637094617,-0.15645167984505154,0.8757031457899525,-0.0031968337614177948,0.006200652860771967,-0.5155640596560983,0.6062532557388116,0.0004137236038125689,0.005916936752101824,0.06992192432437365,0.9442673755320032,-0.002101452734455139,0.001444631775952051,-1.4546632362909402,0.1460222956366022,0.016602638669009073,0.018246892264622446,0.9098885677753853,0.36306278655289337,0.00032448086897858054,0.007364399576033231,0.04406073646989145,0.9648632719600518,-0.003665694884960053,0.005031882567785906,-0.7284937268663261,0.4664526022284581,-0.0004104212595188203,0.014535052034676376,-0.028236655674824928,0.9774780658255964,0.0019419129485819964,0.007745144925905889,0.2507264831270883,0.8020682216097785
ICP,1481,1481,9,"log_daily_return,EPU_DUS,log_diff_AdrActCnt,log_diff_volume_trusted_spot_usd_1d,log_diff_TxCnt,log_UnemRt,log_IndPro,log_CPIPrc,log_TotRes",0,0.02816973823677782,0.022100014186903327,9192.78835254207,9245.588435070911,-4586.394176271035,15.365936548701427,3.855787687013532e-24,1.9617685890404555,-0.3075206783528807,0.15857885333551322,-1.9392287930235175,0.05266847122291549,-0.755746747338861,0.08636323532519521,-8.750792446498156,5.807561039017283e-18,-0.12459857123303628,0.18351919276040443,-0.6789402751771437,0.49728473229283565,-0.18049695985506037,0.43316258873842794,-0.4166956347286407,0.6769631089292527,0.10412815427972338,0.1742067137790917,0.597727561819267,0.5501156510684182,-0.0023219776571119233,0.5185652943491509,-0.004477695831970837,0.9964279473459071,-1.2117997368591342,0.7415317132672762,-1.6341846413011814,0.10243851710535022,-0.577265560380154,0.6974927033898335,-0.8276295330038976,0.4080173751871251,-0.14415036778754586,0.7863737740695331,-0.18331024322131034,0.8545803858543185,0.36336388445437817,0.24867075767358762,1.4612248253626188,0.1441717649243892
KNC,2803,2803,9,"log_daily_return,EPU_DUS,log_diff_AdrActCnt,log_diff_volume_trusted_spot_usd_1d,log_diff_TxCnt,log_UnemRt,log_IndPro,log_CPIPrc,log_TotRes",0,0.0029388824305307537,-0.0003088736527574465,18308.787653154963,18368.06450361112,-9144.393826577481,0.905564837805794,0.5192641500431577,2.0264804339834144,-0.052428675669243294,0.12323959705496342,-0.42542070018178263,0.670563149884119,-0.17264748866211077,0.17581771548286573,-0.9819686724284395,0.3262012567064134,-0.0698076971778473,0.1425758424366403,-0.4896179884672212,0.6244431138458385,0.2652113782130309,0.2770635395984051,0.9572222263436269,0.3385388470551346,0.01132355804161339,0.1397369505522286,0.08103481575104973,0.9354201336229195,-0.24870332343535473,0.2759228650926359,-0.9013509023685198,0.3674803373018112,-0.0605777880194327,0.33239487940144374,-0.18224645376161466,0.8554026880744067,-0.6345449213044253,0.37740943136879007,-1.6813170752067725,0.09281435920552791,0.22212403629528338,0.32153966739325507,0.6908137900871103,0.4897405978688384,0.3897923420642815,0.25950858510590624,1.5020402577633647,0.1332009841130723
LDO,1358,1358,9,"log_daily_return,EPU_DUS,log_diff_AdrActCnt,log_diff_volume_trusted_spot_usd_1d,log_diff_TxCnt,log_UnemRt,log_IndPro,log_CPIPrc,log_TotRes",0,0.00805742640631002,0.0012839186958826243,8918.839442255961,8970.753735556325,-4449.419721127981,1.0704506938545637,0.3817322323727022,2.0310171973720985,-0.16613752991173023,0.18751486392082742,-0.8859965894857107,0.3757809863849325,-0.1029932835606095,0.17687047260679714,-0.5823090877897698,0.5604581007441358,0.010254593493672574,0.2376005762328537,0.04315895885548212,0.9655813579676531,-0.18380544916878383,0.3360634789990419,-0.5469366969485782,0.5845148095029735,-0.8556064059580186,0.3297051940788422,-2.5950649893414117,0.009562302306776127,1.004752736947868,0.4691749686075247,2.1415309941404095,0.03241414276800514,-0.6575284489699424,0.796081637956029,-0.8259560547812316,0.4089785033301677,0.10827785204537005,0.698385062557382,0.1550403321183198,0.8768132603494718,-0.678284068462333,0.9782046018293814,-0.6933969306562713,0.4881826612830015,0.04118668345245903,0.30024461095719385,0.13717709477333817,0.8909117669443215
LEND,2730,2730,9,"log_daily_return,EPU_DUS,log_diff_AdrActCnt,log_diff_volume_trusted_spot_usd_1d,log_diff_TxCnt,log_UnemRt,log_IndPro,log_CPIPrc,log_TotRes",0,0.00984350952383961,0.006530718291763216,18548.566732706036,18607.576803225962,-9264.283366353018,2.136267939321194,0.023681623212902857,2.003840400217516,0.1793937196100225,0.14375576406694726,1.2479062719633183,0.21217399762138228,-0.24001312277836911,0.18889195791578117,-1.270637063783206,0.20396767269809,0.014275948428006426,0.1804922985480535,0.07909450177568468,0.9369633398284832,-0.7073745881989912,0.3245379491192868,-2.1796359720600487,0.029370908131973485,-0.31906997013245353,0.2484060055224244,-1.284469630520467,0.19908828670080952,0.5516028710413321,0.3232324208705369,1.7065208667983947,0.08802656375035599,0.7555082946733099,0.40786531912330115,1.8523474766063974,0.06408541989826448,-0.2219881417599171,0.46316744606925575,-0.4792826949386335,0.6317764912028355,0.8138977420680955,0.3424487742888633,2.376699241392391,0.01753791167549404,-0.22187118492096058,0.2674423596028428,-0.8296037518156948,0.406836466804645
LINK,2801,2801,9,"log_daily_return,EPU_DUS,log_diff_AdrActCnt,log_diff_volume_trusted_spot_usd_1d,log_diff_TxCnt,log_UnemRt,log_IndPro,log_CPIPrc,log_TotRes",0,0.008776628626107952,0.005545549183020304,18174.070082875496,18233.339718324125,-9077.035041437748,1.4301115215235152,0.16916738935726905,1.9374369052192468,0.14638672238631545,0.12090374975244626,1.210770738592031,0.22608691377545848,-0.5213140526471945,0.23048216785872694,-2.2618411545258104,0.023784671052613976,0.0444833939932532,0.15107374670841625,0.2944482079941362,0.7684375692892419,0.22056591414673177,0.2919078507124024,0.7556011721111292,0.44995280785090475,0.1127397164683647,0.16556872746389062,0.6809239775847914,0.49597669583443404,-0.05491209671900579,0.3383353096475071,-0.16230081565005935,0.8710808488398701,0.36725606365938746,0.3135711857890706,1.1712047544650004,0.2416175500498738,0.01715307556708666,0.3514699824882571,0.048803813758575405,0.961079172768948,0.3434138895173775,0.2865515876223468,1.1984365271427877,0.23084997562251772,-0.2832197901019997,0.23228062308547232,-1.2193001135431918,0.22283445881943384
LOOM,2585,2585,9,"log_daily_return,EPU_DUS,log_diff_AdrActCnt,log_diff_volume_trusted_spot_usd_1d,log_diff_TxCnt,log_UnemRt,log_IndPro,log_CPIPrc,log_TotRes",0,0.0026058679845523125,-0.0009212625412389208,17323.641248058753,17382.09932308513,-8651.820624029377,0.7687061508388364,0.645608151756282,2.00858117488965,-0.12557335358021632,0.1428832361598755,-0.8788529498289727,0.37956397947850584,-0.12825404719260547,0.20484864011508044,-0.6260917676610133,0.5313108973555565,0.10754402549105796,0.23295374812871275,0.4616539821958014,0.6443689319111577,-0.2069134662878975,0.3209430904228982,-0.6447045362941234,0.5191767820114319,-0.055455300709866054,0.16204073181418807,-0.3422306236771171,0.732205599664133,0.08196328635233491,0.32425524081600837,0.25277397566827053,0.8004632930807416,0.3916210137797216,0.37672504363272874,1.039540695259737,0.29865209000930804,0.20671215803129223,0.4020774373185148,0.5141103151916989,0.6072195015177064,0.13233995769831086,0.33155635351025,0.3991477053514512,0.6898178625761278,0.01702227021168773,0.2753494503610682,0.06182060719339106,0.950710547054312
LPT,2354,2354,9,"log_daily_return,EPU_DUS,log_diff_AdrActCnt,log_diff_volume_trusted_spot_usd_1d,log_diff_TxCnt,log_UnemRt,log_IndPro,log_CPIPrc,log_TotRes",0,0.006547904082497724,0.0026840022401218855,16170.507903541427,16228.018354721145,-8075.253951770714,2.214175585827766,0.018717417775726157,2.0175447140781713,-0.016792090596523177,0.1627329430833982,-0.10318802252545436,0.9178226872989251,-0.3073782368962447,0.11384418990424246,-2.699990549845268,0.0069846276280545894,0.03656745312529352,0.21217974079511054,0.1723418691542495,0.8631838410487868,-1.0171824178554327,0.4775682892683365,-2.1299203500588737,0.03328342812400789,-0.0954515372378213,0.17120932160938673,-0.5575136700535122,0.5772304469693484,0.9996348222501243,0.5282290563213199,1.892426799108245,0.058558848926431685,0.6073286462810559,0.47825693661985863,1.2698794304447059,0.20425526358511828,0.0006182143052690936,0.4956679842376348,0.0012472346912216692,0.999004958462427,0.3877455561795553,0.43575391195898444,0.8898269081197647,0.37365133354069546,0.0555444161702221,0.2662963390246209,0.20858122336066603,0.8347935273418344
LTC,3803,3803,9,"log_daily_return,EPU_DUS,log_diff_AdrActCnt,log_diff_volume_trusted_spot_usd_1d,log_diff_TxCnt,log_UnemRt,log_IndPro,log_CPIPrc,log_TotRes",0,0.0019444563194369602,-0.0004426018504075646,23360.866900571404,23423.223157771048,-11670.433450285702,0.879953419153481,0.5423683852989598,2.0065435015329403,0.09638770957360351,0.0861212794644143,1.1192089826467495,0.26312242921327206,-0.1009452608180621,0.13602301025112556,-0.7421190034810805,0.45806155431724704,-0.009614127819541313,0.10652019479233238,-0.0902563860147331,0.9280882811256433,0.03845685641929759,0.08481887767030995,0.4533997321772987,0.6502870727663077,-0.05315721123081768,0.09051033925026312,-0.5873054025776745,0.5570338495619744,-0.07716001264315504,0.09356987483545055,-0.8246245148756108,0.40963706592972504,0.3311206400341373,0.20445799375073784,1.6195044955680165,0.10542255645849491,0.2110991298819377,0.29287575672950783,0.7207804846643664,0.47108935771296623,0.23657930590082163,0.24318696834362452,0.9728288794099106,0.33070088539830866,-0.32403521489257103,0.2148174632718577,-1.508421196104039,0.1315307112041403
MAID,3675,3675,9,"log_daily_return,EPU_DUS,log_diff_AdrActCnt,log_diff_volume_trusted_spot_usd_1d,log_diff_TxCnt,log_UnemRt,log_IndPro,log_CPIPrc,log_TotRes",0,0.015352142750958198,0.012934180754985092,26075.09410814692,26137.18719226339,-13027.54705407346,1.680644146354353,0.0879830721243944,2.212599801811148,0.04769670837851476,0.1384398176556922,0.34453027449905504,0.7304672999671371,-0.9044465388738612,0.6226801254628831,-1.4525058724196807,0.14644660171094964,0.06659321635103385,0.19681300636462495,0.33835780257154424,0.7351129505937228,-0.39818792396237646,0.417821485950925,-0.9530096879918363,0.34064800929653816,-0.37132574326103107,0.1913186323429055,-1.9408760072855529,0.052349895425618076,0.49299285646653307,0.397024413273926,1.2417192494568183,0.21441962331821116,0.4995837078175205,0.2709282068386861,1.8439708203397904,0.06526806135566324,0.14299815728948514,0.383366939036939,0.373005970855788,0.7091655709158466,0.5485310657751559,0.43867826319642855,1.25041770198114,0.2112268286121986,-0.4648397167908283,0.24612708647070333,-1.8886166632706574,0.05902210957284008
MANA,2836,2836,9,"log_daily_return,EPU_DUS,log_diff_AdrActCnt,log_diff_volume_trusted_spot_usd_1d,log_diff_TxCnt,log_UnemRt,log_IndPro,log_CPIPrc,log_TotRes",0,0.003454674395520274,0.0002469104719007298,20148.193064122624,20207.588216729248,-10064.096532061312,1.10911454632137,0.3523731468690935,1.968736088377105,0.07730471939271265,0.16287607732034012,0.4746229198574809,0.6350928333803922,-0.3773684529564804,0.33993288075561845,-1.1101263641153172,0.26704004079651966,0.043405681296681375,0.16422333798961103,0.2643088481091967,0.7915614229307106,-0.029002701304991135,0.4446310791846142,-0.06522868657354695,0.9479965843549134,0.21111533681732275,0.25324497176371574,0.8336407840480203,0.4045546457533511,-0.0017139625532172353,0.4841228551268447,-0.003540346288274618,0.997175470821973,0.35632940172457067,0.3547812741608078,1.004363611262812,0.31529029363848077,0.19405390983052542,0.4261299890846633,0.45538665384090316,0.6488664550584013,-0.14299129047313136,0.32859968212663304,-0.4351534656020347,0.6634846231323739,0.1423069766909539,0.3402168356839782,0.4182831705105285,0.6757722162564762
MKR,2713,2713,9,"log_daily_return,EPU_DUS,log_diff_AdrActCnt,log_diff_volume_trusted_spot_usd_1d,log_diff_TxCnt,log_UnemRt,log_IndPro,log_CPIPrc,log_TotRes",0,0.00418389330147706,0.0008309771173068414,17268.435907117437,17327.38281562169,-8624.217953558718,0.7682521935545765,0.6460334344478667,2.230476770059878,0.013456840357306647,0.11601272482622522,0.11599452023442747,0.9076655979623112,-0.27210446672893074,0.2636954483385412,-1.0318891298403974,0.3022174126468799,-0.0038626931976986217,0.14730595366836557,-0.026222247651950456,0.9790820283236243,0.018945823687529617,0.19400956780987716,0.09765406882456378,0.9222143104609879,0.07405382648457333,0.13266991118739274,0.5581810210151891,0.5767675274945583,0.04661631346050636,0.1927241314922218,0.2418810405296223,0.8088908960130692,0.5749553503692945,0.31316215105465417,1.835966921395144,0.06647356205228865,0.35556238974971877,0.3762268129649916,0.9450745600707738,0.34470622992465316,0.2996949896199225,0.2774335934762509,1.080240449127792,0.28013257637912514,-0.2704278342986568,0.20519555806831904,-1.3179029645886338,0.18764906595885186
NEO,2877,2877,9,"log_daily_return,EPU_DUS,log_diff_AdrActCnt,log_diff_volume_trusted_spot_usd_1d,log_diff_TxCnt,log_UnemRt,log_IndPro,log_CPIPrc,log_TotRes",0,0.003533567453996689,0.00037241204584925747,18390.888308499678,18450.428519372457,-9185.444154249839,1.201178986341915,0.28942823043114063,2.0156434739637703,0.014037754012647508,0.11370414297775262,0.12345859741798623,0.9017527033472351,-0.233467269628432,0.14472747307246567,-1.613151011843715,0.10682292243535552,-0.008215210232288592,0.13429732435962607,-0.061171808682424784,0.9512266899465328,0.1125315037906972,0.1349263514054419,0.834021691230276,0.4043389773947824,-0.10236350050722405,0.11952669174151485,-0.8564070419399924,0.39184499967866804,-0.05702489102923979,0.12493014243867054,-0.4564542224646377,0.6480983239534162,0.39776673926812994,0.2739291299092494,1.4520790081723218,0.14659021645136336,0.01184290855378059,0.31579922635459057,0.03750138558123937,0.9700878738716082,0.3461526993534617,0.2770342607466012,1.2494941904318544,0.21158745020342457,-0.26229105566304683,0.21968259394263617,-1.1939546550125708,0.23259552772433031
OMG,2877,2877,9,"log_daily_return,EPU_DUS,log_diff_AdrActCnt,log_diff_volume_trusted_spot_usd_1d,log_diff_TxCnt,log_UnemRt,log_IndPro,log_CPIPrc,log_TotRes",0,0.008700798106755614,0.005556035041179519,19086.895211206123,19146.435422078903,-9533.447605603062,2.4667550828759457,0.008440766469480204,1.9817530095935578,-0.016211241243141078,0.1291676080159414,-0.12550546915090618,0.9001322881682442,-0.3641783656540954,0.18718517188967282,-1.9455513595315264,0.05180729970990194,-0.037923998239253104,0.14084823339875763,-0.26925434081864474,0.7877535459839127,-0.2708346071781492,0.3446194200476542,-0.785894791247394,0.4319947584155015,0.2063063761598264,0.17071559718085064,1.2084799489133498,0.22696342066153627,-0.10143286575458338,0.3516142985115414,-0.28847764776338847,0.7730022126371091,0.29523146568108655,0.32987961401901705,0.8949672945357178,0.3708804939147621,-0.5648301528774862,0.3902642576499131,-1.4473017751581225,0.14792290815041062,0.5107848889802072,0.33399325844173555,1.529326943194312,0.12629489839779656,-0.010098982690356792,0.2626947957599308,-0.03844378668082165,0.9693365549259454
PAX,2374,2374,9,"log_daily_return,EPU_DUS,log_diff_AdrActCnt,log_diff_volume_trusted_spot_usd_1d,log_diff_TxCnt,log_UnemRt,log_IndPro,log_CPIPrc,log_TotRes",0,0.0006526348180282415,-0.0032008897263753333,573.381477835489,630.9776193424581,-276.6907389177445,0.12861877340247332,0.9989750120898373,2.8873668603238136,1.9089273361631853e-05,0.005667279353461451,0.003368331111112873,0.9973127535473528,-0.004041812821981579,0.010281152891345716,-0.3931283645615098,0.6942605790830936,-0.0040620823613887825,0.006636538608016299,-0.6120784645902879,0.5405454649202658,-0.006533571950934841,0.015122730371455157,-0.43203652980993795,0.6657547719990131,-0.003516290580756706,0.008284532411511617,-0.4244404398576207,0.6712837524082945,0.008530204128583683,0.01641997336923489,0.519501703003137,0.6034601858179995,0.0015309388367826821,0.009472258586951676,0.1616234209327432,0.8716164015597154,-0.0031537684767290203,0.009662281931917309,-0.32639996420630324,0.7441510287428379,0.00398160894143081,0.014919531014924428,0.2668722587491453,0.7895910926238168,1.4896866278826804e-05,0.010709871441007586,0.001390947254678279,0.9988903038870345
PAXG,1932,1932,9,"log_daily_return,EPU_DUS,log_diff_AdrActCnt,log_diff_volume_trusted_spot_usd_1d,log_diff_TxCnt,log_UnemRt,log_IndPro,log_CPIPrc,log_TotRes",0,0.004000316110862934,-0.0007375259372355281,5371.052688191585,5426.559300622638,-2675.5263440957924,0.782198030447007,0.6329852857454588,2.36094797017878,0.04008519604707876,0.022322650246170448,1.7957185013887658,0.07269880821456987,-0.008761759006222693,0.01162606858474343,-0.7536304247955761,0.45116494243671856,-0.008239052976611351,0.03836647436072381,-0.2147461583034005,0.8299883759346524,-0.04189717289334258,0.04646030097047024,-0.9017843625242989,0.36728620926790534,0.010100085814526491,0.040584153463114246,0.2488677218241392,0.8034901154874834,0.05816549744870205,0.06338947952626738,0.9175891312469192,0.35895096129180437,0.029085247360285872,0.12329308834827958,0.23590330771929052,0.813533234317737,-0.0788371888547017,0.08628131300181904,-0.913722637172195,0.3609790281877525,0.11038936864587552,0.08335943278943067,1.324257674889938,0.1855774304950272,0.027793716800557085,0.024919877464806246,1.1153231728289794,0.26485360062349705
PAY,2797,2797,9,"log_daily_return,EPU_DUS,log_diff_AdrActCnt,log_diff_volume_trusted_spot_usd_1d,log_diff_TxCnt,log_UnemRt,log_IndPro,log_CPIPrc,log_TotRes",0,0.004799120856422201,0.0015503693467043833,19006.17112124784,19065.42631104571,-9493.08556062392,0.7798843964367769,0.6351479695841713,2.1601547159525745,-0.23588333189057797,0.14133834530982936,-1.6689266552080788,0.09524545601438757,-0.38055852012315483,0.31258840016448675,-1.2174428735132257,0.22353995058335596,-0.05982149175689367,0.18552607393772924,-0.3224425035640673,0.7471419376073662,-0.23281030993753302,0.31875544220890384,-0.7303728159877356,0.46522438680847633,-0.21269049494619963,0.18444676543788535,-1.1531267270600398,0.2489583354786903,0.25378646508865443,0.3362099594671186,0.7548451732093164,0.45040635948395624,0.47255688866223766,0.3550470342025062,1.330969824107045,0.1833089954592051,-0.028301081340548512,0.4327160424741747,-0.06540335592535276,0.9478575940183243,0.5066844298206905,0.37814238563814373,1.3399302724703088,0.18037843877724954,-0.12351896150770614,0.308162131969584,-0.4008245942428047,0.6885803295490033
PERP,1577,1577,9,"log_daily_return,EPU_DUS,log_diff_AdrActCnt,log_diff_volume_trusted_spot_usd_1d,log_diff_TxCnt,log_UnemRt,log_IndPro,log_CPIPrc,log_TotRes",0,0.006943326679856532,0.0011284209805192402,10410.13275791906,10463.573486424792,-5195.06637895953,1.6988813569607537,0.08432011039880874,2.0026146629120745,-0.1603873614879479,0.1847959580293165,-0.8679159609243382,0.3855758280304592,0.09657534748532363,0.08032323266555472,1.2023339235789792,0.22941937490438008,0.1937139797165367,0.2334542823723499,0.8297726550484558,0.40679618878148305,0.07931708542405917,0.30626466381525586,0.2589821641059597,0.7956836812307134,-0.8291100133950237,0.3100190946468194,-2.67438369994456,0.007566035937912243,0.5650642882526405,0.44257649598043447,1.2767607258511555,0.20187959421453533,0.5284419437644832,0.5619604523163578,0.94035432846971,0.34718360061853926,-0.5888021782435456,0.7310907617115198,-0.805374939857167,0.42072792024476446,1.0189415152430505,0.7213627287834783,1.41252309633659,0.1579984399587084,-0.17418130669634752,0.20176943085567178,-0.8632690589336182,0.3881242362400871
POLY,2542,2542,9,"log_daily_return,EPU_DUS,log_diff_AdrActCnt,log_diff_volume_trusted_spot_usd_1d,log_diff_TxCnt,log_UnemRt,log_IndPro,log_CPIPrc,log_TotRes",0,0.039751936213163086,0.03629780648731118,17500.949379211652,17559.23772448753,-8740.474689605826,5.9609980912409615,2.7304340169336957e-08,2.0207233995045084,-0.11791965000927977,0.15834169526734743,-0.7447163541490558,0.4565131524591818,-1.5828238408361717,0.2445504565307942,-6.47238145980259,1.1568499750443213e-10,0.15614661203161695,0.2304998519840645,0.6774260837374076,0.4981982859591674,-0.17487399046496593,0.33310583742238437,-0.5249802639850544,0.5996434241636839,0.2651987559864726,0.19438341574023998,1.3643075206624886,0.17259350045079833,-0.04916710933813963,0.3661579829312007,-0.13427840339446562,0.8931932301344254,0.47196347804030936,0.3949555146923209,1.1949788279522553,0.2322085604383498,0.038324794924877836,0.46882892636238443,0.08174579845624634,0.9348553967964268,0.14699205898460185,0.3989134638564167,0.3684810674565489,0.7125457336441889,0.10344822637072017,0.3071860016821776,0.3367608738817152,0.7363254135830648
POWR,2767,2767,9,"log_daily_return,EPU_DUS,log_diff_AdrActCnt,log_diff_volume_trusted_spot_usd_1d,log_diff_TxCnt,log_UnemRt,log_IndPro,log_CPIPrc,log_TotRes",0,0.002254934602394454,-0.001037953402218017,18366.809449641863,18425.95562673227,-9173.404724820932,0.6730340119518321,0.7340644273732628,1.9781711235345296,0.017869115431624078,0.13102176668213622,0.13638280023330193,0.8915287370313403,-0.08357632674654662,0.25076873573371905,-0.3332804885027329,0.7389481878639422,0.05856272511547719,0.14261204907593328,0.410643599155466,0.6813661514997835,-0.34585411294802004,0.27598907156614194,-1.253144231347344,0.21026065686203985,-0.3014707949662623,0.213156751284708,-1.4143150200464234,0.15738358761246105,0.47187939323588607,0.30574315304244526,1.5433849901141588,0.12285342249914172,0.09520549048394975,0.33984632300473483,0.2801427705387394,0.7793892199947258,-0.1567787390191726,0.43343436435480986,-0.3617127572534451,0.7175947164917535,0.07415579787894705,0.34864064214222396,0.2126998086720367,0.8315770136951606,0.1180645956006893,0.2978347994683079,0.396409673454738,0.6918338465769754
PPT,1818,1818,9,"log_daily_return,EPU_DUS,log_diff_AdrActCnt,log_diff_volume_trusted_spot_usd_1d,log_diff_TxCnt,log_UnemRt,log_IndPro,log_CPIPrc,log_TotRes",0,0.016555710830418402,0.01166024700158752,13022.145406678132,13077.200329425506,-6501.072703339066,2.837445507418918,0.0025521188845651606,1.9843093895223878,-0.22554045745940834,0.20331897614758135,-1.1092936907949866,0.2674510312475542,-0.875719469833119,0.28597823755432356,-3.0621891977593925,0.00222962962907761,0.3836222315479434,0.2918952590192129,1.3142461882969223,0.18893007653438385,-0.8297592041946737,0.41947828047523034,-1.9780742956575317,0.04807192752935051,-0.019220729650960555,0.29194832427801237,-0.0658360677304567,0.9475156192965329,0.7779231532498088,0.4639804540024366,1.6766291479289848,0.0937878985539018,0.4913213297101854,0.37877762748811306,1.2971234150454258,0.19475422221882321,0.6660446672346905,0.3827011690095204,1.7403779271395992,0.08196281431652008,-0.5284710255519158,0.4376780066774391,-1.2074424976564782,0.2274197086560187,-0.2547480614029982,0.4621489972748916,-0.5512249575464752,0.5815475846679456
QASH,2593,2593,9,"log_daily_return,EPU_DUS,log_diff_AdrActCnt,log_diff_volume_trusted_spot_usd_1d,log_diff_TxCnt,log_UnemRt,log_IndPro,log_CPIPrc,log_TotRes",0,0.018321933596816442,0.014901452529209602,17979.43318349312,18038.038891348508,-8979.71659174656,1.4475734035063919,0.16201844533662624,2.05803850773917,-0.09739834611316642,0.15194583749377302,-0.6410070043357255,0.5215749988962382,-1.0062444367931187,0.517814856598708,-1.9432513841002634,0.052094292633546244,0.16672624087187699,0.26317892050416,0.6335090992564566,0.5264573289356371,0.5554555270502395,0.41736514866903296,1.3308622649053792,0.18335179899278256,0.1455078045868798,0.16566306148274038,0.8783358419465136,0.37984318436466635,-0.5871232189499014,0.48004792349087594,-1.2230512626330745,0.22142190663575484,0.23632003817635763,0.2997360166374977,0.7884272328278931,0.43051919833036234,0.3267582013001049,0.36789648275509523,0.8881797370094031,0.37452677475915874,-0.006575940856692192,0.352443341713015,-0.018658150341925882,0.9851152546760253,-0.13882880699362024,0.29441010210572005,-0.47154906030964944,0.6372885200624145
QNT,2268,2268,9,"log_daily_return,EPU_DUS,log_diff_AdrActCnt,log_diff_volume_trusted_spot_usd_1d,log_diff_TxCnt,log_UnemRt,log_IndPro,log_CPIPrc,log_TotRes",0,0.004913324669792329,0.0008936747245626986,14373.261067573738,14430.394446462456,-7176.630533786869,1.0544416504199123,0.3937873708671588,2.133930972883836,0.14611496926652556,0.1252882909764378,1.166230045344018,0.24364626831843034,-0.14839360059675744,0.21820084979372437,-0.6800780140730018,0.4965257214888099,0.17323284144025025,0.1563674108608638,1.1078577082432692,0.2680428559279975,0.2964564133730142,0.38891111327653455,0.7622729288330194,0.4459778153710824,0.2625716030596878,0.1823181269202695,1.4401837463727036,0.14995591816037745,-0.26017474411740654,0.4078732950420432,-0.6378812912735264,0.5236165075840555,0.29172118216607906,0.357795040612927,0.8153304239945334,0.4149703464159932,0.2652209917150369,0.38366661822253945,0.6912798224243732,0.489461728950904,-0.11553551423162778,0.31157209969559585,-0.3708146985705887,0.7108108051931739,-0.09393965186308836,0.21209453146490517,-0.44291406861959737,0.6578708893014911
REN,2367,2367,9,"log_daily_return,EPU_DUS,log_diff_AdrActCnt,log_diff_volume_trusted_spot_usd_1d,log_diff_TxCnt,log_UnemRt,log_IndPro,log_CPIPrc,log_TotRes",0,0.010708808527434166,0.006882585612413505,15846.980256059309,15904.546489404698,-7913.490128029654,3.2701265187743584,0.0005788167156016652,2.0376282590758557,-0.021612477362640506,0.14788220374672525,-0.14614657352317892,0.8838183394315122,-0.5910078425042538,0.14339461541970555,-4.1215483634055365,3.8951185637632165e-05,0.038315666670458506,0.224447679284734,0.17071090595617747,0.8644659281780402,0.3244916291126294,0.30598458548184426,1.0604835815557228,0.2890347111264317,-0.0357213485390131,0.1968893573639877,-0.18142853944601658,0.8560470202783315,-0.3231374424833462,0.3359861299765115,-0.9617582800395256,0.33627096424120795,0.21827958180719606,0.41984321016297055,0.519907376190427,0.6031775869957314,-0.3726296099055436,0.4092126807710905,-0.910601326438339,0.3625997842460764,0.21194299715346424,0.3524191292187836,0.6013947018803538,0.5476357064854727,-0.007508707411249177,0.25210732939223574,-0.02978377276595127,0.9762420545511503
REP,3161,3161,9,"log_daily_return,EPU_DUS,log_diff_AdrActCnt,log_diff_volume_trusted_spot_usd_1d,log_diff_TxCnt,log_UnemRt,log_IndPro,log_CPIPrc,log_TotRes",0,0.010548880235424107,0.007695608823094391,21147.796124890276,21208.28720210354,-10563.898062445138,3.824047903382316,8.020987586317516e-05,2.0491684153060765,-0.07702523211142936,0.12686798355424436,-0.6071290009783756,0.5438094704965157,-0.6799353644365388,0.12702040603143616,-5.3529616671848945,9.278858844071507e-08,0.13949929342351872,0.16120571073728915,0.8653495759269685,0.3869134581609145,0.04565125226493069,0.32492327799302906,0.14049855875795422,0.8882751577202539,-0.0922460726959416,0.1477070446806003,-0.6245204681700405,0.5323314822687663,0.031110223819680607,0.345219315485886,0.09011727450966607,0.9281998046384249,0.2829725693690929,0.3008911015063972,0.9404484478018923,0.3470603619547854,0.17155774547504216,0.384138933899911,0.44660337793237653,0.6551924418699562,0.11010649259721592,0.31995456231070385,0.3441316535761503,0.730770462672546,-0.24518329402725203,0.26479870653922627,-0.9259233069211821,0.35455742775641197
SNT,2903,2903,9,"log_daily_return,EPU_DUS,log_diff_AdrActCnt,log_diff_volume_trusted_spot_usd_1d,log_diff_TxCnt,log_UnemRt,log_IndPro,log_CPIPrc,log_TotRes",0,0.012917985183143355,0.009815037878444954,19469.567656675936,19529.19877726573,-9724.783828337968,0.8354086480600189,0.5833513926789529,1.757484936626416,-0.0882903477060161,0.13326530951575968,-0.6625156091021202,0.5076941624957503,-0.7145559386445077,0.6945918520114428,-1.0287421837374735,0.30368774335841536,0.1275561082940542,0.1654368573990342,0.7710259388353135,0.44075518171381756,0.63223311202309,0.661398147351332,0.9559039657957348,0.3392014607184757,0.04826043823972799,0.2722769328611764,0.17724761966645977,0.859326430788625,-0.5228151396406882,0.6025238668799447,-0.867708597748977,0.38562659996018744,0.1867292191558726,0.3437983571630534,0.5431358680614999,0.5870785402901162,0.021709442181651162,0.39720378995755373,0.05465567733875624,0.9564165943893774,0.11017430727481106,0.30137738610294373,0.36556925753274,0.7147135246137387,0.04596613904420467,0.25373551500597313,0.181157687141757,0.8562566289041413
SNX,1878,1878,9,"log_daily_return,EPU_DUS,log_diff_AdrActCnt,log_diff_volume_trusted_spot_usd_1d,log_diff_TxCnt,log_UnemRt,log_IndPro,log_CPIPrc,log_TotRes",0,0.006436252419714572,0.0015711415773735915,12142.429636901627,12197.648229423643,-6061.214818450813,1.39676944599336,0.18394919439843574,2.025345873215437,0.013073920285416457,0.1487538614244888,0.08788961953806562,0.9299739813823404,-0.17903414439207646,0.14304736664632606,-1.2515724587557422,0.21088495686236244,0.2402341180053579,0.19055115227686528,1.2607329587611453,0.20756508892262382,0.04753554864142451,0.28946752946999504,0.16421720504700626,0.8695782133981355,0.24505011310566432,0.19992457358894591,1.2257128211237234,0.22046379121164295,-0.3367293449372175,0.35140905619862345,-0.9582261441403813,0.33807476097765454,0.28953433150799385,0.579995057381849,0.4992013773616942,0.6176972681744048,-0.03334961898538971,0.41855699376309347,-0.07967760539742852,0.9365023449498995,0.06797066333632176,0.4199564424591143,0.16185169809113997,0.8714404300169464,-0.11838855615170696,0.16835687342852867,-0.7032000163745354,0.48202016938610137
SOL,1877,1877,9,"log_daily_return,EPU_DUS,log_diff_AdrActCnt,log_diff_volume_trusted_spot_usd_1d,log_diff_TxCnt,log_UnemRt,log_IndPro,log_CPIPrc,log_TotRes",0,0.009348175165735606,0.0044946822841306355,12200.54349324268,12255.756673044672,-6090.27174662134,1.4677832277604768,0.15428973816487176,1.9822462067444657,0.28236727510277604,0.1525385437365741,1.8511208261592507,0.06431258363472875,-0.3679335701584403,0.2607219942593861,-1.4112103246356422,0.15835194136956895,-0.13193301839154847,0.1813264068560282,-0.727599585074789,0.46695145621736456,0.09252763705465722,0.2184583248502724,0.42354823107828043,0.671944901068527,0.2368299263419493,0.18282033191468816,1.2954244413715665,0.19533661245293527,-0.11843030868888466,0.15037664733319375,-0.787557847505905,0.43105698073333576,1.3372763436098005,0.6060250489870033,2.206635428428437,0.02746284957304153,0.6156457978210608,0.5065377691743573,1.2153995916721996,0.2243699009320946,0.4789070980354792,0.36167638008064473,1.324131528657456,0.18562409456717419,0.060779312130732135,0.17448653183478258,0.3483323984471347,0.7276304786644461
SRM,1754,1754,9,"log_daily_return,EPU_DUS,log_diff_AdrActCnt,log_diff_volume_trusted_spot_usd_1d,log_diff_TxCnt,log_UnemRt,log_IndPro,log_CPIPrc,log_TotRes",0,0.010654759047184492,0.005459830710792923,12048.798323235598,12103.322347747835,-6014.399161617799,1.7071433718987394,0.08233586352623891,2.0248611825142016,-0.28244051273955023,0.19298061115337675,-1.4635693764855615,0.14349500368255905,-0.3830042907901876,0.24273612656639743,-1.5778627442397684,0.11478167326289239,-0.35165205235757224,0.2111199484392317,-1.6656505221665066,0.09596578050115039,0.49623317505697295,0.47297753038054724,1.0491686035438401,0.29424843641534654,0.7034116515920031,0.29615526674214426,2.375144833079899,0.017651528958911693,-0.6087982804645194,0.5249149618250831,-1.1598036343787599,0.24629029694449708,1.123032101316796,0.6499175497468992,1.7279608801980257,0.08417535479750976,0.5138192287838927,0.8664252491886258,0.5930335355128037,0.5532369465791309,0.3980511068585427,0.6816348822960498,0.5839652828765589,0.5593205113717759,0.04512231101103306,0.19414574226651074,0.23241463080396615,0.8162437333805984
SUSHI,1733,1733,9,"log_daily_return,EPU_DUS,log_diff_AdrActCnt,log_diff_volume_trusted_spot_usd_1d,log_diff_TxCnt,log_UnemRt,log_IndPro,log_CPIPrc,log_TotRes",0,0.013951740019298886,0.008709900480122101,11643.976657501064,11698.37812430769,-5811.988328750532,1.7224466139091188,0.07897008810976239,2.043641683854068,-0.17341838176475838,0.19108015695966804,-0.9075687634135783,0.3642352650529346,-0.7862350721805288,0.2825682291713445,-2.7824609811450864,0.005454708038703419,-0.016013174346654863,0.20197193876397945,-0.07928415424762324,0.9368159795750808,0.13428236249268705,0.31721082979554505,0.423322124844342,0.6721140230642391,0.25015420633376256,0.3196390242727578,0.782614722663833,0.43396284288083187,-0.2153195701301998,0.4049287564585664,-0.5317467991489313,0.5949711380889358,0.7450099729928363,0.5834724546041304,1.276855431844344,0.20182839027495375,1.5143278971163951,1.124018550901718,1.347244576970336,0.1780817590605776,-0.7543980545486366,1.0041624393343045,-0.7512709348586613,0.45259403154170597,-0.16043459160521714,0.1882233836418835,-0.8523627006433073,0.3941333747496062
SWRV,1647,1647,9,"log_daily_return,EPU_DUS,log_diff_AdrActCnt,log_diff_volume_trusted_spot_usd_1d,log_diff_TxCnt,log_UnemRt,log_IndPro,log_CPIPrc,log_TotRes",0,0.003093342411598088,-0.0023875127614596536,12416.91447447097,12470.981581772747,-6198.457237235485,0.3114485580405282,0.9714706299625367,2.010340224745528,-0.28862844947348065,0.25774994360712494,-1.119800242957268,0.26296316409906534,-0.4079204717415754,0.518855084217865,-0.786193455840343,0.43186794634767134,-0.008469320759541148,0.2300210727112916,-0.03681976029288117,0.9706332075381461,-0.4798438797567577,0.5753460263678029,-0.8340092010125516,0.4043974789878121,-0.15043395401072107,0.3834132198632687,-0.39235463520107167,0.694847277471125,0.3996274620900373,0.5835656588260177,0.6848029112850537,0.49356524263098556,0.6836419362174706,0.8464270889813689,0.8076796514631853,0.4193923643606,0.7153181243373089,1.1382970013619,0.6284107956723739,0.529822530506253,-0.19162476451806548,1.0275141039597278,-0.1864935612850488,0.8520808353449563,-0.19274204913228687,0.24039985811093698,-0.8017560852442037,0.4228104304935748
TRX,2532,2532,9,"log_daily_return,EPU_DUS,log_diff_AdrActCnt,log_diff_volume_trusted_spot_usd_1d,log_diff_TxCnt,log_UnemRt,log_IndPro,log_CPIPrc,log_TotRes",0,0.012587286570385547,0.009021189290744136,14884.25732140599,14942.50577831626,-7432.128660702995,2.183661134637182,0.020524603580881994,2.043881768723156,0.07815123802747433,0.09373691306915427,0.8337295892154926,0.4045132856787015,-0.4554583628839245,0.14452549980076068,-3.151404862891381,0.001644163911487456,0.0903540093964317,0.10294536344098802,0.8776889640904116,0.3801971433081619,0.06824826964960888,0.18814805724353215,0.3627370415059389,0.7168320883438073,0.0892210564179052,0.12079966689277635,0.7385869407827026,0.4602274094102067,-0.19461654059798095,0.11844583581849362,-1.643084699880976,0.10049156564813158,0.29736855714986243,0.2807064573574259,1.059357736011112,0.2895395573407615,0.09640761951002416,0.2967047537706965,0.3249277886006884,0.7452629994018458,0.23132891275391088,0.22539942909743155,1.0263065602260963,0.30484671442707,-0.05774050554101862,0.17460638363442532,-0.3306895449018081,0.7409068009153832
TUSD,2521,2521,9,"log_daily_return,EPU_DUS,log_diff_AdrActCnt,log_diff_volume_trusted_spot_usd_1d,log_diff_TxCnt,log_UnemRt,log_IndPro,log_CPIPrc,log_TotRes",0,0.002980416614593917,-0.0006363412453289641,-668.6407736926976,-610.4363785400758,344.3203868463488,0.8372930034553052,0.5816158136635561,2.7641460971271066,7.794162426822456e-05,0.004237361136853184,0.018393906431611536,0.9853260926210557,-0.00035593612440417127,0.006503139033101414,-0.05473297166067533,0.9563556079939495,0.004340709868698835,0.0033249935319532597,1.3054791917591777,0.19185077384599247,-0.023821188278904615,0.010981932974989382,-2.1691252653932396,0.030167857217804208,0.0007736296455911366,0.0052573437862672295,0.1471521888319238,0.8830238538380243,0.02773814566702383,0.012591715188795217,2.2028885859574334,0.027694232092451067,-0.0027413334438955426,0.00483789421285507,-0.5666377401579751,0.5710115836484404,0.0020557672051193326,0.005420688646984793,0.379244656721399,0.7045386473920303,-0.004343340861114153,0.00854765232281097,-0.5081326073035465,0.6114055228497857,7.585478537245954e-05,0.005999004997745957,0.012644561123213088,0.9899123853853529
UMA,1726,1726,9,"log_daily_return,EPU_DUS,log_diff_AdrActCnt,log_diff_volume_trusted_spot_usd_1d,log_diff_TxCnt,log_UnemRt,log_IndPro,log_CPIPrc,log_TotRes",0,0.004571968360039702,-0.0007417044067214995,11150.886763003988,11205.247041167506,-5565.443381501994,0.8743259511022905,0.5476122993514023,2.0453533931089116,-0.15322850605105134,0.15967081363522623,-0.9596525661922625,0.337367700325506,-0.10043709965998071,0.24401340148180226,-0.4116048505945318,0.68068139325881,0.05282420847328193,0.1829584731364349,0.28872239458344257,0.7728293165912434,-0.6111265073596691,0.23831996905534197,-2.5643109546466714,0.010424038681682783,-0.10069462652002467,0.30671746322250404,-0.3282976634655364,0.7427273772547245,0.3962020601989419,0.3531007466699174,1.1220652007550582,0.2619944900783831,0.06820597588460847,0.4974216842567398,0.13711902404601356,0.8909530872096598,0.21403188064829926,0.7494432692573193,0.2855878349009657,0.7752289026062864,-0.13098241222751295,0.6830931653934142,-0.19174897197525928,0.847961933377541,0.017814099150915155,0.1612668302147016,0.1104635040398479,0.9120549392475812
UNI,1716,1716,9,"log_daily_return,EPU_DUS,log_diff_AdrActCnt,log_diff_volume_trusted_spot_usd_1d,log_diff_TxCnt,log_UnemRt,log_IndPro,log_CPIPrc,log_TotRes",0,0.010037427172790991,0.0047213990370839065,10763.552716847966,10817.853858233584,-5371.776358423983,1.3366355013988431,0.2126473731884139,1.9544003538476398,-0.024990982600683498,0.14680861246699142,-0.17022831413451642,0.8648511307930111,-0.5291664918100493,0.18746596280459538,-2.822733705326681,0.004817845727729505,-0.02231996270782617,0.17810606549747507,-0.1253183750114484,0.9002865352287016,0.2189944040251715,0.3114754206194668,0.7030872727922873,0.48209901272818967,0.11630339018179045,0.19797335847255346,0.5874699054414156,0.5569672913079057,-0.27163058074338586,0.34600746803555193,-0.7850425376237142,0.4325395817572567,0.6528367535346736,0.47163959868709693,1.3841856268048214,0.16648590072640007,0.7955297199082525,0.7026138769839906,1.1322431081536681,0.2576942021072677,-0.25574946989504127,0.6219112694450286,-0.4112314448382049,0.6809554091776023,-0.1822752666645931,0.14847693552438307,-1.22763354470405,0.21975695460420347
USDC,2437,2437,9,"log_daily_return,EPU_DUS,log_diff_AdrActCnt,log_diff_volume_trusted_spot_usd_1d,log_diff_TxCnt,log_UnemRt,log_IndPro,log_CPIPrc,log_TotRes",0,0.0033896288748963554,-0.0003523374747598229,-4559.3914231322515,-4501.530058754421,2289.6957115661257,0.5238927675532818,0.8582247621534465,2.7201801862997845,-3.297831337456807e-07,0.0019003025394683751,-0.0001735424370047625,0.999861547610492,-0.00023522188363353725,0.0010728814252733139,-0.21924313171291512,0.8264793250752455,-0.0009461697841490941,0.0018968763326466618,-0.49880414862308303,0.617963134709209,-0.0013375085165270818,0.004730243945340271,-0.2827567736426473,0.7773877065000377,0.0070430627448132225,0.004496628357976422,1.566298609561487,0.11741072387740872,-0.0024158322091794057,0.005612793189557408,-0.4304153257729249,0.6669322441804013,0.000524318929705304,0.0033070880398455094,0.15854398896794944,0.8740415163384696,-0.0004672351808790386,0.003700286377611762,-0.12627000539904196,0.8995287884366591,0.0008535677987497847,0.002686172153132375,0.3177636242541007,0.750691923747548,-5.207355432069864e-05,0.0020491386654429796,-0.025412411174936984,0.9797281269361704
VTC,3265,3265,9,"log_daily_return,EPU_DUS,log_diff_AdrActCnt,log_diff_volume_trusted_spot_usd_1d,log_diff_TxCnt,log_UnemRt,log_IndPro,log_CPIPrc,log_TotRes",0,0.0033476106543027795,0.0005918897621026709,23434.41874234836,23495.328892765465,-11707.20937117418,1.138570544937467,0.33124897593146846,1.9957485075307548,0.022758892142177668,0.15301133365868225,0.14873991094636976,0.8817680809346325,-0.32294817889137195,0.3398975202376473,-0.9501339658658738,0.34211472620564487,-0.05857348561631859,0.1709190130241239,-0.34269730780654223,0.7318483163785536,-0.3695047154693045,0.2683050614525794,-1.3771813079814423,0.16855089554869312,0.09445540220889867,0.16439553214983887,0.5745618568441809,0.565627360314966,0.37998325929163673,0.27311269238317815,1.391305749930211,0.16422781262157574,0.34083390212331266,0.28842022170433246,1.181726787772568,0.2374004518249955,0.05789062173760902,0.4631402366030168,0.12499588064776648,0.9005345303012756,0.14203487990894076,0.3379878733787022,0.42023661526399275,0.6743403474127802,-0.27528586603381405,0.33689001376783434,-0.8171386944806431,0.41390897558709516
WNXM,1739,1739,9,"log_daily_return,EPU_DUS,log_diff_AdrActCnt,log_diff_volume_trusted_spot_usd_1d,log_diff_TxCnt,log_UnemRt,log_IndPro,log_CPIPrc,log_TotRes",0,0.005563365829863387,0.00029560261177552505,10868.238950799307,10922.675587630463,-5424.119475399653,1.6018832550146973,0.10925263224418474,2.0135716542881155,-0.01471839059155796,0.14438524921155074,-0.1019383259157785,0.9188176575981695,-0.3503222270578871,0.12075084059486045,-2.901199075154082,0.003765224392728929,0.007759952183012703,0.16237546501935185,0.047790176810812365,0.9618890821708903,0.25070398148996476,0.20324225448439032,1.2335229311738405,0.2175513472157755,-0.17505243680918015,0.17463145567597743,-1.0024106832962776,0.31628802584830157,-0.1475476251332088,0.23222006625104255,-0.6353784473289306,0.5252671843503894,0.14712620982186608,0.5074093919157148,0.2899556298443626,0.7718855646332585,0.18494275251945505,0.9422096213188385,0.19628620673665512,0.8444096312866941,-0.01036663985634978,0.7749541874395348,-0.013377100252340566,0.989328507123395,-0.10954556769704499,0.14939812857706647,-0.7332459164007287,0.46350961147773584
WTC,2484,2484,9,"log_daily_return,EPU_DUS,log_diff_AdrActCnt,log_diff_volume_trusted_spot_usd_1d,log_diff_TxCnt,log_UnemRt,log_IndPro,log_CPIPrc,log_TotRes",0,0.0061483585364774385,0.0025328917728670852,18644.611781913816,18702.78803634435,-9312.305890956908,1.4212144885795042,0.17300611178315345,2.074055461986513,-0.23658357636225733,0.20663136997482762,-1.1449547877995416,0.25233863673831514,-0.4841328768289928,0.8910475031226097,-0.5433300414763356,0.5869515336464901,0.008198103098362872,0.27461584246016546,0.029852986721084933,0.9761867081885143,0.13768948761335426,0.3637998186457336,0.3784759655073814,0.7051095184053282,-0.4022935183192685,0.2566127594040843,-1.5677066068479584,0.11707750471861549,-0.16982074387818127,0.3430107097025686,-0.49508875109303796,0.6205814401372824,0.29039339030671113,0.37145602610203166,0.7817705728293819,0.4344242265057344,0.047570479872932885,0.45768563088566205,0.10393701847462375,0.9172277542901698,-0.1953386715375846,0.6048707878381272,-0.3229428093820597,0.7467658456456776,-0.053373195049669114,0.28164647377442836,-0.18950421901044603,0.8497131940984947
XAUT,1953,1953,9,"log_daily_return,EPU_DUS,log_diff_AdrActCnt,log_diff_volume_trusted_spot_usd_1d,log_diff_TxCnt,log_UnemRt,log_IndPro,log_CPIPrc,log_TotRes",0,0.0035447446186802622,-0.0011432309685814879,4898.957167504741,4954.573584960629,-2439.4785837523705,4.388783149065187,1.0743334546558682e-05,2.108973922639324,0.04019137535762269,0.0198938769294068,2.020288730057059,0.04349256856551549,0.010563375868313941,0.002974898018182541,3.5508362988414106,0.0003932939339465422,0.003691431694117519,0.034734230218518736,0.10627647916461995,0.9153741357083802,0.02496754173671425,0.04154688396817941,0.6009485995589173,0.5479454164445197,-0.010217555396803513,0.02151319479417949,-0.47494365641907954,0.6348813497606601,-0.021144924618748954,0.05009409147251417,-0.4221041643274604,0.6729964204315133,0.01905204205441705,0.07459321805659486,0.255412523427559,0.7984319564653556,-0.06811879573409885,0.06147494063172531,-1.1080742011964604,0.2679690668917647,0.09368498471281418,0.06472203530883043,1.4474975063096038,0.14792148577131609,0.02481721976542751,0.024406798541825283,1.0168158565695906,0.30936961674386004
XEM,3713,3713,9,"log_daily_return,EPU_DUS,log_diff_AdrActCnt,log_diff_volume_trusted_spot_usd_1d,log_diff_TxCnt,log_UnemRt,log_IndPro,log_CPIPrc,log_TotRes",0,0.0074798640957213225,0.00504787900910586,24531.151486618222,24593.266315782672,-12255.575743309111,4.66703553325951,3.5679718761462864e-06,2.0938600675663053,0.12784882129662217,0.11084614920819744,1.153389830949286,0.24882546237614217,-0.409833203609134,0.090517925225137,-4.527646900763502,6.153627805232761e-06,0.0799981664534392,0.1317750336136353,0.607081358734417,0.5438344452265371,0.0914236252328009,0.15105354417424088,0.6052398553942129,0.5450570291595267,0.03337998781293171,0.12949112903397253,0.2577781818874583,0.7965925450059025,-0.14222139338489587,0.1366094039286067,-1.0410805500565834,0.29790668678798277,0.5351342233942351,0.25294914621963477,2.11558027133873,0.03444765454167269,0.22420026827064218,0.3443816643512008,0.6510226631636302,0.5150725821332924,0.5143469440577983,0.28997217531635,1.7737803411539848,0.07618232653919141,-0.6797835365574315,0.24502068472900587,-2.7743924449042967,0.005558448624104133
XLM,3531,3531,9,"log_daily_return,EPU_DUS,log_diff_AdrActCnt,log_diff_volume_trusted_spot_usd_1d,log_diff_TxCnt,log_UnemRt,log_IndPro,log_CPIPrc,log_TotRes",0,0.0023014008463375646,-0.00027072387219106986,23092.43466718946,23154.042706399006,-11536.21733359473,0.9858087409763547,0.44936904239351283,1.9765367917427088,0.14836573001410333,0.10986106961699107,1.3504850310610588,0.17694798839663614,0.12912489433030724,0.3136302334007249,0.4117106087962016,0.6805768236758762,0.11771782929805363,0.12381443539677192,0.9507601348810315,0.34179197052161936,-0.17918950528867938,0.11263293272866567,-1.5909157379427332,0.11171908363552419,0.04361223418947305,0.12683706299982825,0.3438445605566577,0.7309838943974867,0.0665981229599703,0.12305695773185063,0.5411975412645262,0.58840596452468,0.258861872045022,0.253908664177953,1.0195078331931104,0.30803258249810933,0.11757909883262413,0.3456387965460413,0.34017911185777966,0.7337421142062851,0.20582397814059808,0.27416395672019006,0.7507331766103036,0.4528638502286799,-0.28212518909662393,0.2548465663200874,-1.1070393969612076,0.2683531687863087
XRP,3803,3803,9,"log_daily_return,EPU_DUS,log_diff_AdrActCnt,log_diff_volume_trusted_spot_usd_1d,log_diff_TxCnt,log_UnemRt,log_IndPro,log_CPIPrc,log_TotRes",0,0.002986640229376447,0.0006020746599012528,24483.6782911235,24546.034548323143,-12231.83914556175,1.4102932617066908,0.17747959190204637,2.0708002140252315,0.12688262914858217,0.10027955715447832,1.265289085322968,0.20584605973266018,-0.14922213769456377,0.14888376251877283,-1.0022727473437425,0.316276325389319,0.05006616774249419,0.12424258604793026,0.40297106922082004,0.6869924000781569,-0.06484959620925188,0.10909004008107064,-0.5944593673359977,0.5522406495447889,0.09963861881397311,0.11121882901677439,0.8958790493914055,0.3703746687840941,-0.057688732483864226,0.11377183916873894,-0.507056341053818,0.6121449988558076,0.4933788475350413,0.23462702324164816,2.102821920162616,0.03554758950004184,0.5994323205574856,0.3156817780829076,1.8988499247493993,0.05766063008953064,0.3380575003511576,0.2563468488580005,1.3187503644268297,0.18733283317548233,-0.6292559976814617,0.23061184378216412,-2.728636948394796,0.006389221611014535
XTZ,2527,2527,9,"log_daily_return,EPU_DUS,log_diff_AdrActCnt,log_diff_volume_trusted_spot_usd_1d,log_diff_TxCnt,log_UnemRt,log_IndPro,log_CPIPrc,log_TotRes",0,0.00795385514064706,0.00436382084079423,15746.641054008931,15804.86950691173,-7863.3205270044655,1.481508723059817,0.14879328555290972,1.9848813324140533,-0.07919560883743529,0.11179389093490436,-0.7084073036115142,0.4787587484724455,-0.3666773309549706,0.1736612142499064,-2.1114520737330857,0.03483298624231354,-0.036288119312143596,0.14436786398132356,-0.2513587048488719,0.8015575581865616,-0.022987011541802105,0.12989497880040782,-0.17696612874561657,0.8595494049655223,-0.21964259449274198,0.1438662430970546,-1.5267139098403189,0.12695932591997627,-0.1079543447660998,0.2298050068984573,-0.4697649812904251,0.6385641212212758,0.016256298756159915,0.3078367203571581,0.05280818590225053,0.9578889803846167,-0.3850879719197203,0.3455297416731187,-1.1144857460172701,0.265178544634654,0.187091075397195,0.27240890131660933,0.6868023566518737,0.4922713160897958,0.20901914034322827,0.23803445498872808,0.878104559918127,0.3799718010819185
XVG,2800,2800,9,"log_daily_return,EPU_DUS,log_diff_AdrActCnt,log_diff_volume_trusted_spot_usd_1d,log_diff_TxCnt,log_UnemRt,log_IndPro,log_CPIPrc,log_TotRes",0,0.005660613742526244,0.002418202700382288,19223.12609365,19282.392119641812,-9601.563046825,1.2104222524070334,0.2835945979394735,1.992899582873181,-0.0009848292001228085,0.14697581035164517,-0.006700620991757538,0.994654202226658,-0.1501848475646373,0.20083380696375705,-0.7478066060448678,0.45464052621985007,-0.10457091631367385,0.1731756187945901,-0.603843179782191,0.5459975338949847,0.6313960896999705,0.3217843939735373,1.9621712597780452,0.049842889914345316,0.14451461194637785,0.20532164537324088,0.7038449924929937,0.4815886854178474,-0.3864772838924937,0.28033724670375204,-1.3786155369532673,0.16812504962313515,0.6354160136287581,0.34374153140271096,1.8485284889370421,0.06463282066483202,0.13234900544064374,0.38150015846845187,0.3469173013504484,0.7286798964938127,0.5649198468654584,0.34995835872713404,1.6142487606816442,0.10658778870122575,-0.3164116583962938,0.24455350621641234,-1.293834070472464,0.19583100063206382
YFI,1771,1771,9,"log_daily_return,EPU_DUS,log_diff_AdrActCnt,log_diff_volume_trusted_spot_usd_1d,log_diff_TxCnt,log_UnemRt,log_IndPro,log_CPIPrc,log_TotRes",0,0.010204569518961981,0.005058319447136861,11282.856029983968,11337.478179381651,-5631.428014991984,2.8520421730099557,0.0024363313124606224,1.9607545466588632,0.06785448957438157,0.15531470308169276,0.4368838765940358,0.662250057130239,-0.27477434815116036,0.06328292328765914,-4.341998344516179,1.4936670632365418e-05,0.09993316421957779,0.1619744079364929,0.6169688501578576,0.5373364109841559,0.024163628948544458,0.27468423020839344,0.08796875208384677,0.9299116873594316,0.2605089355834572,0.23630736732908758,1.1024156315053264,0.2704342670070475,-0.06599965227753285,0.33584601177152057,-0.19651760022219075,0.8442281269247784,0.2909060303789678,0.5074186737088245,0.5733057245463149,0.5665121791492729,-1.2722047926734368,0.954112247042281,-1.3333911147427706,0.1825789250811187,1.2994078489262784,0.7255648842758852,1.7908913139079068,0.07348540848081311,0.008610657535178257,0.14627463107899927,0.05886637670292845,0.9530653337700716
ZEC,3136,3136,9,"log_daily_return,EPU_DUS,log_diff_AdrActCnt,log_diff_volume_trusted_spot_usd_1d,log_diff_TxCnt,log_UnemRt,log_IndPro,log_CPIPrc,log_TotRes",0,0.0023925826828350427,-0.0005074388791335149,20666.32053336192,20726.731443399007,-10323.16026668096,0.9371987483835951,0.4911822495443997,2.056672350200293,-0.12569875577452008,0.12062977524309933,-1.0420209730243257,0.2974833158970824,0.02007669444298066,0.8450942805506918,0.02375675105728797,0.9810481689454905,0.0702215705421952,0.15025658140368625,0.4673443910821763,0.6402863912099692,-0.08315511489251215,0.10624500998814551,-0.7826731335597816,0.4338789422349265,0.05501408514450585,0.14362764401310255,0.3830327060122712,0.7017218102004099,0.17016507718732418,0.168020236477756,1.0127653713298526,0.31125138545119885,0.09651754642126298,0.28371475377129035,0.3401922005757523,0.7337348701294963,-0.08489596850025781,0.4100520936665507,-0.20703703215156405,0.835994552888431,0.04556623336225837,0.33865081738176306,0.13455226157299152,0.892974634079613,0.2587583487673034,0.2695403831355954,0.9599984453429081,0.3371309618721102
ZRX,2850,2850,9,"log_daily_return,EPU_DUS,log_diff_AdrActCnt,log_diff_volume_trusted_spot_usd_1d,log_diff_TxCnt,log_UnemRt,log_IndPro,log_CPIPrc,log_TotRes",0,0.00958690519399752,0.006414763609209673,19059.800520745757,19119.24544238508,-9519.900260372879,0.9347131650105602,0.49338327999413467,2.069709760338649,0.03613901392169991,0.13325989514075062,0.27119197327545147,0.7862633057301919,0.29475310982568637,0.37875887824057347,0.778207790652686,0.43651204429305857,0.13313853703812067,0.1466301954156567,0.9079885398823152,0.3639621379989718,0.724044024050733,0.5932686836113938,1.220431895449584,0.22240359686800373,0.6802108994605529,0.3277713504114344,2.0752603868724933,0.0380531876747035,-1.5049363309672827,0.8614475188884252,-1.7469855074969487,0.08074909829441401,0.13659020648587783,0.30876475958411603,0.4423762824159565,0.6582509850815539,-0.11589382826412653,0.3647800014435304,-0.3177088321879055,0.7507294172118001,0.1577149982126529,0.3235050892628303,0.48751937279267354,0.6259283485078864,-0.07032488629264638,0.23701098666737003,-0.29671572310419064,0.7667054811550503
