symbol,n,nobs,n_regs,regs_used,opt_hac_lag,r2,adj_r2,aic,bic,log_likelihood,fstat,f_pval,durbin_watson,coef_Intercept,stderr_Intercept,tval_Intercept,pval_Intercept,coef_log_daily_return,stderr_log_daily_return,tval_log_daily_return,pval_log_daily_return,coef_ConSIX,stderr_ConSIX,tval_ConSIX,pval_ConSIX,coef_log_diff_AdrActCnt,stderr_log_diff_AdrActCnt,tval_log_diff_AdrActCnt,pval_log_diff_AdrActCnt,coef_log_diff_volume_trusted_spot_usd_1d,stderr_log_diff_volume_trusted_spot_usd_1d,tval_log_diff_volume_trusted_spot_usd_1d,pval_log_diff_volume_trusted_spot_usd_1d,coef_log_diff_TxCnt,stderr_log_diff_TxCnt,tval_log_diff_TxCnt,pval_log_diff_TxCnt,coef_log_UnemRt,stderr_log_UnemRt,tval_log_UnemRt,pval_log_UnemRt,coef_log_IndPro,stderr_log_IndPro,tval_log_IndPro,pval_log_IndPro,coef_log_CPIPrc,stderr_log_CPIPrc,tval_log_CPIPrc,pval_log_CPIPrc,coef_log_TotRes,stderr_log_TotRes,tval_log_TotRes,pval_log_TotRes
1INCH,1616,1616,9,"log_daily_return,ConSIX,log_diff_AdrActCnt,log_diff_volume_trusted_spot_usd_1d,log_diff_TxCnt,log_UnemRt,log_IndPro,log_CPIPrc,log_TotRes",0,0.00481375912844062,-0.0008694110288207657,10035.011454796515,10088.701158818463,-5007.5057273982575,0.6341446939027113,0.7685907546501328,1.9990058929487227,-0.06262335531670238,0.155638730787997,-0.4023635697852398,0.6874710418494261,-0.15254110684047906,0.21280595711808992,-0.7168084432703696,0.4735985130986581,-0.16088063257298885,0.2550182343069509,-0.630859330550246,0.5282239778838971,0.1925954319071681,0.30516808721688765,0.6311126227634922,0.5280584034205684,0.2134184779273759,0.1936226019497732,1.1022394894927496,0.27052586215055424,-0.15277818223381873,0.34425135588590483,-0.4437983456612847,0.6572493072349566,0.9638120215696683,0.7390418739315254,1.3041372289805713,0.19237723151647038,-0.44662336060669156,0.7166531127277616,-0.6232071732818281,0.5332385624959077,1.190209045419331,0.9807500684362731,1.2135701884956516,0.22509373746132574,-0.10075628754585222,0.17107928155667404,-0.5889450004059921,0.5559825714651689
AAVE,1694,1694,9,"log_daily_return,ConSIX,log_diff_AdrActCnt,log_diff_volume_trusted_spot_usd_1d,log_diff_TxCnt,log_UnemRt,log_IndPro,log_CPIPrc,log_TotRes",0,0.014177498998370841,0.008813289500780308,10688.194214251187,10742.364010464999,-5334.0971071255935,2.8374408510737283,0.0025635904617738767,1.9165787234483458,0.05135671711538661,0.15371546132967076,0.3341024817616934,0.7383445826802357,-0.6660431258918451,0.14192323067157067,-4.692981710888177,2.914363239621117e-06,-0.04513563043731199,0.25656862448284073,-0.17592030408352075,0.8603780886899914,0.014292009125016325,0.36609627269534767,0.03903893645185956,0.9688640567549412,0.11230787032638037,0.3466330528874773,0.3239964261655028,0.7459817043037813,0.015073959288942299,0.47924340689192607,0.03145366023228697,0.9749115424945283,0.8322584125223516,0.6153427709660748,1.352511887343251,0.17639649071967486,0.3730874219823762,0.7501212103908315,0.4973695141722343,0.618994609063264,0.3592788877654027,0.8682819065238447,0.41378138259700814,0.6790878654816682,-0.12071521759532462,0.15030535608517173,-0.8031331732910462,0.42201315975554377
ADA,2738,2738,9,"log_daily_return,ConSIX,log_diff_AdrActCnt,log_diff_volume_trusted_spot_usd_1d,log_diff_TxCnt,log_UnemRt,log_IndPro,log_CPIPrc,log_TotRes",0,0.006058571640424226,0.002742977550269976,17227.195017772774,17286.234674113097,-8603.597508886387,1.9367940749669894,0.04284168864971817,2.0758399678316866,0.07250845273461937,0.11094966845794536,0.6535256368260636,0.5134731579521161,-0.15349052906493632,0.105376266193043,-1.4565948729266123,0.14534460650338524,0.052173531193833944,0.15465849805148996,0.3373466822137635,0.7358818141557282,-0.302130918387177,0.22206914576692588,-1.3605263232033165,0.17377707631808934,0.06517209794962286,0.1366981390857235,0.4767592184174021,0.6335721993458464,0.3534301150847707,0.2093253410697085,1.688424885771824,0.09144526045553622,0.603349023670267,0.26514516287647366,2.2755422619244854,0.022951508712183707,-0.0026672503491268484,0.3182489080259467,-0.008381019641737117,0.9933136117350683,0.5191585778682752,0.25409352499728205,2.043179092713317,0.041131677548973934,-0.0736446536823225,0.1999351955306846,-0.36834261965157633,0.7126466745926916
ALGO,2170,2170,9,"log_daily_return,ConSIX,log_diff_AdrActCnt,log_diff_volume_trusted_spot_usd_1d,log_diff_TxCnt,log_UnemRt,log_IndPro,log_CPIPrc,log_TotRes",0,0.008072570862311723,0.0038813282039834585,13736.420098913586,13793.105709993744,-6858.210049456793,1.8009912509935855,0.0633344523328951,2.0522260943969424,-0.094025173151619,0.1278705776970609,-0.7353151510300885,0.4622285372633974,-0.07821596754672303,0.22347129169100993,-0.35000454400590725,0.7263698919480008,0.0032892602917894836,0.1570532560279489,0.020943598209795366,0.9832926095485731,-0.09060528472448089,0.137977065549869,-0.6566691671793343,0.5114646017786677,0.10087104441571894,0.13551735156999764,0.7443404349856768,0.4567526527603024,0.3286920145096716,0.16404084717555062,2.003720537714105,0.045226442069852386,0.558450412942335,0.3533043121244282,1.580649864091264,0.11410659153452381,-0.16460984609203377,0.3582314106871602,-0.459507014687179,0.645917009001079,0.5973763220482011,0.2758864342348971,2.165297919431511,0.03047556829342102,0.19888861255645546,0.2046392361091054,0.9718987244968803,0.33121128747839546
ALPHA,1693,1693,9,"log_daily_return,ConSIX,log_diff_AdrActCnt,log_diff_volume_trusted_spot_usd_1d,log_diff_TxCnt,log_UnemRt,log_IndPro,log_CPIPrc,log_TotRes",0,0.009156626248409072,0.003761834739779757,11136.528815556576,11190.692600348506,-5558.264407778288,0.9169398117034002,0.5092273318995236,2.02218246731924,0.05000289664333055,0.17706428156615325,0.2823996810709047,0.7776724138076317,-0.2030592710546155,0.23294334240428585,-0.8717109875679343,0.3834926540974646,-0.40416131781741055,0.2825502989320512,-1.43040484949055,0.15278985119644067,0.09453768288569986,0.27837842855417655,0.3396013239125726,0.7341999229890199,0.32413164077300816,0.23073542626856086,1.4047762236378052,0.1602757140710432,-0.18267964820595353,0.32737154472350505,-0.5580193243742154,0.5769067546662762,1.6611878952230623,0.7346499736425791,2.261196426628147,0.023876594357390212,-0.4784257214567891,0.8009782953101879,-0.5973017299694909,0.550387756744898,1.5798487539888808,0.9535420607589483,1.6568212551960624,0.09774539296173401,-0.1537293148590586,0.17081980470625074,-0.8999501850702751,0.36827784607300607
ANT,2627,2627,9,"log_daily_return,ConSIX,log_diff_AdrActCnt,log_diff_volume_trusted_spot_usd_1d,log_diff_TxCnt,log_UnemRt,log_IndPro,log_CPIPrc,log_TotRes",0,0.018852874711043244,0.015478658384103672,18496.593035090795,18555.32901298765,-9238.296517545397,1.401103756452959,0.18173196233418779,2.153267923563347,0.024995901469134968,0.15926929995390804,0.15694111468041042,0.8753033627891544,-1.0765144785842724,0.44293111539109126,-2.430433178382041,0.015147575066678643,0.022620970539715457,0.2137194641685337,0.10584422260144324,0.915714061277127,-0.24051555490011553,0.303050785022151,-0.7936476880683065,0.4274725149497789,0.14314885614938277,0.16891749057299799,0.8474483942651324,0.39682273429611314,0.4790522250119477,0.3080377269074498,1.5551738737374834,0.12002558164774814,0.2603408932369866,0.36218826452413094,0.7187999135726865,0.47232838361080987,-0.24855254516748643,0.42275678737910116,-0.5879327135311028,0.556628186099897,0.42661184630472343,0.3162181028787398,1.3491063364842093,0.17741952539250375,0.020768960744102713,0.31419987587920645,0.06610111059396885,0.9473023757026543
BAL,1801,1801,9,"log_daily_return,ConSIX,log_diff_AdrActCnt,log_diff_volume_trusted_spot_usd_1d,log_diff_TxCnt,log_UnemRt,log_IndPro,log_CPIPrc,log_TotRes",0,0.02368391736753095,0.018694226996325947,11248.26692906327,11303.059925441097,-5614.133464531635,2.609648723496667,0.005401163159283218,1.8940251473243968,-0.1421840324771911,0.14308679058945786,-0.9936908354115166,0.32050992219958646,-0.7856397824794011,0.21320350653672304,-3.6849289922165482,0.00023568497778455593,-0.0903016407951362,0.23082030840637063,-0.3912205187602283,0.695681571156954,-0.1976430183954221,0.24885200449149153,-0.7942191134818835,0.42717489536432984,-0.4483258978022175,0.20111445464352284,-2.2292077344558803,0.02592580572742511,0.7262857181163119,0.26543427347826787,2.7362167989800903,0.0062774176125153635,0.47496694868443134,0.6106525244042521,0.7778023175255117,0.4367900428769107,0.16994308028246669,0.6597927083221885,0.2575704128568218,0.7967685601678107,0.12710772052047473,0.5572654673494368,0.22809186638649373,0.819601303721175,-0.0637217949916449,0.14732286274179712,-0.4325316098651016,0.6654080446322233
BAT,2794,2794,9,"log_daily_return,ConSIX,log_diff_AdrActCnt,log_diff_volume_trusted_spot_usd_1d,log_diff_TxCnt,log_UnemRt,log_IndPro,log_CPIPrc,log_TotRes",0,0.004811655428003547,0.001559405935938174,17702.748659085828,17761.993000934704,-8841.374329542914,0.7028066890890208,0.706895922375673,2.0452333979248007,-0.019776962935259153,0.11138116779131606,-0.17756110236079858,0.8590807329094371,-0.3531722187574316,0.2231667521607718,-1.5825485442517997,0.11363922402015333,0.05302012875206148,0.16762344747440652,0.3163049653906971,0.7517950137265459,0.15479163604830398,0.2551308223998754,0.6067147614398926,0.5440902345094782,-0.05773405135063828,0.14552238415109775,-0.39673656865525425,0.6915924704153278,-0.11988385836983277,0.2681464402270618,-0.4470835349084522,0.6548499041246868,0.32550278972128704,0.27722135189039737,1.1741620459667128,0.24043164755783253,0.11269572656919691,0.3230921981302686,0.34880361463806914,0.7272634131839203,0.14281912001495964,0.27086787785282285,0.5272648833338628,0.598052127156578,-0.03530469520446042,0.24388130094724111,-0.14476179628096164,0.8849095392729134
BCH,2860,2860,9,"log_daily_return,ConSIX,log_diff_AdrActCnt,log_diff_volume_trusted_spot_usd_1d,log_diff_TxCnt,log_UnemRt,log_IndPro,log_CPIPrc,log_TotRes",0,0.0013181344416514085,-0.0018691481080030936,18268.426529516644,18327.906849423016,-9124.213264758322,0.6044638393370854,0.794233199460404,1.977295095837474,0.0069391810344130896,0.11354725406434345,0.061112715508566035,0.9512737731997472,0.11841152545451761,0.07970224942654489,1.4856735701499608,0.1374772634818324,0.17644786850666896,0.17094077530864435,1.0322163813056378,0.3020592778265302,-0.1284569243191176,0.21174496600247084,-0.6066586929751078,0.5441262751806122,0.04409487918483261,0.14816165600558165,0.29761329870105824,0.7660202457357793,0.09714847270940667,0.1777908171616476,0.546420080971219,0.5848204376712859,0.2733365467787503,0.2523149195230047,1.0833150385854569,0.2787612274788232,0.09599262449140594,0.334271422285871,0.2871697013013349,0.7740034832665449,0.33110148942843365,0.23002057720534944,1.4394429118089067,0.15013606340522845,-0.09434375322842416,0.20968938664591608,-0.4499214516170726,0.6528016609837122
BNB,2877,2877,9,"log_daily_return,ConSIX,log_diff_AdrActCnt,log_diff_volume_trusted_spot_usd_1d,log_diff_TxCnt,log_UnemRt,log_IndPro,log_CPIPrc,log_TotRes",0,0.008708467146796073,0.005563728410215463,18037.554711607518,18097.094922480297,-9008.777355803759,1.9940330619601996,0.03621041259524092,1.9734282144395252,0.3149101513852026,0.10632233710221262,2.96184376649344,0.003083415420185282,0.2952574429769747,0.23962049796443652,1.2321877530727592,0.21798106745395313,0.13856770363794224,0.13311192375601708,1.0409864099922794,0.29797055883045787,-0.11338350318188403,0.49860870849197864,-0.2273997650879539,0.8201292883833712,0.1217164617340557,0.12149340972396691,1.0018359185950543,0.3165082863025635,-0.19296553603461788,0.511562460432375,-0.37720816314692546,0.7060471278860864,0.42095879218791793,0.24882412675542942,1.6917925029098186,0.0907953633422083,0.24664406443311873,0.3090580669124767,0.7980508869971246,0.42490775481300913,0.12364171606397116,0.1943350175977135,0.6362297314831741,0.5246780211758393,-0.2553194002800543,0.1885283145901493,-1.3542761512248456,0.17575614600295733
BSV,2389,2389,9,"log_daily_return,ConSIX,log_diff_AdrActCnt,log_diff_volume_trusted_spot_usd_1d,log_diff_TxCnt,log_UnemRt,log_IndPro,log_CPIPrc,log_TotRes",0,0.004145082018492285,0.00032954593427192425,15343.288008414322,15400.947939208398,-7661.644004207161,1.054851853719554,0.3934432807670904,2.0797987406712495,-0.03726589539512517,0.12696600647914164,-0.2935108099288554,0.7691576666185918,0.12211999146583977,0.1867168484522431,0.6540384141984628,0.5131510800704187,0.07582391037163339,0.1783920010205501,0.4250409768255178,0.6708457346007789,-0.18525940318033027,0.17328856495105507,-1.0690803702636484,0.28514330172260566,-0.06777327418744841,0.12522738683881718,-0.5412016963564115,0.5884198886541165,-0.2560644033958454,0.1457234989061072,-1.7571936257228715,0.07901507189666149,-0.06201060305367803,0.37159672010940364,-0.16687607747296904,0.8674819197340667,-0.18444166668780612,0.46133512661101345,-0.39979974653723444,0.689340367263608,0.1231945074488342,0.2326624862340351,0.5294988007861005,0.5965095125541315,0.001959479222196067,0.23570293162283582,0.008313342599113541,0.9933676946295025
BTC,3803,3803,9,"log_daily_return,ConSIX,log_diff_AdrActCnt,log_diff_volume_trusted_spot_usd_1d,log_diff_TxCnt,log_UnemRt,log_IndPro,log_CPIPrc,log_TotRes",0,0.0034498578115613743,0.0010664001236273535,20477.580022310074,20539.93627950972,-10228.790011155037,1.547360808553563,0.12543697959166583,2.039587032258604,0.15633391565185334,0.05868736522102583,2.663842806080581,0.007758299203094822,-0.08928546872392976,0.08567970017700759,-1.0420842806344202,0.297439549880811,0.10712593577055139,0.10273694552572259,1.0427206612224025,0.2971446689597043,0.11727246158519689,0.06879318268462987,1.7047105106738796,0.08833097365798276,-0.0032329458990624366,0.06820156793484283,-0.04740280901094634,0.9621947057603067,-0.08837013464651869,0.060170534766275874,-1.4686612806381107,0.14200827040811062,0.3078423998493298,0.11964326555296773,2.573002320076626,0.010120028755395069,0.08089795652565071,0.19914855110038077,0.406219156898983,0.6846046782846898,0.3734014812559677,0.1731773309173749,2.156179906907806,0.031132799148214135,-0.2036889687818593,0.14778600314494114,-1.3782696902770373,0.1682019773686291
BTG,2775,2775,9,"log_daily_return,ConSIX,log_diff_AdrActCnt,log_diff_volume_trusted_spot_usd_1d,log_diff_TxCnt,log_UnemRt,log_IndPro,log_CPIPrc,log_TotRes",0,0.003535824210280092,0.00025678304680387676,18666.603619763373,18725.77898330281,-9323.301809881686,0.7578079892941769,0.6558022173285434,2.0273472020911663,-0.19402497007420805,0.1384757045205448,-1.401148098476883,0.1612832462977695,0.10375059785220095,0.15790799610702266,0.6570319452466716,0.5112156586939982,0.009516432425278082,0.2031082827407142,0.04685398496242841,0.9626330232457055,-0.3693410627548769,0.4150537058054591,-0.8898633058537049,0.37361755336375324,0.08263052793389383,0.1437683655169063,0.5747476340626337,0.5655092588774089,0.23365100454674417,0.2888534158657377,0.8088912635720665,0.4186480526896501,0.264259632037603,0.31007405894416734,0.8522468243149169,0.39415173309924834,0.018756586442316155,0.4017777983123937,0.046683979356500864,0.9627685073853318,-0.01910360745100921,0.29597403543934386,-0.06454487611608166,0.9485410926039888,0.07242827491721883,0.24763346216995658,0.2924817764228876,0.7699404770012623
BUSD,2080,2080,9,"log_daily_return,ConSIX,log_diff_AdrActCnt,log_diff_volume_trusted_spot_usd_1d,log_diff_TxCnt,log_UnemRt,log_IndPro,log_CPIPrc,log_TotRes",0,0.2011208564164968,0.19759638960656956,8115.652146835337,8171.908097556661,-4047.8260734176683,1.6673299669259187,0.09157875191204755,2.3268661188792668,-0.0005723825589946246,0.04010165486191067,-0.014273290241153732,0.9886133444597259,-0.865589781399346,0.3157196906330038,-2.741640154479682,0.006166684265137363,0.005966074167302202,0.05015314426603049,0.11895713129481927,0.9053210311465473,-0.053037435956834966,0.10515322952782205,-0.504382377935449,0.6140471706280508,-0.009189450559633055,0.014049375306065417,-0.6540825025626422,0.5131323792817434,0.08346168033705595,0.11711198039492754,0.7126656047964066,0.4761342087678817,-0.00994381745803348,0.049888245483417144,-0.19932185150385384,0.8420308512562228,0.010080341856113902,0.025292988488202703,0.39854293456922385,0.6902717252149573,-0.01661892809327814,0.11295110269769996,-0.1471338277923386,0.8830409287632393,-0.010555264585250662,0.014589770502191965,-0.7234702275587434,0.46947398376009764
COMP,1808,1808,9,"log_daily_return,ConSIX,log_diff_AdrActCnt,log_diff_volume_trusted_spot_usd_1d,log_diff_TxCnt,log_UnemRt,log_IndPro,log_CPIPrc,log_TotRes",0,0.028011637887500607,0.023063733329235614,11327.479816993899,11382.312261154637,-5653.739908496949,6.851574912689441,9.683163292243505e-10,2.135513886936147,-0.07842617292061001,0.13822098132571667,-0.5673970201079628,0.570516509662095,0.9558882079871863,0.12587477371263023,7.5939616794820335,4.995155573868234e-14,0.07525628881729496,0.20215809245117802,0.3722645376438227,0.7097405147135177,-0.1642649770007314,0.2557287794166533,-0.6423405976262768,0.5207353405844029,-0.046543873308684314,0.22622276129250254,-0.205743546947974,0.8370149274051719,0.008024548722886297,0.30787169876622317,0.026064587147971642,0.9792087642985273,0.5764468501287202,0.5829596422300539,0.9888280566448482,0.32288257947363064,0.7468766712448853,0.6834825996373464,1.092751551599376,0.27465177150699344,-0.10804058109074116,0.46917902098588077,-0.23027581425895102,0.8179040933634338,-0.19140210420151235,0.14869365864664838,-1.287224391030388,0.19818457595838856
CRO,2264,2264,9,"log_daily_return,ConSIX,log_diff_AdrActCnt,log_diff_volume_trusted_spot_usd_1d,log_diff_TxCnt,log_UnemRt,log_IndPro,log_CPIPrc,log_TotRes",0,0.004215521831527624,0.00018581845764442662,13714.161518984303,13771.277008780595,-6847.080759492152,1.4027123486713566,0.18113548050999687,2.1223962154808786,0.015546059726587076,0.10849399188979537,0.1432895910252639,0.8860744570172916,0.013091430954661157,0.13732910636551313,0.095328887670886,0.9240621862622689,0.11825004255940996,0.14580169687979885,0.8110333767713082,0.4174332865342544,-0.0662936287305727,0.29565068983839604,-0.22422957567529808,0.8225992680575442,-0.05874974901526556,0.14522965932632165,-0.4045299650759262,0.6858619477914338,-0.02739686823857347,0.3352054566124749,-0.08173156999125615,0.9348675275843629,-0.05870884463015002,0.2718699856085208,-0.21594456077504567,0.8290507649438127,-0.5773291019379811,0.28488751353619146,-2.0265159914235364,0.042831052620045856,0.2832215424725325,0.24529024991943205,1.1546384031389725,0.24836258167994613,0.3494777785723109,0.1846673872662913,1.8924715606029674,0.05855793427686554
CRV,1750,1750,9,"log_daily_return,ConSIX,log_diff_AdrActCnt,log_diff_volume_trusted_spot_usd_1d,log_diff_TxCnt,log_UnemRt,log_IndPro,log_CPIPrc,log_TotRes",0,0.010188091857207149,0.004978555498560855,11808.90523047344,11863.406026171515,-5894.45261523672,2.3532512796777385,0.012247305871740673,2.00065040780607,-0.16505577767503238,0.18999784383306784,-0.868724477842235,0.38511975701522805,-0.40064204467179876,0.14869571566303608,-2.69437517338903,0.007121071386749217,0.11450856198340321,0.2884864913191171,0.39692867925914943,0.691469587133346,-0.05612042676532776,0.35803932386174747,-0.15674375138468863,0.8754653078576022,0.5589754239843893,0.26729389424785066,2.091239029448515,0.03665389470613978,-0.2453641760169889,0.4366810154664338,-0.5618842297389711,0.574268535719479,0.03512492262276648,0.7322913351189454,0.04796577664961879,0.9617491186877651,1.2527567909205313,1.0193461872915524,1.2289807001183388,0.21924813491986408,-1.0160455980717193,0.9939584922765943,-1.0222213562907805,0.3068207354438398,0.16772793708487438,0.2020526436404423,0.8301199829057937,0.40658682480343666
CVC,2819,2819,9,"log_daily_return,ConSIX,log_diff_AdrActCnt,log_diff_volume_trusted_spot_usd_1d,log_diff_TxCnt,log_UnemRt,log_IndPro,log_CPIPrc,log_TotRes",0,0.007266396616616322,0.00405135436024695,18704.733187137725,18764.067571014,-9342.366593568862,1.4839199238234495,0.14781297598406312,2.0082049268063,-0.044012256408273845,0.12928194520808303,-0.34043621742722735,0.73355377954288,-0.37334350141669453,0.3103683971038247,-1.2029043707430154,0.2291158003405706,0.029558019968246432,0.19006298929500395,0.1555169687580169,0.8764250722926283,-0.487895212332914,0.29531490232379026,-1.6521184962009607,0.09862336804022892,0.28394811813814874,0.17102428081826895,1.6602795625252362,0.09697104221371716,0.16164253421210806,0.2930371547331264,0.5516110554626374,0.5812592105463962,0.5576354840805557,0.39160653337612694,1.4239687966210786,0.15456777395656981,0.18986229212335004,0.4296908244765517,0.4418579157575445,0.6586264060961873,0.31356179678495755,0.30420893535723686,1.030744860984236,0.30275017853503844,-0.01659792427889445,0.3247725315910892,-0.05110630568903028,0.9592444842732428
DAI,2019,2019,9,"log_daily_return,ConSIX,log_diff_AdrActCnt,log_diff_volume_trusted_spot_usd_1d,log_diff_TxCnt,log_UnemRt,log_IndPro,log_CPIPrc,log_TotRes",0,0.0044947697600601355,-3.254053410839397e-05,1262.0573979537512,1318.011270742291,-621.0286989768756,0.4032484471817688,0.9339057676995064,2.6146065462907897,0.0036542498984236203,0.007653338837059845,0.47747133326027674,0.633079256452703,-0.01502213277243552,0.016878796015119733,-0.8900002558819334,0.3735739254456373,-0.002601102023859985,0.008780668213694729,-0.29623053286573203,0.7670851148676149,0.007538705753053242,0.009411703369739005,0.8009927063035239,0.42323202108968117,0.010589245812061623,0.009547373356642321,1.109126606502138,0.2675103304527819,-0.023665821346909775,0.017417704112588753,-1.3587222055176122,0.17438947265933474,-0.004275813335792175,0.0248223919409325,-0.1722562976995498,0.8632536532596645,-0.00962408035131676,0.025457847407977307,-0.3780398317691629,0.7054415478448111,0.007441685795722689,0.01929848645301084,0.3856098152485777,0.6998271074534259,0.006280283135520067,0.007601488281354411,0.8261912540107296,0.40879520047997586
DASH,3803,3803,9,"log_daily_return,ConSIX,log_diff_AdrActCnt,log_diff_volume_trusted_spot_usd_1d,log_diff_TxCnt,log_UnemRt,log_IndPro,log_CPIPrc,log_TotRes",0,0.004175666210149753,0.0017939444445084218,23665.46387511646,23727.820132316105,-11822.73193755823,1.7644577787115856,0.06983214095673433,2.0035265587079665,0.07208555645712098,0.0897140329011689,0.803503689735274,0.4217344159376104,-0.21531468529455283,0.13651803832609785,-1.5771885381200323,0.11483620585705795,0.030831117917469196,0.15666550093043866,0.19679583401810063,0.8439979390381502,0.11850346383919774,0.10711074905217756,1.1063638793289585,0.2686397757641706,-0.029169579478860383,0.1013375624607575,-0.287845679040841,0.7734807210235565,-0.12263183507669836,0.14742278073051643,-0.8318377558002041,0.4055533121945333,0.3175815696010944,0.19746953062063038,1.60825606159574,0.10786299887682095,-0.037402972409141866,0.31294946467264523,-0.11951761108863543,0.9048716684152045,0.4123711545019002,0.2539462684446451,1.6238519944694065,0.10449115604505231,-0.3416626163631766,0.241686008578632,-1.4136632003338223,0.15754353386062117
DCR,3301,3301,9,"log_daily_return,ConSIX,log_diff_AdrActCnt,log_diff_volume_trusted_spot_usd_1d,log_diff_TxCnt,log_UnemRt,log_IndPro,log_CPIPrc,log_TotRes",0,0.01322363871227572,0.010500244890874422,21205.24090705809,21266.169417333476,-10592.620453529045,2.938528336427534,0.0017777767975012705,2.094521540557388,0.06708341353544238,0.10770841582462308,0.622824252142668,0.5334435704912073,-0.4381554013551382,0.28505568465643266,-1.537087049792503,0.12436900995113426,0.1768080220491559,0.177456998701845,0.9963429075357041,0.3191574865555628,0.26232440786675704,0.2785037903476717,0.9419060600190862,0.3463105074090117,-0.2861142291383884,0.12846602537591473,-2.227158723881794,0.026004681411481666,-0.41182790743774866,0.3195870303729586,-1.288625220357487,0.1976198241455951,0.8126348525573652,0.2381668071557828,3.4120407552250884,0.0006526363497619349,0.6616412740888182,0.3139191753927739,2.1076803392496695,0.03513478374266435,0.4864364720639248,0.272058601915965,1.78798416458149,0.07387138126024832,-0.635526813183779,0.2749966975238202,-2.311034346616943,0.02089303427845093
DGB,3763,3763,9,"log_daily_return,ConSIX,log_diff_AdrActCnt,log_diff_volume_trusted_spot_usd_1d,log_diff_TxCnt,log_UnemRt,log_IndPro,log_CPIPrc,log_TotRes",0,0.0025160490268171243,0.00010472601882394184,25931.197988781652,25993.447663570798,-12955.598994390826,1.133341769876359,0.33487585039744455,2.059667504532809,0.11884312208786058,0.12764980525431222,0.9310090356275406,0.3519092555534513,-0.06309202205911496,0.1227466520542167,-0.5140019788991677,0.6072811126635891,-0.0227312405235153,0.18375098551412797,-0.12370676793876338,0.9015541306649519,0.1191857925734888,0.12315857759748577,0.9677425226768933,0.3332358361009825,0.07478480486799766,0.14791798091636052,0.5055829210532853,0.6131794039770797,-0.021152116485828903,0.1395553374241241,-0.15156795057967065,0.8795359251545051,0.5618163788213306,0.2555191307662013,2.1987253053681908,0.02795876632872901,-0.001276025900632305,0.4321994591589002,-0.002952400503035262,0.9976444868228758,0.698591400741515,0.38284015868239823,1.8247599811519826,0.06811735593052573,-0.518384557740093,0.28734675078350447,-1.8040383485340303,0.07130608971303651
DOGE,3803,3803,9,"log_daily_return,ConSIX,log_diff_AdrActCnt,log_diff_volume_trusted_spot_usd_1d,log_diff_TxCnt,log_UnemRt,log_IndPro,log_CPIPrc,log_TotRes",0,0.0053766578526593944,0.0029978085092298157,25057.71301774519,25120.069274944835,-12518.856508872595,1.6645280120706802,0.09190437557160124,1.9944316133845499,0.1858134851489485,0.10757696191864355,1.7272609472785847,0.08420286663619891,0.0030437382326480716,0.24116765219329114,0.012620839507151545,0.9899309633834141,0.2294448800872037,0.1750510865164615,1.3107309680458745,0.19002865911333114,-0.027653499407181696,0.10730739575764243,-0.257703574035457,0.7966497789933435,0.30784924009449643,0.13758492658695565,2.2375215638170314,0.02531057912560258,0.014468332144973964,0.09103187690145514,0.15893698600366535,0.873727049576233,0.7253825407172384,0.27050776461090575,2.6815590368010973,0.00735998895598386,0.6542809827887979,0.36414670027950047,1.7967510958814266,0.07245530950089711,0.37600550859639326,0.2693116930179252,1.3961722359057267,0.16274499045773144,-0.3767515021208832,0.21737721314508707,-1.7331692529769565,0.0831475091757357
DOT,1745,1745,9,"log_daily_return,ConSIX,log_diff_AdrActCnt,log_diff_volume_trusted_spot_usd_1d,log_diff_TxCnt,log_UnemRt,log_IndPro,log_CPIPrc,log_TotRes",0,0.006739457944699656,0.0014964404206539994,10643.274054227757,10697.745737823758,-5311.6370271138785,0.6271682926992256,0.7746858613386461,2.0402187337640187,0.06271023822881133,0.13502397489560194,0.4644378028220376,0.6423934083826628,-0.07942001800266402,0.14485436018313178,-0.5482749563234234,0.5835748972913952,-0.1943839088463535,0.20937725111288807,-0.9283907769977803,0.3533363094634342,0.14011860238492402,0.20231516464960958,0.6925758759982029,0.48867006881623976,0.006012652731250387,0.12516262764629177,0.04803872245509321,0.9616910083600556,-0.13215934918966804,0.2191270947982678,-0.6031173338529232,0.5465108519725964,0.6811604103493045,0.5034143892131135,1.353080930829223,0.17620915492023478,-0.9021034982519062,0.7772786907982965,-1.1605920874087126,0.24597029865842887,1.245722395280954,0.7389282637441001,1.6858502460969105,0.09200761564719331,0.08767560064332064,0.14840138316187337,0.5908004277000962,0.5547324527158437
DRGN,2705,2705,9,"log_daily_return,ConSIX,log_diff_AdrActCnt,log_diff_volume_trusted_spot_usd_1d,log_diff_TxCnt,log_UnemRt,log_IndPro,log_CPIPrc,log_TotRes",0,0.00985522271622985,0.006511394200074627,19254.68269672492,19313.599743318224,-9617.34134836246,2.0302388592630676,0.03255712890580563,2.003403844731678,-0.10782456582019183,0.1717779934700506,-0.6276972017314371,0.5302560976786392,-0.6466479347228273,0.263636405842062,-2.4528021183471074,0.01423849324441353,0.25531168757773226,0.2922087636837652,0.8737304260115766,0.38234380072725416,0.18151497260018373,0.37894127603007044,0.47900554540218476,0.6319739829053237,-0.27887107365786973,0.18989216282775767,-1.4685760039018603,0.14206584719345142,0.0999805973193825,0.4186177638115365,0.23883505661358936,0.8112518494060929,0.4365065883057522,0.3764666438388232,1.1594827734396407,0.24636332727600194,-0.47614605992794196,0.47913764780413637,-0.99375630804654,0.32043174072851616,1.1265327353821664,0.468694417480168,2.403554839502294,0.016304438797575527,0.12282340392195423,0.30926751652879736,0.3971429178871347,0.6912938754484289
ELF,2717,2717,9,"log_daily_return,ConSIX,log_diff_AdrActCnt,log_diff_volume_trusted_spot_usd_1d,log_diff_TxCnt,log_UnemRt,log_IndPro,log_CPIPrc,log_TotRes",0,0.004337714331352327,0.0009903252499112725,17730.311192251298,17789.272998337452,-8855.155596125649,1.148448245896404,0.32446626607732926,2.1217854644524943,-0.04271389681261757,0.1249328053883412,-0.34189496249480406,0.7324567775888466,0.06335937438342844,0.39345405858273885,0.16103372935497295,0.872078986219363,-0.10722697226116445,0.17526981764404437,-0.611782300583731,0.5407337534572307,-0.11949445308527806,0.23597050193269795,-0.506395723645829,0.6126205775909443,-0.3532815898202598,0.16389477342543704,-2.1555390842343316,0.031208544816524242,0.05143041217540589,0.2379359652459962,0.2161523253629742,0.8288854824773499,0.187724141180852,0.37981086191533286,0.49425690522431487,0.6211653099668321,-0.10819165644491124,0.38604967280035607,-0.280253200734772,0.7793049072092284,0.14018022286943066,0.2890948990651667,0.48489344959985525,0.6277916032614794,0.07868657311396028,0.2763376168665939,0.2847479615920238,0.7758592682940654
EOS,2548,2548,9,"log_daily_return,ConSIX,log_diff_AdrActCnt,log_diff_volume_trusted_spot_usd_1d,log_diff_TxCnt,log_UnemRt,log_IndPro,log_CPIPrc,log_TotRes",0,0.008113077032482097,0.004553674198866542,15641.277556708443,15699.589758854485,-7810.638778354221,1.5915560496886716,0.11194216031263078,2.011497323867291,-0.11385493098241607,0.10637040988044907,-1.070362811522292,0.28455902817665146,-0.3545766207571376,0.17358441577364744,-2.0426754278419925,0.04118893137938672,0.06774630806172832,0.16480191812607053,0.4110771818195927,0.6810510619529326,0.08064072160510363,0.09733813662726212,0.8284596808535789,0.4074890503121147,-0.11807208937010696,0.11297610162437237,-1.0451067763222877,0.2960743396452237,-0.23897332841140412,0.10166535713425393,-2.3505876057252078,0.01882085327751904,0.2952827952095848,0.2694170391596954,1.0960063852329607,0.27318121067485956,0.037285297202329516,0.31413296842612937,0.1186927223498269,0.9055283079302934,0.30727698453621566,0.23296925616946465,1.3189593751061242,0.18730310740500322,-0.026652668525714393,0.2009636447745604,-0.13262432892085116,0.8945011298372378
ETC,3232,3232,9,"log_daily_return,ConSIX,log_diff_AdrActCnt,log_diff_volume_trusted_spot_usd_1d,log_diff_TxCnt,log_UnemRt,log_IndPro,log_CPIPrc,log_TotRes",0,0.0068173130525627235,0.0040169859277108255,21068.723308902285,21129.43861783785,-10524.361654451142,1.3052103560119688,0.22847510377168814,1.8459025827183626,0.10744467005610354,0.11418620439167364,0.9409601678986916,0.3467964747702893,-0.4815645108834329,0.3033230504799601,-1.5876291304648105,0.11246927038973978,0.10198913974378096,0.20871616946922383,0.4886499211016793,0.6251231327969882,-0.04754066974851792,0.09250115479546142,-0.5139467702175163,0.6073247823876252,0.07777604151238604,0.1153787615527787,0.6740932253533357,0.5003008580554209,0.1383871730197115,0.10345427296647047,1.337665125388903,0.18110092157509133,0.40551543497278003,0.282961039528118,1.4331140274613097,0.15192318632698046,0.14952168764439971,0.4335344479139791,0.3448899813240849,0.7301998054780039,0.2849893089633078,0.2542504439394873,1.1208999463188214,0.2624147755407176,-0.241058966400463,0.2546540122705667,-0.9466136592591397,0.3439073337616594
ETH,3584,3584,9,"log_daily_return,ConSIX,log_diff_AdrActCnt,log_diff_volume_trusted_spot_usd_1d,log_diff_TxCnt,log_UnemRt,log_IndPro,log_CPIPrc,log_TotRes",0,0.004548880254817367,0.0020209287656225428,22208.041641050673,22269.79993113782,-11094.020820525337,1.9726778596653145,0.0384729908101164,2.0340431119970663,0.21314137302827074,0.09186838670763141,2.32007310312945,0.020393447488428976,-0.17221359904571099,0.1485522323780293,-1.1592797784921147,0.2464202624308359,0.05110223283381316,0.1450795875678617,0.35223585681831243,0.7246823318180686,-0.007882317933719903,0.08517020165183846,-0.09254783692941694,0.9262680168573497,0.06756837204105703,0.11276037193837676,0.5992209042905868,0.5490638866560433,0.05006218167919508,0.15627754702791555,0.320341486229321,0.7487283626364972,0.48605203013933523,0.21553144270323543,2.2551328198019753,0.02418576319101256,0.04852853642631477,0.36348332500336805,0.13350966354746838,0.8937979025762378,0.43925812281983,0.22514015518653618,1.9510429956659214,0.05113062633636292,-0.3328929397053876,0.24785722494555829,-1.343083461773234,0.17933095243021258
FTT,2111,2111,9,"log_daily_return,ConSIX,log_diff_AdrActCnt,log_diff_volume_trusted_spot_usd_1d,log_diff_TxCnt,log_UnemRt,log_IndPro,log_CPIPrc,log_TotRes",0,0.005872598877561641,0.0015523928852381186,14106.317037232158,14162.723075496095,-7043.158518616079,0.7970257912793525,0.619120206433383,1.956527697823439,-0.02029970734234343,0.15790672894545588,-0.12855504941372925,0.8977222186844136,0.33612725553955336,0.9050121771039621,0.37140633468066714,0.7103728995794717,0.31037174883497876,0.21570120862356087,1.4388966608742362,0.1503309138346011,-0.07419585293836489,0.34311382889818803,-0.2162426771798259,0.8288198853091953,-0.09054334431549388,0.26349295367603653,-0.34362719401907243,0.7311615520197157,-0.07149345517600378,0.2931532990131082,-0.24387736865552717,0.8073499529812039,0.3292905241989522,0.2531169514430834,1.3009422020990067,0.19342296291617309,0.03649451784411692,0.28347192056387877,0.12874120925812504,0.8975749270570427,0.11375163475829796,0.2866437226386495,0.3968397902147545,0.6915264951298894,0.17815055718430517,0.2153091543780551,0.8274174765068083,0.4080958057574141
FUN,2828,2828,9,"log_daily_return,ConSIX,log_diff_AdrActCnt,log_diff_volume_trusted_spot_usd_1d,log_diff_TxCnt,log_UnemRt,log_IndPro,log_CPIPrc,log_TotRes",0,0.007340812092952009,0.004136388602577812,18653.737247540168,18713.103849092422,-9316.868623770084,1.2693253904635438,0.24833836895816933,2.0908749848845836,-0.059468227241480875,0.12778783284471742,-0.465366896970107,0.6417050827754175,-0.36751213825124485,0.3107812108497799,-1.1825429769268985,0.23709116148113088,-0.09793817239727176,0.13500876636779377,-0.725420837714097,0.4682547765891475,-0.02968612317610493,0.20115804784937713,-0.14757611486831126,0.8826879773971532,-0.3321799641580848,0.16507403687252287,-2.0123089642171177,0.04428338130965304,0.23627752824534357,0.24132651951877157,0.9790781747339821,0.3276263029298413,0.5842021567471808,0.3272790951140339,1.7850274138151938,0.0743655566174304,0.2601267332103169,0.3917594851688394,0.6639960053505997,0.506747773455775,0.29255173010270075,0.2630998406813638,1.111941874784355,0.266259015682953,-0.18008000395620255,0.22892262048224538,-0.7866413706817107,0.43155869220678567
GAS,2853,2853,9,"log_daily_return,ConSIX,log_diff_AdrActCnt,log_diff_volume_trusted_spot_usd_1d,log_diff_TxCnt,log_UnemRt,log_IndPro,log_CPIPrc,log_TotRes",0,0.02637780080795815,0.023262763554944055,19152.13460080292,19211.590155085458,-9566.06730040146,2.314958149616539,0.013646472780843211,2.1940125603177707,-0.03505406034805611,0.1347956436324807,-0.26005336228543663,0.7948416441103626,1.1047900127135744,0.4017710568351032,2.7497999020049058,0.006001296211420752,-0.1719562705475412,0.19310624496107284,-0.8904749330204461,0.3732870737870494,-0.2214590805422489,0.14372417300468016,-1.54086174867075,0.12346291369914059,-0.3082114713968137,0.14413712966613554,-2.138321139811256,0.0325766034049894,-0.2583125528465381,0.1361634759275167,-1.8970766652875728,0.05792014912661194,0.3221063974725539,0.30673320562807893,1.0501190988207363,0.29375356525019625,0.00770717332548998,0.3755240050193484,0.020523783359982214,0.9836269952858073,0.23404527256527602,0.2501891080992784,0.9354734678234022,0.3496246484128269,-0.1268453922755837,0.2545022256287676,-0.49840582714827836,0.6182369963666614
GNO,2951,2951,9,"log_daily_return,ConSIX,log_diff_AdrActCnt,log_diff_volume_trusted_spot_usd_1d,log_diff_TxCnt,log_UnemRt,log_IndPro,log_CPIPrc,log_TotRes",0,0.00813057126784611,0.0050639876681932705,18466.64731108329,18526.444124107165,-9223.323655541644,4.507537755220428,6.603646392746452e-06,2.007529780882825,0.013509090870412872,0.10482509933931737,0.1288726741549191,0.8974673020064374,-0.35674253374724557,0.07122936070709238,-5.008363548484359,5.817004713842524e-07,0.020304978004896196,0.15601281019641952,0.130149427981794,0.8964571972241426,-0.16782852209646631,0.17576225723454378,-0.9548609851574085,0.3397272866303034,0.13929703473107286,0.13561140737134925,1.027177856429372,0.30442206574300434,0.11062994595382894,0.20198665608448008,0.5477091808854859,0.5839335986208145,0.43823662104873506,0.2610802670998981,1.6785512973335934,0.093346856416623,-0.1432307837337624,0.3011323251197549,-0.47564067948136124,0.6343660786277524,0.39655975934495735,0.25374199604002073,1.5628463775559294,0.11819743109063936,0.044388109391238564,0.23312412764611876,0.1904054712801735,0.8490046873957652
GNT,3023,3023,9,"log_daily_return,ConSIX,log_diff_AdrActCnt,log_diff_volume_trusted_spot_usd_1d,log_diff_TxCnt,log_UnemRt,log_IndPro,log_CPIPrc,log_TotRes",0,0.0038636361130138797,0.0008581961951515948,19960.1816081392,20020.221923217727,-9970.0908040696,1.4139786516802622,0.17599807062164521,2.109618982734667,0.08329623039264202,0.12369617715047208,0.6733937322195096,0.5007490031051633,0.16320215862536908,0.16767057030070154,0.9733500538149373,0.3304582738909485,-0.03462931495166116,0.19852277036796406,-0.17443497734529576,0.8615354650053164,-0.3166007718946494,0.15333165496318618,-2.0648102439816682,0.039027191589990934,-0.16544848494213207,0.12856874532241241,-1.2868484057088383,0.1982469815982504,0.1767561812174514,0.1540190063385418,1.1476257730746042,0.25121511553050513,0.4581315479617874,0.3005118074806373,1.524504317492769,0.12748878493245566,-0.0007702808400939232,0.3507851043602984,-0.0021958767077599516,0.9982480921164333,0.4064501612720059,0.31123955925684327,1.3059077780552706,0.1916846166993073,-0.2497957708136456,0.2946871681325159,-0.8476642277865204,0.3966930000887985
GUSD,2449,2449,9,"log_daily_return,ConSIX,log_diff_AdrActCnt,log_diff_volume_trusted_spot_usd_1d,log_diff_TxCnt,log_UnemRt,log_IndPro,log_CPIPrc,log_TotRes",0,0.13399903791076873,0.13076366694405928,8180.8999337247515,8238.811028830853,-4080.4499668623757,1.3628642771270332,0.19945032026219414,2.7903368392207804,-0.009890216615724635,0.02635830500145086,-0.37522202642318014,0.7075283826176237,0.510056520937463,0.21923303240199438,2.3265495867529813,0.02007179811675027,-0.019675910575790823,0.029638020332038665,-0.6638739819785192,0.5068344993123987,-0.06159202935531525,0.06963462402184153,-0.8845029354362041,0.37651304772515837,0.018912820146722777,0.05310585089813423,0.35613439624572973,0.7217711045162643,0.06540156257209798,0.049496710359504294,1.3213315005598074,0.18651633506164328,0.02070865905727757,0.055214196677916494,0.37506040662111484,0.7076485588087784,-0.010700118616311156,0.08701781729752686,-0.12296468641273613,0.9021453192071464,0.023335600333380002,0.05332108701816014,0.4376429971398059,0.6616843301803182,0.02253066627632788,0.03360200047060391,0.6705156229028214,0.5025934249011934
HEDG,817,817,9,"log_daily_return,ConSIX,log_diff_AdrActCnt,log_diff_volume_trusted_spot_usd_1d,log_diff_TxCnt,log_UnemRt,log_IndPro,log_CPIPrc,log_TotRes",0,0.022156473008552058,0.011251154863666124,6332.145821075078,6379.202212023678,-3156.072910537539,1.4858457943229721,0.1486362022537729,2.0247546873461113,-0.03395972580465034,0.40551475096591466,-0.08374473610086951,0.9332801564486054,-1.6657525701656346,0.6078652667606075,-2.7403318815082907,0.006273314629133612,0.11053406638029228,1.0198782594997156,0.1083796672305898,0.9137214699255268,0.3063118349972599,0.7916283946465834,0.38693891865009533,0.6989034407243995,0.6367384498091191,0.4942826353998677,1.288207200105273,0.19804307491746764,0.4523987234443576,0.8135809666460576,0.5560586370516339,0.5783249059880118,-0.23742641755473587,0.8474749067916578,-0.2801574603000068,0.7794284994957343,-0.0087863904714207,0.642048781369076,-0.013684926638572532,0.9890847315019393,-0.13788773684125943,1.6188070894635767,-0.08517860944564508,0.9321405227463677,-0.017920687088607445,1.495768186672683,-0.011980925418979382,0.9904437944277018
HT,2278,2278,9,"log_daily_return,ConSIX,log_diff_AdrActCnt,log_diff_volume_trusted_spot_usd_1d,log_diff_TxCnt,log_UnemRt,log_IndPro,log_CPIPrc,log_TotRes",0,0.0033942546812952834,-0.00061354322213103,13603.106566455417,13660.284528565553,-6791.553283227709,1.0562668390137535,0.39236086477821486,2.038517005382972,-0.07644161766266597,0.10446714757961598,-0.7317287724775741,0.4644107427684704,-0.03896376073878245,0.20280105147592534,-0.19212800158192408,0.8476593720055723,0.08840845996822247,0.14715648794399394,0.6007785399300214,0.5480483356727714,-0.05961435177600882,0.22353692120178337,-0.26668682495718843,0.7897348680031107,-0.07942257258673861,0.0889182480811937,-0.8932089228098116,0.3718413357866709,0.1795042814322717,0.2262747692552999,0.7933022405593163,0.42768584667111464,0.2087395321277429,0.25494281038163497,0.818770028522364,0.41300480741599077,0.15601365889997437,0.27964713300491445,0.5578947197618244,0.5769720779317795,-0.09492403598383463,0.21869068758318355,-0.434056141269062,0.664289513239939,-0.1014907273548061,0.17409553293993008,-0.5829599739921212,0.559978978679197
HUSD,1218,1218,9,"log_daily_return,ConSIX,log_diff_AdrActCnt,log_diff_volume_trusted_spot_usd_1d,log_diff_TxCnt,log_UnemRt,log_IndPro,log_CPIPrc,log_TotRes",0,0.008176837063837095,0.000787426081696796,-584.7443933737263,-533.6947388910279,302.37219668686316,0.5585197528244462,0.8316180924074057,2.947317026372467,-0.0007582440578799408,0.005431433098408932,-0.13960294532617157,0.8889969842526224,-0.000988457600238273,0.006478400664276505,-0.1525774109169986,0.8787570197266126,-0.0008922249864363539,0.006477526606088988,-0.13774161662225312,0.8904675824545312,0.00046919424250111644,0.005872275850701989,0.07989989817066029,0.9363301048355938,-0.0021692744903363636,0.0014624638129156306,-1.4833013105545532,0.13825521722783818,0.016494525848508065,0.018111686082693406,0.9107117787487155,0.36262894031692805,-0.0016740613542833595,0.006698402452021154,-0.2499194944278443,0.8026920999681375,-0.0013991103400526482,0.005651182188733645,-0.24757834614533464,0.8045027396111165,-0.0031121669474306656,0.01746400897092086,-0.1782046122750339,0.8585921667315615,0.0019409333006327831,0.007477440738853701,0.25957187337473037,0.7952382639676238
ICP,1481,1481,9,"log_daily_return,ConSIX,log_diff_AdrActCnt,log_diff_volume_trusted_spot_usd_1d,log_diff_TxCnt,log_UnemRt,log_IndPro,log_CPIPrc,log_TotRes",0,0.027898398608149022,0.021826979862467732,9193.19342209328,9245.993504622122,-4586.59671104664,15.31293279989401,4.741630402084068e-24,1.9606228298885875,-0.30463539873140266,0.16093907720602119,-1.8928615971957703,0.058576507695203846,-0.7565509480847157,0.08665397917699366,-8.730712141209754,6.875508480306784e-18,0.05133356731294755,0.23803385595773607,0.21565658005415014,0.829285968757311,-0.1760574797584921,0.43455034964841405,-0.4051486321457034,0.6854283990228509,0.10455506909135652,0.1743297948781398,0.5997544433780968,0.5487641903713425,-0.005844182720437879,0.5201429402663659,-0.011235724390385969,0.9910369328716075,-1.3246025953537175,0.8170375948777774,-1.6212260043576918,0.10518795022679929,-0.6532456664614106,0.745508015242134,-0.8762423114247035,0.3810443616624156,-0.20632229853116613,1.029385395392257,-0.20043250997605722,0.8411706191682312,0.35697747163518156,0.24789943892862887,1.440009195575294,0.1500820084865897
KNC,2803,2803,9,"log_daily_return,ConSIX,log_diff_AdrActCnt,log_diff_volume_trusted_spot_usd_1d,log_diff_TxCnt,log_UnemRt,log_IndPro,log_CPIPrc,log_TotRes",0,0.003016548029568855,-0.000230955071311989,18308.571643232688,18367.848493688845,-9144.285821616344,0.9493828456145983,0.4805719889436896,2.0269340441006336,-0.052811792847680214,0.12321077824895288,-0.42862965073535714,0.6682261768209947,-0.17203834786121136,0.17586479735620308,-0.9782420953339429,0.3280402433359262,0.1362553766358146,0.20563197927541801,0.6626176391237171,0.5076307379589694,0.26718458860155586,0.276829597415075,0.9651590404220487,0.33454962495351304,0.010807959255216645,0.13970207691710648,0.07736434198920068,0.9383393083071474,-0.2510395031223036,0.2753581420989823,-0.911683603065796,0.36201483130981227,-0.07555701073445882,0.31581044773767153,-0.23924797699289663,0.8109310471822422,-0.5901809342429913,0.38006662334763913,-1.5528354714356618,0.12057697396336843,0.23018888316631447,0.3046457559012673,0.7555952403975601,0.44995631811203207,0.4381680920892328,0.261043634923624,1.6785243287676093,0.09335786613449444
LDO,1358,1358,9,"log_daily_return,ConSIX,log_diff_AdrActCnt,log_diff_volume_trusted_spot_usd_1d,log_diff_TxCnt,log_UnemRt,log_IndPro,log_CPIPrc,log_TotRes",0,0.008269689786466028,0.0014976315224888292,8918.55523635465,8970.469529655014,-4449.277618177325,1.147593562427365,0.3255628856890395,2.0315236727735706,-0.1869348181972643,0.19207595349278936,-0.9732338421231991,0.33061567336605846,-0.10094718628597149,0.17822072091306515,-0.5664166645090211,0.5712070019857541,0.1416470413711558,0.27869120425300126,0.5082580261218645,0.6113574562806254,-0.18523495532210282,0.33585565048606325,-0.5515314542245267,0.581362901195975,-0.8559525129749137,0.3293697427559432,-2.5987587864412864,0.009460553973828362,1.0056082897407,0.4688082907929282,2.1450309422639355,0.032132693771573954,-0.8624233843357574,0.8449961034965385,-1.0206240960959534,0.307619868260338,0.30221257515374067,0.7560095707545458,0.39974702284802194,0.6894076258022523,-1.092678446147327,1.2007411237808758,-0.9100033508527777,0.36298712648409903,0.048791857034602565,0.3011604575860829,0.1620128267359138,0.8713205857879552
LEND,2730,2730,9,"log_daily_return,ConSIX,log_diff_AdrActCnt,log_diff_volume_trusted_spot_usd_1d,log_diff_TxCnt,log_UnemRt,log_IndPro,log_CPIPrc,log_TotRes",0,0.009847809273194064,0.006535032426896237,18548.555007944775,18607.5650784647,-9264.277503972387,2.1321589365526132,0.023978374079614603,2.0037602025984715,0.1794952701702577,0.14348903406685867,1.250933713071216,0.2110674501030649,-0.240031928152436,0.1888690309050789,-1.2708908760858226,0.20387736412504556,-0.03216802167822602,0.21084440397546744,-0.15256758572529577,0.8787507306917838,-0.7073284694610357,0.3245114838578252,-2.179671613011175,0.0293682612599017,-0.3192180998734638,0.24844374125708257,-1.2848707649396807,0.19894807269017697,0.5516615335111648,0.32319449320145405,1.7069026394806248,0.08795555838626427,0.7577521454870235,0.4048333767090443,1.8717630242024823,0.06134783539865475,-0.23098347921656154,0.4490738573625522,-0.514355212243141,0.6070459194717097,0.8093646952960818,0.3268472321900469,2.4762782596411057,0.013337096425533646,-0.23327271127866572,0.2733653309943429,-0.8533368530316419,0.393548505242335
LINK,2801,2801,9,"log_daily_return,ConSIX,log_diff_AdrActCnt,log_diff_volume_trusted_spot_usd_1d,log_diff_TxCnt,log_UnemRt,log_IndPro,log_CPIPrc,log_TotRes",0,0.008761165697355744,0.005530035849936721,18174.113309702672,18233.3829451513,-9077.056654851336,1.4212619937296556,0.17291222312490506,1.9372843216674538,0.14585608454399682,0.12070104738644236,1.2084077785755816,0.22699393364039055,-0.5214496360721925,0.23041786732599145,-2.2630607692174065,0.023709293477384628,0.03968767009081625,0.18024616214707806,0.22018593693235883,0.8257426271489781,0.22375151917931413,0.2922952903659515,0.7654982018327389,0.4440403672698079,0.11379681345396803,0.16545468406042396,0.6877823622836178,0.49164761851901273,-0.057799061965213394,0.33880788424665614,-0.17059538650858252,0.8645544254933656,0.39782083172261673,0.299617355726564,1.3277629754054532,0.18436618245102915,-0.009999261702582418,0.3474591672015482,-0.028778235391274675,0.9770435392092531,0.41365118512426574,0.2657221566161505,1.556705659745967,0.11965499452252287,-0.2671711240540112,0.23885844737534223,-1.118533286093828,0.2634366050724966
LOOM,2585,2585,9,"log_daily_return,ConSIX,log_diff_AdrActCnt,log_diff_volume_trusted_spot_usd_1d,log_diff_TxCnt,log_UnemRt,log_IndPro,log_CPIPrc,log_TotRes",0,0.002679824112586382,-0.0008470448787638585,17323.451789441584,17381.90986446796,-8651.725894720792,0.8246199322393855,0.5933782774151153,2.0092303620225573,-0.12525879115935365,0.14271155867697377,-0.8777059988734038,0.3801861363442617,-0.13000400743886917,0.20542615039493078,-0.6328503318050652,0.526888241402931,-0.16612796655959966,0.2093248605534793,-0.7936370583041975,0.4274807392361508,-0.20826680498418404,0.3210484426328571,-0.6487083484231466,0.516585436156939,-0.05411145948171601,0.16202751025519954,-0.3339646421554487,0.7384337550033576,0.08178082065345098,0.3241400097052202,0.25230091381753267,0.8008288554257007,0.4233831674944797,0.3442968979769485,1.2297036946374875,0.21892174925332103,0.14223454577458175,0.39547578905432995,0.3596542436003377,0.7191355533286079,0.1419578372184796,0.29091669112977103,0.4879673169222029,0.6256150262814917,-0.04125568804892875,0.29764751097366854,-0.1386058560139562,0.8897725814670607
LPT,2354,2354,9,"log_daily_return,ConSIX,log_diff_AdrActCnt,log_diff_volume_trusted_spot_usd_1d,log_diff_TxCnt,log_UnemRt,log_IndPro,log_CPIPrc,log_TotRes",0,0.0065667482123994425,0.0027029196617993634,16170.463820718083,16227.974271897801,-8075.231910359042,2.231201273338085,0.01776247956870975,2.0176600521349703,-0.01762126920478662,0.16255662003807098,-0.10840080951892143,0.9136871572776898,-0.3083242732433764,0.11384634137772698,-2.7082492903342197,0.006813706772725525,0.06380382212769023,0.21102793682887241,0.30234775113889434,0.7624141534136021,-1.0169335689650472,0.4775777577436208,-2.1293570575180976,0.03333002155756067,-0.09458619865140917,0.17105417963560862,-0.5529604646487049,0.5803438957326845,0.9989361679544537,0.527695504560134,1.8930162552495633,0.05848037902064369,0.6369493236377036,0.44914335430560753,1.4181425986419216,0.15628378788972283,-0.02036505414503975,0.4920946276389393,-0.041384426899254916,0.9669929979684162,0.4591796157990011,0.3797562692371431,1.2091429503491913,0.22673145769127462,0.07575425765869778,0.267284614927245,0.2834216914404824,0.7768789558961122
LTC,3803,3803,9,"log_daily_return,ConSIX,log_diff_AdrActCnt,log_diff_volume_trusted_spot_usd_1d,log_diff_TxCnt,log_UnemRt,log_IndPro,log_CPIPrc,log_TotRes",0,0.001975125825364743,-0.00041185899195417264,23360.750957300945,23423.10721450059,-11670.375478650472,0.879360493267424,0.5429082543144108,2.0065234822723648,0.09626304440369562,0.08601066837329836,1.1191988880484047,0.2631267341901113,-0.10123453565777228,0.13600953344511613,-0.7443194097759582,0.4567297380464036,0.05585590079534225,0.14240795902477985,0.39222457212256645,0.6949145026883263,0.03839704344703994,0.0848400821095942,0.45258140365116145,0.6508762820089533,-0.0531630042297634,0.09051056922958076,-0.5873679138500945,0.5569918789773731,-0.07694718903950688,0.09356703386703083,-0.8223749953306996,0.4109156117161261,0.33010947532963963,0.18207485682904723,1.8130426192760063,0.0699048903146449,0.19995084561548143,0.29522396020190084,0.6772852903901735,0.49826659688676256,0.26874013896220694,0.23770202087512313,1.1305757434152808,0.2583057542426953,-0.30065251475541055,0.22084166832223234,-1.3613939662723675,0.1734707303931493
MAID,3675,3675,9,"log_daily_return,ConSIX,log_diff_AdrActCnt,log_diff_volume_trusted_spot_usd_1d,log_diff_TxCnt,log_UnemRt,log_IndPro,log_CPIPrc,log_TotRes",0,0.01537002827661571,0.012952110201442268,26075.027353414982,26137.120437531452,-13027.513676707491,1.6811218149968354,0.08786880956902576,2.21227141664227,0.04769670837851476,0.1384385603127059,0.3445334036324643,0.7304649473457083,-0.9049561881362188,0.623071368781432,-1.4524117677017985,0.14647274901393087,0.11160841850929551,0.3020793888889083,0.3694671752343231,0.711800880413594,-0.3941792300126842,0.4163321868492478,-0.9467901893336316,0.34380812005550565,-0.37037729993430574,0.1909599712164486,-1.9395546489399702,0.05251047523772867,0.4883382230585858,0.3959145055912213,1.2334436252325427,0.2174893958441057,0.5681101692934964,0.21833144952991312,2.6020537605401683,0.009304032573343023,0.09622823392574656,0.4135220046677101,0.23270402261439932,0.8160042392411427,0.7022460439275078,0.5458996007902751,1.286401460838031,0.1983842431411041,-0.420755398586948,0.2797384238757634,-1.5041029857729256,0.13264101644437978
MANA,2836,2836,9,"log_daily_return,ConSIX,log_diff_AdrActCnt,log_diff_volume_trusted_spot_usd_1d,log_diff_TxCnt,log_UnemRt,log_IndPro,log_CPIPrc,log_TotRes",0,0.0036187922341072154,0.00041155658679215,20147.730914968197,20207.12606757482,-10063.865457484098,1.1304809959016984,0.33701199698452,1.9687712880774735,0.07579024266138182,0.16302838840244852,0.4648898477379755,0.6420465418107155,-0.37897467675067137,0.3398459338100624,-1.1151367106321706,0.26488767899826365,0.20363197267347857,0.19451825760777053,1.0468527488256916,0.2952579848044144,-0.031279821239236894,0.4449465113061988,-0.0703001831555233,0.9439597641824001,0.21155927031783467,0.253229961377277,0.8354432831217833,0.4035395510627463,-0.0007108460438360886,0.4844084671881069,-0.001467451731309335,0.9988292480258868,0.41323861682920604,0.35790398625314257,1.1546074721194242,0.24834987639064943,0.16850324214502793,0.4031769251188352,0.41793870543400297,0.6760240263066208,0.02429507145837209,0.32767348971243615,0.07414414721097294,0.9409009913187685,0.21968877833367656,0.3413285886860274,0.6436284144243137,0.5198692067815851
MKR,2713,2713,9,"log_daily_return,ConSIX,log_diff_AdrActCnt,log_diff_volume_trusted_spot_usd_1d,log_diff_TxCnt,log_UnemRt,log_IndPro,log_CPIPrc,log_TotRes",0,0.004318328983323738,0.0009658654445469095,17268.073676299027,17327.020584803282,-8624.036838149514,0.7772571633666403,0.6376067448421674,2.230817872440594,0.012754355126589123,0.11586493334850614,0.11007951032281474,0.9123545813378506,-0.2723599091777998,0.26395621268574637,-1.0318374642769195,0.3022416148227044,0.11752571430360731,0.17353174696744417,0.6772577142651367,0.4983010640495007,0.019198114524523968,0.19397397370858782,0.0989726310054657,0.9211674220178889,0.07421004683101667,0.1326666765738573,0.559372170521683,0.5759546143712239,0.046431329353029016,0.19267274481475516,0.2409854564415446,0.8095848707886883,0.5927327880560315,0.295416293105245,2.0064322851849763,0.04491070144949477,0.35867606624581994,0.378462716670249,0.9477183628587939,0.34335851866507994,0.366072526938292,0.2558540717655048,1.4307864026248704,0.15260833179348096,-0.22780441278104888,0.20865276634192167,-1.091787167622514,0.275025056694576
NEO,2877,2877,9,"log_daily_return,ConSIX,log_diff_AdrActCnt,log_diff_volume_trusted_spot_usd_1d,log_diff_TxCnt,log_UnemRt,log_IndPro,log_CPIPrc,log_TotRes",0,0.003536637392085873,0.0003754917229030763,18390.87953737913,18450.41974825191,-9185.439768689565,1.212747601706808,0.28212241403050176,2.0156742652256665,0.01421971522875845,0.1136025292351173,0.12517076269779734,0.9003972317332891,-0.23341732057940112,0.14476393859235084,-1.612399626931224,0.10698623306844049,-0.021778476961269166,0.17690076364241303,-0.1231112659597793,0.9020277106933837,0.1124420744890306,0.13493343900052773,0.8333151168598825,0.40473718263944347,-0.10249140859847983,0.11948608895622641,-0.857768544387016,0.3910927389580623,-0.056946481526113486,0.12498460808151826,-0.45562795611577617,0.6486924063964383,0.38979999876367544,0.25991578704179186,1.4997165166462147,0.13379911888448082,0.016881174274139654,0.31654751069698994,0.053329038149659905,0.9574734987678187,0.32438860450007984,0.26336731717741874,1.2316965065242085,0.21816455769007115,-0.27076501148167376,0.22328438392941302,-1.2126464319478374,0.22536599639363078
OMG,2877,2877,9,"log_daily_return,ConSIX,log_diff_AdrActCnt,log_diff_volume_trusted_spot_usd_1d,log_diff_TxCnt,log_UnemRt,log_IndPro,log_CPIPrc,log_TotRes",0,0.008735435005515324,0.005590781820830615,19086.795732690043,19146.335943562823,-9533.397866345022,2.4665116181757063,0.008447342276560393,1.9817738276273738,-0.015448996686930287,0.12928121689326294,-0.11949915895118218,0.9048883673527719,-0.3638216565693016,0.18740060943487977,-1.9414112775109558,0.052307307860731,-0.08777043848739492,0.19455207123441304,-0.45114111574603366,0.6519223262952476,-0.271434789923906,0.34433493454552916,-0.788287108544939,0.43059464747921483,0.20569738827255202,0.1703502102250259,1.207497120202164,0.22734141065154972,-0.1014335750600835,0.3514989892421763,-0.2885743008216665,0.7729282462550129,0.2605172884855276,0.3194206869823326,0.8155930379673154,0.41480139964004337,-0.5415238670639071,0.3836319026196057,-1.4115715178173303,0.15818582499090386,0.41795288020422944,0.3107473594285328,1.3449925398331575,0.17873514996181683,-0.044452400960427824,0.2710359587270615,-0.16400923762736686,0.869735554761857
PAX,2374,2374,9,"log_daily_return,ConSIX,log_diff_AdrActCnt,log_diff_volume_trusted_spot_usd_1d,log_diff_TxCnt,log_UnemRt,log_IndPro,log_CPIPrc,log_TotRes",0,0.0005292913108460029,-0.0033247088511945133,573.6707659752965,631.2669074822655,-276.83538298764825,0.07984921097544875,0.9998566986318057,2.8877388269245032,4.359872853113185e-05,0.005669480066606659,0.007690075283610071,0.9938649253376732,-0.004072172257710456,0.010276857568007891,-0.3962468323378566,0.6919591666048617,0.0014880238327245107,0.008258562673785209,0.18017951688468492,0.8570272802063015,-0.006454599156483694,0.015126595571625807,-0.4267053433087822,0.6696333121678156,-0.0035571600768852353,0.008265903911781369,-0.43034132925441165,0.666987099207784,0.00835881569364946,0.01641470652731871,0.5092272395938379,0.6106410896337504,-0.00045659835356474856,0.009110350065816931,-0.05011863981801945,0.9600321344162256,-0.0007322105035705391,0.007964392537670275,-0.09193551173015431,0.9267571663194027,0.0009821247541081709,0.014686764490461426,0.0668714171011613,0.9466897954113573,0.0004360788342205749,0.011044224161188082,0.03948478660484411,0.9685072595320905
PAXG,1932,1932,9,"log_daily_return,ConSIX,log_diff_AdrActCnt,log_diff_volume_trusted_spot_usd_1d,log_diff_TxCnt,log_UnemRt,log_IndPro,log_CPIPrc,log_TotRes",0,0.0039882547774438,-0.0007496446448622684,5371.075720846748,5426.582333277801,-2675.537860423374,0.7976126018564988,0.6185749546171772,2.3621044904950748,0.04041144346157032,0.021600269209975324,1.8708768427250768,0.0615164041132733,-0.008079318087377458,0.013273315963952518,-0.608688748864199,0.5428038363437305,-0.006823007530351711,0.05495671205008368,-0.12415239696533706,0.901207800321299,-0.04194361716980903,0.046473446088674555,-0.9025286631376056,0.3668909860210662,0.009901219333054295,0.04049591114284112,0.24449923593840744,0.8068707055650233,0.05821353155027596,0.06346228892168827,0.917293286129512,0.35910588527858944,0.030421406959951124,0.15739113755730602,0.1932853871703844,0.8467562164093084,-0.07246789397304419,0.09351381684403748,-0.7749431733056762,0.43847007663031135,0.10467542770371234,0.08233967360411888,1.271263573462552,0.20379115944673248,0.02720788384193978,0.024589615922476073,1.1064786016877346,0.2686600843382777
PAY,2797,2797,9,"log_daily_return,ConSIX,log_diff_AdrActCnt,log_diff_volume_trusted_spot_usd_1d,log_diff_TxCnt,log_UnemRt,log_IndPro,log_CPIPrc,log_TotRes",0,0.004805149839582024,0.001556418010984384,19006.154358554715,19065.409548352585,-9493.077179277358,0.8084834466082553,0.6084093468641872,2.1602091059015103,-0.23497105297511334,0.14132495781405277,-1.6626295638755804,0.09650027975788653,-0.3814560874473633,0.3124870677359975,-1.2207099967721986,0.2223002311111934,-0.08548495760527536,0.2486864446357579,-0.34374594775554457,0.7310635654247248,-0.23251126813974532,0.3185110844424014,-0.729994274914448,0.46545570347758125,-0.2121997756288619,0.18446294030338609,-1.1503653540372774,0.2500931913147783,0.25315249749668817,0.33590795884694113,0.7536364972288105,0.45113187707213465,0.4261648036578639,0.34531439264565433,1.2341356535786636,0.21725754682522905,0.007989283676660408,0.42120621747476417,0.01896762997602017,0.9848683008068595,0.3931512358836015,0.37894593025833373,1.0374863654442306,0.2996002295627295,-0.15694810932369385,0.3101923398855213,-0.5059702937268428,0.6129179563090671
PERP,1577,1577,9,"log_daily_return,ConSIX,log_diff_AdrActCnt,log_diff_volume_trusted_spot_usd_1d,log_diff_TxCnt,log_UnemRt,log_IndPro,log_CPIPrc,log_TotRes",0,0.007072512514682439,0.0012583632711118398,10409.93149701205,10463.372225517782,-5194.965748506025,1.5069266952638962,0.13991157508315583,2.0049492169370344,-0.20292007252539496,0.18789400020984698,-1.0799710065183896,0.2803245265474813,0.10441825829253915,0.08135364518139919,1.2835105060100427,0.19950675498021206,0.29677240855321596,0.329430852452539,0.9008640397334122,0.36780174475617666,0.08285709516859235,0.30623096481728146,0.27057059764687946,0.786757639806189,-0.8222553758348977,0.3108256309848723,-2.6453911578318854,0.008242832813032943,0.5605287323792388,0.443005462993346,1.2652862756856298,0.20596050742596897,0.08917001177286102,0.7537203428828342,0.11830649472960092,0.9058402703085018,-0.12267698140309724,0.7257741551395597,-0.16902914017309914,0.8657959620165169,0.27177267850128795,0.9671779739403753,0.28099552080788204,0.7787516558555461,-0.14854300176463353,0.20139830812794088,-0.7375583397168841,0.4608954603539237
POLY,2542,2542,9,"log_daily_return,ConSIX,log_diff_AdrActCnt,log_diff_volume_trusted_spot_usd_1d,log_diff_TxCnt,log_UnemRt,log_IndPro,log_CPIPrc,log_TotRes",0,0.03979452437839148,0.0363405478473785,17500.837966497027,17559.126311772907,-8740.418983248514,5.99837811674177,2.3640038192250996e-08,2.020673352457839,-0.11772137566435537,0.15808628076993142,-0.7446653504087396,0.4565439873040431,-1.5864300289719266,0.24493508161262623,-6.476940822552009,1.1230008999615148e-10,-0.20794307338670234,0.25218189164809496,-0.8245757537455334,0.40969109319025043,-0.17187248397300986,0.3337272677391717,-0.5150088128469584,0.606592355901834,0.26898099013636956,0.1942976145163646,1.3843761839583202,0.16636675108679524,-0.05081770034424979,0.3666286692311562,-0.1386080920807905,0.8897710030366751,0.5241085674977162,0.3792200449526009,1.3820697889617755,0.16707364484081455,-0.05479948970840448,0.4408708153410192,-0.12429829283668137,0.9010890837450034,0.17958611749215478,0.39069879050812484,0.4596536305080273,0.6458047934929041,0.031715427310153574,0.3319531198387167,0.09554188653374573,0.9238920729533634
POWR,2767,2767,9,"log_daily_return,ConSIX,log_diff_AdrActCnt,log_diff_volume_trusted_spot_usd_1d,log_diff_TxCnt,log_UnemRt,log_IndPro,log_CPIPrc,log_TotRes",0,0.002232044688880941,-0.0010609188600005925,18366.87224020513,18426.018417295538,-9173.436120102566,0.6548845985364028,0.7503641919716741,1.9780935539097861,0.017156576468682256,0.13082796269218303,0.1311384517165409,0.8956754570541077,-0.08421520278039701,0.25080157497299915,-0.33578418632125206,0.737059447386408,0.05216972914992943,0.2043707092195681,0.2552700890903122,0.7985337506808539,-0.34746377183013066,0.27612153232927916,-1.2583726046245998,0.20836475990643294,-0.30238103319277737,0.21321429715562654,-1.4182024246341578,0.15624593619926025,0.4748968225286183,0.30591955248185226,1.5523585160735685,0.12069250327204419,0.13526230975390424,0.3277916140882354,0.41264725496453414,0.6798975129218319,-0.19276619751493354,0.42658103031838607,-0.45188647364618906,0.6513867076971918,0.16624161881294675,0.33525881572557836,0.49586054419825193,0.6200327641666603,0.13872608732964858,0.30352187624002674,0.45705465796456546,0.6476681651092963
PPT,1818,1818,9,"log_daily_return,ConSIX,log_diff_AdrActCnt,log_diff_volume_trusted_spot_usd_1d,log_diff_TxCnt,log_UnemRt,log_IndPro,log_CPIPrc,log_TotRes",0,0.01642697251781966,0.01153086784561852,13022.383377387037,13077.438300134412,-6501.191688693519,2.8818592247410346,0.002200840085151473,1.9821992102269157,-0.22554045745941806,0.20333228350298604,-1.109221091574009,0.26748233279935196,-0.8850504002513722,0.28836059740253484,-3.0692487400277253,0.0021778764162472598,-0.6931914288692584,0.627112999332116,-1.105369254994741,0.26914668852475265,-0.8195302863359005,0.41777265155753357,-1.9616657128716788,0.04995465281607914,-0.005932639506965806,0.293096299650524,-0.020241263755426606,0.9838531443629575,0.7624715673932063,0.46486447811488363,1.640201829327071,0.10113716112992384,0.52277005044322,0.4054027924274562,1.2895077690831787,0.19738654980402687,0.537670356463212,0.34664074727112815,1.551088153068942,0.12105557566327038,-0.9961110897578731,0.791833649693073,-1.2579802464115806,0.2085613411720352,-0.29891496245784,0.4577249212137337,-0.6530449809575963,0.513810310853342
QASH,2593,2593,9,"log_daily_return,ConSIX,log_diff_AdrActCnt,log_diff_volume_trusted_spot_usd_1d,log_diff_TxCnt,log_UnemRt,log_IndPro,log_CPIPrc,log_TotRes",0,0.01819562450998824,0.01477470334103348,17979.766794281393,18038.37250213678,-8979.883397140697,1.4778579047498783,0.1501474615364329,2.057764567514258,-0.09739834611317054,0.1519556123493634,-0.6409657702490157,0.5216017849711249,-1.0058020504614351,0.5165465692768711,-1.9471662581545885,0.051623043987883435,0.14456569344989975,0.2986562116693015,0.4840538646153311,0.6283886784228627,0.5585286366907791,0.41649670903199393,1.3410157261239601,0.1800332548325393,0.1446671838350732,0.16557449035703792,0.8737286977185854,0.38234724091615113,-0.5877295699206184,0.478372669016921,-1.228601899703909,0.2193330278013334,0.3624178947425913,0.26348379903208013,1.3754845499949147,0.16910054153962512,0.21067825446185162,0.2972954369128735,0.7086494722204356,0.4786059761141559,0.23397452616109998,0.3593930403442051,0.6510268700167738,0.5150870512334021,-0.08160176107325251,0.3261759299864117,-0.2501771393022532,0.8024702589552091
QNT,2268,2268,9,"log_daily_return,ConSIX,log_diff_AdrActCnt,log_diff_volume_trusted_spot_usd_1d,log_diff_TxCnt,log_UnemRt,log_IndPro,log_CPIPrc,log_TotRes",0,0.004422952317374662,0.00040132151434801866,14374.363668012196,14431.497046900915,-7177.181834006098,0.8732127813469931,0.5485781885652704,2.1324796075244925,0.14413161885075432,0.12501350923306023,1.152928349383846,0.24906347169314266,-0.14883868220634164,0.21768226688769934,-0.6837427978601784,0.4942086954245043,0.044018925668722564,0.16888969783631863,0.2606371272650627,0.7943964417265026,0.2910625271141409,0.3882919205660034,0.7495971759851874,0.45357649140883405,0.2669162773504393,0.182434863584175,1.4630771339782038,0.14358732533455315,-0.25975050138737565,0.4072130944508375,-0.6378736463218894,0.5236214835792539,0.39384615934837686,0.3405100345260072,1.1566359854757702,0.24754511217372807,0.16254186440952728,0.380682366503367,0.4269750288212776,0.6694387713756655,0.07162420364134042,0.28357415989709284,0.2525766228747089,0.8006186956533633,-0.0769107194016704,0.21406016322711133,-0.35929487412410527,0.7194085561290481
REN,2367,2367,9,"log_daily_return,ConSIX,log_diff_AdrActCnt,log_diff_volume_trusted_spot_usd_1d,log_diff_TxCnt,log_UnemRt,log_IndPro,log_CPIPrc,log_TotRes",0,0.010707107081891376,0.006880877586290635,15846.984275376217,15904.550508721606,-7913.492137688108,3.263039134602669,0.0005932067503549328,2.0375793170844223,-0.022273900169259758,0.1475934334343499,-0.15091389671592179,0.880056718531376,-0.5909967221660126,0.14353951603830772,-4.117310260460178,3.966888139149265e-05,0.04130638213331353,0.1978391800979078,0.20878767346726562,0.8346322682453865,0.32347494650064956,0.30642869324082805,1.0556287764032088,0.2912474321126943,-0.03582393056644821,0.19690988004099821,-0.18193058956203406,0.8556530441013768,-0.32114865224242656,0.33671855797535316,-0.953759882358292,0.34030426187572826,0.24539478799628422,0.4015592065174822,0.6111048732376673,0.5411898417356791,-0.39505837004655037,0.3928574456506139,-1.0056023486898447,0.3147114472641826,0.272199351774438,0.3175225954057212,0.8572597846985646,0.3913896054615418,0.0060251067990118035,0.2565044093979324,0.023489291327014397,0.9812619943688909
REP,3161,3161,9,"log_daily_return,ConSIX,log_diff_AdrActCnt,log_diff_volume_trusted_spot_usd_1d,log_diff_TxCnt,log_UnemRt,log_IndPro,log_CPIPrc,log_TotRes",0,0.010422553626278752,0.007568917927027408,21148.195844854443,21208.686922067707,-10564.097922427221,3.9246770346252964,5.5763590217169695e-05,2.0474001660626793,-0.07846668473953841,0.12676513529490288,-0.6189926319803604,0.5359663897373992,-0.6786139760588482,0.1268404452174745,-5.350138710845184,9.423432888319159e-08,0.1310593481324958,0.20853942404638992,0.6284631730034004,0.5297465518040951,0.04473948438127273,0.3248498272603147,0.13772358987718117,0.8904677592398764,-0.09324364012290672,0.14775269946570885,-0.6310790967615935,0.5280350197894981,0.03247972462564153,0.344977868825081,0.09415016892608315,0.9249959119269284,0.3795811411411208,0.2860758948379498,1.3268546843352105,0.1846538239153331,0.07602353344314752,0.377726908491085,0.20126586624935092,0.8405038067883688,0.34614503456106993,0.3180233562203979,1.0884264560782229,0.27649092721617163,-0.18188617331357837,0.27732902221341155,-0.6558497623577689,0.5119691384549725
SNT,2903,2903,9,"log_daily_return,ConSIX,log_diff_AdrActCnt,log_diff_volume_trusted_spot_usd_1d,log_diff_TxCnt,log_UnemRt,log_IndPro,log_CPIPrc,log_TotRes",0,0.012740718091741932,0.009637213538066014,19470.08356378461,19529.714684374405,-9725.041781892305,0.7769670849280732,0.637878266434455,1.756736859800843,-0.08928446682103225,0.13323366251975371,-0.670134447499667,0.5028261338685639,-0.7149894627103265,0.6949755328449334,-1.0287980352106276,0.30366149650148216,0.036284416124871106,0.19226877664860692,0.18871715292174043,0.8503278827225635,0.6331510128845144,0.6616975659857115,0.9568586094786791,0.33871941438917597,0.050105287978614146,0.2723755062148335,0.18395665849297807,0.8540604835719492,-0.5250825181181529,0.6027697163214514,-0.8711162885265645,0.3837636989183836,0.26175830660655847,0.32283305310635946,0.8108163153923414,0.41753855810290985,-0.057721013053121994,0.4044789595382168,-0.14270461217320324,0.8865335157967771,0.2679922432850315,0.26493797257978635,1.0115282481990209,0.3118491456439538,0.0653531606509997,0.26877575619995464,0.24315124836773033,0.8079056507671059
SNX,1878,1878,9,"log_daily_return,ConSIX,log_diff_AdrActCnt,log_diff_volume_trusted_spot_usd_1d,log_diff_TxCnt,log_UnemRt,log_IndPro,log_CPIPrc,log_TotRes",0,0.006036488865497902,0.001169420530236387,12143.173036072549,12198.391628594565,-6061.586518036274,1.318576640176714,0.22180847075875004,2.025147765022773,0.020927204606860424,0.14990301183117805,0.13960496424467314,0.8889874133713496,-0.18031356126123382,0.1430579235498243,-1.2604234479779381,0.2076766361459876,-0.2063225289484124,0.2305350089100064,-0.8949726547994896,0.37091888985606647,0.03983430566916263,0.28993378449561663,0.13739104512590827,0.8907367571163902,0.24632159305767443,0.19958345197972616,1.2341784382138854,0.2172941966079905,-0.3234106622662075,0.35193303089690126,-0.9189551246212824,0.358239623636769,0.8666279656568406,0.6547533793316228,1.323594490709618,0.1858023599213233,0.008978593992343839,0.4406793427793348,0.020374438102127624,0.9837468865250754,0.45995060676768607,0.38417617549294103,1.1972387568737648,0.2313678932629163,-0.10015989848913862,0.16728791516684932,-0.5987276390481722,0.5494283020780866
SOL,1877,1877,9,"log_daily_return,ConSIX,log_diff_AdrActCnt,log_diff_volume_trusted_spot_usd_1d,log_diff_TxCnt,log_UnemRt,log_IndPro,log_CPIPrc,log_TotRes",0,0.009171620814571124,0.004317262941588629,12200.872636967459,12256.085816769451,-6090.436318483729,1.4647608402109813,0.15546548546526137,1.9826807902380383,0.27946875332918386,0.1539244614286728,1.8156227459576797,0.06959123446707764,-0.36602178607323516,0.2606803713529622,-1.404101828509521,0.16045756657243485,0.08495488700897025,0.22352614878453342,0.38006688466172234,0.7039397035110202,0.09253830759781609,0.2185686861341613,0.42338319012914066,0.6720652698417129,0.23516131314563904,0.18273910275370064,1.2868691462417547,0.198302034657406,-0.12018293044724826,0.1505750869502546,-0.7981594623747621,0.42488112515779286,1.0733427472861665,0.7247069906715791,1.4810713310375412,0.13875905939704175,0.6132405538306037,0.5366902544020842,1.1426340403997137,0.2533394648424981,0.28420079721007807,0.38765408612780644,0.7331298891981223,0.4635727529273266,0.05106096310458036,0.17416345812257808,0.29317839491130865,0.7694189117303598
SRM,1754,1754,9,"log_daily_return,ConSIX,log_diff_AdrActCnt,log_diff_volume_trusted_spot_usd_1d,log_diff_TxCnt,log_UnemRt,log_IndPro,log_CPIPrc,log_TotRes",0,0.009237846960858387,0.004035478596008835,12051.26562057631,12105.789645088547,-6015.632810288155,1.4778865093466924,0.15048210843152204,2.0259241148719536,-0.26901928277121,0.1941632867844299,-1.3855311538369717,0.16607037529274102,-0.36513097077477036,0.2418911336388454,-1.5094847226601025,0.13135926714193946,-0.04273200593853442,0.27688228755924305,-0.154332753876108,0.8773655424551685,0.5104849266529468,0.4731282685705819,1.078956723924417,0.2807588307933187,0.7057203615409969,0.29609782259403256,2.383402739535106,0.017261763277289597,-0.6224711486146995,0.5250218456479676,-1.1856099965639766,0.23594069200481183,0.8467145990477238,0.6989617157288031,1.2113890932708091,0.22591330337045884,0.34766323183262193,0.8469589008735159,0.4104841822596793,0.6815021104739443,0.25492330994615664,0.7770016691044354,0.328085923212982,0.7428867696917331,0.0482216336984114,0.1944542013885658,0.24798452979708618,0.8041760811691934
SUSHI,1733,1733,9,"log_daily_return,ConSIX,log_diff_AdrActCnt,log_diff_volume_trusted_spot_usd_1d,log_diff_TxCnt,log_UnemRt,log_IndPro,log_CPIPrc,log_TotRes",0,0.0139801623925363,0.008738473946897196,11643.927568626612,11698.329035433238,-5811.963784313306,1.7194651072382794,0.07961821905816859,2.0437604988593163,-0.17733991952124703,0.19661476142293813,-0.9019664558134118,0.367202986099303,-0.7852380618549506,0.28432304794540314,-2.7617812468222245,0.005810800563155654,0.0655561353038524,0.2952025692414419,0.22207169630097287,0.824284855143716,0.1334202008757664,0.31646657609007256,0.4215933402009329,0.6733753903136037,0.24996000285984799,0.31908758891801947,0.7833585872375254,0.43352613680432783,-0.21457209759547252,0.40465553779811053,-0.5302586460648566,0.5960021525704141,0.6316018851967293,0.7546408874150267,0.8369568833730181,0.4027349274889256,1.524376367885334,1.1289548941777117,1.3502544483813346,0.1771148517352472,-0.8474217359156664,1.251635252355794,-0.6770516684638532,0.49846567083765236,-0.16337966155334152,0.1869920184604188,-0.8737253220672871,0.38239177150590054
SWRV,1647,1647,9,"log_daily_return,ConSIX,log_diff_AdrActCnt,log_diff_volume_trusted_spot_usd_1d,log_diff_TxCnt,log_UnemRt,log_IndPro,log_CPIPrc,log_TotRes",0,0.0033892981523286903,-0.0020899298969254687,12416.425450278373,12470.49255758015,-6198.212725139187,0.3700831575107705,0.9495466543909652,2.0105345978941216,-0.2886284494734748,0.2577116811292304,-1.1199664998061967,0.26289232737335144,-0.4109225833961556,0.5171853263975715,-0.7945364309896731,0.4269983786137549,-0.3017005931750806,0.5235960930575067,-0.5762086409264798,0.5645533753387442,-0.480044160628344,0.5743617818894442,-0.8357870871024373,0.40339666383170725,-0.1465886837248646,0.3821547241497028,-0.38358464376183116,0.7013361338554325,0.39966025130321586,0.5821752844079721,0.6864947070187631,0.49249842565509705,1.1930582823551954,0.9870275456355599,1.2087385885334836,0.22693785360795915,0.6283645525650872,1.1087417426366035,0.5667366244106832,0.5709708282454986,0.2670216783468854,1.0946382903220806,0.24393599301950084,0.8073109597326249,-0.16646655699124577,0.23256993964639885,-0.7157698765555979,0.47423553766084003
TRX,2532,2532,9,"log_daily_return,ConSIX,log_diff_AdrActCnt,log_diff_volume_trusted_spot_usd_1d,log_diff_TxCnt,log_UnemRt,log_IndPro,log_CPIPrc,log_TotRes",0,0.01237131945564729,0.008804442198464768,14884.804499530841,14943.05295644111,-7432.4022497654205,2.120877041983657,0.024839471631337203,2.0435504268259206,0.07734209710876969,0.09354771690432268,0.8267662714620013,0.40844870449349846,-0.4555452894043523,0.1444589090976855,-3.1534592933711347,0.0016326812139772263,0.012898632445694239,0.13556139065599587,0.09514975011156492,0.9242035325003102,0.06832192850427392,0.18802597372949018,0.3633643115847789,0.7163635781271672,0.08908602072945214,0.12081572848048715,0.7373710513514832,0.460966154867846,-0.1937382480243549,0.1182419097241248,-1.6384905189401442,0.10144564830317009,0.34789079413161106,0.2690911359912897,1.2928363204905866,0.19618752260869415,0.041788969656956595,0.3019651613704865,0.13839003634490454,0.8899433524605762,0.3278068588279877,0.21091651260680522,1.5542019672925838,0.12026323026196739,-0.05127151834483778,0.1713034238623631,-0.29930235595310006,0.7647343160937945
TUSD,2521,2521,9,"log_daily_return,ConSIX,log_diff_AdrActCnt,log_diff_volume_trusted_spot_usd_1d,log_diff_TxCnt,log_UnemRt,log_IndPro,log_CPIPrc,log_TotRes",0,0.0027252852450034837,-0.0008923981217014987,-668.0034231815835,-609.7990280289616,344.00171159079173,0.5677864798274567,0.8244358110733911,2.7645102380067548,4.523180145602976e-05,0.004219360600360239,0.010720060630079348,0.9914476548481994,-0.000291744131756252,0.006506622410935147,-0.04483803013771654,0.9642400202866688,-0.0002788598451625938,0.006352754245004285,-0.043895896867391836,0.9649909184003873,-0.023713950364909545,0.010995523722962069,-2.1566913011507993,0.031125517465480174,0.0008607617466717182,0.005246567021564384,0.1640618985965155,0.8696957796164064,0.027638561245519895,0.012601110385642158,2.19334331655499,0.028375150892578072,-0.0004445396420421051,0.004743231937089644,-0.0937208316898933,0.9253384894147345,-0.0005564420413221968,0.005175471540277638,-0.10751523547018607,0.9143889324821355,-0.00023908692336092711,0.009563980507777011,-0.024998683672191938,0.9800580239668282,6.329350573062282e-05,0.005411565369487033,0.011695969910573669,0.9906691193110189
UMA,1726,1726,9,"log_daily_return,ConSIX,log_diff_AdrActCnt,log_diff_volume_trusted_spot_usd_1d,log_diff_TxCnt,log_UnemRt,log_IndPro,log_CPIPrc,log_TotRes",0,0.004599693017758977,-0.0007138317526087512,11150.839525360658,11205.199803524176,-5565.419762680329,0.8885601141137744,0.5346822900671162,2.0461109893787235,-0.1615131375140656,0.1599712474620263,-1.009638544904173,0.312813368139113,-0.09911971441811059,0.2454371892704621,-0.4038496151000351,0.6863745250076387,0.08865858583453147,0.2648765433526038,0.3347166370882042,0.7378804847579168,-0.6125657726185187,0.2383100644679439,-2.5704569967959436,0.010241606744676418,-0.10291720651981182,0.3067175367068765,-0.33554392626127416,0.7372565617023393,0.39958851997166867,0.3526814202076598,1.1330013351323975,0.25737478375934697,-0.014466775801715182,0.5968567016975721,-0.024238273207905624,0.9806654177505107,0.2842739369792127,0.7323976545822718,0.38814151738559344,0.6979603104523066,-0.23846838864671643,0.7643121808347663,-0.3120039096933744,0.755076131231163,0.012654917280040132,0.16109243181477045,0.07855687034752312,0.9373944158831868
UNI,1716,1716,9,"log_daily_return,ConSIX,log_diff_AdrActCnt,log_diff_volume_trusted_spot_usd_1d,log_diff_TxCnt,log_UnemRt,log_IndPro,log_CPIPrc,log_TotRes",0,0.010069359866015093,0.0047535032065842975,10763.49833157059,10817.799472956209,-5371.749165785295,1.3413909516394509,0.21026329721720616,1.9543824270184715,-0.028469057339597016,0.1484010934031528,-0.19183859557056462,0.8478918762868768,-0.5283006999983614,0.18717776280368104,-2.8224543988831767,0.004822024081857873,0.060354359157289775,0.23830560399867362,0.2532645399208728,0.8000948572100787,0.22001944687955802,0.3110429193702349,0.7073604096985358,0.47944087572546357,0.1153317345262252,0.19802505623997094,0.5824098056887497,0.5603690176718716,-0.2720931235555046,0.3457472233994601,-0.7869712470290497,0.4314099635256138,0.5423467842445665,0.5623365892994018,0.9644522418864119,0.3349583758762209,0.8044069290457593,0.7001344283920731,1.1489321142129207,0.25074791361180615,-0.3486329965761897,0.748245152095001,-0.4659341869440211,0.6413231540429689,-0.1847518882613401,0.14815601522696314,-1.2470090261155782,0.2125684215122113
USDC,2437,2437,9,"log_daily_return,ConSIX,log_diff_AdrActCnt,log_diff_volume_trusted_spot_usd_1d,log_diff_TxCnt,log_UnemRt,log_IndPro,log_CPIPrc,log_TotRes",0,0.003328282646711589,-0.00041391403922053094,-4559.243265104703,-4501.381900726872,2289.6216325523515,0.5667323059477727,0.8252735279591364,2.720104921849206,8.811426479374176e-06,0.0019103828756723122,0.004612387700697543,0.9963202439269102,-0.00024251435311638158,0.001081985493321062,-0.22413826674515244,0.8226688194924633,-0.0001530115177193472,0.00273690042391512,-0.05590686324658649,0.955420662714568,-0.0013048177393306106,0.004718331045443196,-0.2765422194338736,0.78215547924211,0.007008412036889889,0.004482136208576063,1.5636320965614747,0.11803599663214082,-0.00242134695052941,0.005615198094821165,-0.4312130951822682,0.6663522092302667,-1.0978726548024464e-05,0.0029319397836105395,-0.0037445266131982775,0.997012618603978,9.868332668998086e-05,0.003947459062600777,0.02499920204997984,0.9800576809822505,-0.0001475439809167186,0.0021608330297214822,-0.06828106516667606,0.9455675918012312,-0.00011990936788139518,0.0022764239658134224,-0.05267444451567641,0.9579956903202166
VTC,3265,3265,9,"log_daily_return,ConSIX,log_diff_AdrActCnt,log_diff_volume_trusted_spot_usd_1d,log_diff_TxCnt,log_UnemRt,log_IndPro,log_CPIPrc,log_TotRes",0,0.0033268877583487733,0.0005711095678188061,23434.48662915886,23495.396779575964,-11707.24331457943,1.139540580361996,0.3305699688287879,1.9957421729202536,0.022758892142175843,0.1530129243945787,0.14873836463308715,0.8817693010438613,-0.3219337124618858,0.33995878106749905,-0.9469786644456925,0.34371994531307615,-0.03968443625323009,0.30562193130191373,-0.12984812995644335,0.8966946062350911,-0.3693946712635583,0.26862073726271,-1.3751532179821686,0.1691785866104628,0.09453524162914068,0.16430639003451192,0.5753594952045621,0.5650879616893907,0.37841064134120095,0.2725234046751868,1.388543643773342,0.16506657332052382,0.2944447199663927,0.2575241485948939,1.1433674145626544,0.2529701585252895,0.1010665680430148,0.482417182002591,0.20950034910338658,0.8340707734342856,0.04087012209659838,0.4409861308113213,0.0926789285218698,0.9261643410673562,-0.28747452188774186,0.36152934771564843,-0.7951623393900722,0.4265770524998882
WNXM,1739,1739,9,"log_daily_return,ConSIX,log_diff_AdrActCnt,log_diff_volume_trusted_spot_usd_1d,log_diff_TxCnt,log_UnemRt,log_IndPro,log_CPIPrc,log_TotRes",0,0.006085326437521021,0.0008203281667368278,10867.341694167131,10921.778330998288,-5423.670847083566,1.6828096794559135,0.08797969784488986,2.0158411619681385,-0.02850403044687383,0.15018372720843431,-0.18979440034348172,0.8494929157261598,-0.3453772939680565,0.12166817412953765,-2.838682313094797,0.004583887617078821,0.20578032073956248,0.26036191077180715,0.7903626153670288,0.42942632962440563,0.25114453234296225,0.2022857437532022,1.2415335242278367,0.21458009323183144,-0.17370142073252828,0.17427259015934002,-0.9967225515711363,0.3190411312878761,-0.1485079638919177,0.23120063818797434,-0.6423337109094631,0.5207431918615266,-0.15708391117121123,0.5316077426989615,-0.29548838091352747,0.767656933691884,0.229464327042341,0.9223279797314818,0.24878820992630532,0.8035546809123301,-0.2602231947093989,0.9494271109254259,-0.274084436514304,0.7840530521704038,-0.11837613890611118,0.1492450311252662,-0.7931663654969809,0.42779164958987237
WTC,2484,2484,9,"log_daily_return,ConSIX,log_diff_AdrActCnt,log_diff_volume_trusted_spot_usd_1d,log_diff_TxCnt,log_UnemRt,log_IndPro,log_CPIPrc,log_TotRes",0,0.006693961963307626,0.0030804800141036592,18643.247744263175,18701.42399869371,-9311.623872131588,1.4643663187992653,0.15537279878342317,2.0746405691802616,-0.23658357636226252,0.20657464407334666,-1.1452691951789633,0.25220843759600636,-0.48694274461867637,0.8920812504610275,-0.545850217530101,0.5852181143677648,-0.4340406547124834,0.3888288847901113,-1.1162767780145173,0.26441208329074545,0.13886627882542435,0.36342144678045907,0.38210810081693586,0.7024140022435458,-0.4049711098708797,0.2570662149916824,-1.5753571891350362,0.11530187744990594,-0.16970280244205133,0.34272697369435606,-0.495154497507956,0.6205350402718541,0.23189332673775614,0.3364742728232197,0.689185906524243,0.4907709138884878,0.06916524261208312,0.3945972702353429,0.1752805906914462,0.8608735057926236,-0.4821158050338244,0.6536096401234462,-0.7376204012884019,0.4608151069832407,-0.21159873059111958,0.3027134485481249,-0.6990067061968671,0.48461354646283306
XAUT,1953,1953,9,"log_daily_return,ConSIX,log_diff_AdrActCnt,log_diff_volume_trusted_spot_usd_1d,log_diff_TxCnt,log_UnemRt,log_IndPro,log_CPIPrc,log_TotRes",0,0.003567323691156976,-0.0011205456694176608,4898.913592995925,4954.530010451813,-2439.4567964979624,4.439211340601858,8.926300903277205e-06,2.1084231366390944,0.04032752234453094,0.01979560395136183,2.0371958563939963,0.04176780744648475,0.010890904209206397,0.004040314205482458,2.6955587252169915,0.007088609182346677,-0.005972409211015285,0.0272463351314985,-0.21920046061941004,0.8265172810195914,0.02495140604355338,0.04155297417052825,0.6004722054588898,0.5482627075364088,-0.0101385337172619,0.0214923021452101,-0.47172860537517775,0.637174313798175,-0.02111307868154607,0.050141455849186674,-0.4210703164473143,0.6737510376514513,0.02423349153360784,0.0726137666458697,0.3337313660065622,0.7386188555211968,-0.0707469463129471,0.06294037268603361,-1.124031258376164,0.26114079151982084,0.0974400152905005,0.053374166444662564,1.8256025673304832,0.06806598145988499,0.02494542245224757,0.024240046287889224,1.029099621179798,0.30356295953906987
XEM,3713,3713,9,"log_daily_return,ConSIX,log_diff_AdrActCnt,log_diff_volume_trusted_spot_usd_1d,log_diff_TxCnt,log_UnemRt,log_IndPro,log_CPIPrc,log_TotRes",0,0.007505731419598316,0.005073809716025335,24531.055498041384,24593.170327205833,-12255.527749020692,4.612022304057403,4.383527992762481e-06,2.0937018703730286,0.12787376695158004,0.11082372446050186,1.1538483079690658,0.24863743799025348,-0.41023241911230557,0.09053351447943846,-4.531276858863969,6.049394901958628e-06,-0.1290873595944237,0.17038488014633169,-0.7576221521742984,0.44872581631325614,0.09130753029329754,0.15099033759730626,0.6047243270414842,0.5453995356162588,0.03447617995381741,0.12929469736650293,0.2666480579330343,0.7897551182638272,-0.14184116071013828,0.13668267357971692,-1.0377406074619457,0.29945914473347085,0.5795379151939586,0.2300737543131688,2.518922320905455,0.011813590473562787,0.231909153557822,0.3383867235671293,0.6853376252860457,0.49317414327378517,0.5059348268883069,0.26521092916687466,1.9076695989778205,0.05651184373849856,-0.7366165708431521,0.2537217089147483,-2.903246135279101,0.0037151693446203673
XLM,3531,3531,9,"log_daily_return,ConSIX,log_diff_AdrActCnt,log_diff_volume_trusted_spot_usd_1d,log_diff_TxCnt,log_UnemRt,log_IndPro,log_CPIPrc,log_TotRes",0,0.002320789631025777,-0.0002512851020939344,23092.36662981341,23153.974669022955,-11536.183314906704,1.1091129958735577,0.35228855017587696,1.97629256696917,0.14710110504121646,0.10963019280895427,1.3417937273681568,0.17975015394776353,0.1277531301624925,0.31351776327029107,0.4074829088786064,0.6836783294903341,0.17310950098942646,0.14980026120246515,1.1556021304626252,0.24792302000537295,-0.17863568938728488,0.1126915142158731,-1.5851742753681382,0.11301731623201422,0.04426212393889294,0.1268357676188516,0.3489719404064557,0.7271314211063548,0.06647060737579927,0.12303239021601917,0.5402691702493203,0.5890458802111254,0.34944888935390483,0.23971376779243783,1.4577756320466495,0.14499234623775648,0.0186299296248683,0.3440039038819435,0.054156157574484345,0.95681384940682,0.46062347902015194,0.26018485914854605,1.7703700381626375,0.0767527761262005,-0.1981033873828422,0.2603454040063788,-0.7609252336868156,0.44675311841073695
XRP,3803,3803,9,"log_daily_return,ConSIX,log_diff_AdrActCnt,log_diff_volume_trusted_spot_usd_1d,log_diff_TxCnt,log_UnemRt,log_IndPro,log_CPIPrc,log_TotRes",0,0.0030724069834109358,0.0006880465430312288,24483.353709833646,24545.70996703329,-12231.676854916823,1.4463708345850668,0.16229184863844925,2.0711913621217644,0.1262752133440961,0.10010405932800132,1.261439487986619,0.20722873972726127,-0.14918191837265,0.1489710568607911,-1.001415452882609,0.31669038561501417,0.12690959144265804,0.14453463258573163,0.8780566233313031,0.3799690493478698,-0.06520358296901743,0.10933399149753095,-0.5963706444440008,0.5509635193755669,0.09933845792355966,0.11121701142661602,0.8931948147977871,0.371809971574387,-0.05748891377455974,0.11386095361894259,-0.5049045519762407,0.6136554432744163,0.5428360042528795,0.21359041148059868,2.541481148380987,0.011078186754828865,0.5506315372914097,0.31047421369406625,1.7735177770157384,0.07622381056251193,0.493232398792868,0.24296763775579752,2.030033313690143,0.0424233630836767,-0.5783974985010727,0.23323571567494683,-2.479883909834662,0.013185959787786696
XTZ,2527,2527,9,"log_daily_return,ConSIX,log_diff_AdrActCnt,log_diff_volume_trusted_spot_usd_1d,log_diff_TxCnt,log_UnemRt,log_IndPro,log_CPIPrc,log_TotRes",0,0.008481095679953365,0.004892969367576883,15745.313626246281,15803.54207914908,-7862.656813123141,1.6872119963270975,0.08663311747846784,1.9850987964439593,-0.08035954153370542,0.11143780788056214,-0.7211155985752513,0.47090617483601316,-0.36979091566657474,0.17367412220828535,-2.129222885739355,0.03333380043611372,0.2081432830516876,0.16413317564579236,1.26813657405174,0.20486788224000377,-0.023202979913242022,0.1298098444675949,-0.1787459187583751,0.8581517710560621,-0.22020569131544443,0.1440049542712394,-1.5291535796794722,0.12635354761526127,-0.10835444431026361,0.2303272908185629,-0.47043684630328203,0.6380841968157037,0.02841238817779279,0.2940758170318816,0.09661586071428825,0.9230392450414923,-0.3646548840654621,0.3449358272613232,-1.057167319964127,0.29053790625172254,0.27285432742717985,0.26653610116936355,1.023704954901406,0.3060742165529342,0.28298971478354906,0.24107189409845603,1.17388099447202,0.24055509554945992
XVG,2800,2800,9,"log_daily_return,ConSIX,log_diff_AdrActCnt,log_diff_volume_trusted_spot_usd_1d,log_diff_TxCnt,log_UnemRt,log_IndPro,log_CPIPrc,log_TotRes",0,0.005757837092646767,0.0025157430831662664,19222.8552385974,19282.121264589212,-9601.4276192987,1.2084760851987488,0.2848187184876871,1.993049848404588,-0.001481689204414183,0.14669932039952427,-0.010100177699384816,0.9919420911333725,-0.15259487622706985,0.200678703269265,-0.7603939717625261,0.44708407647653003,0.19180976276326878,0.21998931370405553,0.871904909987147,0.3833360937562206,0.6306891671940202,0.32140373609356787,1.9622956934464895,0.04982840141291657,0.1453676000252752,0.2053004897582822,0.7080723489575155,0.4789601207638319,-0.3868714734258985,0.28016826144896095,-1.3808540318774687,0.16743564622300905,0.6111282423797224,0.33740049841689523,1.8112843497480748,0.070205511744397,0.19876743414779752,0.37216466591514846,0.5340846468028628,0.5933259847323797,0.569821804850148,0.3423240398642909,1.6645684745834535,0.0961123866242442,-0.24850141877477003,0.24145359472043398,-1.0291891452786046,0.3034809845206871
YFI,1771,1771,9,"log_daily_return,ConSIX,log_diff_AdrActCnt,log_diff_volume_trusted_spot_usd_1d,log_diff_TxCnt,log_UnemRt,log_IndPro,log_CPIPrc,log_TotRes",0,0.011355533578773058,0.006215267722163631,11280.830364552003,11335.452513949685,-5630.415182276001,3.0517846054871276,0.001244927446388692,1.9621999768782317,0.0840100531969235,0.1591967068673623,0.5277122551719493,0.5977666996878126,-0.28614177871472185,0.06493611255935904,-4.406512300118914,1.1149123036414386e-05,-0.3379169994165979,0.2349369528986822,-1.4383305616563709,0.15052105152356773,0.02471437126063436,0.27511723416249756,0.08983214496128895,0.9284309959998893,0.2604640213137442,0.23687613280228953,1.099579000350966,0.27166849539165777,-0.06565333257263356,0.3359997963427551,-0.19539694156737006,0.8451051431941432,0.9333013373808356,0.5431428965053468,1.7183347943714626,0.08591438487223028,-1.1553037279462843,0.9017588330974503,-1.2811670765429966,0.20030659324165365,1.6648568289284023,0.8725573717434686,1.9080198997136768,0.05655394337647424,0.01547642078913937,0.1464827402117738,0.10565354503038868,0.9158694811056725
ZEC,3136,3136,9,"log_daily_return,ConSIX,log_diff_AdrActCnt,log_diff_volume_trusted_spot_usd_1d,log_diff_TxCnt,log_UnemRt,log_IndPro,log_CPIPrc,log_TotRes",0,0.0027490882082628065,-0.00014989700043410714,20665.210373148926,20725.621283186014,-10322.605186574463,1.0398410715161905,0.40516961600325424,2.0567058440519155,-0.12736835070069102,0.12107845731975506,-1.051948905859653,0.29290508867974197,0.01546458195534605,0.8426984832310601,0.018351263545713307,0.985359814441737,0.2524363801736782,0.21135871817870625,1.1943504500261035,0.23243240497094167,-0.08181086978263802,0.10609808947527807,-0.7710871155856277,0.44071413923026315,0.05692449790857727,0.14274203063580743,0.39879282685710604,0.6900733652178304,0.1715092721505811,0.1674021283987242,1.0245345969680526,0.30566288091992716,0.17871284197939719,0.27138878094608593,0.6585122692116748,0.5102579816882606,-0.1333038058278417,0.3845336813399877,-0.34666353637298253,0.7288676661943976,0.28436481555180126,0.2816083344984482,1.0097883503990124,0.3126756133987154,0.3566015248675301,0.28431308946201567,1.2542564450419798,0.20984349584885037
ZRX,2850,2850,9,"log_daily_return,ConSIX,log_diff_AdrActCnt,log_diff_volume_trusted_spot_usd_1d,log_diff_TxCnt,log_UnemRt,log_IndPro,log_CPIPrc,log_TotRes",0,0.009382977167052386,0.006210182432000333,19060.381104587363,19119.826026226685,-9520.190552293681,0.8029596528199716,0.6135665608404384,2.0690311403043853,0.03542482791598821,0.1332974810199335,0.2657576695743465,0.7904453417244213,0.2931853557341385,0.3783474263339098,0.7749104006733439,0.4384578065056196,-0.019935464099830102,0.20232013056397738,-0.09853425877226853,0.9215150977065842,0.718415945308917,0.5931363097560403,1.2112155898943444,0.22591464050664564,0.6796688313781716,0.32787530225490935,2.0729491569016,0.03826796035109193,-1.497554504804856,0.861370960906405,-1.7385709209757974,0.08221979232306101,0.20545531427837785,0.29440587320420947,0.6978641833543429,0.4853198753126403,-0.19847229798314625,0.36221119027001836,-0.5479463454323172,0.5837722673916725,0.2865914344930836,0.30807558955428244,0.9302633646103488,0.352314650219374,-0.0727816771350617,0.2421413032648204,-0.3005752267528818,0.7637606603181162
