symbol,n,nobs,n_regs,regs_used,opt_hac_lag,r2,adj_r2,aic,bic,log_likelihood,fstat,f_pval,durbin_watson,coef_Intercept,stderr_Intercept,tval_Intercept,pval_Intercept,coef_log_daily_return,stderr_log_daily_return,tval_log_daily_return,pval_log_daily_return,coef_InvSIX,stderr_InvSIX,tval_InvSIX,pval_InvSIX,coef_log_diff_AdrActCnt,stderr_log_diff_AdrActCnt,tval_log_diff_AdrActCnt,pval_log_diff_AdrActCnt,coef_log_diff_volume_trusted_spot_usd_1d,stderr_log_diff_volume_trusted_spot_usd_1d,tval_log_diff_volume_trusted_spot_usd_1d,pval_log_diff_volume_trusted_spot_usd_1d,coef_log_diff_TxCnt,stderr_log_diff_TxCnt,tval_log_diff_TxCnt,pval_log_diff_TxCnt,coef_log_UnemRt,stderr_log_UnemRt,tval_log_UnemRt,pval_log_UnemRt,coef_log_IndPro,stderr_log_IndPro,tval_log_IndPro,pval_log_IndPro,coef_log_CPIPrc,stderr_log_CPIPrc,tval_log_CPIPrc,pval_log_CPIPrc,coef_log_TotRes,stderr_log_TotRes,tval_log_TotRes,pval_log_TotRes
1INCH,1616,1616,9,"log_daily_return,InvSIX,log_diff_AdrActCnt,log_diff_volume_trusted_spot_usd_1d,log_diff_TxCnt,log_UnemRt,log_IndPro,log_CPIPrc,log_TotRes",0,0.004524115249891936,-0.0011607089650516045,10035.472984845946,10089.162688867895,-5007.736492422973,0.5943068689668659,0.8026491353128141,1.998534152157746,-0.07860173548817857,0.15334600384153135,-0.5125776578397574,0.6083186141760947,-0.15212934315473509,0.21330406163588903,-0.7132041555515269,0.4758250250256638,0.007350219741949798,0.16993494624558608,0.043253138358766006,0.9655052255476484,0.1918956746370068,0.3054921805459886,0.6281524924600123,0.5299950611680284,0.213005572567841,0.19399903352952597,1.097972338792205,0.2723842853736224,-0.15238916784588505,0.3448893141982897,-0.4418494907565354,0.6586587426960147,0.688821528451514,0.5984047892505938,1.1510962826921098,0.24986723504726832,-0.29851216273171405,0.7130449159634898,-0.4186442621617385,0.6755331797953746,0.8320506374162752,0.8797498120368007,0.9457809777644712,0.3444052886145117,-0.09832667631772657,0.17089838765023607,-0.5753516909648313,0.5651356018189402
AAVE,1694,1694,9,"log_daily_return,InvSIX,log_diff_AdrActCnt,log_diff_volume_trusted_spot_usd_1d,log_diff_TxCnt,log_UnemRt,log_IndPro,log_CPIPrc,log_TotRes",0,0.014595405653746174,0.009233470134328847,10687.4886672479,10741.658463461712,-5333.74433362395,3.008011678884075,0.0014477126228398234,1.9174674546082604,0.03716368031327666,0.15247256868231715,0.24374010770887392,0.8074623358787569,-0.6599996782135544,0.14018108394544568,-4.7081935710413445,2.7078041383196407e-06,0.15312199184242867,0.1840334683860163,0.8320333968887127,0.4055102024075212,0.016817987031153947,0.364979229829119,0.04607929892073043,0.9632526081448902,0.11585050117116434,0.34317506023932404,0.33758426702212074,0.7357193365383394,0.00985313344546513,0.47653510829476786,0.020676616001544062,0.9835061166880076,0.6037848588965375,0.5278056970349113,1.143952902154068,0.2528086978139542,0.547482361367071,0.7650742286782182,0.7155937827273698,0.47434321762882026,-0.0071084165236845465,0.8531788381942701,-0.008331684056685369,0.9933533595892821,-0.13646269011817158,0.15225655482817832,-0.8962680803606116,0.3702400259784072
ADA,2738,2738,9,"log_daily_return,InvSIX,log_diff_AdrActCnt,log_diff_volume_trusted_spot_usd_1d,log_diff_TxCnt,log_UnemRt,log_IndPro,log_CPIPrc,log_TotRes",0,0.00603854021818484,0.0027228793071261137,17227.249592965305,17286.289249305628,-8603.624796482653,1.9271488281063904,0.044059361627816596,2.075790709175455,0.07270836842905987,0.1109722505674911,0.6551941413933936,0.5123986230863664,-0.1534128069241518,0.10537401380551081,-1.4558884243254353,0.14553981539611469,0.01675622629136989,0.11853176834785685,0.14136485538792568,0.887592270652475,-0.302084586818733,0.22205291355234133,-1.3604171275488668,0.17381160498814702,0.06519963267452826,0.13667213238620357,0.47705140423425385,0.6333641554178746,0.35319744415301296,0.20922739635746604,1.68810323266449,0.09150698589700236,0.5926099856298527,0.2620951579651962,2.2610489649280194,0.02383555418283592,-0.008388648341700194,0.3187505026040421,-0.026317286633805663,0.9790062132448296,0.490240447883704,0.23552261560066187,2.0815005244121716,0.037482185021311065,-0.09075187707187503,0.19830891798169403,-0.4576288247422759,0.6472559803958067
ALGO,2170,2170,9,"log_daily_return,InvSIX,log_diff_AdrActCnt,log_diff_volume_trusted_spot_usd_1d,log_diff_TxCnt,log_UnemRt,log_IndPro,log_CPIPrc,log_TotRes",0,0.008338161616927575,0.00414804117305545,13735.847032475307,13792.532643555465,-6857.9235162376535,1.9709446525359076,0.03889377098913683,2.0523373857498624,-0.09527142022888599,0.12802322960878007,-0.7441729170559224,0.45685395704021037,-0.07951086416801031,0.22396668297240743,-0.35501201836259727,0.7226157354398526,0.0997626276801588,0.12189523295586525,0.8184292794803548,0.4132036586027531,-0.09093969731704746,0.1385933882798308,-0.6561618735623459,0.511790850884281,0.10102627149775723,0.13553361099162695,0.745396442687552,0.45611433678621505,0.3297056778837192,0.16529394577592962,1.994662758735665,0.04620691234461459,0.5318500428191767,0.3575790815344536,1.4873634121349788,0.1370668681729921,-0.19321382195133224,0.35880966125848335,-0.5384855616029322,0.5902981375899059,0.5895562288781754,0.27321061137951946,2.1578818842406426,0.031048477439186338,0.19661937792408501,0.20462359740533362,0.9608832041722283,0.33671995946724176
ALPHA,1693,1693,9,"log_daily_return,InvSIX,log_diff_AdrActCnt,log_diff_volume_trusted_spot_usd_1d,log_diff_TxCnt,log_UnemRt,log_IndPro,log_CPIPrc,log_TotRes",0,0.008035116078661364,0.002634218344062522,11138.410058086172,11192.573842878102,-5559.205029043086,0.8319151875756003,0.5866405928871239,2.018833153373717,0.008951928116132737,0.17406052884512008,0.05142997195014963,0.9589891160942506,-0.20637525341829682,0.2310139878998619,-0.8933452701044003,0.37180234099492326,0.13325994885963693,0.1879400914686447,0.7090554645274799,0.478390047770582,0.09666426051327712,0.27706041853543784,0.34889234999445845,0.7272145627148594,0.3226739114635777,0.22977021360362965,1.404333078700156,0.1604075501316058,-0.1782850985047163,0.3266291065606269,-0.545833469595044,0.5852540657872134,0.9157684837833493,0.5973793140178262,1.5329765565936924,0.12547298752253525,-0.11188377280845063,0.8086525600759621,-0.13835827440890144,0.8899741242178705,0.6626564319463775,0.8732041460960182,0.7588791634911812,0.4480330376501278,-0.18221332908456683,0.17346461306951574,-1.0504351628856143,0.29367162917285317
ANT,2627,2627,9,"log_daily_return,InvSIX,log_diff_AdrActCnt,log_diff_volume_trusted_spot_usd_1d,log_diff_TxCnt,log_UnemRt,log_IndPro,log_CPIPrc,log_TotRes",0,0.018862704434105204,0.015488521912097819,18496.566716090136,18555.302693986992,-9238.283358045068,1.3945407550685494,0.18466949574606528,2.153273571571363,0.024995901469135606,0.15926850212400534,0.15694190085164467,0.8753027432550347,-1.0767260630770572,0.4427524794666934,-2.4318916618468203,0.015086859815578935,-0.029215119070961044,0.15347889437386603,-0.19035268132564626,0.8490475384888738,-0.24024324349625878,0.30342264521553625,-0.7917775659941334,0.4285621445143746,0.14304768688624497,0.16891996225955136,0.8468370758125512,0.39716337144308567,0.47861491958515084,0.3083155779971443,1.552353996169418,0.12069846133473852,0.25992113443195086,0.3577593280469451,0.7265251079570567,0.4675818971753256,-0.2395766366972369,0.42522376716999516,-0.563413090222352,0.5732018952712785,0.411485930605172,0.29358214542790084,1.4016040723642251,0.1611520947540657,0.00906367713876343,0.31353381504017497,0.028908132724382685,0.9769400635879169
BAL,1801,1801,9,"log_daily_return,InvSIX,log_diff_AdrActCnt,log_diff_volume_trusted_spot_usd_1d,log_diff_TxCnt,log_UnemRt,log_IndPro,log_CPIPrc,log_TotRes",0,0.02387425402837262,0.018885536416933357,11247.921631987085,11302.714628364913,-5613.960815993542,2.6441315528778286,0.00482858321441286,1.8945178709822135,-0.14961551961328373,0.1413034516849346,-1.058824238397818,0.28982504328313197,-0.7864861432805696,0.212011533189563,-3.709638487342853,0.0002139939309765369,0.11052946847040895,0.16111846496140017,0.6860136639018313,0.4927947974205412,-0.19661722265423676,0.249677812907324,-0.7874837590283507,0.43110470657177447,-0.4465673173979754,0.20170872736283463,-2.2139216445240266,0.026961866121141785,0.7244467984115537,0.26665530835582535,2.7167912121398703,0.006656335107417314,0.19958165683594503,0.5133822319065241,0.388758403450715,0.6975018715581751,0.04894249462398237,0.65545939609455,0.07466899538796515,0.9404865576259311,0.011788897022109363,0.5274037022585596,0.02235270054348207,0.9821691427884637,-0.07087062930677088,0.14911261886156138,-0.4752825739890488,0.6346445215140952
BAT,2794,2794,9,"log_daily_return,InvSIX,log_diff_AdrActCnt,log_diff_volume_trusted_spot_usd_1d,log_diff_TxCnt,log_UnemRt,log_IndPro,log_CPIPrc,log_TotRes",0,0.004907030257630729,0.0016550924480152052,17702.483755800655,17761.72809764953,-8841.241877900327,0.735572298875901,0.6765524122333408,2.0452851094479714,-0.019929638963790075,0.1113411165770784,-0.17899621969385704,0.8579538367643957,-0.3540967403368549,0.223203151742252,-1.586432528272516,0.11275602847082171,0.06636825512227773,0.10919952510946287,0.6077705471314955,0.5433897782513079,0.15581881600254333,0.2554025950846616,0.6100909661896428,0.5418518866957229,-0.057872088279596286,0.14560399003802318,-0.3974622416905162,0.6910574274456575,-0.12042302947558862,0.26853264146573813,-0.44844838533699566,0.6538649077055099,0.30919507610846736,0.27208367277194967,1.1363970243360508,0.2558893143875746,0.09096707238826174,0.32195951449444915,0.2825419603800219,0.7775492092441035,0.12070596383754494,0.2506355679609792,0.4815994985050858,0.6301287475675447,-0.046513741396879194,0.2428901946789916,-0.19150110797330727,0.8481471296650929
BCH,2860,2860,9,"log_daily_return,InvSIX,log_diff_AdrActCnt,log_diff_volume_trusted_spot_usd_1d,log_diff_TxCnt,log_UnemRt,log_IndPro,log_CPIPrc,log_TotRes",0,0.0011363890752649208,-0.0020514735127927786,18268.941500909634,18328.421820816005,-9124.470750454817,0.5238806865804652,0.8582611698663165,1.9769944500271888,0.007592256596355998,0.11356932288180963,0.06685129754852177,0.9467048241857665,0.11784623035254038,0.07975632391517354,1.4775785112397877,0.1396322989497927,0.059135042022900805,0.10790255787630176,0.5480411510790368,0.5837070240924229,-0.1281121181157947,0.21166585721986533,-0.6052564159306988,0.545057338391691,0.04430420117397041,0.14821502999424402,0.2989184104722104,0.765024325108382,0.09702079644734478,0.17762782032188504,0.546202707838954,0.5849698130242138,0.23799078147495012,0.2476657897555723,0.9609352252881971,0.3366671220404239,0.0757695427592765,0.3344037392015318,0.2265810272941153,0.8207659687664782,0.2343406382025916,0.20554813665359725,1.1400766847987402,0.25435117480177377,-0.15253460623636228,0.20282906338211903,-0.7520352541834465,0.45209262041385034
BNB,2877,2877,9,"log_daily_return,InvSIX,log_diff_AdrActCnt,log_diff_volume_trusted_spot_usd_1d,log_diff_TxCnt,log_UnemRt,log_IndPro,log_CPIPrc,log_TotRes",0,0.009800213059235174,0.006658937739366655,18034.417477650262,18093.95768852304,-9007.208738825131,2.0192236583973284,0.033612684359718675,1.9736602368103793,0.31427674575168535,0.10612653513327462,2.961339926503903,0.003088448781810404,0.29045015815423775,0.23823541379067487,1.2191728909348518,0.22287993471632989,0.20805512927011885,0.10212459887483909,2.0372675296879756,0.04171586753209025,-0.1123344904201361,0.4981574492175587,-0.22549997113678935,0.8216065900709855,0.12222207922864034,0.12153600644393103,1.0056450166891555,0.3146721245252483,-0.1930926352756439,0.5112092183180895,-0.3777174361427418,0.705668769323857,0.3757827752614716,0.24482946870059125,1.5348755901644617,0.12492589782180404,0.1790366557397165,0.30767727369292386,0.5818975629587883,0.5606819167193509,0.07082690609165801,0.18331988869528196,0.38635691192998667,0.6992613298605013,-0.27936683180486055,0.1848355395143641,-1.5114346112163681,0.1307891303210419
BSV,2389,2389,9,"log_daily_return,InvSIX,log_diff_AdrActCnt,log_diff_volume_trusted_spot_usd_1d,log_diff_TxCnt,log_UnemRt,log_IndPro,log_CPIPrc,log_TotRes",0,0.004128418392348676,0.000312818462817388,15343.32748119744,15400.987411991517,-7661.66374059872,1.0521539435429594,0.39555364453577296,2.0796543428707612,-0.03620577537622338,0.1272785401467326,-0.284460957318364,0.7760822238201708,0.12298370016403026,0.18657500948471717,0.6591649144421143,0.5098544856024738,-0.04604500735500522,0.11955393618816393,-0.3851400365650509,0.700168536345432,-0.18564872695644288,0.17312884454650837,-1.0723154044187666,0.28368854213820116,-0.06836594805436007,0.1252703316778699,-0.5457473221206255,0.5852914590359095,-0.25607759974387106,0.1457615341092973,-1.7568256351628049,0.07907781036588966,-0.06225152767641236,0.3819509796265231,-0.1629830292287318,0.8705458162452435,-0.16873334575295632,0.4688911802488429,-0.3598560878526414,0.7189871062406332,0.07900626156415272,0.23183128005671066,0.3407920688909028,0.7332905977169395,-0.02487496984459158,0.222799771352088,-0.11164719646539467,0.9111126873893229
BTC,3803,3803,9,"log_daily_return,InvSIX,log_diff_AdrActCnt,log_diff_volume_trusted_spot_usd_1d,log_diff_TxCnt,log_UnemRt,log_IndPro,log_CPIPrc,log_TotRes",0,0.003321357579303519,0.0009375925562405962,20478.066500712077,20540.42275791172,-10229.033250356038,1.4825376207736807,0.1481658936116069,2.039117600720039,0.1564587281705883,0.05871435559687017,2.6647440235029762,0.007737580012474101,-0.08953126570283315,0.08561579401746831,-1.0457330534663494,0.29575146511162376,0.041664117696821865,0.05951800244247809,0.7000254710679961,0.4839546714610592,0.11734646406304224,0.068774377228705,1.706252659661515,0.08804356177984572,-0.0033565855296836117,0.0682081419661953,-0.0492109216425683,0.9607538192662803,-0.08844097150610726,0.060165200822549246,-1.4699688573624867,0.14165379019262636,0.297686609222004,0.1195701192856106,2.4896404804191614,0.012830096240885951,0.10149239948860142,0.19727961250665754,0.5144596453684558,0.6069608796785702,0.29934340149283933,0.160611954999353,1.8637678714143366,0.062432136542594975,-0.2477863687101442,0.14131239877185434,-1.7534651655739684,0.07960360530403238
BTG,2775,2775,9,"log_daily_return,InvSIX,log_diff_AdrActCnt,log_diff_volume_trusted_spot_usd_1d,log_diff_TxCnt,log_UnemRt,log_IndPro,log_CPIPrc,log_TotRes",0,0.003724381413010902,0.0004459607302749191,18666.084144491688,18725.259508031126,-9323.042072245844,0.7502453551539014,0.6628686386895319,2.027937970487604,-0.1946944713786792,0.13871292006619024,-1.4035784935229971,0.16055792906323715,0.10338299951411783,0.15827387050446026,0.6531905688829694,0.5136883338441278,0.10055947404617939,0.155025452721653,0.6486642824177599,0.516609854590034,-0.3702204602685136,0.4157483260824069,-0.8904917639888005,0.37328021341547846,0.08221258068521854,0.1436566054023873,0.5722854194900273,0.5671756618669894,0.23500421162364737,0.28908505960655917,0.812924099029832,0.4163323332578288,0.25101006709859697,0.3052125926553437,0.8224105857324373,0.4109149493131954,-0.013769960259182881,0.40077104223666477,-0.034358670682228074,0.9725936472518597,-0.010551826713155486,0.26061158747805696,-0.040488708945238025,0.9677064638539266,0.0813000738942066,0.2383721087928109,0.3410637020662148,0.7330818241541198
BUSD,2080,2080,9,"log_daily_return,InvSIX,log_diff_AdrActCnt,log_diff_volume_trusted_spot_usd_1d,log_diff_TxCnt,log_UnemRt,log_IndPro,log_CPIPrc,log_TotRes",0,0.20113132927812327,0.19760690867199737,8115.625272298389,8171.881223019714,-4047.8126361491945,1.6548745694825504,0.09470592252777002,2.326858774926413,-0.0006023817019403105,0.04057492789842764,-0.014846155819383575,0.9881563683395109,-0.8656171466115586,0.3156796524843166,-2.742074567680803,0.0061585648238495945,0.008138865744139662,0.024397275112752942,0.33359732619833904,0.7387177211614202,-0.05306787609632202,0.1052130955542258,-0.5043847043638342,0.6140455364098738,-0.009051095181900016,0.013927196459667805,-0.6498863721863449,0.5158387933859327,0.08349521569912544,0.11710457143031641,0.7129970647542964,0.4759291214227376,-0.012533889315810884,0.04659012746256556,-0.2690245766312116,0.7879379749270554,0.007175312491914009,0.024870088423563523,0.2885117402765507,0.7729843562145464,-0.019745261808173487,0.0930127779487973,-0.21228547564769087,0.8319055339915038,-0.011752760176252016,0.018359958742899335,-0.6401299883529076,0.5221599808460442
COMP,1808,1808,9,"log_daily_return,InvSIX,log_diff_AdrActCnt,log_diff_volume_trusted_spot_usd_1d,log_diff_TxCnt,log_UnemRt,log_IndPro,log_CPIPrc,log_TotRes",0,0.028569503765197513,0.023624439021920796,11326.459053452854,11381.291497613593,-5653.229526726427,6.891221572771364,8.304839571134044e-10,2.136852416370736,-0.07888921150991021,0.1386073639131212,-0.569155990581841,0.5693225799225563,0.9566844499746271,0.1267407673871058,7.5483561422080925,7.018521606035038e-14,0.16228812921952449,0.14161090793860304,1.1460143260283755,0.25194431067627027,-0.1616422965828253,0.25571069531660257,-0.6321295884111983,0.5273839341913305,-0.0469088041668583,0.22616727680380205,-0.2074075650101727,0.8357154609120059,0.0062889006316808015,0.307956104369397,0.02042141896994901,0.983709501868932,0.5244026260291639,0.5257639586510326,0.9974107532487362,0.31870166107961756,0.6767482983404624,0.6773214846577751,0.9991537455546647,0.31785694482597104,-0.13092554123677577,0.46084261390141534,-0.28410033553186925,0.7763667573760296,-0.20055464350369037,0.1495653144616046,-1.3409168043114397,0.1801197120371887
CRO,2264,2264,9,"log_daily_return,InvSIX,log_diff_AdrActCnt,log_diff_volume_trusted_spot_usd_1d,log_diff_TxCnt,log_UnemRt,log_IndPro,log_CPIPrc,log_TotRes",0,0.004389156549953532,0.00036015583455317746,13713.77194293405,13770.887432730342,-6846.885971467025,1.4260663199965644,0.171024132153434,2.1228802592281504,0.01526049806515073,0.10841025017900363,0.1407661917572653,0.8880674000066531,0.011646353024819492,0.13756204047448128,0.0846625492370475,0.9325372904511418,0.11207968173445881,0.1039003243273308,1.0787231171806502,0.2808281561365745,-0.06659486566033249,0.29553579702027166,-0.225336038245697,0.8217385691063274,-0.058757922073473356,0.14522848977101305,-0.40458950007756106,0.685818184622693,-0.026552266536431002,0.33495030784731006,-0.07927225595665097,0.936823205159045,-0.10476771436860212,0.26573277952777097,-0.39425965646685734,0.6934271456965925,-0.6175414384222034,0.28149711172080855,-2.193775398429973,0.028354708286710075,0.21479525532107266,0.22646075138909466,0.9484877799068199,0.3429842406671728,0.31983532679480736,0.18478783409871913,1.7308245878564812,0.08362175527121969
CRV,1750,1750,9,"log_daily_return,InvSIX,log_diff_AdrActCnt,log_diff_volume_trusted_spot_usd_1d,log_diff_TxCnt,log_UnemRt,log_IndPro,log_CPIPrc,log_TotRes",0,0.011214027683291383,0.006009890986887645,11807.121533243764,11861.62232894184,-5893.560766621882,2.4767272917856857,0.008290674538381348,2.001793375940896,-0.16969393391805698,0.1874152371619526,-0.9054436367487988,0.3653579607114581,-0.39905434665030043,0.1470574557274344,-2.713594796512276,0.0067225589626305985,0.2791203038648333,0.19744140368918262,1.4136867883305353,0.15763590305766823,-0.06080489205166416,0.3575803237492746,-0.17004540801942686,0.8649945410639874,0.556717780071583,0.2668170566142786,2.086514959485504,0.0370798321884877,-0.24118007079803594,0.43635744011628474,-0.5527121772777931,0.5805327537768723,-0.06206815893314166,0.6379035595281402,-0.09730022353073829,0.9224993810502757,1.2659052709417407,1.0215818380442108,1.2391618799383515,0.21545560464413696,-1.1668106652905994,0.9397891322586972,-1.241566459154807,0.21456683566226725,0.14453297398984238,0.20439065137653492,0.7071408257493107,0.47957531977052037
CVC,2819,2819,9,"log_daily_return,InvSIX,log_diff_AdrActCnt,log_diff_volume_trusted_spot_usd_1d,log_diff_TxCnt,log_UnemRt,log_IndPro,log_CPIPrc,log_TotRes",0,0.007267974849144432,0.004052937703999504,18704.728753225136,18764.06313710141,-9342.364376612568,1.4785304579256746,0.14984423366612865,2.00818654885034,-0.04397080770943536,0.12920503035609857,-0.34031807885690346,0.7336427255041069,-0.37346735114114316,0.310287325508463,-1.2036178098127213,0.22883984882227673,0.019332776513954486,0.1136044321356092,0.17017625237435297,0.8648839145649729,-0.4875358212387546,0.2951715876315485,-1.651703082775457,0.09870807239512151,0.2842364163481296,0.17111892624683592,1.6610460489807173,0.09681700055467776,0.16116125275786236,0.2928795491600688,0.5502646163586593,0.5821821141117058,0.5506398024324257,0.3871465549733667,1.4223032475913582,0.1550504643296209,0.1835169696240413,0.4274279771831645,0.4293517959059551,0.6677005117404008,0.298713869249545,0.281403021618382,1.0615162109191518,0.28854761041435895,-0.025032316243675745,0.3175078772883405,-0.07883998487679404,0.9371655759081452
DAI,2019,2019,9,"log_daily_return,InvSIX,log_diff_AdrActCnt,log_diff_volume_trusted_spot_usd_1d,log_diff_TxCnt,log_UnemRt,log_IndPro,log_CPIPrc,log_TotRes",0,0.004553049927205288,2.6004676747959365e-05,1261.9409519098617,1317.8948246984014,-620.9704759549309,0.4153808587483513,0.9275878430384215,2.6150481093864406,0.0036603787708983206,0.007717834903711983,0.474275339724852,0.635355898445569,-0.015040539282739726,0.016843574378444297,-0.8929541286668927,0.37199030667775257,-0.003432332237412054,0.010041717052031334,-0.34180730443084223,0.732532203581898,0.00749319325749456,0.00938089849613928,0.7987713821419551,0.4245188360850761,0.010583726391838999,0.00953871926473665,1.109554238687535,0.26732596718496243,-0.02359809225288149,0.017367349896825455,-1.3587618371870853,0.174376911807384,-0.0033092146168749613,0.025619434367366394,-0.1291681373375746,0.8972377334649182,-0.008330624389086931,0.02498845201158739,-0.3333789698226981,0.7388835522479571,0.008638949970637959,0.022355031737822356,0.38644319864783583,0.6992100062590463,0.006709063329192993,0.00842858289222046,0.7959894818600438,0.4261336167221851
DASH,3803,3803,9,"log_daily_return,InvSIX,log_diff_AdrActCnt,log_diff_volume_trusted_spot_usd_1d,log_diff_TxCnt,log_UnemRt,log_IndPro,log_CPIPrc,log_TotRes",0,0.004168069080672243,0.0017863291449099483,23665.492659169242,23727.848916368886,-11822.746329584621,1.7609524004515333,0.07051780889598425,2.0035205147413513,0.0721451903504083,0.08976230686448715,0.8037359206835543,0.42160027190936933,-0.2152827112939996,0.13658690386538047,-1.5761592451512145,0.1150731678072687,0.006976261246321169,0.08689879294648371,0.08028030090840817,0.9360185942825724,0.11855615590534271,0.10714218588628714,1.1065310542681062,0.26856746254678343,-0.02918018495518416,0.10133908223995121,-0.2879460155963438,0.7734039198642736,-0.12269146279993381,0.14737187045054304,-0.8325297251425482,0.4051628391977411,0.3145160434751899,0.1973585416120178,1.5936277239699568,0.11110342564300664,-0.03065415586562456,0.30798779747738003,-0.09953042333722957,0.9207224352145063,0.3900098966747991,0.22499570227743942,1.7334104284084622,0.08310465854897563,-0.3543734033203011,0.23031532746005137,-1.53864446291256,0.12397519535875523
DCR,3301,3301,9,"log_daily_return,InvSIX,log_diff_AdrActCnt,log_diff_volume_trusted_spot_usd_1d,log_diff_TxCnt,log_UnemRt,log_IndPro,log_CPIPrc,log_TotRes",0,0.01311706420035108,0.010393376245062202,21205.59416481576,21266.522675091146,-10592.79708240788,2.8900502812133713,0.00209357829983954,2.0944193736126215,0.06731183729025114,0.10765251963723609,0.6252695015135397,0.5318379446579626,-0.4381002218346771,0.28510023135620605,-1.536653336795479,0.12447523877532908,0.07478198304584291,0.093613152971901,0.7988405546845488,0.4244410474884335,0.26231164300821663,0.2783744429694898,0.9422978640211103,0.34610996214783496,-0.28565056938857925,0.1287759894522979,-2.218197434191658,0.026610013946694787,-0.4120961801873697,0.3194084929345326,-1.290185418682135,0.19707776548819644,0.7750573960725383,0.2345107421221928,3.304997413161958,0.0009600431735608593,0.6491532747857296,0.3123847651047248,2.07805676620659,0.037782175125468616,0.3731623450091064,0.23872146838813818,1.5631704493471876,0.11810954072283611,-0.6858670196802039,0.265804013139871,-2.5803486244554477,0.009913404365633045
DGB,3763,3763,9,"log_daily_return,InvSIX,log_diff_AdrActCnt,log_diff_volume_trusted_spot_usd_1d,log_diff_TxCnt,log_UnemRt,log_IndPro,log_CPIPrc,log_TotRes",0,0.0025243517673565474,0.00011304883045248904,25931.16691634244,25993.416591131587,-12955.58345817122,1.1348998403731456,0.33377739116436406,2.0596772719133516,0.11890333619711521,0.1276257621927913,0.9316562279761355,0.3515746244172109,-0.06311808030785816,0.12274354791292702,-0.5142272761467956,0.6071236207056487,-0.025865720754293484,0.11691146532222432,-0.2212419516170116,0.8249161787184646,0.11927485148398856,0.12320075336076579,0.9681341081959044,0.3330402841144926,0.07481663959956615,0.14791503661861405,0.5058082079408485,0.613021241603289,-0.02121362663235507,0.13955433618744642,-0.15200979927890867,0.8791874433515717,0.5643848252369957,0.25303174329119055,2.2304902060746508,0.02577428351353549,-0.00127242897750518,0.43975678311760286,-0.0028934834580252467,0.9976914924660425,0.711116216532108,0.3582423979216284,1.9850141151848721,0.047216172138118594,-0.5101979912855895,0.29061869378731103,-1.7555580635118309,0.07924612860492912
DOGE,3803,3803,9,"log_daily_return,InvSIX,log_diff_AdrActCnt,log_diff_volume_trusted_spot_usd_1d,log_diff_TxCnt,log_UnemRt,log_IndPro,log_CPIPrc,log_TotRes",0,0.005202184393476639,0.002822917760349264,25058.37480658826,25120.731063787905,-12519.18740329413,1.5510721162415382,0.12423126803451798,1.994461559399505,0.18607943931015436,0.10757300273039656,1.7297968317990855,0.08374857907845433,0.005357394909854513,0.2414346503874837,0.022189834397242952,0.9822977030725689,0.08928766094170495,0.11156307948461115,0.8003334199287782,0.42356816787263507,-0.02813034577767829,0.1073394179771424,-0.2620691103772201,0.7932825053845122,0.3078108452187065,0.13762788292158978,2.2365442138935934,0.025374511562670662,0.013773519182713717,0.09078797692737246,0.15171082833723787,0.8794231489150519,0.7033475434570763,0.2676233107608682,2.6281251115884467,0.008620569929450542,0.6980578257272473,0.3642996024121782,1.9161641163073415,0.05541989074482161,0.21727941102650417,0.24527504293106006,0.8858602507209644,0.3757494430509284,-0.4709604020921293,0.2070698879262301,-2.2744031341723225,0.02299780912018672
DOT,1745,1745,9,"log_daily_return,InvSIX,log_diff_AdrActCnt,log_diff_volume_trusted_spot_usd_1d,log_diff_TxCnt,log_UnemRt,log_IndPro,log_CPIPrc,log_TotRes",0,0.006271605198543639,0.001026118070559301,10644.081675709289,10698.55335930529,-5312.040837854644,0.6983265357365815,0.7109624032641799,2.0415288999850802,0.04795841510013859,0.13435114053754524,0.3569632152600619,0.7211635173607319,-0.07057186783469538,0.14568711476047,-0.48440706613433454,0.6281592228234308,0.0554216365803411,0.13639958307529254,0.40631822569243753,0.684559786930498,0.14270126961593504,0.20140727105032832,0.7085209430213489,0.4787186662020394,0.005959849681880902,0.12517324535965418,0.04761280787085736,0.9620304006073067,-0.13222468147258912,0.21664717060572777,-0.6103226785879535,0.5417294152393702,0.32879995680735774,0.42754469324068956,0.7690423059987725,0.4419747119188201,-0.8761212289830077,0.7806681670118213,-1.1222709801740143,0.2619052570891735,0.9639049369763207,0.6881325484205381,1.400754751666317,0.16146938991474846,0.07479431194437178,0.15098567978792532,0.49537354833536507,0.6204002995291263
DRGN,2705,2705,9,"log_daily_return,InvSIX,log_diff_AdrActCnt,log_diff_volume_trusted_spot_usd_1d,log_diff_TxCnt,log_UnemRt,log_IndPro,log_CPIPrc,log_TotRes",0,0.009676019175343775,0.00633158546899415,19255.166793705714,19314.083840299016,-9617.583396852857,1.9955741191202507,0.03607264232874803,2.003354007537183,-0.10698286817838057,0.1719490579042743,-0.6221776931045412,0.5338782576941535,-0.6441862940298413,0.26383060510119904,-2.441666287285916,0.014684272287197464,0.09677444827022394,0.17671852440728034,0.5476191508208241,0.583999295493765,0.18289554479828934,0.37894391625789264,0.4826454178349142,0.6293871660217372,-0.2793581171239998,0.19003633819520127,-1.4700247319912527,0.1416730998465601,0.09933745708241937,0.4184861676721972,0.23737333454765705,0.8123854204363544,0.38086657285152875,0.3708679604669883,1.0269600328158583,0.3045324846956792,-0.5089441218025724,0.4797781388457021,-1.0607905625442642,0.28888121678340717,0.9856364063175082,0.4074174119367299,2.419229952966696,0.015619955376071464,0.04032703233516878,0.29851530376772806,0.13509200977698238,0.8925493294947593
ELF,2717,2717,9,"log_daily_return,InvSIX,log_diff_AdrActCnt,log_diff_volume_trusted_spot_usd_1d,log_diff_TxCnt,log_UnemRt,log_IndPro,log_CPIPrc,log_TotRes",0,0.004336242930322087,0.0009888489020715152,17730.31516312747,17789.276969213624,-8855.157581563735,1.1247119115913558,0.34113505265975363,2.1214622885869883,-0.043852633834952234,0.1250516043661259,-0.35067629925451066,0.7258588001407391,0.061890592341259744,0.39318592939438435,0.15740795311924938,0.8749352168991312,0.06398426716530359,0.12436367310157351,0.5144932243440953,0.606949667619447,-0.11893477582055476,0.23517519004837828,-0.5057284137671516,0.6130889569923383,-0.35278913962761016,0.16391588970270204,-2.152257113495658,0.03146625087862499,0.05126943012251592,0.23752257550503197,0.2158507670839472,0.8291205191850846,0.19809684063617566,0.37899925413285046,0.5226839854590766,0.6012374375814742,-0.12807650051797317,0.3899636990323272,-0.32843185362070304,0.7426108491624727,0.21291849570354154,0.2673013649464487,0.7965484790779043,0.42578394361180083,0.12474107773489479,0.2737331877998835,0.4557031565572842,0.6486404126924297
EOS,2548,2548,9,"log_daily_return,InvSIX,log_diff_AdrActCnt,log_diff_volume_trusted_spot_usd_1d,log_diff_TxCnt,log_UnemRt,log_IndPro,log_CPIPrc,log_TotRes",0,0.00807108534274581,0.004511531821248416,15641.38415438023,15699.696356526272,-7810.692077190115,1.593266484734772,0.11143811528098563,2.0114664621246185,-0.11362038509565983,0.10645847870835809,-1.0672741755677508,0.2859507677326911,-0.35436471956343973,0.17361199248117343,-2.041130422495826,0.04134234052840251,0.02518976002925665,0.10418899358474608,0.24176987570925715,0.8089782478551544,0.08073739434976268,0.09734946171811557,0.8293563510761398,0.40698171966990815,-0.11811697945705221,0.11298815225994603,-1.0453926105925384,0.29594229384158566,-0.23900715689794083,0.1016681798912078,-2.3508550773083137,0.018807361022769722,0.2795830699689983,0.2620508396823305,1.0669039271460496,0.2861179100893128,0.02840374761435046,0.31184147423812053,0.09108393193607565,0.9274331737876637,0.26902101905534903,0.2130569871028142,1.2626716575388746,0.2068245900216315,-0.04856640817719479,0.19351512205949692,-0.2509695762291015,0.8018581901513001
ETC,3232,3232,9,"log_daily_return,InvSIX,log_diff_AdrActCnt,log_diff_volume_trusted_spot_usd_1d,log_diff_TxCnt,log_UnemRt,log_IndPro,log_CPIPrc,log_TotRes",0,0.006798766202151474,0.003998386783548469,21068.783102997877,21129.498411933444,-10524.391551498938,1.2872924952358689,0.2381992177895891,1.8459094388707749,0.10754571352801437,0.11394062672088723,0.9438750393348454,0.34530494363656605,-0.48167051110109227,0.3036609349213306,-1.5862116449910773,0.11279035806203189,0.04968235386426919,0.10412783851288944,0.47712844685736244,0.6333033234436758,-0.0473332831997712,0.0926001777095761,-0.5111575849046811,0.6092760691369148,0.07801001816570478,0.11540629397411206,0.6759598240214176,0.4991151233189174,0.13845636905232916,0.10329358653616547,1.3404159318628404,0.18020555238292615,0.3819931625279732,0.2727351442936262,1.4006011712107038,0.1614305698930481,0.13733094227602988,0.4390369174307572,0.31280044302353927,0.7544527131045018,0.22176323759483785,0.22860769746036735,0.9700602388215029,0.33208996416235537,-0.2678836812612344,0.24890592671369946,-1.076244687292496,0.2818991749889379
ETH,3584,3584,9,"log_daily_return,InvSIX,log_diff_AdrActCnt,log_diff_volume_trusted_spot_usd_1d,log_diff_TxCnt,log_UnemRt,log_IndPro,log_CPIPrc,log_TotRes",0,0.004524537113930083,0.0019965238052465084,22208.128550857873,22269.88684094502,-11094.064275428937,1.9642984167847102,0.039430628867138114,2.0340453106372127,0.2133659317501064,0.09184098377888228,2.3232104336317803,0.020224169092682213,-0.1719565258284207,0.14855290948851507,-1.1575439782397194,0.24712818919234897,-0.008531333469208636,0.08396952082533667,-0.10160035909880316,0.9190796419819185,-0.007893828756336757,0.0851510068614447,-0.09270388040368532,0.9261440540259203,0.06759327417696226,0.11276843890521417,0.5993988640188305,0.5489452497470437,0.049996705674491354,0.1562358903848597,0.3200078135141244,0.748981271473296,0.4831013488298011,0.21425333156529203,2.2548137072145353,0.02420581531761925,0.06699044228613103,0.36935696004425533,0.18137046145848834,0.8560871743999918,0.39992453828783275,0.20476966469235028,1.953045822918579,0.05089276183678033,-0.35764227600877435,0.24562707758725652,-1.4560376629556468,0.14547078734762664
FTT,2111,2111,9,"log_daily_return,InvSIX,log_diff_AdrActCnt,log_diff_volume_trusted_spot_usd_1d,log_diff_TxCnt,log_UnemRt,log_IndPro,log_CPIPrc,log_TotRes",0,0.005340747698030945,0.0010182304258350428,14107.430059917704,14163.83609818164,-7043.715029958852,0.9218467223900506,0.5048083359464675,1.956359376342243,-0.0189391130051145,0.15661298914160277,-0.12092938848124891,0.9037586953406169,0.3419659259017178,0.9084806667739063,0.37641519341965585,0.7066468107858901,0.19043882218141894,0.13121991070225503,1.4512951667337648,0.1468491398274822,-0.07434105297144729,0.3427878747206769,-0.2168718862416724,0.8283295488016871,-0.09226447178010407,0.2641718954866633,-0.3492592261191616,0.7269302133996391,-0.07219474284927374,0.2925324455904691,-0.24679225821788944,0.8050934622024589,0.2517222694291094,0.24764470179578768,1.0164653941867254,0.30952654940840174,-0.04631195369151794,0.2916393030134338,-0.15879873944625586,0.8738429251715922,-0.041374746717839375,0.23958937530615404,-0.17269023997816915,0.8629117902621962,0.11478591915632727,0.19326542768783117,0.5939288807604708,0.5526245475335294
FUN,2828,2828,9,"log_daily_return,InvSIX,log_diff_AdrActCnt,log_diff_volume_trusted_spot_usd_1d,log_diff_TxCnt,log_UnemRt,log_IndPro,log_CPIPrc,log_TotRes",0,0.007339584744953553,0.004135157292552094,18653.74070705338,18713.107308605635,-9316.87035352669,1.2420781981634916,0.2642129451652191,2.090975440977246,-0.059663377314977215,0.1278681985790808,-0.4666005932513241,0.640822119297588,-0.3668848553219399,0.3108284061562318,-1.180345322549228,0.2379635930141583,-0.0564516629106393,0.1280053077474788,-0.4410103292123148,0.6592397141772189,-0.03018116669877926,0.20094966083119206,-0.15019267300049327,0.880623470824953,-0.332926689910039,0.16504331444687337,-2.0172079737116917,0.04376947901576693,0.23714381223071337,0.24134247580509843,0.9826028818160638,0.3258881853230342,0.6065549670158789,0.3253178645256889,1.8644994116761207,0.06235661233266049,0.2788606150834735,0.3906622458023874,0.7138151128751058,0.47540126379731606,0.34285182618093385,0.2589885450643942,1.323810773544784,0.18567442752336819,-0.15102291109279556,0.22885491997412216,-0.6599067702362376,0.5093681691721459
GAS,2853,2853,9,"log_daily_return,InvSIX,log_diff_AdrActCnt,log_diff_volume_trusted_spot_usd_1d,log_diff_TxCnt,log_UnemRt,log_IndPro,log_CPIPrc,log_TotRes",0,0.02634038734387345,0.023225230389054663,19152.243078382777,19211.698632665313,-9566.121539191388,2.2363618783065555,0.017421918068335342,2.193674141434881,-0.03547320251165342,0.1346668071615203,-0.2634145953212258,0.7922503351965262,1.1063062127758496,0.40114108166225876,2.7578980646696905,0.005855027703478209,-0.08866931817452936,0.13081673586644643,-0.6778132598038048,0.49794584831184063,-0.22183656043081196,0.143761376947822,-1.5430887289798791,0.12292173054369683,-0.3085410699899442,0.1439212228172237,-2.143819125145869,0.032132870825024626,-0.25769510590926215,0.1358414738790269,-1.8970281943403495,0.057926548443140186,0.3600984075685153,0.30297367140904885,1.1885468657847222,0.2347183563020422,0.0375513190812454,0.3734837837881249,0.10054337219242707,0.9199201162555875,0.32382759839936537,0.2419899686835385,1.3381860420125502,0.1809439544119918,-0.07413889151831998,0.23528311388600107,-0.3151050251495805,0.7527052852657984
GNO,2951,2951,9,"log_daily_return,InvSIX,log_diff_AdrActCnt,log_diff_volume_trusted_spot_usd_1d,log_diff_TxCnt,log_UnemRt,log_IndPro,log_CPIPrc,log_TotRes",0,0.00819959828494099,0.005133228097570441,18466.444023304324,18526.2408363282,-9223.222011652162,4.548105659465957,5.6795588685993504e-06,2.0075520383496244,0.013286667446657015,0.10474868774167885,0.12684328303399198,0.8990731978979336,-0.3573141313255144,0.07129679996828812,-5.011643320379638,5.719544866459476e-07,0.049330837244929655,0.10025925017035651,0.49203277663765355,0.6227332746238146,-0.16728157511419717,0.17581858094900266,-0.9514442342286809,0.34145790312353763,0.13979878787376962,0.13569664077449564,1.0302302774472585,0.3029875085398852,0.10990754979736185,0.2020416931378996,0.5439845018639128,0.5864937979091194,0.4295018008262529,0.26083692709089296,1.6466295843018648,0.09974214658116809,-0.15961357803552567,0.30471875199549947,-0.5238062212787058,0.6004532009913666,0.39155836382966336,0.23746852017415124,1.648885349277066,0.09927902862158287,0.043698480318667784,0.22927107755233128,0.19059743943801014,0.848854287043167
GNT,3023,3023,9,"log_daily_return,InvSIX,log_diff_AdrActCnt,log_diff_volume_trusted_spot_usd_1d,log_diff_TxCnt,log_UnemRt,log_IndPro,log_CPIPrc,log_TotRes",0,0.004013739966646668,0.0010087529266532558,19959.73057080909,20019.770885887618,-9969.865285404545,1.4923166824696124,0.14465118135129681,2.1098933622481666,0.08365883311856842,0.12372328198679748,0.6761769634230659,0.49898071723022774,0.16271720370388065,0.1678879602477939,0.969201147382567,0.3325234136659818,-0.08614889853547178,0.11689948017458003,-0.736948516852387,0.4612116138261555,-0.3160681361067461,0.1536200604540537,-2.057466552041093,0.039728103994040594,-0.1659817915746289,0.12856306416240276,-1.291053481464616,0.19678517478634863,0.17607430394320905,0.15418069924412658,1.1419996459116881,0.2535458251411531,0.4727531931614971,0.29943479408087587,1.5788185024142811,0.11448372094055599,0.028530387887875208,0.3536033420627644,0.08068472351375876,0.9356980986524976,0.41385888133507837,0.2783317001178031,1.4869268615824707,0.13713981503008016,-0.24773403503464425,0.2842454194092339,-0.8715497880300984,0.38352417163830865
GUSD,2449,2449,9,"log_daily_return,InvSIX,log_diff_AdrActCnt,log_diff_volume_trusted_spot_usd_1d,log_diff_TxCnt,log_UnemRt,log_IndPro,log_CPIPrc,log_TotRes",0,0.13391835756665638,0.13068268517898507,8181.125287587251,8239.036382693352,-4080.5626437936253,1.3625184745018617,0.19961611002948984,2.7901530232570786,-0.010000291266161462,0.026405755205309345,-0.3787163513562652,0.7049318826932253,0.5099251680632657,0.21926617601563242,2.325598855825857,0.020122600194993193,-0.003335485615205254,0.015389609748911777,-0.21673620511664446,0.8284322831311518,-0.06155004813242021,0.06961542092316779,-0.8841438766900647,0.37670678017924375,0.01883211315462749,0.05304885137555627,0.3549956816464627,0.7226239022140749,0.06536078884798145,0.04949345405710867,1.3205946138364892,0.1867620129201781,0.02443759845635216,0.05541550115440593,0.4409884950469169,0.6592608982854431,-0.0095867917143828,0.08484404741206908,-0.11299309741580148,0.9100454424024237,0.03468317348226017,0.06322189733524351,0.5485943153263415,0.5833347244610962,0.029092991967131634,0.03707183125313364,0.7847735324559246,0.4326635262746059
HEDG,817,817,9,"log_daily_return,InvSIX,log_diff_AdrActCnt,log_diff_volume_trusted_spot_usd_1d,log_diff_TxCnt,log_UnemRt,log_IndPro,log_CPIPrc,log_TotRes",0,0.02214255648003116,0.011237083132224934,6332.157448418903,6379.213839367503,-3156.0787242094516,1.5443324589585306,0.1281215749885654,2.0247765772304924,-0.03395972580465012,0.4055176365694673,-0.08374414018570717,0.9332806301069523,-1.665470585718256,0.6079999586611923,-2.7392610180198034,0.006293593842950766,0.003031797423227678,0.4533403002440062,0.006687685655998025,0.9946656914596703,0.3050342160857477,0.7928808993334163,0.38471631280586194,0.7005489701304959,0.6375115500944302,0.4925458210714718,1.29431927512369,0.19592541023937887,0.4530032489257356,0.814298792473435,0.5563108445116772,0.5781525920320202,-0.292609416708264,0.5305450197133627,-0.5515260832461532,0.5814257674404564,0.04656495126574864,0.6286006175239339,0.07407716436736667,0.9409673428030463,-0.19682194164558886,1.4886632611793922,-0.1322138772267792,0.8948480818861153,-0.08910457585138731,1.509073976759156,-0.0590458633729446,0.952930195951587
HT,2278,2278,9,"log_daily_return,InvSIX,log_diff_AdrActCnt,log_diff_volume_trusted_spot_usd_1d,log_diff_TxCnt,log_UnemRt,log_IndPro,log_CPIPrc,log_TotRes",0,0.003305288082268154,-0.0007028675956850527,13603.307235565806,13660.485197675942,-6791.653617782903,0.9982736238069223,0.4390771916957701,2.03852378335428,-0.07621581603007109,0.10455837954720786,-0.7289307309478704,0.46612030675368354,-0.03886129990312043,0.2027744172337413,-0.1916479427398595,0.8480353712160216,0.044160449040577324,0.10147934010870355,0.4351668920321431,0.6634832530316537,-0.05955332645169493,0.22352227397621996,-0.2664312839714161,0.789931618728427,-0.07932871419384746,0.08900130349595059,-0.891320813042438,0.3728528999091849,0.17922656945505,0.22623864170598906,0.7922014033657693,0.42832721196488277,0.18419954217239243,0.2490627683314646,0.739570765258864,0.45963805186429485,0.13946486544469514,0.27864105375595627,0.5005180089752439,0.6167595940247512,-0.1458034163189954,0.19003839659211832,-0.7672313539454609,0.44302490450650966,-0.12534364373389117,0.16632178236328676,-0.7536213354190163,0.45115590459279054
HUSD,1218,1218,9,"log_daily_return,InvSIX,log_diff_AdrActCnt,log_diff_volume_trusted_spot_usd_1d,log_diff_TxCnt,log_UnemRt,log_IndPro,log_CPIPrc,log_TotRes",0,0.008174898417184884,0.0007854729914851255,-584.74201263752,-533.6923581548216,302.37100631876,0.5651075063622509,0.8263949999518629,2.9473215362730603,-0.0007582440578799512,0.005431438406625645,-0.1396028088903655,0.8889970920338436,-0.0009856530632387562,0.00648635673641947,-0.1519578868834843,0.8792455253435282,0.00020341037501960023,0.008995790068226674,0.02261172987329374,0.9819637214665184,0.00047357505847207305,0.005848236281152287,0.08097741536167274,0.9354733270738311,-0.0021680509367242176,0.0014635448680270777,-1.481369641674768,0.13876888238408647,0.016492693126881102,0.018069792752133006,0.9127217646109561,0.3615710098478784,-0.0013555642631273368,0.005143105519862327,-0.2635692108381286,0.7921568374199158,-0.0017560351264113202,0.005981690007501511,-0.29356839358260184,0.7691381573052454,-0.001850982778100788,0.019557220081616606,-0.09464447249538674,0.9246129204847141,0.0020549065092825254,0.008749207682799897,0.2348677256024308,0.8143512045288183
ICP,1481,1481,9,"log_daily_return,InvSIX,log_diff_AdrActCnt,log_diff_volume_trusted_spot_usd_1d,log_diff_TxCnt,log_UnemRt,log_IndPro,log_CPIPrc,log_TotRes",0,0.02880787710538557,0.022742138655661992,9191.835260556149,9244.63534308499,-4585.917630278074,15.829581103305365,6.323471853447417e-25,1.9620117927852438,-0.31874481186846393,0.15797101021364648,-2.0177424417137066,0.04380314143861867,-0.7583567705577388,0.08585619223584796,-8.83287216459034,2.9026809483040594e-18,0.2209656117416312,0.1804282607650993,1.224672957576794,0.2208986291681533,-0.1802230476902419,0.4303644480752863,-0.41876843799772784,0.6754477813385753,0.1045759933176828,0.17396762026508036,0.6011233191460389,0.5478523962481832,-0.0031845555245541,0.5153617913165082,-0.006179261982963563,0.9950705489520042,-1.4363975507172202,0.7503543462212826,-1.914292304630192,0.05578068636247005,-0.4048627758139172,0.7381402193183436,-0.5484903345163865,0.5834402279449122,-0.6036472770750665,0.9233040378328919,-0.6537903576073391,0.5133511931280117,0.3380292695657655,0.2504053106125308,1.349928516846918,0.17725091815461
KNC,2803,2803,9,"log_daily_return,InvSIX,log_diff_AdrActCnt,log_diff_volume_trusted_spot_usd_1d,log_diff_TxCnt,log_UnemRt,log_IndPro,log_CPIPrc,log_TotRes",0,0.002873320083840891,-0.0003746495575798203,18308.96998742425,18368.246837880408,-9144.484993712125,0.8910337937278159,0.5323506981870927,2.026746745746558,-0.052034954085642925,0.12316158955372031,-0.4224933623720929,0.6726978195285722,-0.17161014999986224,0.17562963712761823,-0.9771138448299856,0.32859833557309415,0.007880589040305355,0.12324334984910051,0.06394332067372697,0.9490199834297871,0.26703165025929537,0.2770655447984535,0.9637851233127629,0.3352380084396518,0.010988301218365096,0.1397647084393769,0.07861999886138125,0.9373405730529507,-0.25080335123236497,0.2757946920040916,-0.9093842575789823,0.36322664577339747,-0.09906415859621537,0.3083997318662173,-0.32121998938439106,0.7480679801309116,-0.593818551876949,0.37751918481897284,-1.572949338089124,0.11584504322070123,0.15009509641438096,0.2773084637526115,0.5412568169873159,0.5883742166580268,0.38863705340008586,0.25794394909358487,1.5066724951903567,0.1320089406561786
LDO,1358,1358,9,"log_daily_return,InvSIX,log_diff_AdrActCnt,log_diff_volume_trusted_spot_usd_1d,log_diff_TxCnt,log_UnemRt,log_IndPro,log_CPIPrc,log_TotRes",0,0.008391513475032308,0.0016202870875324793,8918.392095434012,8970.306388734376,-4449.196047717006,1.1456837862308287,0.3268828038736943,2.0311590551010585,-0.1816263908365309,0.1845162371649081,-0.9843382546014395,0.3251298842892686,-0.102455458247962,0.1773384720505687,-0.5777396019220604,0.5635386219917285,0.15622690690309096,0.2234521624340857,0.6991514658050134,0.4845807366194358,-0.18318958043235695,0.33597237704123895,-0.545251910426765,0.5856725288591805,-0.8545532279343926,0.3291096194039378,-2.5965610773762995,0.009520974351150388,1.0038564904643583,0.46862936654930815,2.142111788375803,0.03236729228532569,-0.7647409404071392,0.7772284470824912,-0.9839332866389198,0.3253288984281444,0.3215071486498622,0.727488224527291,0.44194137830721847,0.6586041290752374,-1.0404595771624146,1.0416395333489905,-0.9988672125540567,0.31804236763269617,0.02994407966828269,0.30373508830697155,0.09858617203297744,0.9214818406037986
LEND,2730,2730,9,"log_daily_return,InvSIX,log_diff_AdrActCnt,log_diff_volume_trusted_spot_usd_1d,log_diff_TxCnt,log_UnemRt,log_IndPro,log_CPIPrc,log_TotRes",0,0.009895768406967487,0.006583152018738048,18548.4242272441,18607.434297764026,-9264.21211362205,2.2976474284294537,0.014415997362725277,2.0037944148660185,0.1788844344398422,0.14344389688283635,1.2470689818609246,0.21248077105041158,-0.24071606817467298,0.188637945667992,-1.2760744786647535,0.20203935935463355,0.05600304830411732,0.14313423997054908,0.3912624143296556,0.6956342658171861,-0.7078415483975878,0.32478082368956157,-2.1794437872174712,0.02938518426149307,-0.3188793050722938,0.2484384978597723,-1.2835341858019156,0.1994155462201469,0.5522339929323432,0.32338824008368705,1.707650200234353,0.08781665446515832,0.7565495897306269,0.40597391655539206,1.8635423579667376,0.062494884372777594,-0.24879329403352302,0.45305730386104315,-0.5491431037823644,0.5829528259670586,0.8363359841264351,0.3075805176639869,2.7190798379502095,0.006588420652916246,-0.21520346394886644,0.2671687481295251,-0.8054963967736766,0.420604478460631
LINK,2801,2801,9,"log_daily_return,InvSIX,log_diff_AdrActCnt,log_diff_volume_trusted_spot_usd_1d,log_diff_TxCnt,log_UnemRt,log_IndPro,log_CPIPrc,log_TotRes",0,0.008785514940665151,0.0055544644641950525,18174.045240757438,18233.314876206066,-9077.022620378719,1.4191506095283632,0.173815701890891,1.9372890977753225,0.1463836143853537,0.12078126716982504,1.2119728316770377,0.22562648594696535,-0.5210871095225877,0.2304616728283038,-2.2610575681744822,0.0238332098233903,-0.03957831455140916,0.11853984173649794,-0.3338819587711931,0.7384939900501029,0.2233797358655266,0.29216467647077576,0.7645679093169585,0.4445942230902281,0.1139442515665655,0.16541822210922555,0.6888252703582328,0.4909911072536345,-0.057713040019067297,0.33869683216630114,-0.1703973422188077,0.8647101469843493,0.3956813704056547,0.2981078566689221,1.3273094336627884,0.1845160858815366,0.002366907378946681,0.34934577970854197,0.006775256826979229,0.9945946580147256,0.38431099493868404,0.2492388088464928,1.5419388205124298,0.12320305854136433,-0.2869249529899314,0.23256516452821574,-1.2337400296901324,0.21740480403034723
LOOM,2585,2585,9,"log_daily_return,InvSIX,log_diff_AdrActCnt,log_diff_volume_trusted_spot_usd_1d,log_diff_TxCnt,log_UnemRt,log_IndPro,log_CPIPrc,log_TotRes",0,0.0025467307478288514,-0.0009806089076798141,17323.792733971688,17382.250808998066,-8651.896366985844,0.7642271496276263,0.6497981484886852,2.0091796195849234,-0.1258304040543136,0.14280479633630636,-0.8811356990978234,0.37832758102963737,-0.12875402849598572,0.20515437312457976,-0.6275958271569477,0.5303250467560576,-0.06348028851849222,0.15733201569463104,-0.40347978914668214,0.6866291955234216,-0.20745566029235799,0.3209753665133564,-0.6463289147260008,0.5181246434002028,-0.05463237771759053,0.1621362524316593,-0.33695349990045054,0.7361797376463741,0.08173523704247537,0.32429302775385604,0.25204130230179916,0.8010294908650358,0.46163188296862595,0.3450654893944657,1.3378094801039522,0.1810780787775468,0.16472269001515483,0.397459715622715,0.4144387054599424,0.6785877753533075,0.2349863133776925,0.2858530376258251,0.8220528818913027,0.41112380713906116,0.012331971614762766,0.2766177886226038,0.04458126744548438,0.9644445716959626
LPT,2354,2354,9,"log_daily_return,InvSIX,log_diff_AdrActCnt,log_diff_volume_trusted_spot_usd_1d,log_diff_TxCnt,log_UnemRt,log_IndPro,log_CPIPrc,log_TotRes",0,0.007822377760781651,0.003963432816895263,16167.524590783783,16225.035041963501,-8073.762295391892,2.7404499324418854,0.003484774515976167,2.0209735143977534,-0.020144815266402872,0.16244356390204148,-0.12401116290794273,0.901317207231863,-0.3069409029797774,0.11527232494123615,-2.662745833713778,0.007804276759591296,0.2859612984752231,0.153436864449824,1.8637066098853738,0.062489486118503586,-1.0192178937773513,0.47639751794411955,-2.1394273802595745,0.03250541660767398,-0.09632098938986076,0.1708189004683468,-0.5638778210477318,0.5728919273815294,1.0000177961644192,0.526498802212702,1.899373354624307,0.057639646092336766,0.5582262109138223,0.4415570151319614,1.2642222675298087,0.2062775859938654,-0.12242768416091093,0.48395817707288075,-0.25297162019534214,0.8003126140616514,0.42634115820082985,0.36316948288460676,1.1739454395079094,0.2405376872401031,0.0732894070410467,0.26608259071619556,0.2754385653107887,0.7830039110218654
LTC,3803,3803,9,"log_daily_return,InvSIX,log_diff_AdrActCnt,log_diff_volume_trusted_spot_usd_1d,log_diff_TxCnt,log_UnemRt,log_IndPro,log_CPIPrc,log_TotRes",0,0.001958485348296013,-0.0004285392681975253,23360.813865549222,23423.170122748867,-11670.406932774611,0.903569021272607,0.521010546381318,2.0066471405432127,0.09653281995930452,0.08606316175875116,1.121650866486889,0.2620824836443339,-0.1006215100636184,0.13607612721775605,-0.7394501307536381,0.4596798353063941,-0.021487373722144154,0.07918994214421927,-0.2713396820395669,0.7861446726110265,0.038447696814174856,0.08477145298097497,0.45354533232789546,0.6501822612978176,-0.05310974055363868,0.09049882693624062,-0.5868555687584351,0.5573359171454084,-0.07733690060252718,0.09353416089491977,-0.8268305383036549,0.40838554318312825,0.3235938093609989,0.18143303023072374,1.7835440930986652,0.07457834623301407,0.21774322166724785,0.2926333940860596,0.7440819334624963,0.456873367905577,0.22112941669974615,0.21308970812815947,1.0377292204405824,0.2994628131597098,-0.3238143180806444,0.2146353350083802,-1.5086719904157508,0.13146657810691526
MAID,3675,3675,9,"log_daily_return,InvSIX,log_diff_AdrActCnt,log_diff_volume_trusted_spot_usd_1d,log_diff_TxCnt,log_UnemRt,log_IndPro,log_CPIPrc,log_TotRes",0,0.015396749458192027,0.012978897001199807,26074.927618816568,26137.020702933038,-13027.463809408284,1.6904277832371282,0.08566882807960594,2.2121443389616147,0.04769670837851476,0.13843668180650973,0.34453807875270753,0.7304614323874639,-0.9066876379397867,0.6234836396920949,-1.4542284355489281,0.14596861289946986,0.07755005361818051,0.17090895169717157,0.45375068332049173,0.6500351491085692,-0.3951276955315436,0.4168005754773798,-0.948001799371286,0.34319104003028345,-0.3697395896480783,0.19065274682152597,-1.9393352354592577,0.05253717959220271,0.4892278119392703,0.3961331403971134,1.235008541443495,0.2169064924283852,0.5581393075274087,0.2163371990940559,2.5799506967118915,0.009920026502096805,0.11658587305724155,0.3899785079861264,0.2989546107535473,0.7649916277924041,0.6225045656655546,0.4138082701667591,1.5043308955973589,0.1325823541795974,-0.46673881534582407,0.24614161005704321,-1.896220696848686,0.05800944281523068
MANA,2836,2836,9,"log_daily_return,InvSIX,log_diff_AdrActCnt,log_diff_volume_trusted_spot_usd_1d,log_diff_TxCnt,log_UnemRt,log_IndPro,log_CPIPrc,log_TotRes",0,0.003606938864798126,0.00039966506286082115,20147.764296124107,20207.15944873073,-10063.882148062054,1.0981780254508295,0.3604092512338981,1.9686208524181776,0.07622005842272898,0.16297312946236678,0.46768481819163615,0.640046448323524,-0.3800637402984438,0.33987068869884784,-1.1182598350963127,0.2635521041455347,0.11421519316613746,0.13301936183364552,0.8586358526435827,0.39061505306892697,-0.02951902892287142,0.44368392182027294,-0.06653166245413095,0.9469593072850769,0.2120340690572705,0.25311253135478384,0.8377067224698792,0.4022670370975946,-0.0016733330565480986,0.48308450737089936,-0.003463851626405726,0.9972364989002585,0.36706760747845724,0.3531958325339532,1.0392750244106306,0.2987667091775792,0.13032928568532895,0.4042961242039743,0.3223609574341989,0.7472033592665813,-0.08077882976297046,0.3022553707328916,-0.26725357953806594,0.789293635847978,0.15858165189330986,0.34055070640145935,0.46566237835479735,0.6414934547603148
MKR,2713,2713,9,"log_daily_return,InvSIX,log_diff_AdrActCnt,log_diff_volume_trusted_spot_usd_1d,log_diff_TxCnt,log_UnemRt,log_IndPro,log_CPIPrc,log_TotRes",0,0.004210375163278934,0.0008575481436265964,17268.364556815424,17327.31146531968,-8624.182278407712,0.7698425514940519,0.6445453798918369,2.2304952107526996,0.0132486670383095,0.11574219997390454,0.11446704003636159,0.9088761699176432,-0.2729852116986654,0.2634799474006645,-1.036075854697005,0.30026047470911155,0.03151822945042671,0.12811965140777903,0.24600620673022702,0.8056963157164284,0.019259482870051386,0.19408711284647745,0.09923112661934233,0.9209622022540503,0.07406603439223086,0.13271829818398226,0.5580695006317514,0.5768436635094675,0.04626453515557161,0.19272880388588348,0.24004992623191534,0.8103099592297185,0.5690503818741047,0.29083662460291426,1.9565980820023678,0.05049871745932727,0.34783143811075673,0.3790810155766981,0.917564910449548,0.35892947638378536,0.29987277105724847,0.23455532069699075,1.2784735394881013,0.20119350322484358,-0.26711949390839457,0.20516905941602992,-1.3019482307356351,0.1930462651688023
NEO,2877,2877,9,"log_daily_return,InvSIX,log_diff_AdrActCnt,log_diff_volume_trusted_spot_usd_1d,log_diff_TxCnt,log_UnemRt,log_IndPro,log_CPIPrc,log_TotRes",0,0.003811233781831569,0.0006509592326726654,18390.094878667005,18449.635089539785,-9185.047439333503,1.2651905797972711,0.2506900300910795,2.015940530389243,0.013363372893538769,0.11361211572697517,0.1176227800004421,0.906374880784492,-0.235240883965259,0.14496866826660676,-1.622701558743961,0.10476432543107952,0.10299213637339154,0.10534298049495071,0.9776839034692791,0.32831404515887197,0.1129094601364937,0.13477808027047536,0.8377434959001102,0.4022453481076863,-0.1024387388081339,0.11941778605595764,-0.8578181039140386,0.3910653727660425,-0.056841651716755676,0.1249828553568266,-0.4547955921992061,0.6492910992090637,0.3819281923622907,0.2531167885627134,1.5089010670963943,0.13143542022207627,-0.01650348215169667,0.3151205200675442,-0.05237196913790078,0.9582359960240023,0.3524462848871598,0.23813973254293894,1.4799978194466572,0.13898486263173246,-0.2489160591969792,0.2194126202845484,-1.1344655511345194,0.2566951608097379
OMG,2877,2877,9,"log_daily_return,InvSIX,log_diff_AdrActCnt,log_diff_volume_trusted_spot_usd_1d,log_diff_TxCnt,log_UnemRt,log_IndPro,log_CPIPrc,log_TotRes",0,0.00879167605164477,0.005647201284096126,19086.634198820637,19146.174409693416,-9533.317099410318,2.468519828120084,0.008393248166318352,1.9819145674791425,-0.015464792566939691,0.1292231987821686,-0.11967504838669622,0.9047490404382114,-0.3636156677402549,0.18742583999574983,-1.9400508902534488,0.052472484010124644,-0.07281885587330894,0.116076197143456,-0.6273366776765932,0.5304890505903584,-0.2716465745716935,0.34479872681222473,-0.7878410024397525,0.4308555324052028,0.20502738067292706,0.17036367310646586,1.203468890605562,0.22889533434495912,-0.10111599764467698,0.35200520140137515,-0.2872571122305068,0.7739364379637883,0.28276802346393437,0.31627098707404516,0.8940688049825225,0.371360918245181,-0.5176659018523596,0.38235043997163265,-1.3539042923313134,0.1758747544746252,0.4599588196615506,0.29350667746443265,1.567115350270996,0.1171992565841945,-0.021417834241714603,0.262994071015575,-0.08143846801947942,0.9350990022645054
PAX,2374,2374,9,"log_daily_return,InvSIX,log_diff_AdrActCnt,log_diff_volume_trusted_spot_usd_1d,log_diff_TxCnt,log_UnemRt,log_IndPro,log_CPIPrc,log_TotRes",0,0.0005217693504585563,-0.003332259816570593,573.6884067211922,631.2845482281613,-276.8442033605961,0.07193220365912881,0.9999077923025047,2.887751974986748,4.7487396679380886e-05,0.0056649132909828625,0.008382722601415461,0.9933123497920808,-0.004062087429116495,0.010278002270092405,-0.3952214956146312,0.6927155468059086,0.000717613164896699,0.00618244025802544,0.11607280215367446,0.9076048293949386,-0.00645134240496399,0.015128258856195205,-0.4264431529291348,0.6698242893936437,-0.0035568830595627448,0.00826534313319388,-0.43033701108889116,0.666990239451146,0.008351473455410229,0.016413672472882942,0.5088119961701266,0.6109321025474288,-0.0008549490269308766,0.00873579193391101,-0.09786737520751781,0.9220460097768113,-0.0009943427289022624,0.008580990599491129,-0.11587738238068097,0.90775968970535,0.00012829182360063127,0.011724552657695446,0.010942150830498982,0.9912705361640288,3.775715273380588e-06,0.010672180236313049,0.0003537904336110609,0.9997177463155998
PAXG,1932,1932,9,"log_daily_return,InvSIX,log_diff_AdrActCnt,log_diff_volume_trusted_spot_usd_1d,log_diff_TxCnt,log_UnemRt,log_IndPro,log_CPIPrc,log_TotRes",0,0.003956775785101119,-0.000781273378712033,5371.135832685386,5426.642445116439,-2675.567916342693,0.7804299504068982,0.6346389692223278,2.3619915652137524,0.040191190255466476,0.02218590181191066,1.8115644158259794,0.07021202922651683,-0.008609186700751385,0.011854945613737825,-0.7262105606604244,0.46779952544081926,-0.0006883390026149669,0.025807611013346995,-0.026671938067377745,0.9787242081470435,-0.0418753644893221,0.04644457306731529,-0.9016201834524192,0.36737342399926765,0.009918408122530356,0.04048755365529867,0.24497425077774038,0.8065029350452095,0.058064201100407664,0.06343785098182952,0.9152926872796963,0.36015463416149784,0.025095614243529414,0.12647865245809983,0.19841778636788648,0.8427395198176584,-0.07323454218971197,0.09173253324573824,-0.7983486294172993,0.4247684003352149,0.10337690548197752,0.07769393207609285,1.3305660135817423,0.1834921912596388,0.027397130100620542,0.02514958739292973,1.089366981357422,0.2761308168084802
PAY,2797,2797,9,"log_daily_return,InvSIX,log_diff_AdrActCnt,log_diff_volume_trusted_spot_usd_1d,log_diff_TxCnt,log_UnemRt,log_IndPro,log_CPIPrc,log_TotRes",0,0.004764840498521994,0.0015159770833921282,19006.266430766434,19065.521620564305,-9493.133215383217,0.7754197867445168,0.6393263367510064,2.160176523183515,-0.23539484829123392,0.14125641742369394,-1.666436488936109,0.09574010038645396,-0.3810903128384376,0.3124131273020741,-1.2198281043099675,0.22263438139427436,-0.01389445507151229,0.15615314383088938,-0.08897966912891421,0.9291045304940124,-0.23277851360756116,0.3187393063961876,-0.7303100337371676,0.46526274699604764,-0.21252612661145356,0.18452526598274982,-1.1517454017994553,0.24952557479845908,0.25361707425365926,0.33615207570573896,0.7544712425803098,0.45063074371298184,0.44194743732492386,0.33544264337634955,1.317505230928798,0.1877788035129702,0.013177017996948315,0.4204355468862228,0.031341350878959444,0.9749995819418208,0.4421080120854538,0.33954282734220065,1.302068477034519,0.19300174786864982,-0.1270519158490306,0.3082767135603406,-0.4121359488418255,0.6802718221539554
PERP,1577,1577,9,"log_daily_return,InvSIX,log_diff_AdrActCnt,log_diff_volume_trusted_spot_usd_1d,log_diff_TxCnt,log_UnemRt,log_IndPro,log_CPIPrc,log_TotRes",0,0.0068511165652357375,0.001035670923782872,10410.276397681759,10463.71712618749,-5195.138198840879,1.5090245318079134,0.13916497803525,2.0044637581972,-0.18909095824448618,0.18647502078886616,-1.014028353205451,0.3107288203196137,0.10211373094947762,0.08061826402452046,1.2666327188392348,0.20547855885497568,0.1828891087009594,0.2306510021039966,0.7929257060782151,0.4279434869359303,0.08239301088547575,0.30638210875277655,0.2689223963529792,0.7880254942545816,-0.8208770945696089,0.3108735515419359,-2.640549800708521,0.008360988259343989,0.5586282347855371,0.44323879664210425,1.2603324416039436,0.20774076766367003,0.3769479611300518,0.6161730131962078,0.6117566869323768,0.5407892265841651,-0.16016787212722294,0.7522140970063343,-0.21292857015663477,0.8314109143742728,0.495191231635484,0.9054884457819695,0.5468774714268634,0.5845422997344399,-0.16540854511449554,0.20479824463983848,-0.8076658342720939,0.4194079516998531
POLY,2542,2542,9,"log_daily_return,InvSIX,log_diff_AdrActCnt,log_diff_volume_trusted_spot_usd_1d,log_diff_TxCnt,log_UnemRt,log_IndPro,log_CPIPrc,log_TotRes",0,0.03983110041895921,0.03637725545643755,17500.742277848913,17559.030623124792,-8740.371138924456,6.110049867825523,1.5360905964941863e-08,2.0207230624244295,-0.11783160374127098,0.15827117157558637,-0.7444918905209313,0.45664886305991814,-1.585671108793296,0.24490872932230084,-6.474538956537342,1.1407099749874135e-10,-0.1426882192171038,0.16239884875379523,-0.8786282680699682,0.37968723278848715,-0.17136654284088942,0.33460119583172326,-0.5121516150440557,0.6085901063213934,0.26802864768601586,0.19457555146267277,1.3775042428053161,0.16847960888271998,-0.050437802125713575,0.3672710759968164,-0.13733126680019525,0.8907800071560875,0.5862965527257853,0.3831800360648471,1.530081156489489,0.12612305654965722,-0.0034941386633449145,0.4516671532850142,-0.007736092026909069,0.9938281699230915,0.29387275145529657,0.33706143988398307,0.8718670149764028,0.3833645845665187,0.09256785444733324,0.3095825862800409,0.29900859592793316,0.7649583198062068
POWR,2767,2767,9,"log_daily_return,InvSIX,log_diff_AdrActCnt,log_diff_volume_trusted_spot_usd_1d,log_diff_TxCnt,log_UnemRt,log_IndPro,log_CPIPrc,log_TotRes",0,0.002299334302769629,-0.0009934071681783063,18366.687650308457,18425.833827398863,-9173.343825154228,0.6734514669919927,0.7336869288402673,1.9779835086533823,0.017008527728123488,0.1307547711864521,0.1300795953661215,0.8965130474187646,-0.08567146927303537,0.25053157092842054,-0.3419587757165846,0.7324082663915028,0.06512186092471398,0.12547938024718605,0.5189845598251142,0.6038136214818437,-0.3464020919453037,0.2765639185123569,-1.252520913822048,0.21048751307111557,-0.30178876948243083,0.21308233505108584,-1.4163012124401484,0.15680154489488407,0.4740529956444191,0.3060880364522653,1.5487472203715094,0.12155853497655641,0.1189811540361527,0.3250114908925187,0.3660829151283755,0.7143316025795542,-0.2141756985545573,0.42849401085175504,-0.4998335872392277,0.6172325857763814,0.14425949648673297,0.3035645272229697,0.4752185566819328,0.6346692607908848,0.12749176326711298,0.2989158100311273,0.4265139513826209,0.6697670499932558
PPT,1818,1818,9,"log_daily_return,InvSIX,log_diff_AdrActCnt,log_diff_volume_trusted_spot_usd_1d,log_diff_TxCnt,log_UnemRt,log_IndPro,log_CPIPrc,log_TotRes",0,0.015774497749220462,0.010875145138458775,13023.588987773328,13078.643910520703,-6501.794493886664,2.5670914122483817,0.00619222489130392,1.9827551999839441,-0.22554045745941975,0.20339971478971325,-1.1088533614346359,0.2676409203800887,-0.8753823664599502,0.28672759738371284,-3.0530105035144937,0.0022986047905083776,-0.023776929025697544,0.24086520697183442,-0.09871466836004214,0.9213757648888108,-0.8150855453429897,0.4187075701212323,-1.946670190622516,0.051728979173041756,-0.007534025192621807,0.2931880026030958,-0.02569690821496887,0.9795019257321196,0.757178948496955,0.4650948566159571,1.6280097225890857,0.10369705472997177,0.6865463472743173,0.33126355129189217,2.0725079610988306,0.03835951626634729,0.45663245507524086,0.34796471684953756,1.3122952786983055,0.18958709740855617,-0.3102242164257457,0.460244113389129,-0.6740427686110482,0.5003702885004655,-0.2786126240173471,0.4752537769530617,-0.586239683992799,0.5577876356731433
QASH,2593,2593,9,"log_daily_return,InvSIX,log_diff_AdrActCnt,log_diff_volume_trusted_spot_usd_1d,log_diff_TxCnt,log_UnemRt,log_IndPro,log_CPIPrc,log_TotRes",0,0.01811001021552594,0.01468879073892504,17979.992896540083,18038.59860439547,-8979.996448270042,1.3975824592478538,0.18331204187382588,2.0577228860308927,-0.09739834611317084,0.15196223754337707,-0.6409378256579622,0.52161993845936,-1.0047297345820958,0.5171125822076305,-1.9429612992450411,0.05212935408595005,-0.04899690808178613,0.16572436351392117,-0.29565301711157455,0.7675188452342558,0.5606256328064662,0.4166532864595784,1.345544727536561,0.17856748739006276,0.14433632352878062,0.16543397021092734,0.8724708918292455,0.38303263435456836,-0.5902464684607467,0.47919721071689203,-1.2317402006111888,0.21815827009126332,0.34152915026093034,0.2648373423882836,1.289580793935801,0.1973117030509986,0.22333512494052,0.31694563494011574,0.7046480541772324,0.48109281300432416,0.1448081076458989,0.28791089347159227,0.5029615444550274,0.615034191272416,-0.13743915255966088,0.2957966177071979,-0.4646407170744213,0.6422279304780275
QNT,2268,2268,9,"log_daily_return,InvSIX,log_diff_AdrActCnt,log_diff_volume_trusted_spot_usd_1d,log_diff_TxCnt,log_UnemRt,log_IndPro,log_CPIPrc,log_TotRes",0,0.004783455362317612,0.0007632808103701372,14373.55313112227,14430.686510010988,-7176.776565561135,0.9797887471969638,0.4545699881210855,2.1328850254176586,0.1458615418385163,0.12521194333185948,1.164917163308675,0.24417723422057697,-0.14789624271406304,0.21788494068208725,-0.678781389163817,0.4973468866893612,-0.12028656243927259,0.11500671997301883,-1.0459089909484631,0.29571650874764777,0.29060479745067086,0.3875165461551405,0.7499158431659033,0.45338457007319644,0.2681463186972515,0.18227076329358116,1.4711427869830755,0.1413937229207198,-0.2603819606493482,0.4068312377670391,-0.6400245027360679,0.5222224781884632,0.41677259149552714,0.3425077360640491,1.2168267972131015,0.22379900247823217,0.20128033396173153,0.3811177443341151,0.5281316258664535,0.5974605776869383,0.047734961562670986,0.2849858887588676,0.16749938662071973,0.8669923313124044,-0.09330824796446063,0.21188888521386096,-0.4403640515182472,0.659716175258789
REN,2367,2367,9,"log_daily_return,InvSIX,log_diff_AdrActCnt,log_diff_volume_trusted_spot_usd_1d,log_diff_TxCnt,log_UnemRt,log_IndPro,log_CPIPrc,log_TotRes",0,0.010707654765425567,0.006881427388067962,15846.982981586701,15904.54921493209,-7913.491490793351,3.2568912691371033,0.0006059722084542932,2.037524028841988,-0.022266896201704953,0.14785067628770013,-0.15060395231724322,0.8803011964950027,-0.590987849429629,0.14355703887936574,-4.116745887509212,3.976539653569073e-05,0.029621702537838662,0.1503619997502955,0.1970025843433254,0.8438427198302181,0.3229948455068634,0.3062216070549103,1.0547748364763345,0.29163781600778876,-0.036134985461268546,0.1968195922562506,-0.1835944534130645,0.8543476101786878,-0.3205169515010339,0.3363876711902643,-0.9528201505332407,0.3407801621377883,0.23198724191941103,0.4010200804182617,0.578492831774034,0.5629874177789915,-0.40578347480502686,0.39641272806975697,-1.0236388644252132,0.30611228175075017,0.24861060650205302,0.2974976741926846,0.8356724373617517,0.4034250001589966,-0.005336816673687045,0.25208613012221204,-0.021170608121516808,0.9831113754070899
REP,3161,3161,9,"log_daily_return,InvSIX,log_diff_AdrActCnt,log_diff_volume_trusted_spot_usd_1d,log_diff_TxCnt,log_UnemRt,log_IndPro,log_CPIPrc,log_TotRes",0,0.010550007229885972,0.007696739067460157,21147.792558648754,21208.28363586202,-10563.896279324377,3.7041930034581765,0.0001233503917278503,2.047382848013653,-0.07707307159033563,0.1267684306977947,-0.6079831639950751,0.5432428780977181,-0.6818085599350816,0.12646476521689387,-5.3912926558298135,7.516208590950762e-08,-0.10911988298801913,0.12226817023258298,-0.8924635314362462,0.37221333551978986,0.04527536055415379,0.32502365644081754,0.13929866228797974,0.8892231346133931,-0.09346334855751323,0.14765695468037912,-0.6329762709777245,0.5267955133446169,0.03224791764454061,0.34537205500789303,0.0933715313006538,0.9256143996409982,0.37119143948186134,0.2815851487708166,1.318220939925975,0.18752643347095144,0.11919274418043643,0.3770724037678967,0.31610041729228316,0.7519474276415753,0.24603996961835298,0.2794191706063995,0.8805407627701188,0.37863423191918977,-0.24978541342382238,0.2655545443399723,-0.9406181093404234,0.3469733927928168
SNT,2903,2903,9,"log_daily_return,InvSIX,log_diff_AdrActCnt,log_diff_volume_trusted_spot_usd_1d,log_diff_TxCnt,log_UnemRt,log_IndPro,log_CPIPrc,log_TotRes",0,0.012763433141516622,0.009659999993865132,19470.017460492425,19529.64858108222,-9725.008730246213,0.7941318380706234,0.6218174719960146,1.7567128134685768,-0.08935221545231983,0.1330663468079937,-0.6714861991458247,0.5019650226370261,-0.7152690257862089,0.6949924772392102,-1.0291752057915005,0.3034842883321356,0.04039980010371179,0.12360742513529291,0.32683958960792775,0.743813106338562,0.6339312107470981,0.6618160169099401,0.9578662264883859,0.33821109668902716,0.05045593187358595,0.27241766241578286,0.18521534700116685,0.8530732516300011,-0.5260599747667567,0.6030088692252692,-0.8723917700292294,0.38306784446409137,0.251455374973204,0.31532374145277586,0.7974514504194509,0.42525501946150124,-0.07092997732753209,0.39927240670015124,-0.177648082204688,0.8590119282141171,0.2520523479651714,0.24786561169474572,1.0168911542097328,0.3092911360402671,0.05732404801840249,0.253948350398392,0.2257311296902422,0.8214266569222884
SNX,1878,1878,9,"log_daily_return,InvSIX,log_diff_AdrActCnt,log_diff_volume_trusted_spot_usd_1d,log_diff_TxCnt,log_UnemRt,log_IndPro,log_CPIPrc,log_TotRes",0,0.005574199048714479,0.0007048670527614043,12144.03233620217,12199.250928724186,-6062.016168101085,1.1971728198629907,0.29226635360715125,2.0243552495774213,0.01010449891527792,0.14917988348998185,0.06773365603249372,0.9460050243605691,-0.18032585348851732,0.14296330174003422,-1.2613436545864303,0.20734512265801777,0.020069756234782774,0.15722281133979663,0.1276516814815578,0.8984385938328888,0.04179886350102252,0.29149155776730007,0.14339648057454504,0.8859927810816087,0.24798779758262784,0.2000943597091832,1.2393542623742761,0.2153725576771728,-0.3250477646782483,0.3531628781476106,-0.9203905189106226,0.35748950178397976,0.45937979190491657,0.5624691535455028,0.8167199730140464,0.4141943162947559,-0.15531651771392474,0.4166216808212655,-0.372799892237382,0.7093403677912987,0.29780079799788933,0.3724487087985845,0.7995753266497058,0.4240602068214455,-0.10443112116534262,0.16785529612383845,-0.6221496942717647,0.5339206086904611
SOL,1877,1877,9,"log_daily_return,InvSIX,log_diff_AdrActCnt,log_diff_volume_trusted_spot_usd_1d,log_diff_TxCnt,log_UnemRt,log_IndPro,log_CPIPrc,log_TotRes",0,0.009833486083482113,0.0049823708819314305,12199.638443783597,12254.85162358559,-6089.819221891798,1.6459309862324336,0.0970993399342419,1.9821842391820477,0.27820016974250333,0.1526687316161115,1.8222472067302105,0.06858000010559598,-0.3720038470398377,0.2610514938689184,-1.4250209471187003,0.15432101756873842,0.19631105515880504,0.16212770195491263,1.2108421496864163,0.22611166342395014,0.09372697983035219,0.2160483863383193,0.4338240216410649,0.6644671779962295,0.23543316983652807,0.18282047529667034,1.287783381234957,0.19798358053081413,-0.11677261812122522,0.15057130494962603,-0.7755303585918429,0.43812615679569045,1.016227212073934,0.6210363282417216,1.636341009150104,0.10193953513172016,0.5513278337052202,0.5212619382414424,1.0576790539612575,0.2903408504880976,0.23143649968404112,0.3652691530536544,0.6336053777036174,0.5264172677457071,0.034132732007220584,0.1753395088832307,0.194666519968136,0.8456755492997927
SRM,1754,1754,9,"log_daily_return,InvSIX,log_diff_AdrActCnt,log_diff_volume_trusted_spot_usd_1d,log_diff_TxCnt,log_UnemRt,log_IndPro,log_CPIPrc,log_TotRes",0,0.009472611891401361,0.004271476247890704,12050.857063690763,12105.381088203,-6015.428531845381,1.5139074902757284,0.13732252543955864,2.025217144065036,-0.2771914397011058,0.1926479988638553,-1.4388493072123605,0.15037580095655773,-0.3731022999764724,0.2426685461773735,-1.5374975696428372,0.12435608249281471,0.13884234268834278,0.20123140922286503,0.6899635758877682,0.4903104996858849,0.5075072770956124,0.4736439517095087,1.0714953189286633,0.28409762295352653,0.7052393313820178,0.2957540378291763,2.384546755670517,0.01720836699060489,-0.6186894610639788,0.5251880329843711,-1.17803419386441,0.23894650605411977,0.6429056452276503,0.6147594861139586,1.045784017570205,0.2958082193404509,0.3448183180558083,0.8499755019365242,0.4056803016912824,0.6850281522804558,0.08088765936412379,0.7472816572787244,0.10824253288737415,0.913815975990088,0.03400447334772713,0.19796880916705265,0.17176682271717375,0.8636411261594013
SUSHI,1733,1733,9,"log_daily_return,InvSIX,log_diff_AdrActCnt,log_diff_volume_trusted_spot_usd_1d,log_diff_TxCnt,log_UnemRt,log_IndPro,log_CPIPrc,log_TotRes",0,0.016304556429476036,0.011075224479012546,11639.908261958093,11694.30972876472,-5809.954130979047,1.9896281735455412,0.036961634112388696,2.047602405964471,-0.1928841598130148,0.19321279696708432,-0.9982990921966441,0.3182770075693059,-0.7863490348601256,0.28773748491074946,-2.732869633249334,0.006343816287754214,0.404942192221778,0.22370589450588896,1.8101543239001157,0.07044909515487482,0.12461594846819588,0.3162383692501693,0.39405701706491825,0.6935885707924743,0.2509137344463896,0.31812600411558606,0.7887243771346151,0.4303835463966321,-0.21124078929019735,0.40464209273651075,-0.522043536947972,0.601708311237241,0.3476647197530579,0.618537295405247,0.5620755972770864,0.5741389192645767,1.6517787704985016,1.1246248616624017,1.4687375557898212,0.14208976094015965,-1.2645212217019435,1.187348165418863,-1.0649961473228504,0.28702953587106544,-0.20608553818479833,0.18994801247199064,-1.0849575918315402,0.2780949078043161
SWRV,1647,1647,9,"log_daily_return,InvSIX,log_diff_AdrActCnt,log_diff_volume_trusted_spot_usd_1d,log_diff_TxCnt,log_UnemRt,log_IndPro,log_CPIPrc,log_TotRes",0,0.003155592321408607,-0.002324920610239145,12416.81162752756,12470.878734829337,-6198.40581376378,0.3486943347230614,0.9584002730489471,2.010484142323815,-0.28862844947347766,0.2577418961329215,-1.119835206475813,0.2629482661670991,-0.4089091764099523,0.518156912909533,-0.7891609013066381,0.4301322496350958,-0.10077104701337752,0.308956318136192,-0.3261660017872051,0.7443404533564777,-0.4821279195405055,0.5748013904170464,-0.8387730572305997,0.40171913377128454,-0.14954948512926686,0.3831277258187005,-0.3903384564760918,0.6963370754578114,0.4023502363836097,0.5830684588743296,0.6900565967165949,0.49025641118994834,0.7939781619252416,0.7397092237532087,1.0733652311332254,0.2832654744805272,0.6652179895146231,1.114551730289366,0.5968480165042815,0.5506913897321778,-0.035812481180568345,1.00999793721476,-0.03545797457698509,0.9717188797107832,-0.1771773121866902,0.24039268282268839,-0.7370328834733072,0.46120796962676447
TRX,2532,2532,9,"log_daily_return,InvSIX,log_diff_AdrActCnt,log_diff_volume_trusted_spot_usd_1d,log_diff_TxCnt,log_UnemRt,log_IndPro,log_CPIPrc,log_TotRes",0,0.012501822412242292,0.008935416473923818,14884.473869225723,14942.722326135992,-7432.236934612862,2.1111077320360434,0.025582893659221326,2.0439236047159226,0.07795813005600545,0.09375807829275071,0.831481739766344,0.4057812024988444,-0.45489167862102126,0.14472608794962905,-3.14312149983176,0.0016912199231454042,-0.05566981680312757,0.0840502845681209,-0.6623394208500081,0.5078149656250044,0.06810930288728562,0.1879261003488358,0.36242598958238614,0.7170644536797883,0.08904196790758843,0.1207792989651118,0.7372287194124965,0.4610526757049346,-0.1939966935017347,0.11820231149687747,-1.6412258867446892,0.10087672350616146,0.3581154783422221,0.262198960843514,1.3658157804673876,0.17212004459434777,0.06239797290488626,0.29816648125352907,0.2092722583791357,0.8342528120336478,0.3178661016678501,0.1937475466963655,1.6406200082935705,0.10100251938051612,-0.06112788618376549,0.1744228645735201,-0.35045798802369615,0.7260246339801171
TUSD,2521,2521,9,"log_daily_return,InvSIX,log_diff_AdrActCnt,log_diff_volume_trusted_spot_usd_1d,log_diff_TxCnt,log_UnemRt,log_IndPro,log_CPIPrc,log_TotRes",0,0.0027245704022620387,-0.000893115557584645,-668.0016376428503,-609.7972424902284,344.0008188214251,0.5689385225452355,0.8235120139872392,2.7645112006326307,4.316369964569352e-05,0.00422834665666602,0.010208174293762225,0.9918560175280242,-0.0002928820473299563,0.006503185027486709,-0.0450367083347691,0.9640816740185627,1.1918247272296473e-05,0.003458737006323551,0.003445837960650533,0.9972509015643932,-0.02371384351742647,0.010993109620393146,-2.1571551941440927,0.031089325236688604,0.0008619413899421261,0.005246051812303612,0.16430287400528665,0.8695061032126636,0.02763766845749747,0.012595996513058079,2.1941629174671426,0.028316122946415067,-0.0004047733494065243,0.0043467353832718604,-0.09312123092752994,0.9258147696490873,-0.0005625007596127239,0.005057810563224936,-0.11121427989071718,0.9114554240657122,-7.602083223451003e-05,0.007382012893052594,-0.010298116968348191,0.9917842646608208,0.00016410055207817823,0.005876724102415851,0.027923814223423975,0.9777251606655043
UMA,1726,1726,9,"log_daily_return,InvSIX,log_diff_AdrActCnt,log_diff_volume_trusted_spot_usd_1d,log_diff_TxCnt,log_UnemRt,log_IndPro,log_CPIPrc,log_TotRes",0,0.005238425427561033,-7.168973919569055e-05,11149.750880045662,11204.11115820918,-5564.875440022831,1.037785335242056,0.4070664130854563,2.047575634139861,-0.16546092899594175,0.16034001447223334,-1.0319378449638048,0.3022492382007725,-0.0969776184402863,0.24646962758182128,-0.39346681127309424,0.6940244816359225,0.19599906326354283,0.16496143630216847,1.1881508045584734,0.23494134208342146,-0.6098559388065872,0.23779872833898877,-2.5645887304208808,0.010415731478862433,-0.09960864674587294,0.3071924793889678,-0.3242548350923274,0.745785332014697,0.3931658942083236,0.3522507733253518,1.1161533883849875,0.2645155302067998,-0.06833778930076162,0.492112241215252,-0.13886626581774134,0.889572412805665,0.339236403920456,0.7341851509251884,0.46205838335597627,0.6440990687157815,-0.3759233058987914,0.7382682043695408,-0.5091961209677435,0.6106813945552498,-0.004906742538793973,0.16193429148705063,-0.030300824450060042,0.9758307253373857
UNI,1716,1716,9,"log_daily_return,InvSIX,log_diff_AdrActCnt,log_diff_volume_trusted_spot_usd_1d,log_diff_TxCnt,log_UnemRt,log_IndPro,log_CPIPrc,log_TotRes",0,0.011630932637743174,0.006323461512289463,10760.836639583304,10815.137780968922,-5370.418319791652,1.6200830672846698,0.104124574287428,1.956510252575879,-0.03968397332668597,0.14696789440835226,-0.27001797560236873,0.7871796671924748,-0.5280414645852044,0.18278243143681439,-2.8889071035677834,0.003915501917970662,0.2724529925789533,0.1607563442172639,1.6948195351514723,0.09029542521213922,0.21443396116267535,0.31002341941030664,0.6916702021110169,0.48924026403736354,0.11239110346753159,0.19763806585291727,0.568671338603229,0.5696553903209766,-0.2676669818168107,0.34416744837682794,-0.7777231201823099,0.4368420259179395,0.3675078934693004,0.4657895607770571,0.788999849752327,0.43022368829672186,0.9447009659495181,0.7005293435801409,1.3485530258040417,0.17766277304031355,-0.669949329424361,0.7004084095040753,-0.9565124009557783,0.3389513691285826,-0.21134193871769458,0.15112826327686796,-1.3984276278654428,0.1621696933344842
USDC,2437,2437,9,"log_daily_return,InvSIX,log_diff_AdrActCnt,log_diff_volume_trusted_spot_usd_1d,log_diff_TxCnt,log_UnemRt,log_IndPro,log_CPIPrc,log_TotRes",0,0.00335410917662482,-0.0003879905386068305,-4559.305637962142,-4501.444273584311,2289.652818981071,0.5246875754508208,0.8576386834748401,2.720113890373501,1.2726263162848758e-05,0.0019091652921877558,0.006665878127433086,0.9946819928431272,-0.00024610579202987993,0.0010793705592785745,-0.22800862031513178,0.8196589863794813,-0.000494670982659788,0.001728205363525937,-0.28623391241567797,0.7747237067697317,-0.0013113848895448218,0.004716907540517478,-0.2780179340553607,0.7810225697597748,0.007013510132328958,0.004496021478897523,1.5599369721091172,0.11890678657464704,-0.002417595550573637,0.005610363034711522,-0.4309160629385094,0.6665681494376368,0.0001302069952732578,0.0027561357655704233,0.04724259120316213,0.9623238180881547,0.00027572404660741734,0.0039963582986968,0.0689938253778021,0.9450002891978053,-6.65970845621179e-05,0.0020492045039326575,-0.03249899384581211,0.9740768241563795,-0.00010126972963825506,0.002062620157817907,-0.04909761463079592,0.9608455948234413
VTC,3265,3265,9,"log_daily_return,InvSIX,log_diff_AdrActCnt,log_diff_volume_trusted_spot_usd_1d,log_diff_TxCnt,log_UnemRt,log_IndPro,log_CPIPrc,log_TotRes",0,0.0036475174164981583,0.0008926257595851528,23433.43610994264,23494.346260359744,-11706.71805497132,1.231350386254052,0.27058821625245694,1.9958143745624668,0.02275889214217365,0.15298831029224083,0.14876229496684573,0.8817504189888645,-0.32561777747556997,0.33945510208392277,-0.9592366574448133,0.33751078155140957,-0.16694303718120054,0.1649097713561501,-1.0123295654849904,0.31145574624879657,-0.3703711952767552,0.26944924579434226,-1.3745490145459225,0.1693659254692436,0.0941767238352044,0.16432428778046432,0.5731150586882421,0.5666063807047876,0.3806320555793629,0.27287526502022114,1.394893947427432,0.16314299717363667,0.3009674581371174,0.2574380936716514,1.1690867262285798,0.24245429765597368,0.15989546450042053,0.458175367217403,0.3489831098330316,0.7271245623061147,-0.02792413107619049,0.30199021165333484,-0.09246700720302015,0.9263326936894808,-0.2699464508470137,0.3368176582000494,-0.801461693812626,0.42292291288748807
WNXM,1739,1739,9,"log_daily_return,InvSIX,log_diff_AdrActCnt,log_diff_volume_trusted_spot_usd_1d,log_diff_TxCnt,log_UnemRt,log_IndPro,log_CPIPrc,log_TotRes",0,0.007838848699488699,0.002583139245866173,10864.323913791504,10918.760550622661,-5422.161956895752,2.0018693279608226,0.035654164622371295,2.018731892780901,-0.02940122674737026,0.145532311798687,-0.2020254222858811,0.8399210361737838,-0.3460766982350118,0.12236379585801734,-2.828260563578591,0.004735081166711144,0.31021849853495637,0.1702527900080146,1.8221052267064342,0.0686147480978113,0.2499033990495396,0.20189745966951322,1.2377738653007695,0.21597094266101663,-0.17413138353263363,0.17468586678672252,-0.9968258264718928,0.3189910058123727,-0.15003346309124513,0.23088728491136123,-0.6498125834380344,0.5159011342979435,-0.1427939464281998,0.4652543459291859,-0.3069158787609343,0.7589450133079163,0.26555917954099945,0.9205605171374761,0.28847552615744104,0.773017950904999,-0.3617863282435104,0.8997959608568705,-0.40207596386516714,0.6876786963288184,-0.14271470850336604,0.1512844445251246,-0.9433534885317615,0.34563424699691325
WTC,2484,2484,9,"log_daily_return,InvSIX,log_diff_AdrActCnt,log_diff_volume_trusted_spot_usd_1d,log_diff_TxCnt,log_UnemRt,log_IndPro,log_CPIPrc,log_TotRes",0,0.006433553116663049,0.0028191238434414068,18643.898873697675,18702.07512812821,-9311.949436848838,1.4149951763622177,0.17567867023900852,2.074110884531196,-0.23658357636226066,0.20660172049164666,-1.145119100650598,0.25227058734780805,-0.48335752187978104,0.892346864022492,-0.5416699955675508,0.588094639412118,-0.17675432305726552,0.21628329185138928,-0.8172352174975931,0.41387271140472404,0.13804513873112928,0.36339916694125574,0.3798719185106018,0.7040730994501405,-0.40221350728311606,0.25620431511488856,-1.56989357147538,0.11656775217483506,-0.17015287393269482,0.3428229522971339,-0.49632871076035406,0.6197066057920906,0.325484164602431,0.3233024676594252,1.006748160503693,0.31415426522190276,0.11341207452730764,0.4066983227015459,0.2788604432247307,0.7803752332200677,-0.2181666239691728,0.475629669179114,-0.4586901072544635,0.6464970107010464,-0.08376169762828511,0.28208402464109356,-0.29693882074625944,0.7665381447115589
XAUT,1953,1953,9,"log_daily_return,InvSIX,log_diff_AdrActCnt,log_diff_volume_trusted_spot_usd_1d,log_diff_TxCnt,log_UnemRt,log_IndPro,log_CPIPrc,log_TotRes",0,0.0035895568501508324,-0.0010982079111394594,4898.870685087792,4954.48710254368,-2439.435342543896,4.400386063671657,1.0295279877738824e-05,2.108597374123114,0.04029794556661466,0.019849292732703534,2.0301955394219204,0.04247477755117871,0.010864251325067291,0.003404611517920992,3.1910399374145006,0.0014406052013142983,-0.006841376130575467,0.021186435882219155,-0.3229130264575144,0.7467964008490879,0.02492238501694497,0.04155965243994623,0.5996774167675695,0.5487922599642099,-0.010149436995315375,0.021498422431338544,-0.4721014775726242,0.6369082037180898,-0.02105540697907155,0.05015677252995996,-0.419791902808232,0.6746846206556165,0.025308301664733905,0.06918849557747916,0.3657877144675444,0.7145639311030667,-0.06810756343088228,0.06386150154228842,-1.0664886008948937,0.28633740406151487,0.09945692020845794,0.0544339323741384,1.8271125357041078,0.0678385810279922,0.025676672564293748,0.024493330005221883,1.0483128492050522,0.2946269151965795
XEM,3713,3713,9,"log_daily_return,InvSIX,log_diff_AdrActCnt,log_diff_volume_trusted_spot_usd_1d,log_diff_TxCnt,log_UnemRt,log_IndPro,log_CPIPrc,log_TotRes",0,0.007590668292039471,0.00515895471039729,24530.740296334516,24592.855125498965,-12255.370148167258,4.64374493523463,3.8930747168300095e-06,2.0941262636104536,0.12797901260881733,0.11081347335720472,1.1549048029230153,0.24820454112559637,-0.4116095731410227,0.0907564167840551,-4.535321994040403,5.935231944384961e-06,-0.09548755601355954,0.10176234127259157,-0.9383388276983161,0.34813200912472586,0.09184744351593835,0.15093201931516753,0.6085351798291906,0.5428702105651099,0.033802581740632415,0.12931905254253223,0.2613890302785427,0.7938071710357607,-0.1419611378713356,0.1366348560271609,-1.0389818674315132,0.29888155826299206,0.5981011500621901,0.2279084635792761,2.62430425210666,0.008718566779153001,0.22862367527579266,0.33854330692860585,0.6753158919310913,0.49951759930131023,0.5879010363817884,0.2430497825208511,2.418850287723885,0.015617947665599556,-0.6929704045721826,0.24546645767928818,-2.823075751871469,0.0047821377235406914
XLM,3531,3531,9,"log_daily_return,InvSIX,log_diff_AdrActCnt,log_diff_volume_trusted_spot_usd_1d,log_diff_TxCnt,log_UnemRt,log_IndPro,log_CPIPrc,log_TotRes",0,0.002536784047837415,-3.4733839177736314e-05,23091.608592245528,23153.216631455074,-11535.804296122764,1.0967537087965538,0.36138143972598785,1.9763972915332682,0.14687969583620167,0.10959015019120817,1.3402636603739688,0.18024686027094908,0.127427204723021,0.31317842517823874,0.40688372658652505,0.6841183326890715,0.13733812135599277,0.10115088895298581,1.3577549616971387,0.1746292035414057,-0.17911372411406354,0.11262805334585507,-1.590311816577759,0.11185508309475926,0.044040630395414865,0.1268160758649013,0.34727955501739294,0.7284022430140612,0.0669249784389499,0.12335652855535616,0.5425329264913398,0.5874860624473988,0.31712980253122297,0.23854146613062466,1.3294535649309858,0.18378524275527483,0.007788068876369542,0.3389370833294326,0.0229779190871241,0.981669199542087,0.35277875723042984,0.2432125867898733,1.450495477584874,0.1470102389838154,-0.24753195756328406,0.2538950741861308,-0.9749380067996832,0.32965856165669727
XRP,3803,3803,9,"log_daily_return,InvSIX,log_diff_AdrActCnt,log_diff_volume_trusted_spot_usd_1d,log_diff_TxCnt,log_UnemRt,log_IndPro,log_CPIPrc,log_TotRes",0,0.002999617006916644,0.0006150824741136818,24483.62918275417,24545.985439953816,-12231.814591377086,1.4121807940858386,0.17665703546404246,2.0708664778803456,0.12687240078924936,0.10013752145980323,1.2669816362508826,0.20524026407712698,-0.150915779701686,0.14857303422115417,-1.0157683087837097,0.30980503467983855,-0.04508241283266315,0.09562166668467824,-0.4714665033117107,0.6373349673984818,-0.06476742010785412,0.1089677661001628,-0.594372284812374,0.5522988733728573,0.09961398495383778,0.11123644934985469,0.895515683357866,0.370568764646519,-0.05803901186316985,0.11381911575537176,-0.509923236338538,0.6101351474877306,0.5283060535671013,0.21153676708954458,2.4974668036950125,0.01255080952557822,0.5906572128116285,0.3125321201833299,1.88990882749956,0.05884694404638071,0.38593724534304674,0.22289314066129937,1.7314900054708435,0.08344636460422072,-0.6312104658915401,0.2309016463467688,-2.733676766182889,0.006292448726679212
XTZ,2527,2527,9,"log_daily_return,InvSIX,log_diff_AdrActCnt,log_diff_volume_trusted_spot_usd_1d,log_diff_TxCnt,log_UnemRt,log_IndPro,log_CPIPrc,log_TotRes",0,0.008882907361418724,0.005296235132328575,15744.301515315283,15802.529968218081,-7862.150757657641,1.775193788425855,0.06797467366543093,1.9851855687988764,-0.08059467241622001,0.11156913417518946,-0.7223742750362089,0.4701323165275928,-0.37132611209813193,0.17364345267227005,-2.138440041266415,0.03257821640779373,0.17761299931497182,0.10165829549806406,1.7471569678084384,0.08073354201959336,-0.02248350917480739,0.12982663599082053,-0.17318101946658387,0.8625232354818543,-0.2198363030265124,0.1438137670129994,-1.5286179313183645,0.1264863575965563,-0.11260391101289544,0.229111180179121,-0.4914815196921459,0.6231292904701549,-0.04257284299110348,0.2896670405642334,-0.14697165030642478,0.8831663096636193,-0.4290135202973754,0.34344337630693894,-1.2491535720111298,0.21172646567522754,0.15870087839517072,0.2513344048597827,0.6314331636518629,0.5278153671504782,0.22511819478130374,0.23711644234312568,0.9493993438697956,0.3425097899712356
XVG,2800,2800,9,"log_daily_return,InvSIX,log_diff_AdrActCnt,log_diff_volume_trusted_spot_usd_1d,log_diff_TxCnt,log_UnemRt,log_IndPro,log_CPIPrc,log_TotRes",0,0.005830443296976462,0.0025885860468578548,19222.65294730722,19281.91897329903,-9601.32647365361,1.2384572649967103,0.26638390263259615,1.9934386859807223,-0.0012475009796661992,0.14661329661476338,-0.008508784731470124,0.9932116688935331,-0.15288054049793484,0.20027085426061492,-0.7633688939030016,0.44530866983281725,0.1306061337351267,0.1431664344446178,0.9122678387694995,0.36170741479356705,0.6306233896596936,0.3211679897524863,1.96353126644313,0.04968472844714145,0.145008733317643,0.20543388048230063,0.7058657168778758,0.4803312228447726,-0.3872156142238632,0.28022662205049165,-1.3817945325483534,0.16714662903693078,0.5644841274245929,0.3263551921229022,1.7296618563127184,0.08380250874534055,0.1551795519586556,0.3676933621432111,0.4220352280882772,0.6730321748560824,0.47423316491803047,0.2932984309143896,1.6168963585640648,0.10601493331380298,-0.30296026314060165,0.24155744439176186,-1.2541955140461567,0.20987715893175737
YFI,1771,1771,9,"log_daily_return,InvSIX,log_diff_AdrActCnt,log_diff_volume_trusted_spot_usd_1d,log_diff_TxCnt,log_UnemRt,log_IndPro,log_CPIPrc,log_TotRes",0,0.010035953136615428,0.004888826376493904,11283.152592395447,11337.77474179313,-5631.576296197723,2.9793328059369593,0.0015904896754187277,1.960199458745618,0.06422135523836521,0.15606636008140273,0.41150030797711923,0.6807566585349394,-0.27258750246013347,0.06449923898230764,-4.226212692756036,2.500404084720301e-05,0.03306091837735091,0.15585830957333943,0.21212162808550178,0.8320371203472128,0.025407829011475258,0.27463028414279694,0.09251648663140219,0.92629839861779,0.2644152002465374,0.23624393375742755,1.1192465179573068,0.2631902684622946,-0.06869762871272378,0.33581886202959677,-0.20456751088230787,0.8379340905282042,0.3545683746244633,0.46679745198251393,0.7595764996543839,0.44761119896892176,-1.2541273979747483,0.9106925712777062,-1.3771138993867067,0.16865508868497936,1.3462649037954868,0.819170705058997,1.6434485455611212,0.10047176777465994,0.006617114925578468,0.1490993263012703,0.0443805823254219,0.964606158294617
ZEC,3136,3136,9,"log_daily_return,InvSIX,log_diff_AdrActCnt,log_diff_volume_trusted_spot_usd_1d,log_diff_TxCnt,log_UnemRt,log_IndPro,log_CPIPrc,log_TotRes",0,0.0023289379453867998,-0.0005712686303533943,20666.518681697224,20726.92959173431,-10323.259340848612,0.9090590068727396,0.5161162080548662,2.056880467559162,-0.12615178606972827,0.12089022764932154,-1.0435234387652033,0.2967874035530565,0.019244261955323604,0.8440176101939108,0.022800782498960285,0.9818106531902677,0.006524517004176875,0.10438185367100901,0.06250623815075046,0.9501637292042422,-0.08206001264483548,0.10627821755889803,-0.7721244722547108,0.4400996424446232,0.056288952000082035,0.14298741089469966,0.39366369142479934,0.6938564596460197,0.1714586690559836,0.16733833681460591,1.0246227631982656,0.3056212688347687,0.13240451514720672,0.26654227567499345,0.49674864826566306,0.6194015807788135,-0.1345387851837739,0.38172487933719673,-0.35244961087519017,0.7245250918921005,0.12199677207667875,0.2716603076798542,0.44907838439338477,0.6534065449833136,0.26822783892562313,0.27205446214363216,0.985934348630574,0.32424237294650204
ZRX,2850,2850,9,"log_daily_return,InvSIX,log_diff_AdrActCnt,log_diff_volume_trusted_spot_usd_1d,log_diff_TxCnt,log_UnemRt,log_IndPro,log_CPIPrc,log_TotRes",0,0.009461510757855285,0.0062889675538769785,19060.157533318143,19119.602454957465,-9520.078766659071,0.8606817598247819,0.5600232757555149,2.0690484843661086,0.03484698358907077,0.13322696328365255,0.26156104387726914,0.793679050563138,0.29237016284915296,0.3785512515516154,0.7723397073732521,0.43997820537870214,0.06470644153595771,0.12491386920036227,0.518008464153555,0.6044931442569388,0.718366849901932,0.593344586100635,1.2107076844214981,0.22610927655253205,0.6798398660066092,0.32792189203843225,2.0731762121174038,0.0382468155120766,-1.4969482497934576,0.8616525016157439,-1.73729925577472,0.08244393146919438,0.2014333293300155,0.2884687034364782,0.698284863939744,0.48505684378047864,-0.21941269670024166,0.360859294143827,-0.6080283929524918,0.5432177807556557,0.30788232592615417,0.2834761965168696,1.0860958687507722,0.27752974030966426,-0.05699067321884353,0.23618893297335525,-0.2412927333274871,0.8093458473309181
