symbol,n,nobs,n_regs,regs_used,opt_hac_lag,r2,adj_r2,aic,bic,log_likelihood,fstat,f_pval,durbin_watson,coef_Intercept,stderr_Intercept,tval_Intercept,pval_Intercept,coef_log_daily_return,stderr_log_daily_return,tval_log_daily_return,pval_log_daily_return,coef_VIX,stderr_VIX,tval_VIX,pval_VIX,coef_log_diff_AdrActCnt,stderr_log_diff_AdrActCnt,tval_log_diff_AdrActCnt,pval_log_diff_AdrActCnt,coef_log_diff_volume_trusted_spot_usd_1d,stderr_log_diff_volume_trusted_spot_usd_1d,tval_log_diff_volume_trusted_spot_usd_1d,pval_log_diff_volume_trusted_spot_usd_1d,coef_log_diff_TxCnt,stderr_log_diff_TxCnt,tval_log_diff_TxCnt,pval_log_diff_TxCnt,coef_log_UnemRt,stderr_log_UnemRt,tval_log_UnemRt,pval_log_UnemRt,coef_log_IndPro,stderr_log_IndPro,tval_log_IndPro,pval_log_IndPro,coef_log_CPIPrc,stderr_log_CPIPrc,tval_log_CPIPrc,pval_log_CPIPrc,coef_log_TotRes,stderr_log_TotRes,tval_log_TotRes,pval_log_TotRes
1INCH,1616,1616,9,"log_daily_return,VIX,log_diff_AdrActCnt,log_diff_volume_trusted_spot_usd_1d,log_diff_TxCnt,log_UnemRt,log_IndPro,log_CPIPrc,log_TotRes",0,0.004930835069209105,-0.0007516665071722883,10034.824863224669,10088.514567246617,-5007.412431612334,0.624407209323977,0.7770612073509608,1.9983738382170655,-0.06973206088108565,0.15413370416614294,-0.45241280132942535,0.6510338914545282,-0.1453890277675327,0.21380325684195142,-0.6800131574937037,0.49659600295530903,0.13179275909204363,0.1978677918330708,0.6660647388395039,0.5054672011420396,0.19244404458151543,0.30482138802822445,0.6313337978885405,0.5279138452139329,0.2126353119682585,0.19397554710482137,1.0961964801334143,0.27316027585599995,-0.1546502842411812,0.3446298468109941,-0.44874315347967036,0.6536786430585619,0.7610747027527518,0.5644406483919971,1.3483697620306656,0.17773322644494682,-0.47239910864307927,0.7180408495627857,-0.6579000469551595,0.510698442228317,1.1123820775344302,0.8778053583191187,1.267230903744419,0.20525995707141992,-0.08930206455812832,0.1701789528525587,-0.524753872680711,0.5998281047699839
AAVE,1694,1694,9,"log_daily_return,VIX,log_diff_AdrActCnt,log_diff_volume_trusted_spot_usd_1d,log_diff_TxCnt,log_UnemRt,log_IndPro,log_CPIPrc,log_TotRes",0,0.014201897260481489,0.008837820522479278,10688.153031167509,10742.32282738132,-5334.076515583754,2.8833262991753252,0.0022003140233120212,1.917650561149354,0.04596173245186324,0.15114096952731723,0.30409843602039427,0.7610911503554526,-0.6654228363039513,0.14056662055030072,-4.733860952898378,2.3907622561236087e-06,-0.04531872598883796,0.18186340166564569,-0.24919101684986653,0.8032439679641713,0.015697883118184125,0.36580946717786084,0.04291273060615359,0.9657762801523279,0.1138587640594858,0.34560074120788714,0.3294517357270279,0.7418559828701842,0.013507950895670612,0.47849039165729185,0.02823034930520691,0.9774818372769087,0.7573406754260643,0.4736222006684487,1.5990396445884258,0.11000278542401491,0.4383373342112108,0.756997413946266,0.5790473337631842,0.5626360818503875,0.22425462623548603,0.7849518484042273,0.2856922073518087,0.7751496470035696,-0.12850451536846985,0.15353808281655248,-0.8369553208633407,0.4027385904363303
ADA,2738,2738,9,"log_daily_return,VIX,log_diff_AdrActCnt,log_diff_volume_trusted_spot_usd_1d,log_diff_TxCnt,log_UnemRt,log_IndPro,log_CPIPrc,log_TotRes",0,0.006219302692516915,0.002904244769697306,17226.75706954611,17285.796725886434,-8603.378534773055,1.9963762188521115,0.035982156070714574,2.0780488390841416,0.07363297711648689,0.11098978991966811,0.6634211774775028,0.5071175259452873,-0.15427399706643402,0.1070522460343369,-1.4411093908011121,0.14966982603898174,-0.08955002890706579,0.17617239653573843,-0.5083090805823239,0.6112781600193267,-0.30205760253586034,0.22261898992538953,-1.3568366411018868,0.17494663059654175,0.06536753825886302,0.13664834324590946,0.4783631964072113,0.6324304827760177,0.3535169256963576,0.20965484733329895,1.6861853193136709,0.09187573056609676,0.6191457400081319,0.2731258258284818,2.2668883036968626,0.02347587950054919,-0.05709772362431624,0.3087154184140493,-0.1849526140211654,0.8532801041522549,0.5312994425575415,0.24528923320350643,2.166012081405726,0.030397584268866025,-0.07132373288188772,0.1943783157323493,-0.36693255939153974,0.7136980995039144
ALGO,2170,2170,9,"log_daily_return,VIX,log_diff_AdrActCnt,log_diff_volume_trusted_spot_usd_1d,log_diff_TxCnt,log_UnemRt,log_IndPro,log_CPIPrc,log_TotRes",0,0.00832948018749935,0.004139323061531086,13735.865766863317,13792.551377943475,-6857.932883431658,1.7772397643183169,0.06768873759729077,2.053003189440485,-0.09322479790285068,0.12797840738890612,-0.7284416160888397,0.46642337159780234,-0.08520932258019032,0.22570851288162108,-0.3775193123747204,0.7058253271922772,-0.10724703224217103,0.20340961544223124,-0.5272466201216992,0.5980772469341815,-0.09041778841795042,0.1382359269061017,-0.6540831348377887,0.5131288571339325,0.1018222467734126,0.13586722092029926,0.7494246668454513,0.4536840461869839,0.3279592975749484,0.16464874577678243,1.9918724313853524,0.046512539915301215,0.5777562846676285,0.36322393500825956,1.5906338459069076,0.11184039921456015,-0.2250352989257267,0.3412950154961486,-0.6593571212828514,0.509737747914589,0.6262673282977227,0.27653458305624135,2.264698040209868,0.023631316914519567,0.20841837597045829,0.20397902510257968,1.0217637615712993,0.3070087568910037
ALPHA,1693,1693,9,"log_daily_return,VIX,log_diff_AdrActCnt,log_diff_volume_trusted_spot_usd_1d,log_diff_TxCnt,log_UnemRt,log_IndPro,log_CPIPrc,log_TotRes",0,0.0079809367638074,0.002579744042013332,11138.500885636216,11192.664670428147,-5559.250442818108,0.7765135220698081,0.638301924447551,2.0200151124716177,0.02263003734878993,0.17404951466507712,0.13002068631065608,0.8965658799255845,-0.19473353052120046,0.23209547437259018,-0.8390233848704374,0.40157750371902257,0.10738942643780332,0.1878822046472484,0.5715784879117666,0.5676852816170547,0.0916730083711938,0.27768119101484645,0.3301376230638986,0.7413378101091188,0.32117113175609563,0.23051745418104438,1.3932616638384936,0.1637279953077011,-0.1759119016331981,0.3274887036725536,-0.5371541053491947,0.5912334645891004,1.0719559077477194,0.5713966536577683,1.8760276261431443,0.06082758121256493,-0.33343192934122934,0.7929573478026115,-0.42049163207228335,0.6741809973161967,1.062609684321415,0.8116229312613942,1.3092405886930112,0.1906348253052777,-0.1559470549102275,0.1731203825470188,-0.9008012379355326,0.36782522846028554
ANT,2627,2627,9,"log_daily_return,VIX,log_diff_AdrActCnt,log_diff_volume_trusted_spot_usd_1d,log_diff_TxCnt,log_UnemRt,log_IndPro,log_CPIPrc,log_TotRes",0,0.019098212456949093,0.01572483985936113,18495.93606649267,18554.67204438953,-9237.968033246336,1.435043403208815,0.16714459535270965,2.1543352253835986,0.02499590146912954,0.1592493859099191,0.15696074007637748,0.8752878972214727,-1.0835014391746822,0.44557890228900887,-2.431671323773556,0.01509601850112219,-0.146706717322821,0.2719652163356853,-0.5394319144906444,0.589634755055066,-0.2414320597293328,0.30265857160849585,-0.7977043519574835,0.4251144508750673,0.14451592313793127,0.16892274764952797,0.8555148738035289,0.3923444914923907,0.48036012389007565,0.30798463011473337,1.55968862378336,0.11895439549388057,0.29966669185210837,0.38081342725307715,0.7869120950216887,0.43140458124261505,-0.32607373760668557,0.4087761932987314,-0.7976827979519656,0.4251269596999163,0.47614672293649196,0.31175867027011256,1.527292641208506,0.12680910436406898,0.04979341549715569,0.30510109232107163,0.16320300631620105,0.870371200558168
BAL,1801,1801,9,"log_daily_return,VIX,log_diff_AdrActCnt,log_diff_volume_trusted_spot_usd_1d,log_diff_TxCnt,log_UnemRt,log_IndPro,log_CPIPrc,log_TotRes",0,0.024711242974263636,0.019726802989464387,11246.402418604388,11301.195414982216,-5613.201209302194,2.8885046171277216,0.002155387056895717,1.8993740652453124,-0.1499351244238847,0.14068660669838642,-1.065738437670374,0.2866879907180234,-0.7959986705126508,0.2051405158173344,-3.8802606464216995,0.00010818736921264186,-0.2169529938696797,0.19961764784706976,-1.0868427526803182,0.2772550483902253,-0.1962289372977432,0.2487825752567112,-0.7887567571613908,0.43036035873403067,-0.44961265129623795,0.20094294557872544,-2.2375139868748897,0.025377406987809957,0.7313583834247123,0.26583290471119336,2.75119584695234,0.005998626665093181,0.292011869334831,0.4815378966260173,0.6064151365466044,0.5443172820929711,0.113383596714494,0.6716492770628805,0.1688136957584768,0.8659625723498479,-0.045218714759187345,0.5178943721419419,-0.08731262047156216,0.9304329494544201,-0.08830751978190977,0.15143655701979772,-0.5831321149909997,0.5598790323617296
BAT,2794,2794,9,"log_daily_return,VIX,log_diff_AdrActCnt,log_diff_volume_trusted_spot_usd_1d,log_diff_TxCnt,log_UnemRt,log_IndPro,log_CPIPrc,log_TotRes",0,0.004818404559134848,0.0015661771230536248,17702.72991423034,17761.974256079215,-8841.36495711517,0.700750520818512,0.7087867055622026,2.045473111150159,-0.01911131774474763,0.11144834397398787,-0.17148139724003642,0.863857855003249,-0.3548802658249718,0.22384711633466228,-1.5853689412483143,0.11299734206031758,-0.038605053979504714,0.17357811967921796,-0.22240737513949918,0.8240132629959658,0.15529075461593886,0.2555013860390161,0.6077883060572725,0.5433780000140358,-0.05796549913386651,0.14562963926257544,-0.3980336655874883,0.6906362218764099,-0.11992471433344953,0.2682534055706429,-0.44705756513450146,0.6548686520386946,0.3276828100008305,0.28526157501783256,1.1487099514904735,0.25077535996113537,0.0894425966663042,0.3105411905675579,0.28802168402470285,0.7733518131428581,0.1302730871789449,0.25947531696357545,0.5020635053207482,0.6156629871952135,-0.04467904009956994,0.24043411923476904,-0.18582653843709937,0.8525944774607193
BCH,2860,2860,9,"log_daily_return,VIX,log_diff_AdrActCnt,log_diff_volume_trusted_spot_usd_1d,log_diff_TxCnt,log_UnemRt,log_IndPro,log_CPIPrc,log_TotRes",0,0.0012565652914315883,-0.0019309137555107991,18268.60099480969,18328.081314716062,-9124.300497404845,0.5193152751251812,0.8616078388768399,1.9785745263234806,0.008851585857420696,0.11372310425113993,0.07783454308346467,0.937965190319636,0.11462339957561066,0.07882660573400933,1.4541207059250172,0.14602412728890551,-0.09952956387078131,0.18431931434165807,-0.5399844515821671,0.5892503928864001,-0.12744632739068318,0.21180751542945817,-0.6017082402967366,0.5474167327434034,0.044955769070021606,0.14827312499859163,0.30319566725560426,0.761763115554863,0.09599087982859103,0.17757956895773738,0.5405513730660995,0.5888595319260822,0.2738430728482112,0.2647268852197695,1.0344361987293949,0.30102098784227227,0.03815019463011777,0.3207928138169655,0.11892471709757531,0.9053434698644399,0.27511361416439817,0.2180406143163702,1.2617539857286257,0.20714167615363516,-0.13125707288632876,0.19753729882507368,-0.6644672862645631,0.5064456077864834
BNB,2877,2877,9,"log_daily_return,VIX,log_diff_AdrActCnt,log_diff_volume_trusted_spot_usd_1d,log_diff_TxCnt,log_UnemRt,log_IndPro,log_CPIPrc,log_TotRes",0,0.009099612624209885,0.0059561147439199935,18036.431115877673,18095.971326750452,-9008.215557938836,1.9568380198716246,0.04038758439569127,1.9759223680347873,0.31703379276047616,0.10639392724236178,2.9798109814884817,0.0029087419175077636,0.2900172018738661,0.2379777549061642,1.218673577235071,0.22306943695440679,-0.15535977716892657,0.17382519512564581,-0.893770187093005,0.3715206753764141,-0.1124151192523378,0.4990236693678245,-0.22527011473172814,0.821785372105214,0.12268917029196376,0.12216224529569164,1.0043133211492365,0.3153132653390593,-0.19347000664018033,0.5123164257221547,-0.37763771943768437,0.7057279891369638,0.444927600636083,0.25810259655009976,1.7238400798099642,0.0848456611635915,0.15920686222145133,0.2969668377189444,0.5361099018474516,0.5919246269138773,0.11723853580127848,0.19468595017928003,0.6021930996731777,0.5470937326827663,-0.26049237736587577,0.1777349136159616,-1.4656230003787059,0.1428618391951162
BSV,2389,2389,9,"log_daily_return,VIX,log_diff_AdrActCnt,log_diff_volume_trusted_spot_usd_1d,log_diff_TxCnt,log_UnemRt,log_IndPro,log_CPIPrc,log_TotRes",0,0.00408305410266907,0.0002672803635987986,15343.434936740934,15401.09486753501,-7661.717468370467,1.0445257784175164,0.40155665090526754,2.0794606867801297,-0.03683889041845309,0.1275241167429995,-0.28887783236087683,0.7727003583531266,0.12327201930866334,0.18562960819205832,0.6640752006604581,0.5067073567526679,0.01871009172198594,0.21677908568107385,0.0863094872053861,0.9312277528580926,-0.1852624657937968,0.1732579757750685,-1.0692867959759214,0.28505032382360124,-0.0682374596798046,0.12508986191090285,-0.5455075146570053,0.5854563080536013,-0.2563232309917687,0.14580634341741344,-1.757970366611336,0.0788827788577809,-0.07720514305884454,0.37966053469377065,-0.20335309046835018,0.8388766754515198,-0.1734386664707323,0.47741376637597766,-0.3632879457735288,0.716422486020706,0.07249295745571632,0.23808849532555537,0.30447904404869097,0.7607899270883743,-0.025522595561785842,0.2260859504981455,-0.112888905770353,0.9101282782396465
BTC,3803,3803,9,"log_daily_return,VIX,log_diff_AdrActCnt,log_diff_volume_trusted_spot_usd_1d,log_diff_TxCnt,log_UnemRt,log_IndPro,log_CPIPrc,log_TotRes",0,0.0032638600531215145,0.0008799575127225179,20478.284155530597,20540.64041273024,-10229.142077765298,1.4601937840533497,0.15676572212413,2.040100185357773,0.15685340980932705,0.05860392606102398,2.6765000291276793,0.007471814496397429,-0.08957084810537522,0.08582885828221914,-1.043598271001716,0.2967383300695996,-0.034432101297971016,0.11645196783786664,-0.29567642296873875,0.767493518348584,0.11750534867744056,0.06886370034975342,1.706346712137744,0.08802605756068776,-0.002896110852658361,0.06818645737711977,-0.042473402550315835,0.9661235677072488,-0.08838399567095509,0.0602736621199331,-1.4663783908647825,0.14262878835932685,0.309996987311321,0.13626319010549,2.274987009120604,0.022962723187312312,0.09438484436323694,0.189487055989716,0.49810708108927226,0.618437678834387,0.307334277236258,0.16784061276179285,1.8311079313827399,0.06716346184790474,-0.23460224739988983,0.13897618932748879,-1.6880751194513195,0.09147967365493954
BTG,2775,2775,9,"log_daily_return,VIX,log_diff_AdrActCnt,log_diff_volume_trusted_spot_usd_1d,log_diff_TxCnt,log_UnemRt,log_IndPro,log_CPIPrc,log_TotRes",0,0.0035384157648298276,0.0002593831293210558,18666.59648069439,18725.771844233826,-9323.298240347194,0.7497620227138413,0.6633199910627459,2.0274953291106335,-0.19383834040921438,0.13865566422714418,-1.3979835695112357,0.16223136286585807,0.10370211464474885,0.15794418238380273,0.6565744497809599,0.5115098196652115,-0.014462374503196113,0.2068590370220342,-0.06991415367391278,0.9442670989090414,-0.36940855763492514,0.4150716950545429,-0.8899873492611503,0.37355095514593195,0.08262903792332059,0.14376594872297216,0.5747469317824452,0.5655097338381077,0.23374280050221052,0.2888546136113201,0.8092057024117071,0.4184672246339931,0.2666873848319255,0.3176989944365088,0.8394341483671967,0.4012990942940434,0.010006052725713449,0.3954759030094738,0.025301295602512982,0.9798164863213866,-0.01768257558824013,0.2689786558200102,-0.06573969794864543,0.9475898710483179,0.07264934781990876,0.23450841694966082,0.3097942016959824,0.7567410624268315
BUSD,2080,2080,9,"log_daily_return,VIX,log_diff_AdrActCnt,log_diff_volume_trusted_spot_usd_1d,log_diff_TxCnt,log_UnemRt,log_IndPro,log_CPIPrc,log_TotRes",0,0.20113049775155023,0.19760607347692472,8115.627406101667,8171.883356822991,-4047.8137030508333,1.6467317533061236,0.09680089165668725,2.3268588733600346,-0.000447681516480794,0.04084093743253845,-0.01096158767707719,0.9912551653994197,-0.8656289830615371,0.31568513727833997,-2.7420644206582048,0.0061587543678004765,-0.008701007576458364,0.022477198509588,-0.3871037386063398,0.6987197883350991,-0.05288989016095431,0.10509841179733584,-0.5032415738397964,0.6148487685440945,-0.009018304239463955,0.013911648592665011,-0.6482556096348568,0.5168925965565864,0.08338366474731589,0.11704280874698894,0.7124202301703652,0.4762860629422303,-0.00930959651264314,0.04851880209424712,-0.19187605857538226,0.8478583878288146,0.004825269189447815,0.026895882806469613,0.17940549578417747,0.8576371330896352,-0.017599539095805333,0.0960376207412811,-0.18325671710690658,0.8546148050347815,-0.011212473054377014,0.017955849483088718,-0.6244468168959207,0.5324040149860637
COMP,1808,1808,9,"log_daily_return,VIX,log_diff_AdrActCnt,log_diff_volume_trusted_spot_usd_1d,log_diff_TxCnt,log_UnemRt,log_IndPro,log_CPIPrc,log_TotRes",0,0.028290474429518042,0.02334398928803938,11326.969684860454,11381.802129021193,-5653.484842430227,6.592213025519847,2.6389700181892997e-09,2.1393744968762642,-0.07630160025145938,0.13878224190908894,-0.5497936854301698,0.5825303321982559,0.956491250904848,0.12850627463249387,7.443148232568803,1.527195079642468e-13,-0.12291884121225694,0.16333278173179058,-0.7525668754855499,0.4518104137586929,-0.16149391904978053,0.2557146096794626,-0.6315396654583507,0.5277693648576518,-0.045908414805269304,0.22586002462935825,-0.20326047019877078,0.8389548407389333,0.004602219302804928,0.3077120401738801,0.014956253581121926,0.9880687685393038,0.6861391066064448,0.5105184520775762,1.3440045189633656,0.17911936396324263,0.773619596995369,0.6784779397864985,1.140228077627416,0.2543457317792508,-0.11092496895239118,0.46537515509304384,-0.23835601823267427,0.8116325986720594,-0.20383037414284963,0.1511115256090053,-1.3488737759835219,0.17755024827552263
CRO,2264,2264,9,"log_daily_return,VIX,log_diff_AdrActCnt,log_diff_volume_trusted_spot_usd_1d,log_diff_TxCnt,log_UnemRt,log_IndPro,log_CPIPrc,log_TotRes",0,0.004536860965681622,0.0005084579749851104,13713.440492000287,13770.555981796579,-6846.720246000144,1.6139344307280492,0.10558823628706715,2.12609523523207,0.017679917278259863,0.10842430061172324,0.16306231332377388,0.8704841870426809,0.010009846621514482,0.13978994938208741,0.07160633983888641,0.9429216329982554,-0.1416480594514873,0.17622693941788495,-0.8037821000545148,0.42160873021248046,-0.06692693665803082,0.29650408946474444,-0.2257201132667302,0.8214398536313371,-0.058844254435471685,0.1450569523139486,-0.4056631102252467,0.6850291731323384,-0.026766178981461816,0.3355691345182436,-0.07976353075466373,0.9364325063695065,-0.047894759996707226,0.28038191182693206,-0.17081972116043864,0.8643810603912084,-0.6653939844723195,0.26791728705319023,-2.4835798831458655,0.013080078258206604,0.26587171463838943,0.23329958543214577,1.1396150325167087,0.254569442176657,0.33738889618961093,0.18423665726318048,1.8312799483093845,0.06719247545435574
CRV,1750,1750,9,"log_daily_return,VIX,log_diff_AdrActCnt,log_diff_volume_trusted_spot_usd_1d,log_diff_TxCnt,log_UnemRt,log_IndPro,log_CPIPrc,log_TotRes",0,0.010305454227202193,0.005096535565240035,11808.701277335293,11863.202073033368,-5894.350638667646,2.3665137142014196,0.011748563204035205,2.001931563933761,-0.16107719974903903,0.1870209736166911,-0.8612788000942336,0.389205259548867,-0.407608519896212,0.14659707371482086,-2.7804683242800845,0.005487542224262001,-0.12105117291038876,0.2126987529231165,-0.5691202757269795,0.569349261807883,-0.055863661517435576,0.35840309208637733,-0.15586824653837555,0.8761552724393534,0.5582504375452243,0.267439699467975,2.087388067873868,0.037000793643363485,-0.24408207182390937,0.43730482210653965,-0.5581508812277496,0.5768144261382631,0.20380780390073988,0.6130905460179203,0.33242692327338985,0.7396076561913676,1.3002054694622278,1.03960124863408,1.2506770948674337,0.21122341114218265,-0.9942327967538922,0.9051492394520908,-1.0984186401744378,0.2721763588813717,0.15484374761850234,0.20276010663014224,0.7636795531033881,0.44516357970636045
CVC,2819,2819,9,"log_daily_return,VIX,log_diff_AdrActCnt,log_diff_volume_trusted_spot_usd_1d,log_diff_TxCnt,log_UnemRt,log_IndPro,log_CPIPrc,log_TotRes",0,0.007272220416893682,0.004057197021338443,18704.716825621843,18764.051209498117,-9342.358412810921,1.4795733702767535,0.149449345178051,2.008196774976359,-0.044062146468973384,0.12932100176085876,-0.34071918612611274,0.7333407483231278,-0.37199898139838405,0.3101466049134587,-1.1994294811067954,0.2304632427961268,0.026754493520858486,0.1749211155420208,0.15295176593149115,0.8784474170723204,-0.4882078568346948,0.2954203835779016,-1.6525869031848834,0.0985279277622224,0.2840517870699056,0.17102875509558343,1.6608422771431421,0.09685793369256829,0.16141620735845338,0.29295980516668785,0.550984143598167,0.5816888359809994,0.544931212983533,0.39288197485731546,1.3870099619139764,0.16554995798368533,0.20510990396521037,0.4296784149704773,0.47735677850911645,0.6331456250228094,0.28267057817644403,0.2860303484033055,0.9882537980825582,0.3231144013620221,-0.034955130520333874,0.32055991369609915,-0.10904398531087837,0.9131754758090835
DAI,2019,2019,9,"log_daily_return,VIX,log_diff_AdrActCnt,log_diff_volume_trusted_spot_usd_1d,log_diff_TxCnt,log_UnemRt,log_IndPro,log_CPIPrc,log_TotRes",0,0.004508245069552386,-1.9003942258510875e-05,1262.030474366442,1317.9843471549816,-621.015237183221,0.4309872101118327,0.9190097274529893,2.613541718994443,0.003610990572449116,0.0075875076635625515,0.4759126095898601,0.6341891688217787,-0.014819062605342085,0.01662641308308549,-0.8912964288381555,0.37287851274326844,-0.002848345805706212,0.024556252751323976,-0.11599268970517665,0.90767010392321,0.0074891902464376435,0.009527601723997222,0.7860519848950633,0.43193113790029947,0.01060857666620848,0.009470885258635058,1.1201251389394815,0.2627963573830277,-0.023614973859922374,0.017349803238581075,-1.361109030182505,0.173634198198987,-0.004391528260993252,0.02467714186385247,-0.17795935547244404,0.858773109179917,-0.010588259127048524,0.019641223912990818,-0.5390834692356106,0.5898898994207167,0.008229934151698367,0.021515070691083087,0.38251950318291356,0.7021171415584531,0.006442430083440396,0.00815988653888816,0.7895244685985819,0.4299001162160969
DASH,3803,3803,9,"log_daily_return,VIX,log_diff_AdrActCnt,log_diff_volume_trusted_spot_usd_1d,log_diff_TxCnt,log_UnemRt,log_IndPro,log_CPIPrc,log_TotRes",0,0.00432472898138736,0.0019433637304793194,23664.899060706688,23727.255317906332,-11822.449530353344,1.8762143849820951,0.05089179452061262,2.003677493671832,0.0726327931091865,0.08971522552203692,0.8095927161365221,0.4182254845170794,-0.21934405953108219,0.1367184523153211,-1.6043486143713594,0.10872114856479316,-0.0784111999070826,0.15248655212378565,-0.5142171477746438,0.6071303760474074,0.11907640456345303,0.10709584731643368,1.1118676171599882,0.2662661036177892,-0.028149946969685195,0.10138232713716877,-0.2776612824402693,0.7812876375449334,-0.12376414913125994,0.14819999301971723,-0.835115755469663,0.40370555335951275,0.3451893545887298,0.21443102721089888,1.609792011345571,0.10752714754207336,-0.06123267237962239,0.3032235550702972,-0.20193903592162107,0.8399753002070711,0.42672893385517674,0.23506362785778712,1.8153762780915925,0.06954566868968078,-0.3241956056561249,0.23076202610425195,-1.4048914855239751,0.16013609051887537
DCR,3301,3301,9,"log_daily_return,VIX,log_diff_AdrActCnt,log_diff_volume_trusted_spot_usd_1d,log_diff_TxCnt,log_UnemRt,log_IndPro,log_CPIPrc,log_TotRes",0,0.013356066132830136,0.010633037796490163,21204.801902661162,21265.730412936548,-10592.400951330581,2.854330102084532,0.0023604544815443622,2.0952756821324323,0.06848199806795574,0.10768726730559094,0.6359340317701633,0.5248640468436576,-0.44250104665869733,0.2876633182920791,-1.5382602456438457,0.124082014971059,-0.13771524369470117,0.15471922342080796,-0.8900978213944425,0.3734790226756747,0.2640474269813291,0.27816431997194235,0.9492498067615674,0.3425639166172032,-0.28415841149512144,0.12904290920607692,-2.2020459182405023,0.027731829143046928,-0.413476246775933,0.3191989617790167,-1.2953558635387574,0.1952891866314577,0.8222841388980494,0.24884675080905705,3.30437964821569,0.0009621542721433818,0.6054334973027774,0.3032177769381178,1.996695257832252,0.04594128335851126,0.41823189785801695,0.25062710533995497,1.6687416841475304,0.09526457972047891,-0.6295199288861479,0.2575902499379372,-2.4438810437810514,0.014582862062307345
DGB,3763,3763,9,"log_daily_return,VIX,log_diff_AdrActCnt,log_diff_volume_trusted_spot_usd_1d,log_diff_TxCnt,log_UnemRt,log_IndPro,log_CPIPrc,log_TotRes",0,0.0025306400143714214,0.00011935227870918386,25931.143382835493,25993.39305762464,-12955.571691417746,1.1395341845549112,0.3305244217297172,2.0593906659746173,0.11856576106802055,0.1276566354359186,0.9287865112780487,0.3530599484317558,-0.0626952181453338,0.1223914946564474,-0.5122514298997582,0.6085054388535132,0.03607026991438434,0.1742301500898278,0.20702656742123907,0.8360004319846094,0.11935288682074652,0.12323028123405128,0.9685353764149867,0.33283997362582307,0.0745279503414967,0.14781549206503794,0.5041958004557793,0.6141536270437847,-0.02135988088893956,0.13954237170213277,-0.15307093199286,0.8783506339772609,0.5497622440251392,0.2690022489089565,2.0437087282909876,0.04105256682682046,0.006665887081226229,0.4282175450658056,0.01556659029513109,0.9875809936353482,0.6986251194581283,0.36179423883455564,1.9310012279593032,0.05355873451866695,-0.5224439988563683,0.2842525834865369,-1.8379569059611127,0.0661483866782033
DOGE,3803,3803,9,"log_daily_return,VIX,log_diff_AdrActCnt,log_diff_volume_trusted_spot_usd_1d,log_diff_TxCnt,log_UnemRt,log_IndPro,log_CPIPrc,log_TotRes",0,0.005033578783863013,0.002653908895224988,25059.01422803812,25121.370485237763,-12519.50711401906,1.57876492730668,0.11554534159973148,1.9936515224551,0.18639217938882618,0.10753866906336522,1.7332572646867888,0.08313186970015007,0.00469438134439816,0.24110203620631254,0.019470517206172197,0.9844667887095123,0.019405988196417492,0.15696815154090718,0.12363009951964768,0.9016147620763684,-0.027462122299414797,0.10729717265541483,-0.255944510183968,0.7980076745089073,0.3076918999141131,0.1373560006593398,2.2401052625085365,0.02514224011343145,0.012708158165865256,0.09080585350155851,0.1399486671379301,0.8887080386157332,0.6933288620261381,0.2600383278315679,2.6662564238423396,0.00770292103897089,0.7205210430163815,0.3844674200019001,1.8740756837414745,0.06099742020153928,0.18935823521303324,0.26487168175564607,0.7149055495774864,0.47471175630764606,-0.47891266602090765,0.21413823881807126,-2.2364649520994,0.025379702522481458
DOT,1745,1745,9,"log_daily_return,VIX,log_diff_AdrActCnt,log_diff_volume_trusted_spot_usd_1d,log_diff_TxCnt,log_UnemRt,log_IndPro,log_CPIPrc,log_TotRes",0,0.0061864862988902924,0.0009405498629312392,10644.228569631243,10698.700253227244,-5312.114284815621,0.5920036672735477,0.8045861042894732,2.0409987101380076,0.05048450059408152,0.13390257474125464,0.3770241213929961,0.7062025976729609,-0.07182471771182343,0.14474924452235824,-0.4962009850125971,0.619816575188018,0.0037252168884434333,0.13945855088236545,0.026712000554097882,0.978692567462235,0.14223444411227187,0.20164137773932767,0.7053832189945943,0.4806681389941573,0.006068906382813058,0.12515260653286683,0.04849204943421836,0.9613297800383589,-0.13207686047971118,0.2172379998828776,-0.60798230765759,0.5432801817184922,0.3830134172628614,0.42826884281494015,0.8943294000688392,0.37127189902013735,-0.8852354012637866,0.7857096829966616,-1.1266698380087903,0.26004064328761034,1.0254705435959162,0.6496695661348054,1.578449410362456,0.11464789894838846,0.08091473530825033,0.14976401970720832,0.5402815406960916,0.5890734499088228
DRGN,2705,2705,9,"log_daily_return,VIX,log_diff_AdrActCnt,log_diff_volume_trusted_spot_usd_1d,log_diff_TxCnt,log_UnemRt,log_IndPro,log_CPIPrc,log_TotRes",0,0.009957040353762547,0.006613555687039918,19254.40760949399,19313.32465608729,-9617.203804746994,2.017275100088004,0.03383281999336457,2.003829737278788,-0.10445113419333148,0.17220880289586699,-0.6065377172181615,0.5442094071274479,-0.6541335138378372,0.2643170088634488,-2.4748067354824492,0.013392617773953857,-0.19806540218901716,0.2351601243633282,-0.8422576009655499,0.399719355457675,0.17998199422945615,0.3789832170897772,0.4749075582067801,0.6348917791565293,-0.2779924405801331,0.1896813430614904,-1.4655760872065011,0.14288177810977443,0.10221225491424696,0.41899965114737153,0.24394353225438994,0.807293330840147,0.44643042677058825,0.38735192971167204,1.1525189176232882,0.249211269395735,-0.5983223329131333,0.4751612714851532,-1.2591984423373368,0.20806894161388162,1.0674758153174335,0.42990279376373536,2.483063219877779,0.01308688554264658,0.07483286663540555,0.2954014773338494,0.2533259728787098,0.8000358668116924
ELF,2717,2717,9,"log_daily_return,VIX,log_diff_AdrActCnt,log_diff_volume_trusted_spot_usd_1d,log_diff_TxCnt,log_UnemRt,log_IndPro,log_CPIPrc,log_TotRes",0,0.004314105521878053,0.0009666370682721581,17730.374904736833,17789.336710822987,-8855.187452368416,1.130892394262711,0.3367408352108492,2.1219706655667427,-0.04282439312052061,0.12501350704545308,-0.3425581293783742,0.7319577996852811,0.060327143538300515,0.39428593331055695,0.15300353992285137,0.8784070150217742,-0.06204247191504931,0.18865170576073256,-0.3288731032929961,0.7422773298382018,-0.11922968508178555,0.2355689254840385,-0.5061350296385515,0.6128035377721475,-0.35312127395118054,0.16409967595379069,-2.15187063532421,0.03149671768464925,0.05188119249573847,0.23775692702142565,0.2182110660063467,0.8272812956121833,0.22260310692367813,0.38080432289921484,0.5845603464501455,0.5588926368694542,-0.14512292023838494,0.3862907356429134,-0.37568314962783983,0.7071822324709911,0.23387389795051589,0.27450566717073227,0.851982038698877,0.3943002714025128,0.13193414673515302,0.2745594227336519,0.4805303909133775,0.6308895642456799
EOS,2548,2548,9,"log_daily_return,VIX,log_diff_AdrActCnt,log_diff_volume_trusted_spot_usd_1d,log_diff_TxCnt,log_UnemRt,log_IndPro,log_CPIPrc,log_TotRes",0,0.008425480801394936,0.004867199033935732,15640.484364887412,15698.796567033454,-7810.242182443706,1.627039921679731,0.10188238800852285,2.011508880084777,-0.11236896281343248,0.10644439276585084,-1.0556588270517369,0.2912257927398865,-0.36194188464532817,0.1748235648180584,-2.0703266463077026,0.03852388450623228,-0.11749574955842443,0.1584952489587223,-0.7413203255639822,0.4585686465289921,0.08073188295383918,0.09721208170994189,0.8304717020125567,0.406351187191932,-0.11767209040713673,0.11317807091288799,-1.039707510986892,0.2985760301893177,-0.23914081944532206,0.10167636286344658,-2.3519804673431626,0.018750684886883993,0.31322690142883136,0.275386005714717,1.1374103800805158,0.2554754217396697,-0.03466420370982244,0.3018716390379264,-0.11483093880663402,0.9085883177523991,0.3183119142150861,0.21973577519288773,1.448612152188994,0.1475709329983027,-0.025903827579527687,0.1922887059516851,-0.1347132035203167,0.8928494430851474
ETC,3232,3232,9,"log_daily_return,VIX,log_diff_AdrActCnt,log_diff_volume_trusted_spot_usd_1d,log_diff_TxCnt,log_UnemRt,log_IndPro,log_CPIPrc,log_TotRes",0,0.007277415361166328,0.004478385517259764,21067.239605082585,21127.95491401815,-10523.619802541292,1.3129642437865743,0.22436368501060158,1.846083580869421,0.10876243460436849,0.11407564520027955,0.9534237953545405,0.3404475818523478,-0.49169275316856453,0.30301055036948665,-1.6226918586465109,0.10475404371942072,-0.17110506007251938,0.16661027019234226,-1.0269778680209098,0.3045087013239399,-0.04661523833297761,0.09205636843835899,-0.5063771157146092,0.6126269086461449,0.07999444254800159,0.11546728461289614,0.6927888086758324,0.48849249524655347,0.13845515248761628,0.10338380982235046,1.3392343803689442,0.180589735577585,0.4326249293532267,0.2833005240867721,1.527088348134217,0.12683812120579693,0.06206917187529515,0.4355066642219618,0.14252174989373012,0.8866768958458164,0.2842242985692688,0.24058268504408106,1.1813996444390478,0.23753201028476223,-0.18974000679320413,0.24608298007525173,-0.7710407551760873,0.44073984367780505
ETH,3584,3584,9,"log_daily_return,VIX,log_diff_AdrActCnt,log_diff_volume_trusted_spot_usd_1d,log_diff_TxCnt,log_UnemRt,log_IndPro,log_CPIPrc,log_TotRes",0,0.004762260050087952,0.0022348504396056956,22207.279742181745,22269.03803226889,-11093.639871090872,1.971546486079391,0.038601021738897574,2.0353678118178764,0.21380524270828483,0.09171064241516681,2.3313024211563738,0.01979320611094969,-0.17569089795880688,0.1495587623073388,-1.174728215507476,0.24018239054512458,-0.0961791327549395,0.1532539815927632,-0.6275799933897519,0.5303195503856994,-0.008306020818678515,0.08544995659574531,-0.09720333572518262,0.9225704155451384,0.06778386389744247,0.11277442219421635,0.601057071085741,0.5478404142044091,0.05066019382212028,0.15622908195815471,0.32426865207906297,0.7457537870633346,0.5051042081147169,0.22330135671903759,2.2619845017343514,0.023758685223101688,0.0002514961337483357,0.35883690192124895,0.0007008647449629623,0.9994408303327812,0.441987154677514,0.21265183954346684,2.078454414626261,0.03773931290343533,-0.3009750790279412,0.24242813832253857,-1.241502249328454,0.21450242891881136
FTT,2111,2111,9,"log_daily_return,VIX,log_diff_AdrActCnt,log_diff_volume_trusted_spot_usd_1d,log_diff_TxCnt,log_UnemRt,log_IndPro,log_CPIPrc,log_TotRes",0,0.0048796586444288526,0.0005551376052206347,14108.394514815905,14164.800553079842,-7044.197257407953,0.7566891409116424,0.6568403387739699,1.9568915467361712,-0.015663985397131673,0.15680155802344004,-0.09989687344044175,0.9204358673333044,0.34079037293123193,0.9080147912091211,0.3753136801631086,0.7074656267541921,-0.11737095662449992,0.14507799778722935,-0.8090196888203238,0.41859675194918844,-0.07372779132263188,0.3430590134342097,-0.21491285299452148,0.8298564237701298,-0.09119173871359025,0.26412342717371523,-0.345261833414016,0.7299325996115441,-0.07313896439258352,0.29321794734950946,-0.24943549688451866,0.8030486663855926,0.3210702172952191,0.2539447758137605,1.2643308619614504,0.20625356774290246,-0.057417918265037865,0.30632598970115726,-0.18744057048849533,0.8513335769268073,-0.0003703522795386327,0.24933499191251002,-0.0014853602244027859,0.9988149975014932,0.12694279479162204,0.19503704518635154,0.6508650429477761,0.5152058125800418
FUN,2828,2828,9,"log_daily_return,VIX,log_diff_AdrActCnt,log_diff_volume_trusted_spot_usd_1d,log_diff_TxCnt,log_UnemRt,log_IndPro,log_CPIPrc,log_TotRes",0,0.0073891330531168364,0.004184865548625516,18653.601042346083,18712.967643898337,-9316.800521173041,1.258144968298199,0.254762842180109,2.0899173856516766,-0.06077459990713207,0.1278827367966596,-0.47523693525395017,0.634655331590599,-0.3665581948581005,0.30871248157892245,-1.1873773064934847,0.23517998016937391,0.0822993247315581,0.21973623835571932,0.37453687815629255,0.7080334095656524,-0.0295541340385365,0.20086331597884716,-0.14713554784512686,0.8830356707194191,-0.33253473209581275,0.1648451407420676,-2.0172552894120686,0.04376454030882397,0.23577233671496273,0.24150873633250736,0.9762476517220197,0.32902645184224866,0.57630051379152,0.3375122976892114,1.7074948608900464,0.08784144738396167,0.30812162626236916,0.3796691756100694,0.811552915159008,0.4171174969541427,0.3103039933229521,0.27013198866067656,1.148712504807186,0.2507730904845709,-0.16662570324140902,0.22429617993553552,-0.7428824837288738,0.45761542002488265
GAS,2853,2853,9,"log_daily_return,VIX,log_diff_AdrActCnt,log_diff_volume_trusted_spot_usd_1d,log_diff_TxCnt,log_UnemRt,log_IndPro,log_CPIPrc,log_TotRes",0,0.026218089994028193,0.023102541757251127,19152.597641449294,19212.05319573183,-9566.298820724647,2.2016857786210706,0.019384414511447096,2.193546154855044,-0.03643685305709578,0.13475173833820137,-0.2703998739195941,0.7868724736376632,1.1071855831873827,0.4008079197031833,2.7623844958136172,0.005775385452444623,0.03960798324776658,0.20202996925545363,0.19605003848555203,0.8445851617122618,-0.2210310794086569,0.1437155154328323,-1.5379764581643882,0.1241668397538572,-0.30851565498820493,0.14385714762834634,-2.1445973319674905,0.03207048377291211,-0.2586272198325407,0.13561014884936554,-1.90713764439431,0.05660452765869119,0.33849649110209623,0.3192583214861076,1.0602589449397508,0.289117836426577,0.03141117442005531,0.3660435972988058,0.08581265907081005,0.9316214501417761,0.31701567085574317,0.256496829780216,1.2359438170342452,0.2165826444244352,-0.0740590312945758,0.22985323208110903,-0.3222013918361712,0.7473240726496542
GNO,2951,2951,9,"log_daily_return,VIX,log_diff_AdrActCnt,log_diff_volume_trusted_spot_usd_1d,log_diff_TxCnt,log_UnemRt,log_IndPro,log_CPIPrc,log_TotRes",0,0.008445115729151853,0.0053795046132337765,18465.720848325775,18525.51766134965,-9222.860424162887,4.8226148860662725,2.0361529113362446e-06,2.009432202852639,0.014495248604919051,0.10486133118476981,0.13823254426722706,0.8900661963105994,-0.36168260157494914,0.07102289879270737,-5.092478731832426,3.7593730381078123e-07,-0.11464442567119984,0.1492294789420508,-0.7682424845544015,0.4424054532583658,-0.16783513523061536,0.1757223281692437,-0.9551155904841419,0.33959855229656755,0.13884626575341832,0.1355069872350728,1.0246428511656942,0.3056168753310431,0.11141321928175178,0.2018641355343826,0.5519218111073291,0.5810442911439795,0.4681093423347523,0.26554193168711115,1.7628452853401961,0.07803150203786283,-0.2066791291064417,0.29834240477810464,-0.6927581389583607,0.4885166072009851,0.438935337126351,0.24291931402030512,1.8069182308396496,0.07087824155379677,0.07709569829462447,0.2271483696278759,0.33940678694249893,0.734327790053106
GNT,3023,3023,9,"log_daily_return,VIX,log_diff_AdrActCnt,log_diff_volume_trusted_spot_usd_1d,log_diff_TxCnt,log_UnemRt,log_IndPro,log_CPIPrc,log_TotRes",0,0.003927657971426024,0.0009224112137131701,19959.98924132369,20020.029556402216,-9969.994620661844,1.381599348662627,0.19049389541407274,2.110608552806014,0.08353950668696088,0.12375465763431463,0.6750413138696857,0.4997018346440827,0.16241325554903896,0.16868724560620754,0.9628069683951392,0.335722442982074,-0.06487149490741843,0.1849859184630847,-0.3506834219944369,0.7258506262020517,-0.3164453330226621,0.15333953550962928,-2.0636904368527333,0.0391333867538809,-0.1655592030330746,0.1284866195031013,-1.288532640000529,0.19766054164894603,0.1766839243766299,0.15397148683257747,1.1475106723412305,0.2512626474145357,0.48110364840382175,0.31418086448821947,1.5312951958022931,0.12580248926320248,-0.037526720171925765,0.33933872654649655,-0.11058779100705977,0.9119506688822507,0.4570376409920771,0.29747921301296043,1.5363683275986248,0.12455412496493597,-0.21022565602791082,0.2722766471511546,-0.7721031466617255,0.4401145023349209
GUSD,2449,2449,9,"log_daily_return,VIX,log_diff_AdrActCnt,log_diff_volume_trusted_spot_usd_1d,log_diff_TxCnt,log_UnemRt,log_IndPro,log_CPIPrc,log_TotRes",0,0.13393091868463858,0.13069529322517892,8181.090203637588,8239.00129874369,-4080.545101818794,1.3826084638243956,0.19016617945523953,2.790399257464106,-0.01008745886717537,0.026483962512755796,-0.3808893349066184,0.7033189518021781,0.5100192507921325,0.21918039452223284,2.326938282522336,0.020051060530511658,0.006644613463156059,0.0408256354583299,0.16275591031370754,0.8707242746080839,-0.06159297919863186,0.06964453542931649,-0.8843906965413488,0.3765736003324952,0.018798280764736067,0.052949171782203076,0.355025019882453,0.7226019261067277,0.06534036606845331,0.04945933890308505,1.321092588732068,0.1865959620188255,0.022263347897328215,0.057349570545940004,0.3882042652698525,0.6978991787543877,-0.006745325568001885,0.08591628381793577,-0.07851044375121984,0.9374285434161802,0.03224658598699471,0.0635009034841774,0.5078130265505534,0.6116309634161237,0.02817582367566374,0.03533641564324207,0.7973594141558679,0.4253209059475984
HEDG,817,817,9,"log_daily_return,VIX,log_diff_AdrActCnt,log_diff_volume_trusted_spot_usd_1d,log_diff_TxCnt,log_UnemRt,log_IndPro,log_CPIPrc,log_TotRes",0,0.022204818310333274,0.011300039332381662,6332.105426996778,6379.161817945378,-3156.052713498389,1.4770401592560678,0.15195386945812853,2.02479405532975,-0.03395972580465578,0.4055047263685297,-0.08374680637826303,0.933278510905548,-1.6688237650108673,0.6109445452805664,-2.7315470412203893,0.006441430691223428,-0.11061424478340459,0.4460029225437785,-0.24801237658380362,0.804187923147044,0.30918725703205674,0.7911703588794389,0.39079732141377116,0.6960501988997598,0.6360011938705219,0.4927646834408646,1.2906793348692709,0.19718453727827565,0.4490382147839119,0.8132980622952953,0.5521201089753407,0.5810189326416263,-0.2577525675331457,0.555125578893877,-0.4643139810756587,0.6425480389289386,0.005209088572993403,0.6142768611744244,0.008480033845055216,0.9932360888238787,-0.13349493990951333,1.5020289469921162,-0.0888764095904032,0.9292021827027651,-0.14546730237168815,1.5369083113948898,-0.09464930425137905,0.9246168819314626
HT,2278,2278,9,"log_daily_return,VIX,log_diff_AdrActCnt,log_diff_volume_trusted_spot_usd_1d,log_diff_TxCnt,log_UnemRt,log_IndPro,log_CPIPrc,log_TotRes",0,0.0032468723907853603,-0.0007615182028173351,13603.43898566419,13660.616947774326,-6791.719492832095,1.0526245733240691,0.39520649351058706,2.03876865624033,-0.0755310427281775,0.1046591399570201,-0.7216860635315319,0.4705629024916822,-0.038870038621026747,0.20254885493211028,-0.19190450932963848,0.8478344147993602,-0.023400383605332586,0.16338398505046428,-0.14322323940198256,0.8861267702039963,-0.05962229750509414,0.2236072736530355,-0.2666384529047486,0.7897721104574139,-0.0794716019119183,0.08898799357746658,-0.89305982433165,0.371921154049092,0.17947441138807982,0.22625664809940332,0.7932337586351484,0.4277257290010813,0.19989425248541134,0.26158071492056406,0.7641780952625447,0.4448416773783318,0.14021166990339382,0.27126177771144466,0.5168869388319953,0.6052861603419422,-0.13724677037568467,0.19903260796145988,-0.6895692709923228,0.49053658765452157,-0.12341161987273785,0.1694029544145851,-0.7285092535677316,0.4663781261960752
HUSD,1218,1218,9,"log_daily_return,VIX,log_diff_AdrActCnt,log_diff_volume_trusted_spot_usd_1d,log_diff_TxCnt,log_UnemRt,log_IndPro,log_CPIPrc,log_TotRes",0,0.008174275181182855,0.0007848451121684752,-584.7412472795845,-533.6915927968861,302.37062363979226,0.5683629556303836,0.8237923581066737,2.9473144102285898,-0.0007582440578799538,0.0054314401131096875,-0.13960276502907676,0.8889971266832766,-0.0009847383592567738,0.006507049588603876,-0.1513340794238599,0.8797374550234826,4.9576327669541634e-05,0.009067035389089583,0.00546775495430371,0.9956382872610696,0.0004709760501907293,0.005835615090965994,0.0807071821648824,0.9356881934940836,-0.0021681583961024463,0.001456217251465133,-1.4888976173857391,0.13677533982769585,0.016494316959389722,0.018097126488008305,0.9114329266759199,0.3622491502532009,-0.001359442453698653,0.007272377677258492,-0.1869323231038696,0.851745084900978,-0.0016100787363294406,0.004355642279570948,-0.36965357414246636,0.7117054180395016,-0.0020661952094467766,0.017133430655802417,-0.1205943661228779,0.9040323857432588,0.002091073744946016,0.008088714176085383,0.2585174478198725,0.7960516242311837
ICP,1481,1481,9,"log_daily_return,VIX,log_diff_AdrActCnt,log_diff_volume_trusted_spot_usd_1d,log_diff_TxCnt,log_UnemRt,log_IndPro,log_CPIPrc,log_TotRes",0,0.02909472953638126,0.023030782670196204,9191.4066282107,9244.206710739541,-4585.70331410535,17.87558492730559,2.2276974656319537e-28,1.9687284831765746,-0.3173305552683462,0.15966341232155573,-1.9874970142142216,0.04705636804007475,-0.7569672146858013,0.08449341760445928,-8.958889770909813,9.899191957149332e-19,-0.2429536796768379,0.19898554095542814,-1.2209614754433762,0.22230034184737674,-0.1811874597338483,0.4316093121406412,-0.4197950661333457,0.6746977492805097,0.10437083788581408,0.17406800760019583,0.5995980497779688,0.5488684102549153,-0.0015816801739007014,0.5163595938476243,-0.0030631369935724463,0.9975563980886102,-1.4291195733104871,0.7575120720415554,-1.8865964333200607,0.059415526183399174,-0.3970405007782501,0.7365041460699976,-0.5390879371105607,0.5899094542875821,-0.6296510237187414,0.9462334496980676,-0.6654288367417743,0.5058827375498569,0.3627075955927107,0.24875937977195087,1.4580660070997982,0.14504025360920456
KNC,2803,2803,9,"log_daily_return,VIX,log_diff_AdrActCnt,log_diff_volume_trusted_spot_usd_1d,log_diff_TxCnt,log_UnemRt,log_IndPro,log_CPIPrc,log_TotRes",0,0.003037421415425401,-0.0002100136939706676,18308.51358559412,18367.790436050276,-9144.25679279706,1.0484314929002039,0.3984124450281315,2.027550328727172,-0.05114614639365848,0.12286492480130137,-0.41627947501186885,0.6772378422252723,-0.17735333937690348,0.1752209191285018,-1.0121698953470153,0.3115454540634135,-0.09466313341127065,0.21196111515972602,-0.4466061302797734,0.655194469074268,0.26790913721009435,0.2768574607030437,0.9676789512183409,0.3332894270971042,0.01158611999162111,0.13972905863111076,0.08291847168461101,0.9339223727282104,-0.25157410008030406,0.2755878491336809,-0.9128635419563497,0.36139395826502374,-0.07128135624820045,0.33156792858397105,-0.2149826629874069,0.8297967015025908,-0.6473261505146247,0.3540026546954183,-1.8285912320956468,0.06756861693495436,0.19577518548427048,0.29448236282456297,0.6648112423659919,0.5062267131466089,0.41331512875442694,0.2513310123121868,1.6445050889344057,0.10018567272636582
LDO,1358,1358,9,"log_daily_return,VIX,log_diff_AdrActCnt,log_diff_volume_trusted_spot_usd_1d,log_diff_TxCnt,log_UnemRt,log_IndPro,log_CPIPrc,log_TotRes",0,0.008057764660617472,0.0012842592599691116,8918.838989405354,8970.753282705718,-4449.419494702677,1.076790049407552,0.37689955096338024,2.0307767433232526,-0.16605230621040856,0.18849471542057006,-0.8809387883363843,0.37851156214066717,-0.10246359667722604,0.17620896934530114,-0.581489109538103,0.5610102877625875,0.011125886260183668,0.2648812900691341,0.04200329233250038,0.9665024354671075,-0.18356878235163065,0.3360465135851998,-0.546260041186499,0.5849796527901676,-0.8554870913282694,0.329720132138425,-2.594585552844295,0.009575580108417204,1.004447345777499,0.46892142318338526,2.142037655175931,0.03237326909572943,-0.648824102719906,0.7783996864747156,-0.833535925044314,0.40469357482827906,0.10586680028258183,0.7276269544328614,0.14549598477299155,0.884341532871014,-0.6604153309259627,1.0799292043892654,-0.6115357638646773,0.5409504124593791,0.040973773872370375,0.2965275038338365,0.13817866249375174,0.8901203254374417
LEND,2730,2730,9,"log_daily_return,VIX,log_diff_AdrActCnt,log_diff_volume_trusted_spot_usd_1d,log_diff_TxCnt,log_UnemRt,log_IndPro,log_CPIPrc,log_TotRes",0,0.010078973955017445,0.006766970522153137,18547.924582121657,18606.934652641583,-9263.962291060829,2.1735094582021457,0.02114492308417009,2.005246377421168,0.1804570831232941,0.14352223888065177,1.2573457920577458,0.20873759857059335,-0.24429993859428287,0.1895510069377563,-1.2888348236235152,0.1975663423959444,-0.12979569667675314,0.21505818730266535,-0.6035375742011776,0.5462020137784782,-0.7091544986579535,0.3249255209230422,-2.182514000880574,0.029157831666429126,-0.3195144934291002,0.24769792082951617,-1.2899361139531464,0.19718372177822113,0.553371009447601,0.3233343287158085,1.7114514615427083,0.08711308025296241,0.7988478898940461,0.41101993766780454,1.94357454878428,0.05205094067987985,-0.3093519158992303,0.4449271896422016,-0.6952866066647955,0.48693576145095174,0.8914124811774307,0.31679174251999087,2.8138753683618467,0.004930391914929638,-0.19104908625654163,0.2647990855797695,-0.721486956188861,0.4706726662599051
LINK,2801,2801,9,"log_daily_return,VIX,log_diff_AdrActCnt,log_diff_volume_trusted_spot_usd_1d,log_diff_TxCnt,log_UnemRt,log_IndPro,log_CPIPrc,log_TotRes",0,0.008796777925829113,0.005565764163182441,18174.01375422281,18233.28338967144,-9077.006877111406,1.4557156853621476,0.1587084450538854,1.9378706491337607,0.14653992500713664,0.12069824809513703,1.2141015078498125,0.22481280060540054,-0.5234468245176551,0.22958494187618,-2.279970194212306,0.02268539074684402,-0.05015763535245472,0.19515677348583388,-0.25701201375977645,0.7971886494834195,0.22348724937724992,0.2924136837277314,0.7642845113409282,0.4447630242870795,0.11399995871178026,0.1655655552554732,0.688548765689062,0.49116512118904854,-0.05694836695103908,0.3391649626008668,-0.16790757663861808,0.866668286951583,0.40560445543509216,0.31252112265875154,1.297846532690145,0.1944484886005302,-0.03982823092376747,0.32851745671541194,-0.12123626951815186,0.9035127191539555,0.4148417624063983,0.257921997885919,1.608400081445888,0.10786191487804613,-0.26846195962724406,0.22763728222685142,-1.179340910245576,0.23836406591098858
LOOM,2585,2585,9,"log_daily_return,VIX,log_diff_AdrActCnt,log_diff_volume_trusted_spot_usd_1d,log_diff_TxCnt,log_UnemRt,log_IndPro,log_CPIPrc,log_TotRes",0,0.0024834674755880304,-0.001044095900726072,17323.954779192107,17382.412854218484,-8651.977389596053,0.7574978356333608,0.6560904161636263,2.0090085890802563,-0.12666068903075298,0.14197626773339975,-0.8921257830822398,0.3724098565853865,-0.12785997991461373,0.2043819838535771,-0.6255932030007836,0.5316378915495219,0.029310505161180403,0.20958623011183247,0.13984938392918608,0.8887900600640292,-0.20862593002752267,0.3208994241964848,-0.6501287141599302,0.5156677619337655,-0.05436709820150589,0.16201160638440368,-0.3355753295384869,0.7372187902120229,0.08261598012877934,0.3242078732748088,0.2548241018772281,0.7988795479392411,0.4417806788345818,0.3579643356723751,1.2341471895650495,0.21726201085972333,0.15943970906994792,0.3814986134686071,0.4179299830746776,0.6760335679588465,0.22625241963872406,0.2882910075919885,0.7848056778757865,0.43264055612483665,0.012600943899672229,0.2737570670507291,0.04602965700731001,0.9632902234157555
LPT,2354,2354,9,"log_daily_return,VIX,log_diff_AdrActCnt,log_diff_volume_trusted_spot_usd_1d,log_diff_TxCnt,log_UnemRt,log_IndPro,log_CPIPrc,log_TotRes",0,0.00846558838450684,0.00460914512411803,16166.017495483242,16223.52794666296,-8073.008747741621,2.7879478534716253,0.0029776401775905895,2.0258470803834405,-0.0140255759622414,0.16244524253446532,-0.08634033070722678,0.9312033487715689,-0.31297741454869227,0.11869357672163135,-2.636852163303742,0.00842389603928038,-0.3840650726373308,0.26931269873306835,-1.4260934387575994,0.15397626200707507,-1.0284820757602844,0.480052365308448,-2.1424372632753386,0.03226237315765736,-0.0983344514416834,0.17076398945632323,-0.5758500475115373,0.5647725387503986,1.0115449746562966,0.5299056524971857,1.9089152378152239,0.056396612735945,0.7057908510063928,0.4623447608566708,1.5265466611942242,0.1270104428897296,-0.25422844148235585,0.46667260674747857,-0.5447682975313816,0.5859653802854308,0.5628010215833105,0.37846089893616236,1.487078382906452,0.13713035083731343,0.11857459721637019,0.2651171776741023,0.4472535437221993,0.654733865473867
LTC,3803,3803,9,"log_daily_return,VIX,log_diff_AdrActCnt,log_diff_volume_trusted_spot_usd_1d,log_diff_TxCnt,log_UnemRt,log_IndPro,log_CPIPrc,log_TotRes",0,0.002493159369188591,0.00010741353722554248,23358.79204019604,23421.148297395684,-11669.39602009802,0.9396824341507237,0.4889718003894017,2.00778122739209,0.09723730589856341,0.08601625495182322,1.1304526795897472,0.258357573034116,-0.10872047376614442,0.13566356772169158,-0.8013977193138555,0.4229520344822857,-0.14035445546258016,0.1356016603710286,-1.0350496821244453,0.3007122202734711,0.03812769268312419,0.08457534026685837,0.4508133524833701,0.6521500512454474,-0.05299374424059772,0.09062613042553261,-0.5847512631485752,0.5587500365845708,-0.07624027644889861,0.09356284720318174,-0.8148563102545895,0.4152061307149938,0.3792953384775634,0.19647452342959376,1.9305064690154758,0.05361916434789584,0.15746636865582392,0.2875995833306644,0.5475194603282117,0.5840543759379112,0.29363603323470205,0.22074830148548397,1.3301847908171156,0.18353800493796268,-0.2694081962873775,0.212788779120039,-1.2660827201579,0.20556184134630995
MAID,3675,3675,9,"log_daily_return,VIX,log_diff_AdrActCnt,log_diff_volume_trusted_spot_usd_1d,log_diff_TxCnt,log_UnemRt,log_IndPro,log_CPIPrc,log_TotRes",0,0.015341015612616582,0.012923026292156359,26075.135637717165,26137.228721833635,-13027.567818858583,1.6828185102198923,0.08746400731929956,2.2124691657972657,0.04769670837851476,0.1384405998818658,0.3445283278114609,0.7304687635745821,-0.904854799956641,0.6235440461889832,-1.451148167458243,0.14682419065818844,-0.05013495768342513,0.18151302385591017,-0.2762058425252371,0.7824055435430616,-0.39497816561793736,0.41695541201119873,-0.9472911353104799,0.3435528994709989,-0.3702219779951088,0.1910108266476477,-1.938225096936766,0.0526724663929198,0.4891342120273596,0.3963803135090249,1.2340022835574624,0.21728117636392363,0.5755704266925887,0.23047945719504095,2.497274306774846,0.012558748356749038,0.10643172568771778,0.39271042894525565,0.27101833270273173,0.7863921946540242,0.638962989408418,0.43296600552774184,1.4757809649041307,0.14008860685811034,-0.448683694296141,0.2503561725016046,-1.7921814741486564,0.0731863565622558
MANA,2836,2836,9,"log_daily_return,VIX,log_diff_AdrActCnt,log_diff_volume_trusted_spot_usd_1d,log_diff_TxCnt,log_UnemRt,log_IndPro,log_CPIPrc,log_TotRes",0,0.003597745343789316,0.00039044194897319695,20147.790186409726,20207.18533901635,-10063.895093204863,1.1079917054899586,0.3531928257598565,1.9694091864094079,0.07808371037454385,0.16373785078239383,0.47688246792927813,0.6334830853115526,-0.38245384235621965,0.33824968392464677,-1.1306849955295757,0.2582846763214394,-0.12315797861421356,0.23474226577552834,-0.5246519122039277,0.5998667846524783,-0.030203248654873033,0.444111341507332,-0.06800828042887168,0.9457839055020667,0.21171557053145856,0.25310514555898594,0.8364728028894158,0.40296045247906953,-0.0016416244333727625,0.4836363211691013,-0.0033943365324681143,0.9972919586351616,0.41592043220096164,0.3585974179099424,1.1598533938842117,0.24620753286898464,0.09663003971796086,0.41783416094321335,0.2312640965014193,0.8171265592379563,-0.036407887191471665,0.31029744475908644,-0.11733221722060454,0.9066052230104926,0.17878424607840618,0.33326317562916236,0.5364656498302945,0.5916794487802858
MKR,2713,2713,9,"log_daily_return,VIX,log_diff_AdrActCnt,log_diff_volume_trusted_spot_usd_1d,log_diff_TxCnt,log_UnemRt,log_IndPro,log_CPIPrc,log_TotRes",0,0.004264637319393083,0.000911993000603073,17268.21835190632,17327.165260410573,-8624.10917595316,0.7543338547028058,0.6590486895124688,2.231817930658681,0.014024948644473269,0.11542551274440065,0.12150648769938972,0.903299009457096,-0.2746885834172712,0.2636878970927763,-1.04171858642653,0.2976363776023278,-0.060839243497247314,0.2628058055408808,-0.23149885662546163,0.8169449927882049,0.01950141312232248,0.19401898273642773,0.10051291294942463,0.9199446696710157,0.073836058841805,0.1327386082971932,0.5562515668123537,0.5780854519542837,0.046501573562425,0.1928927505447519,0.24107476009906575,0.8095156639795295,0.5893084019036331,0.32304534535480117,1.8242281165091385,0.06822918247160562,0.3211311535312195,0.3275581051057523,0.9803792015085145,0.32698769509096526,0.32452617695899755,0.2530735268317351,1.2823394885343746,0.1998347778936301,-0.25671995326151514,0.19392615539126226,-1.3238026234447908,0.18568180343727594
NEO,2877,2877,9,"log_daily_return,VIX,log_diff_AdrActCnt,log_diff_volume_trusted_spot_usd_1d,log_diff_TxCnt,log_UnemRt,log_IndPro,log_CPIPrc,log_TotRes",0,0.004310340107541055,0.0011516489059082424,18388.668129202375,18448.208340075154,-9184.334064601187,1.3300740305240442,0.21556182458783515,2.016419489057681,0.015692432394905434,0.1137144321597693,0.1379985996224076,0.8902513176989917,-0.24710687995545205,0.1448383962588206,-1.706086827376089,0.08810136525019541,-0.1913689619375421,0.16303909019043386,-1.173761223238048,0.24058920614275037,0.11290681280489873,0.13455045069892652,0.839141097026437,0.40146083758510276,-0.10121283093682425,0.11937025002146305,-0.8478899132625252,0.39657080958918656,-0.05633406366289476,0.1247762318098287,-0.4514807255019003,0.6516776234274897,0.4505719346546698,0.26667414578837983,1.6895973673136755,0.09121488339277327,-0.09080367771361747,0.3083404983548804,-0.2944915708383794,0.7684038492084218,0.4324053696739203,0.24992370633872593,1.7301494764481198,0.08371232421187554,-0.20566819583639911,0.2146154143190613,-0.9583104572844863,0.3379878905722782
OMG,2877,2877,9,"log_daily_return,VIX,log_diff_AdrActCnt,log_diff_volume_trusted_spot_usd_1d,log_diff_TxCnt,log_UnemRt,log_IndPro,log_CPIPrc,log_TotRes",0,0.009476434023888425,0.0063341315586838975,19084.666721752244,19144.206932625024,-9532.333360876122,2.8419530827465214,0.0024703445219542122,1.9823601600376173,-0.014135729949229873,0.12936323822809365,-0.109271614894996,0.9129947878562817,-0.378681761913096,0.18617368334810644,-2.0340241171736344,0.042042017779380034,-0.2189260022388701,0.18327660158006764,-1.1945114671019714,0.2323778142329132,-0.272437885044449,0.3433835897920301,-0.7933922678409027,0.42761566343291335,0.2066054640802527,0.1703064306531797,1.213139534942131,0.22517747427506693,-0.09808949905543353,0.35040471935180256,-0.27993201471967827,0.7795500725950372,0.3398223870216368,0.3284427291051123,1.0346473126305153,0.30092183458528377,-0.665570338521578,0.3782908952479544,-1.7594141093068696,0.07861497204410187,0.5792745003722922,0.30922929859272047,1.8732846564297994,0.06113182850821806,0.05408266056506014,0.2579217762977988,0.20968629070938088,0.8339275821406055
PAX,2374,2374,9,"log_daily_return,VIX,log_diff_AdrActCnt,log_diff_volume_trusted_spot_usd_1d,log_diff_TxCnt,log_UnemRt,log_IndPro,log_CPIPrc,log_TotRes",0,0.0005179790836253861,-0.0033360646988285225,573.697295727814,631.293437234783,-276.848647863907,0.06996671673758613,0.9999180122623821,2.887725361438857,5.925198907841874e-05,0.005698596618982063,0.010397645778444814,0.9917049170625958,-0.004064653350090017,0.010277551489674196,-0.39548849297167266,0.6925185560821916,-0.0005188618137519332,0.004824555117123419,-0.10754604334612682,0.9143650432244055,-0.006432997747731679,0.015120277010096855,-0.42545501933833096,0.6705442293047245,-0.003556094765954032,0.008265219340047512,-0.4302480817083301,0.6670549117061528,0.00835450493935733,0.016412353163889067,0.5090376045367555,0.6107739829622016,-0.0005757556333411866,0.009077466064709754,-0.06342691112661251,0.9494319896558832,-0.0010561984906469098,0.008604564300599951,-0.12274863127854906,0.9023167208897204,0.00030988714112449404,0.0123073808857864,0.02517896732052697,0.9799143657261074,4.6899618659444406e-05,0.010722376015790673,0.004373994960666934,0.9965104418791992
PAXG,1932,1932,9,"log_daily_return,VIX,log_diff_AdrActCnt,log_diff_volume_trusted_spot_usd_1d,log_diff_TxCnt,log_UnemRt,log_IndPro,log_CPIPrc,log_TotRes",0,0.0044484769786481415,-0.0002872332259988841,5370.1966700465755,5425.703282477629,-2675.0983350232877,0.7911532513774342,0.6246114364217874,2.3597787301639945,0.040407022808580176,0.02243201491950896,1.8013104464119487,0.07181312301872933,-0.006742853942619892,0.011528091111812331,-0.5849063715076631,0.558680418213769,0.02812778822142909,0.06627755816430662,0.4243938521648364,0.6713268546048743,-0.041811624372276195,0.046444860321692365,-0.9002422244931978,0.3681059283060253,0.009688668036031167,0.040306526583261774,0.24037467024148423,0.8100658543639292,0.05739284422522409,0.06363459412612335,0.9019126312249568,0.3672180797251139,0.04143514347533803,0.10115500391852429,0.40962030418892703,0.6821308701185334,-0.052340263760611024,0.07647601370546997,-0.6844010458257891,0.49380577814076765,0.11379857829424182,0.06576964424341177,1.7302599033845494,0.08374691493463292,0.029655688283559453,0.024633446433161822,1.2038789766598244,0.22878695323565892
PAY,2797,2797,9,"log_daily_return,VIX,log_diff_AdrActCnt,log_diff_volume_trusted_spot_usd_1d,log_diff_TxCnt,log_UnemRt,log_IndPro,log_CPIPrc,log_TotRes",0,0.0047701816271195074,0.0015213356476651008,19006.251581067503,19065.506770865373,-9493.125790533752,0.772736310473552,0.6418377029848977,2.1604535616849763,-0.2352778267331397,0.14106660705877358,-1.6678491929356056,0.0954592302054352,-0.38107657053799227,0.31288014364619593,-1.2179634223414084,0.22334209613531125,-0.0247739232148756,0.19424024157994985,-0.12754269153170603,0.8985201876374662,-0.23284189128396093,0.31881019880653777,-0.7303464323149065,0.46524050711596476,-0.21227184236865554,0.1844201447904825,-1.151023076192761,0.24982255637531856,0.25392867400998453,0.3362842884669022,0.7551012126306242,0.450252754660186,0.44739897980937526,0.3450000602824623,1.2968084105349889,0.19480563634146839,-0.005905558322048865,0.4251651265255823,-0.013890034609161496,0.9889187172004716,0.4563176947829795,0.34917623384630775,1.3068406453568395,0.19137582998840977,-0.1186780533251865,0.31089830499759796,-0.3817262796788275,0.7026938228607666
PERP,1577,1577,9,"log_daily_return,VIX,log_diff_AdrActCnt,log_diff_volume_trusted_spot_usd_1d,log_diff_TxCnt,log_UnemRt,log_IndPro,log_CPIPrc,log_TotRes",0,0.006966001673468947,0.0011512287489804374,10410.097434038213,10463.538162543944,-5195.048717019106,1.5016960896704286,0.14178790815374775,2.007523873991372,-0.18600008388037248,0.1849459265205358,-1.0056998138843551,0.31471829217129643,0.096199352641401,0.08106221633788754,1.1867347944252855,0.23551563971172942,-0.18831521087290054,0.2296857289725068,-0.819882069797387,0.41241046072786536,0.0841601648738684,0.3057695142003765,0.2752405356497269,0.7831684413802804,-0.8195885116996187,0.3106395765795336,-2.6383905126453775,0.008414173943898222,0.5559131545791773,0.4433320438531939,1.253943093640359,0.21005337046676462,0.47688580997053537,0.5669065567291962,0.8412070813256398,0.40036278633269873,-0.14636759082774795,0.754718749143396,-0.19393660352796963,0.8462511492690978,0.5303035702346522,0.8617016622063225,0.6154143521980098,0.5383722251852474,-0.16785475905208513,0.20552893142292056,-0.8166965005364009,0.41422845402611297
POLY,2542,2542,9,"log_daily_return,VIX,log_diff_AdrActCnt,log_diff_volume_trusted_spot_usd_1d,log_diff_TxCnt,log_UnemRt,log_IndPro,log_CPIPrc,log_TotRes",0,0.03953607491964117,0.036081168714316214,17501.514006885925,17559.802352161805,-8740.757003442963,5.882263770796936,3.6974544719898356e-08,2.020382962393511,-0.11943832239733189,0.15836924765787758,-0.7541762315834983,0.45081437919835265,-1.5836202872189968,0.2447042492958883,-6.471568400531269,1.1629901510519352e-10,0.033013761817725445,0.22426506090179105,0.14720867211760041,0.8829791764836072,-0.17202054583508813,0.3336338677122812,-0.5155967738366268,0.6061816181996245,0.267944700910567,0.19428751509817624,1.3791143541836475,0.16798276287846875,-0.050240628614479046,0.3664424231148587,-0.13710374521437843,0.8909598234593793,0.548038006976931,0.39038938712928567,1.4038240409323335,0.16049535810842994,-0.03563383972722767,0.4389263041191942,-0.08118410629031472,0.9353020324079978,0.2869588219695459,0.3505321772442655,0.8186376047571262,0.4130711671514662,0.09955356201909006,0.30875609917626085,0.3224343171995366,0.7471506294027745
POWR,2767,2767,9,"log_daily_return,VIX,log_diff_AdrActCnt,log_diff_volume_trusted_spot_usd_1d,log_diff_TxCnt,log_UnemRt,log_IndPro,log_CPIPrc,log_TotRes",0,0.0024485077761772223,-0.00084374137307619,18366.278390961605,18425.42456805201,-9173.139195480802,0.7286790903374997,0.6829637670059292,1.9783234793683286,0.01854846614244254,0.1310240937657582,0.14156530764183764,0.8874338281425257,-0.09297593973443724,0.24790150594000226,-0.37505193597710335,0.7076510077215281,-0.11941121953678552,0.21761328498792096,-0.548731294339009,0.5832347884436642,-0.3474510635386115,0.2759921829617672,-1.2589163207812426,0.20816831323884039,-0.3013958249761869,0.2132798837740671,-1.4131469862177124,0.15772663760416794,0.47693807354849066,0.3058897711914658,1.559182811804323,0.11906915498093855,0.15956341144900055,0.34005975675248246,0.4692216831912314,0.6389486992893577,-0.2654278881631151,0.4091086433411333,-0.6487956010789763,0.5165251327131484,0.19373402941103895,0.3116051000819184,0.6217293277937617,0.5341718352311932,0.14997147074009107,0.29563963613071537,0.5072779573906052,0.6120008217740355
PPT,1818,1818,9,"log_daily_return,VIX,log_diff_AdrActCnt,log_diff_volume_trusted_spot_usd_1d,log_diff_TxCnt,log_UnemRt,log_IndPro,log_CPIPrc,log_TotRes",0,0.01621614473972033,0.011318990592960043,13022.773021894767,13077.827944642142,-6501.386510947384,2.6159039006302813,0.005287211229225857,1.9838670324721903,-0.22554045745942597,0.20335407435908678,-1.1091022305319638,0.26753358583002335,-0.8885970456934388,0.2861065725209131,-3.1058253498475166,0.0019269509417702778,-0.239995103187728,0.32160618229345345,-0.7462390849462638,0.4556200171811058,-0.813532838435082,0.41855383630781184,-1.9436755032793336,0.05208957198113533,-0.005407371766650071,0.29262691065420093,-0.01847872348637134,0.9852589897747254,0.7565260809800205,0.46519877224692063,1.6262426431737607,0.10407231537605095,0.7567374257625208,0.35879516934591815,2.1091070627903084,0.03507251942370273,0.32637568505371284,0.3532929088036413,0.923810461293779,0.3557082794195263,-0.08364508318651814,0.4561686331690771,-0.1833643900621186,0.8545326749097307,-0.3208347929451769,0.464586564460448,-0.690581298488004,0.48991734651803365
QASH,2593,2593,9,"log_daily_return,VIX,log_diff_AdrActCnt,log_diff_volume_trusted_spot_usd_1d,log_diff_TxCnt,log_UnemRt,log_IndPro,log_CPIPrc,log_TotRes",0,0.018588436061793612,0.015168883574204095,17978.72914952009,18037.334857375477,-8979.364574760046,1.513817866651631,0.13700963641494524,2.0581327782886047,-0.09739834611317566,0.15192521123640554,-0.6410940312047188,0.5215184676967694,-1.0133972509813391,0.5167419566716785,-1.9611282534683354,0.04997135345094073,-0.20118412723900705,0.18273756004333136,-1.1009456796473673,0.2710228831074443,0.5581740273593698,0.4166453872088944,1.3396860843667926,0.1804652744822093,0.14553819320009226,0.1657663329455512,0.8779719658025902,0.3800405891875339,-0.588015521737514,0.4794435618162992,-1.2264540992268338,0.22013962717161653,0.3913258964786651,0.266567119387678,1.4680201270793116,0.14222051226901936,0.0955987684496391,0.3150132715413517,0.3034753678214153,0.7615520575454555,0.22854415460706717,0.2965888933959356,0.7705755667052875,0.4410290220064008,-0.08560236368609897,0.2936392746766614,-0.29152218748789427,0.7706753857974311
QNT,2268,2268,9,"log_daily_return,VIX,log_diff_AdrActCnt,log_diff_volume_trusted_spot_usd_1d,log_diff_TxCnt,log_UnemRt,log_IndPro,log_CPIPrc,log_TotRes",0,0.005715302880323514,0.0016988925239155295,14371.456651005516,14428.590029894234,-7175.728325502758,1.0092011044384195,0.43005289634596383,2.1315083555421754,0.14252758854616068,0.12487169514459355,1.1413922777385437,0.25382937743129597,-0.1424061882259246,0.2151874425183723,-0.6617774093103329,0.5081823222060096,0.2431549424718893,0.21824086647727547,1.1141586193125201,0.265331319389283,0.2875252160936696,0.388234959722551,0.7405958914651766,0.4590165390213733,0.26854684510494076,0.18228515378967505,1.4732238995985185,0.1408319300192771,-0.2632137149226353,0.4074939669368347,-0.6459327898796495,0.5183894038193391,0.3368613074390786,0.3520681269945766,0.9568071677339531,0.33876840053316026,0.30725725542621474,0.36713225712767117,0.8369116291499421,0.4027319992017975,-0.039429675533203284,0.29249026087080926,-0.1348067980650442,0.8927768074624427,-0.12598552869607116,0.21231616514742885,-0.5933864178857454,0.5529828076368857
REN,2367,2367,9,"log_daily_return,VIX,log_diff_AdrActCnt,log_diff_volume_trusted_spot_usd_1d,log_diff_TxCnt,log_UnemRt,log_IndPro,log_CPIPrc,log_TotRes",0,0.010727471157336743,0.006901320422663781,15846.936168961547,15904.502402306936,-7913.4680844807735,3.339275656932685,0.00045518887395886814,2.0380171656437955,-0.021566185868982714,0.14714557566307443,-0.1465636039126568,0.8834891788102173,-0.5934169051193277,0.14445564014792145,-4.107952479471715,4.129829245692763e-05,-0.04828260330781897,0.2383562087107,-0.20256490724108217,0.8394928296204751,0.3227083875089273,0.30623652684720787,1.0537880338158936,0.29208937704081245,-0.03606744843922474,0.19696894516802765,-0.1831123602172759,0.8547258098598425,-0.3200086802958093,0.3365836833693826,-0.950755179491624,0.3418274051951494,0.2489978745007913,0.41417727197231935,0.6011867172601217,0.5477741865602866,-0.4247336146045248,0.3651480252824206,-1.163182011667784,0.24487492559073532,0.26594190107342547,0.3101203880459455,0.8575440742516586,0.3912325772368074,0.0007937607504473199,0.24901986315676344,0.003187539902982077,0.997456988654853
REP,3161,3161,9,"log_daily_return,VIX,log_diff_AdrActCnt,log_diff_volume_trusted_spot_usd_1d,log_diff_TxCnt,log_UnemRt,log_IndPro,log_CPIPrc,log_TotRes",0,0.01031927350172468,0.0074653399744948334,21148.52260371259,21209.013680925855,-10564.261301856295,3.7189584935537834,0.00011699908603955854,2.0470875940711433,-0.07782646216589352,0.12693601770037616,-0.6131156749347344,0.5398445316481644,-0.6799064676978535,0.1259559053405527,-5.397972138420659,7.244248991274162e-08,-0.003343990322334095,0.17412037082135826,-0.019205049395196374,0.9846787571329387,0.045296132661344746,0.3250584562382469,0.13934765206706573,0.8891844271791692,-0.09273264997306685,0.1481079707947563,-0.6261151879636043,0.5312851772409231,0.031832687362925924,0.34528000645200896,0.092193833318149,0.9265499544678537,0.3570386014160012,0.29264032061444323,1.2200594937373765,0.22253450356485316,0.0767142578211682,0.36752736471597175,0.20873073731653594,0.834672064897685,0.2610609415528873,0.29002615213068134,0.900128969870473,0.368121067708979,-0.22630571858430687,0.26142141002994834,-0.8656740033587202,0.3867354979410055
SNT,2903,2903,9,"log_daily_return,VIX,log_diff_AdrActCnt,log_diff_volume_trusted_spot_usd_1d,log_diff_TxCnt,log_UnemRt,log_IndPro,log_CPIPrc,log_TotRes",0,0.012981248903247367,0.009878500471577567,19469.383515449652,19529.014636039446,-9724.691757724826,0.8008957575266948,0.6154943382903382,1.756607640307125,-0.09009309149077574,0.13331618327846628,-0.6757851093185917,0.4992316706592117,-0.7106697382418031,0.6952875281347272,-1.022123523700105,0.3068087981282214,0.12720239389447274,0.24386075334776935,0.5216189655293554,0.6019760036921837,0.6311423550719673,0.6609870488838668,0.9548482926219283,0.3397350342148283,0.048844945492735097,0.2720295674543686,0.1795574868931428,0.8575126890853031,-0.5252933052718547,0.6017645194345854,-0.872921696622156,0.3827789641156921,0.2181603602641209,0.33988502668160403,0.6418651695077117,0.5210121170824529,0.013054258501003752,0.3849425295558221,0.033912227147431105,0.9729495069326538,0.183849151799153,0.2673231154488221,0.6877413181814805,0.4916714074186247,0.011687480470033776,0.24279794767953608,0.04813665264362051,0.9616106929774362
SNX,1878,1878,9,"log_daily_return,VIX,log_diff_AdrActCnt,log_diff_volume_trusted_spot_usd_1d,log_diff_TxCnt,log_UnemRt,log_IndPro,log_CPIPrc,log_TotRes",0,0.005821840259771172,0.0009537208704010203,12143.572072651012,12198.790665173028,-6061.786036325506,1.2750941721924685,0.2453688959991454,2.0226139628894853,0.011562511179961432,0.14881956305966224,0.07769483354366512,0.9380792606004723,-0.1782786186538991,0.14169747864132576,-1.2581636622142727,0.20849237850609736,0.12365776158665222,0.18912641673436031,0.6538365381306682,0.5132989148330358,0.04557074968402486,0.2893178536323911,0.1575110181134114,0.8748594260873159,0.24815857206569056,0.1997278741165405,1.2424834198199641,0.21421674874833788,-0.32991237234550064,0.35099797979140474,-0.9399266985569686,0.34737866726059363,0.5182310338007632,0.5465298282611697,0.9482209515435938,0.34314163491512006,-0.07429562623216637,0.4200193463052658,-0.1768862003279465,0.8596172670051851,0.3450900162436911,0.3642713855434306,0.9473431895532389,0.3435884603931808,-0.0937505246912547,0.16740519001213816,-0.560021613932382,0.5755329398396966
SOL,1877,1877,9,"log_daily_return,VIX,log_diff_AdrActCnt,log_diff_volume_trusted_spot_usd_1d,log_diff_TxCnt,log_UnemRt,log_IndPro,log_CPIPrc,log_TotRes",0,0.010562033667038784,0.005714487833072268,12198.278952571078,12253.49213237307,-6089.139476285539,1.6938056577792096,0.0853206449471495,1.9837675689981042,0.28149662277380755,0.1525557366496327,1.8452050965497748,0.06516856620258535,-0.39052495080758215,0.2605720083369718,-1.4987218055385103,0.1341176345932562,-0.3025278130591868,0.18251583071199576,-1.657542865618962,0.09758051618169315,0.09363212909206914,0.21494073939134506,0.4356183446526256,0.6631648382950539,0.2410383397106592,0.18263553093466972,1.3197779122008886,0.18707362229853913,-0.11639228663825973,0.15073776821815063,-0.7721507888442036,0.4401244471320054,1.1464689146809357,0.5800466979895446,1.9765114061585451,0.04824624817061282,0.5132063607793095,0.5093103429753667,1.0076495949035364,0.3137554170659865,0.25930174605355216,0.3465626218777534,0.7482103657012912,0.45442905601572914,0.030449434412191285,0.17424784766102355,0.17474783660700755,0.8612970347071472
SRM,1754,1754,9,"log_daily_return,VIX,log_diff_AdrActCnt,log_diff_volume_trusted_spot_usd_1d,log_diff_TxCnt,log_UnemRt,log_IndPro,log_CPIPrc,log_TotRes",0,0.00972434653747456,0.004524532721160379,12050.418867138094,12104.942891650331,-6015.209433569047,1.6281826342885162,0.10188291828455111,2.0276250211932014,-0.2765232930480784,0.19233019461256937,-1.4377528895299456,0.15068671979390208,-0.37590491941056947,0.24258955692878933,-1.5495511190570912,0.12143390441861274,-0.19500711403211157,0.19370320520146675,-1.006731477826031,0.3142059303878117,0.5110586558660367,0.4736305933073769,1.0790237435831551,0.28072896251714746,0.7049020706459479,0.29571336145582605,2.3837342593369657,0.01724627483627473,-0.6195915229981932,0.5249687010971192,-1.1802446921184522,0.23806667706214982,0.7666402542206239,0.5905781647218482,1.2981181831903619,0.19442137424595562,0.42561322470686574,0.8622337802878818,0.4936169684337378,0.6216399576743343,0.04575408375763357,0.7195769693662913,0.06358469726723986,0.9493083310977735,0.0199174466079049,0.1981260046352748,0.10052918921254395,0.9199359677181107
SUSHI,1733,1733,9,"log_daily_return,VIX,log_diff_AdrActCnt,log_diff_volume_trusted_spot_usd_1d,log_diff_TxCnt,log_UnemRt,log_IndPro,log_CPIPrc,log_TotRes",0,0.014053317876114413,0.008812018325544457,11643.801213754614,11698.20268056124,-5811.900606877307,1.7165201370832146,0.08026306727373957,2.044885033952883,-0.17511784069387532,0.19195323549302473,-0.9122942900341933,0.36174370543165,-0.7887825736707271,0.28191580245935305,-2.7979367129817234,0.005201254509061236,-0.08302280464536473,0.22114265258799987,-0.37542646646298705,0.7073903541338926,0.13303143566953668,0.316645733931169,0.4201270423509146,0.674445961511494,0.2512120380124294,0.319715424758807,0.7857363722815174,0.43213190010200464,-0.21499584227946375,0.4048890816050019,-0.5309993577184368,0.5954888746930829,0.7245273472252114,0.5652147877353164,1.2818619805193405,0.20006658100960298,1.5438990396670231,1.1359590359066356,1.359115065654459,0.17429114626640915,-0.8361157001172853,1.1246199366837801,-0.7434651235001036,0.45730328787408514,-0.17212061178437418,0.1896823609593784,-0.9074149589546433,0.3643165393036887
SWRV,1647,1647,9,"log_daily_return,VIX,log_diff_AdrActCnt,log_diff_volume_trusted_spot_usd_1d,log_diff_TxCnt,log_UnemRt,log_IndPro,log_CPIPrc,log_TotRes",0,0.003150856687949455,-0.0023296822795570993,12416.819451787516,12470.886559089293,-6198.409725893758,0.3328766070522453,0.9643129543878173,2.010296367285347,-0.28862844947347843,0.25774250834967666,-1.1198325465270134,0.2629493995490144,-0.4047544975043412,0.5189455596601377,-0.7799556041474153,0.4355297595567482,0.0956959638196434,0.3360679582586531,0.28475182315950354,0.7758703018889275,-0.48173494176474,0.5749739737156198,-0.8378378218611414,0.4022441015790741,-0.15062785668766474,0.38389994145231937,-0.3923622809574531,0.6948416300967628,0.4013579390643409,0.582461457107708,0.6890720993923591,0.4908755483936943,0.7072421962076786,0.7742835383843365,0.9134149974096697,0.3611588270608752,0.667824050427203,1.1197462729278882,0.59640658475334,0.5509861044749625,-0.07825040523141624,1.0460142829142693,-0.07480816133160735,0.940376488407892,-0.17266583218224707,0.2571387942435391,-0.6714888458981934,0.5020039057602372
TRX,2532,2532,9,"log_daily_return,VIX,log_diff_AdrActCnt,log_diff_volume_trusted_spot_usd_1d,log_diff_TxCnt,log_UnemRt,log_IndPro,log_CPIPrc,log_TotRes",0,0.01238831898973547,0.008821503127338981,14884.761433547463,14943.009890457732,-7432.380716773731,2.114826329565034,0.02529749356550033,2.04378916468827,0.07763432628201597,0.09371340845296322,0.828422821916485,0.40751041901349716,-0.45636682149668395,0.14409555460171064,-3.1671124259045405,0.0015582274082733727,-0.02377377062813229,0.15649485245470818,-0.15191407420261796,0.8792670046993287,0.06808039697636337,0.18853799326432127,0.36109643365577726,0.7180579679361019,0.08924506876863604,0.12094537974637493,0.7378956431058787,0.460647344097439,-0.19365009885263007,0.11838227262436324,-1.6358031870793517,0.10200706910206117,0.35147262004721697,0.2771373357487017,1.2682254417207788,0.2048359207861178,0.027208599881355836,0.2792468591962066,0.09743565231019596,0.9223882685245803,0.3302750744369353,0.20374449817226434,1.6210257327178985,0.1051386324348447,-0.05094015289175753,0.17086728966462453,-0.29812700249264806,0.7656310867391173
TUSD,2521,2521,9,"log_daily_return,VIX,log_diff_AdrActCnt,log_diff_volume_trusted_spot_usd_1d,log_diff_TxCnt,log_UnemRt,log_IndPro,log_CPIPrc,log_TotRes",0,0.002733599441626877,-0.0008840537647518687,-668.0241905286493,-609.8197953760275,344.01209526432467,0.5701379538592257,0.8225483554768697,2.764496567532792,3.7262217499773546e-05,0.00426211560069634,0.008742657635491088,0.9930251602105411,-0.00028388531461982043,0.006507325363485373,-0.04362549876678815,0.9652064365901741,0.0007092150447048895,0.003916787764109371,0.1810705831966763,0.8563269641729766,-0.023717277148435665,0.0109927994497113,-2.1575284127519074,0.03106023352602064,0.0008553353665646541,0.005243295441346765,0.16312934797070242,0.8704298788398264,0.027637206634323928,0.012601285735463874,2.193205297816902,0.028385101479012197,-0.0005655889479102734,0.0045197657017239925,-0.12513678478832177,0.9004254003868142,-0.00012138878128925036,0.005601940722936236,-0.021669058508999164,0.9827136882102608,-0.0003716080352222685,0.007846434420410248,-0.04736011483835726,0.9622300288763668,1.6326128258933956e-05,0.00587462822703044,0.002779091310632032,0.9977828322315964
UMA,1726,1726,9,"log_daily_return,VIX,log_diff_AdrActCnt,log_diff_volume_trusted_spot_usd_1d,log_diff_TxCnt,log_UnemRt,log_IndPro,log_CPIPrc,log_TotRes",0,0.0045325428910107934,-0.000781340331990954,11150.953934380746,11205.314212544265,-5565.476967190373,0.8762816912770561,0.5458300234505328,2.045344962537771,-0.15463795183301396,0.16039416146651192,-0.9641120999613207,0.335127986060082,-0.10010410960731791,0.24365213645213613,-0.41084847875726593,0.6812358528104039,0.021374753367153027,0.18821231399474184,0.11356724176798645,0.9095943775525388,-0.6125440656258109,0.23840648251711583,-2.5693263839075127,0.010274951488016507,-0.10249530240642843,0.3060953643566427,-0.33484761398414215,0.7377816933736413,0.39939383727062355,0.35249655787895684,1.1330432265037058,0.2573571972134498,0.11957455271238443,0.4625758977618276,0.25849715320436195,0.7960547976310939,0.24027535906283431,0.7397822212753142,0.3247920160187446,0.7453787815761164,-0.09463648168441363,0.7127881668670512,-0.13276943429121935,0.8943915716369049,0.020005292841955125,0.16341690480571916,0.1224187477160869,0.9025819812639706
UNI,1716,1716,9,"log_daily_return,VIX,log_diff_AdrActCnt,log_diff_volume_trusted_spot_usd_1d,log_diff_TxCnt,log_UnemRt,log_IndPro,log_CPIPrc,log_TotRes",0,0.010183080739538664,0.00486783475305641,10763.304636781513,10817.605778167132,-5371.652318390757,1.3694866372628693,0.19660854564734365,1.9553651022978797,-0.026756464219514338,0.14718017797115832,-0.1817939384796612,0.8557664251429721,-0.5325703408281366,0.1861642662132187,-2.8607549217752144,0.004278735699772241,-0.08066329786214682,0.17346672891335815,-0.46500731504792436,0.6419866253961874,0.22222898871836358,0.3109228909524197,0.714739876622243,0.4748693320853553,0.11685322256097341,0.19806009575078698,0.5899887209385493,0.5552777425529936,-0.27397667598809683,0.34541288086712674,-0.793186042455348,0.4277817097687624,0.624829778793647,0.44953053391806325,1.3899607071130253,0.16472538809806295,0.8307388255751849,0.698633346801601,1.1890912871227421,0.2345721864700852,-0.34928129077425274,0.6701262900535828,-0.5212171137866035,0.6022843933726866,-0.19336638505125306,0.15090307959396831,-1.2813945584910518,0.20023236961163937
USDC,2437,2437,9,"log_daily_return,VIX,log_diff_AdrActCnt,log_diff_volume_trusted_spot_usd_1d,log_diff_TxCnt,log_UnemRt,log_IndPro,log_CPIPrc,log_TotRes",0,0.0033816256719984006,-0.0003603707272306078,-4559.372093981577,-4501.510729603746,2289.6860469907883,0.5303086705078149,0.8534651695806202,2.7199885269088857,1.5552821592163283e-06,0.0018827632758588414,0.0008260635732375175,0.9993409654425982,-0.000255672806320354,0.0010862658172821663,-0.23536854631037415,0.8139428026929927,0.0007704722723842967,0.003660795440473466,0.21046580856881975,0.833322023353392,-0.001313968035472203,0.00472583735448696,-0.2780391995980675,0.7810062475465114,0.007007903955755528,0.004483704579400491,1.5629718309167782,0.11819122588804458,-0.0024304093289129036,0.005609987600310852,-0.43322900192831687,0.6648873920248874,-0.0001443255942487683,0.0033674623395412526,-0.04285885919318987,0.9658176138733483,0.0005663646129508605,0.0032664506856145887,0.17338838619089636,0.8623607934468517,-0.0003425020307035986,0.00236148806284328,-0.14503652848925228,0.8846942249484737,-0.00019559869307695537,0.0019979102373183736,-0.09790164213758222,0.9220185814304394
VTC,3265,3265,9,"log_daily_return,VIX,log_diff_AdrActCnt,log_diff_volume_trusted_spot_usd_1d,log_diff_TxCnt,log_UnemRt,log_IndPro,log_CPIPrc,log_TotRes",0,0.0033882479650413355,0.0006326394340689934,23434.28561315908,23495.195763576186,-11707.14280657954,1.1492812670346386,0.3238037962573496,1.9958449565163427,0.022758892142178723,0.1530082141996994,0.1487429433852149,0.8817656882077498,-0.3242019576160933,0.34052089870985075,-0.9520765358144364,0.3411288584521749,-0.08315533905332734,0.20022258870243254,-0.41531447371760544,0.6779390811560111,-0.36913820570108263,0.2676820806284276,-1.3790172462589583,0.1679841846013394,0.09527152148574919,0.1646111368461324,0.5787671679517207,0.5627863320256423,0.37788533249679057,0.2722762797904765,1.3878745985055432,0.16527022487945528,0.3241636665039369,0.2640140046188824,1.2278275426028387,0.219600494907115,0.03548902164413545,0.46592158770285924,0.0761695156026308,0.9392889163166385,0.14233573711462905,0.31497241739353266,0.4518990529154558,0.6513718166922525,-0.2483134127346051,0.34329533930401546,-0.7233229942417125,0.46953344233378735
WNXM,1739,1739,9,"log_daily_return,VIX,log_diff_AdrActCnt,log_diff_volume_trusted_spot_usd_1d,log_diff_TxCnt,log_UnemRt,log_IndPro,log_CPIPrc,log_TotRes",0,0.00792724833935321,0.002672007159279177,10864.171638412676,10918.608275243832,-5422.085819206338,2.1656268323371357,0.021852637275313645,2.023461640912487,-0.023008984345964476,0.14416489177729702,-0.15960185633481613,0.8732136873507679,-0.3649475406620371,0.1234792925085793,-2.955536375758556,0.00316425141250114,-0.30904236236773863,0.16271179017510776,-1.8993237185526157,0.05769115216953602,0.25212238096102363,0.20260660279258405,1.244393704281843,0.21352633447401229,-0.17403130258661526,0.1744111476900982,-0.9978221282956187,0.31850770605389794,-0.14638857606669342,0.2311576986057062,-0.6332844501813177,0.526633138736309,0.13355851916364464,0.46079977400165434,0.2898406785311599,0.7719734933117536,0.319602728070015,0.9198886967408733,0.34743630311183726,0.7283065976917985,-0.27321631662139195,0.8385826938734839,-0.3258072443152658,0.744610318827143,-0.15299101464192244,0.15017940769439184,-1.018721654258033,0.3084801678970072
WTC,2484,2484,9,"log_daily_return,VIX,log_diff_AdrActCnt,log_diff_volume_trusted_spot_usd_1d,log_diff_TxCnt,log_UnemRt,log_IndPro,log_CPIPrc,log_TotRes",0,0.006206342405736143,0.0025910865777860614,18644.466854716447,18702.643109146982,-9312.233427358224,1.4680128096464198,0.15395399475631438,2.074534336548207,-0.23658357636225458,0.20662534218325218,-1.1449881890694367,0.2523248027236401,-0.48599038403551487,0.8945340265872954,-0.5432888739734131,0.5869798690872392,-0.08940618897071641,0.2955056905962403,-0.302553188706187,0.7622558276021024,0.13805920263418764,0.3630239612554117,0.3803032784853938,0.7037529492819952,-0.4019389091322519,0.25681983104433526,-1.5650618081080525,0.11769631010594184,-0.17060347666085057,0.3430229590397299,-0.4973529385276243,0.6189843837410856,0.3200100755241298,0.35095018988942805,0.9118390151746424,0.36194230816095685,-0.004811779808771496,0.4086026433262757,-0.011776183750552033,0.9906051314630064,-0.14940360505519276,0.5258137233231275,-0.2841378960422834,0.7763284843256852,-0.030650316565402513,0.26907357030541534,-0.11391054324143574,0.9093179504731127
XAUT,1953,1953,9,"log_daily_return,VIX,log_diff_AdrActCnt,log_diff_volume_trusted_spot_usd_1d,log_diff_TxCnt,log_UnemRt,log_IndPro,log_CPIPrc,log_TotRes",0,0.0035339727108755215,-0.0011540535544678487,4898.977955459478,4954.594372915366,-2439.488977729739,4.429155100044816,9.26254629030634e-06,2.1083772350248307,0.040159301253910026,0.019860746567716088,2.022043890293103,0.04331076107789458,0.010567101186796293,0.002933725666626885,3.601939099829347,0.0003239125440951877,0.000988096294428472,0.04520755176630017,0.021856885759627562,0.9825643961731347,0.02497242312511597,0.04156737662916945,0.6007697658647009,0.5480645137738552,-0.010148026031637676,0.021494591437730942,-0.4721199777644596,0.6368950017880581,-0.02111689606043203,0.050176538381079924,-0.42085199062665074,0.6739104381893142,0.021609014761384104,0.060268205228237164,0.35854750742203517,0.7199731848590478,-0.06980891355572258,0.05847972691998504,-1.1937284462911175,0.23273221793032417,0.09733490643143142,0.05120145793021446,1.901018259364704,0.05744977410122474,0.025109994635871408,0.02453420440655157,1.023468877155278,0.3062156108903705
XEM,3713,3713,9,"log_daily_return,VIX,log_diff_AdrActCnt,log_diff_volume_trusted_spot_usd_1d,log_diff_TxCnt,log_UnemRt,log_IndPro,log_CPIPrc,log_TotRes",0,0.0073990386636137995,0.004966855529383585,24531.45139785994,24593.56622702439,-12255.72569892997,4.600030779632383,4.58445418052953e-06,2.093437494035999,0.1273798705891152,0.11084094830845591,1.1492131070065699,0.25054294500026997,-0.4096236513300433,0.09039849521873186,-4.531310508420536,6.048436620892832e-06,0.01412680491345887,0.13368000193238047,0.10567627699919283,0.9158449737341694,0.09133465140017549,0.15111899274075438,0.6043889635822327,0.5456224015615945,0.03453645401083723,0.1293047588422004,0.26709344899660237,0.789412206242408,-0.14198527543993825,0.1367866362728442,-1.0380054609773754,0.2993358398995201,0.5858875356550743,0.23896892608711848,2.4517310482513666,0.014263336726674153,0.2018982974229959,0.3378571089486864,0.5975848726440742,0.5501537994051292,0.5972918902464985,0.24962571442056775,2.3927498480392333,0.0167725798093317,-0.6861100149222147,0.2449485228474122,-2.801037568818567,0.005120512847423412
XLM,3531,3531,9,"log_daily_return,VIX,log_diff_AdrActCnt,log_diff_volume_trusted_spot_usd_1d,log_diff_TxCnt,log_UnemRt,log_IndPro,log_CPIPrc,log_TotRes",0,0.0023117796144453973,-0.00026031834701845113,23092.39824711613,23154.006286325675,-11536.199123558064,0.8996586622317536,0.5245357997426208,1.976557797624195,0.14824514707171815,0.10984214945649934,1.3496198663740417,0.17722545843773563,0.12395449684418577,0.3128004215462493,0.39627343285360117,0.691927542830783,-0.10645183906895866,0.1452324287376537,-0.7329756859003722,0.4636224718197307,-0.17846758213363342,0.11252507028326246,-1.5860250669861575,0.11282419200782019,0.0456795404183969,0.12685218638594098,0.36010053685176024,0.7187937350144604,0.06672308436833771,0.12311419169223332,0.5419609506525066,0.5878799958965943,0.3613848375619393,0.2464325912627297,1.4664652743786446,0.1426116443839845,-0.0011495741401154787,0.33679418037087816,-0.003413283860337391,0.9972767938190601,0.37777775892341514,0.24816304482009433,1.5222965981791727,0.12802535088709258,-0.21484173243470306,0.2506123177054859,-0.8572672500765918,0.39135604895722775
XRP,3803,3803,9,"log_daily_return,VIX,log_diff_AdrActCnt,log_diff_volume_trusted_spot_usd_1d,log_diff_TxCnt,log_UnemRt,log_IndPro,log_CPIPrc,log_TotRes",0,0.0031202555259411957,0.000736009525339032,24483.172616557873,24545.528873757517,-12231.586308278936,1.3992362142190347,0.1823612199320741,2.0721542787055336,0.12717998757821164,0.10026259839166485,1.2684688968601927,0.2047090166751156,-0.15118689456477608,0.14934488230181675,-1.0123339496778787,0.3114434939521948,-0.09112039273065906,0.1327573914141044,-0.686367755196629,0.4925235213810325,-0.06482668911161629,0.10938306999444503,-0.592657429663553,0.5534460481960737,0.09990865624653847,0.11121912396719215,0.8983046501607935,0.3690806268469161,-0.05753420909587825,0.11382705112641124,-0.5054528649080378,0.6132703998866533,0.5652626078387757,0.2234135702787467,2.53011760715123,0.011442891358665472,0.5466039881203295,0.3097224939629749,1.7648185029327321,0.07767537998463758,0.4393926603573574,0.231765046365431,1.8958538711853627,0.058055914142234544,-0.5957341220895108,0.2273079671713328,-2.620823763913553,0.008807039887852667
XTZ,2527,2527,9,"log_daily_return,VIX,log_diff_AdrActCnt,log_diff_volume_trusted_spot_usd_1d,log_diff_TxCnt,log_UnemRt,log_IndPro,log_CPIPrc,log_TotRes",0,0.008685640933719152,0.005098254833358684,15744.798454839894,15803.026907742693,-7862.399227419947,1.840743381613118,0.0565162054753174,1.985698389938681,-0.07741980213320432,0.11142439920406812,-0.6948191122073173,0.4872335752148469,-0.38135034644992594,0.17340328523837512,-2.199210620062295,0.02795469232867882,-0.17501296065811767,0.1926685229476337,-0.9083630163380931,0.3637744707864806,-0.023018805953709504,0.12982394002173017,-0.17730786748466093,0.8592810099921558,-0.21922981453331084,0.14450939352429232,-1.517062726420327,0.1293779413410632,-0.11010690453672986,0.2305733144204882,-0.4775353332343217,0.6330229308076232,0.03711961935089514,0.30733631445268395,0.1207785009623713,0.9038762356667296,-0.4719571849404808,0.3174765508499447,-1.4865891155644795,0.13725012165470976,0.22475769685009345,0.26052021644237644,0.8627265089801843,0.38837103721059707,0.24527225479643083,0.23376550643485153,1.0492234655876664,0.29417722836261595
XVG,2800,2800,9,"log_daily_return,VIX,log_diff_AdrActCnt,log_diff_volume_trusted_spot_usd_1d,log_diff_TxCnt,log_UnemRt,log_IndPro,log_CPIPrc,log_TotRes",0,0.005599908900747574,0.002357299908032573,19223.295198164386,19282.561224156198,-9601.647599082193,1.216884087819652,0.27955754757463996,1.993675569508855,0.00021064817810087684,0.14725096323825235,0.0014305385409265382,0.9988586991573843,-0.15214039894406875,0.19995369566200072,-0.7608781545165588,0.446794846425961,-0.059235290432762225,0.20108200509247656,-0.2945827519748484,0.76833479384418,0.6303502504144347,0.32182410800999306,1.958679398856165,0.05025091015732297,0.1451094060888522,0.20549989458270446,0.7061288590123933,0.4801676058145564,-0.38679447679494294,0.2804415345500142,-1.3792339191681382,0.16793438974304334,0.5960605108612782,0.3386793224571388,1.7599554249040759,0.07852612648228742,0.1622178840447042,0.36300275100854784,0.44687783658390057,0.6549983299740603,0.48473043871928345,0.3062791402093363,1.582642678139879,0.11361750464089161,-0.3037186979009323,0.23698705962041183,-1.2815834686813965,0.20009645608222404
YFI,1771,1771,9,"log_daily_return,VIX,log_diff_AdrActCnt,log_diff_volume_trusted_spot_usd_1d,log_diff_TxCnt,log_UnemRt,log_IndPro,log_CPIPrc,log_TotRes",0,0.010187788418311139,0.005041451096395977,11282.885546839341,11337.507696237024,-5631.442773419671,3.1065246798947754,0.00103352853729611,1.9621109510638906,0.063289215859877,0.15515271119993326,0.4079156295136931,0.6833860641856618,-0.27294204572451264,0.06265213808676971,-4.356468175858629,1.3993027691359635e-05,-0.08963828415972666,0.14832093860804021,-0.6043535390280191,0.5456878189405932,0.025229929645192717,0.27468583342420155,0.0918501304951892,0.9268277418984614,0.2641127282522065,0.23641979277436292,1.117134589929505,0.26409181388435726,-0.06716021276966294,0.33619374076490754,-0.19976639843698493,0.8416867457475571,0.38133840620711523,0.4587460530445759,0.831262533325951,0.4059399820002968,-1.2159742821668649,0.9458738317484799,-1.2855565312755244,0.19876983215849603,1.300999772630394,0.7934659297123855,1.6396416328826855,0.10126140512710843,-0.0027542926109692667,0.14713058003921708,-0.018720055410881415,0.9850665865740119
ZEC,3136,3136,9,"log_daily_return,VIX,log_diff_AdrActCnt,log_diff_volume_trusted_spot_usd_1d,log_diff_TxCnt,log_UnemRt,log_IndPro,log_CPIPrc,log_TotRes",0,0.0027072245196434475,-0.0001918823858226837,20665.340757474623,20725.75166751171,-10322.670378737312,1.015331881022542,0.4249218450484986,2.056864431996205,-0.12527552723131252,0.12095856631570082,-1.03568958402123,0.3004278697023205,0.011023904085645235,0.8474012303700785,0.013009072550945975,0.9896213928188465,-0.14873862291672857,0.166464340618467,-0.8935164273868995,0.3716501276984491,-0.08220642021297944,0.10615159907971981,-0.7744246994455773,0.43873881732378117,0.05752825369372393,0.14329172123762401,0.40147646491260636,0.6880970712660802,0.17227641829951232,0.16755057722211708,1.0282054598423156,0.30393351218185194,0.16856905897839197,0.27538517473841717,0.6121210378827122,0.5405026298750248,-0.21981866584252363,0.39402296002467196,-0.5578828853749019,0.5769646953120982,0.18304442433572254,0.29018055038752916,0.6307949450480782,0.5282211693515302,0.3416564478740716,0.2691330003649427,1.2694706610143964,0.20436866363063458
ZRX,2850,2850,9,"log_daily_return,VIX,log_diff_AdrActCnt,log_diff_volume_trusted_spot_usd_1d,log_diff_TxCnt,log_UnemRt,log_IndPro,log_CPIPrc,log_TotRes",0,0.009543316237650368,0.006371035044105522,19059.92462870909,19119.369550348412,-9519.962314354545,0.8337860500070298,0.5848576202780237,2.069417878197938,0.03617910995604931,0.13349149395816062,0.27102183729690443,0.786394143164752,0.28702775946779835,0.3796590126992565,0.7560146074950809,0.44970380875302507,-0.10188969467893054,0.16418084953345274,-0.6205942713079332,0.5349169385846564,0.718679681180187,0.5931234020553395,1.2116866046589287,0.2257342484217292,0.6799224376607966,0.32794265974293635,2.0732967104486066,0.03823559797141216,-1.496695675302853,0.8610663931485182,-1.7381884686384461,0.08228714995522741,0.23862567936881077,0.29815205419085494,0.8003489361037915,0.42357631533465445,-0.2569627007331873,0.3625974351096444,-0.708672141201124,0.4785867418531442,0.3491643898908683,0.2965586624824883,1.1773872560930043,0.23914068606387917,-0.03612410973976588,0.23178696302071752,-0.1558504812737766,0.8761620730985561
