symbol,n,nobs,n_regs,regs_used,opt_hac_lag,r2,adj_r2,aic,bic,log_likelihood,fstat,f_pval,durbin_watson,coef_Intercept,stderr_Intercept,tval_Intercept,pval_Intercept,coef_log_daily_return,stderr_log_daily_return,tval_log_daily_return,pval_log_daily_return,coef_log_diff_AdrActCnt,stderr_log_diff_AdrActCnt,tval_log_diff_AdrActCnt,pval_log_diff_AdrActCnt,coef_log_diff_volume_trusted_spot_usd_1d,stderr_log_diff_volume_trusted_spot_usd_1d,tval_log_diff_volume_trusted_spot_usd_1d,pval_log_diff_volume_trusted_spot_usd_1d,coef_log_diff_TxCnt,stderr_log_diff_TxCnt,tval_log_diff_TxCnt,pval_log_diff_TxCnt,coef_log_UnemRt,stderr_log_UnemRt,tval_log_UnemRt,pval_log_UnemRt,coef_log_IndPro,stderr_log_IndPro,tval_log_IndPro,pval_log_IndPro,coef_log_CPIPrc,stderr_log_CPIPrc,tval_log_CPIPrc,pval_log_CPIPrc,coef_log_TotRes,stderr_log_TotRes,tval_log_TotRes,pval_log_TotRes
1INCH,1616,1616,8,"log_daily_return,log_diff_AdrActCnt,log_diff_volume_trusted_spot_usd_1d,log_diff_TxCnt,log_UnemRt,log_IndPro,log_CPIPrc,log_TotRes",0,0.004523070974194798,-0.0005269071058346952,10033.474648593317,10081.795382213071,-5007.737324296659,0.6677311543040331,0.7203697282516479,1.998550794940809,-0.07797944887253531,0.15084109405877905,-0.5169642222440302,0.6052536273416451,-0.15210686906870638,0.213180823880346,-0.7135110292756952,0.47563516647244963,0.1918707157864674,0.3053560595421554,0.6283507721253491,0.5298651666834288,0.21292507906482608,0.19383459465513656,1.0984885306137153,0.2721589040670595,-0.15227462226000238,0.34476906994186884,-0.44167135493238197,0.6587875949216755,0.6974870082398223,0.5364834898898797,1.3001089900883822,0.19375359928737393,-0.3076008835721416,0.6387766997100183,-0.4815468123865216,0.6301947306451889,0.8493084844570445,0.6986647407818647,1.2156166396870076,0.2243129374806863,-0.09803825228561609,0.1707465278969912,-0.5741742071895077,0.5659318063233403
AAVE,1694,1694,8,"log_daily_return,log_diff_AdrActCnt,log_diff_volume_trusted_spot_usd_1d,log_diff_TxCnt,log_UnemRt,log_IndPro,log_CPIPrc,log_TotRes",0,0.014155081507001177,0.00938966800371166,10686.232052991407,10734.984869583837,-5334.116026495703,3.1903221690261274,0.0013433185341965865,1.9165984664005662,0.04781180732986988,0.149295484616244,0.32024952029036613,0.7488196130325218,-0.6652131633274695,0.141603427957515,-4.697719348482525,2.848325871966854e-06,0.01494863845626887,0.3660415746410701,0.040838635531843824,0.96742946419631,0.1129559482113936,0.34610352735659766,0.32636462585084475,0.7441897625882283,0.014203774630755478,0.4788169569920057,0.02966430996927417,0.9763383525389124,0.7644985400019619,0.4728202999174302,1.6168902649388537,0.10609254442333547,0.39962548356951416,0.7139428557280617,0.5597443553966035,0.5757295696230862,0.28527628531668364,0.7060554641928537,0.4040423164811916,0.6862338046959131,-0.12254013859203454,0.15078445264309773,-0.8126841756164568,0.41651604134341913
ADA,2738,2738,8,"log_daily_return,log_diff_AdrActCnt,log_diff_volume_trusted_spot_usd_1d,log_diff_TxCnt,log_UnemRt,log_IndPro,log_CPIPrc,log_TotRes",0,0.006030412851577793,0.003084226598451645,17225.271735492635,17278.407426198926,-8603.635867746318,2.1690283593303974,0.026982724966343404,2.0757502477379894,0.07283123417811896,0.11102803171942302,0.6559715870868492,0.5118983199374236,-0.15339875307620968,0.10531623017058901,-1.4565537792962928,0.14535591306285814,-0.30210389055099307,0.22206788669053198,-1.3604123272988011,0.17381308088724123,0.06520945217945155,0.13667571168392317,0.47711075637385525,0.6333218843724495,0.3532820903908435,0.20925506297083069,1.6882845527139747,0.09147214352427702,0.5945974040320338,0.2616559593710337,2.2724397543297763,0.023138288019592803,-0.0029942869351292645,0.3180624977292852,-0.009414146453939419,0.9924894045973737,0.4879349927077936,0.2377119335590876,2.052631457757709,0.040204560256977766,-0.09266776496670534,0.1990897317820761,-0.4654572796759785,0.6416415768718743
ALGO,2170,2170,8,"log_daily_return,log_diff_AdrActCnt,log_diff_volume_trusted_spot_usd_1d,log_diff_TxCnt,log_UnemRt,log_IndPro,log_CPIPrc,log_TotRes",0,0.008072389730753637,0.0043485882844119805,13734.420489689652,13785.437539661794,-6858.210244844826,1.9916544827605667,0.04388880115563274,2.0522126333402495,-0.09398984768251832,0.12814347135730828,-0.7334735565297911,0.46335033131475134,-0.07824032111607741,0.2234300758717012,-0.35017810744962036,0.7262396426562039,-0.09059409723198544,0.13792920992454163,-0.6568158933234497,0.5113702266821991,0.10086174164988786,0.13547731795693924,0.7444917213518076,0.45666113662732977,0.32867425930109184,0.163984085054349,2.0043058397536555,0.04516363430746889,0.5580474719230774,0.35385074259338234,1.577070229761654,0.1149277922797619,-0.1648622022792524,0.3578096365444532,-0.4607539469071019,0.6450221617677274,0.5957113634115594,0.271933714518166,2.1906491604657723,0.02858517252496064,0.19815990440879733,0.20452729739587514,0.9688677596186424,0.3327211208728901
ALPHA,1693,1693,8,"log_daily_return,log_diff_AdrActCnt,log_diff_volume_trusted_spot_usd_1d,log_diff_TxCnt,log_UnemRt,log_IndPro,log_CPIPrc,log_TotRes",0,0.007780899581120715,0.002981774548864946,11136.836189978236,11185.583596290971,-5559.418094989118,0.8524585963257467,0.5563925556210968,2.0199365775094433,0.018228266815710603,0.1728882585572332,0.10543380428391723,0.9160443779470004,-0.20158374240019164,0.23154920498484724,-0.8705870633992608,0.3841059954521655,0.09405910072850762,0.27717485033822065,0.3393493335117983,0.7343896633210683,0.3222913190248433,0.2301735836399228,1.4002098500105336,0.1616380367044719,-0.1763856349297979,0.32708031799166165,-0.5392731547188191,0.5897709708879526,1.0551057189427357,0.5697323922193738,1.8519321234880224,0.06421366276860259,-0.24094607522031364,0.7464418909089964,-0.3227928096678713,0.7468929581420016,0.9172737317885669,0.7210527088554076,1.2721313165089396,0.20350528584133606,-0.17007716283349675,0.17103512660246603,-0.9943990232416066,0.3201740941762395
ANT,2627,2627,8,"log_daily_return,log_diff_AdrActCnt,log_diff_volume_trusted_spot_usd_1d,log_diff_TxCnt,log_UnemRt,log_IndPro,log_CPIPrc,log_TotRes",0,0.018850331001907583,0.015852165474029567,18494.59984580762,18547.46222591479,-9238.29992290381,1.5682082156836947,0.12907539471067492,2.1532589434276947,0.02499590146913492,0.15923908534430806,0.15697089326460634,0.8752798915119921,-1.0765471877119166,0.4428260180710442,-2.431083865400163,0.015120435538220805,-0.24033596750154385,0.3033086823891325,-0.7923807706671672,0.42821048243153736,0.14319365878510187,0.16889461404073416,0.8478284497015771,0.3966110202066322,0.4788247931606821,0.30829088965020973,1.553159075521051,0.1205060063808254,0.2560486542034307,0.35652996986407287,0.7181686698064943,0.4727173758016423,-0.24889551528721035,0.42235099411080723,-0.5893096470891946,0.5557044225205799,0.412290975345801,0.2937488465655891,1.4035492570138262,0.16057171265203898,0.013080734024716878,0.31452089186450566,0.04158939632649906,0.9668291978071959
BAL,1801,1801,8,"log_daily_return,log_diff_AdrActCnt,log_diff_volume_trusted_spot_usd_1d,log_diff_TxCnt,log_UnemRt,log_IndPro,log_CPIPrc,log_TotRes",0,0.02357216002018403,0.01913888946408937,11246.46964101139,11295.783337751436,-5614.234820505695,2.9061899103388713,0.00319306332161235,1.8939383140733257,-0.14667175593070916,0.14010160421441184,-1.0468956208827014,0.2952913078150554,-0.7858067246264047,0.21309167975045454,-3.6876462072411273,0.000233198429640002,-0.1974209270266623,0.24906896299859207,-0.7926356003970606,0.42809686852484097,-0.44766722037739254,0.20113864111116056,-2.225664933919815,0.026162740339813,0.7261565411036763,0.26568244021053633,2.7331747650625453,0.006335406632487081,0.3210352454712784,0.48020994502350095,0.668531022312683,0.5038822549902717,0.11988617546281444,0.6736288453494188,0.1779706678098503,0.85876646930224,0.06506582501455849,0.4956121177858931,0.13128376542775988,0.8955658215698714,-0.06413591178985811,0.14715064775634543,-0.43585205208240374,0.6629974652991186
BAT,2794,2794,8,"log_daily_return,log_diff_AdrActCnt,log_diff_volume_trusted_spot_usd_1d,log_diff_TxCnt,log_UnemRt,log_IndPro,log_CPIPrc,log_TotRes",0,0.004784869491868404,0.001894952597470967,17700.823052371823,17754.14296003581,-8841.411526185911,0.7888974725381639,0.6124586939742644,2.0452050390102627,-0.019452108455498513,0.11148748288527291,-0.17447795888903386,0.8615026714593483,-0.3530429580351521,0.22306144799594602,-1.5827161582918103,0.1136009556576661,0.1547458849565689,0.2549720226535038,0.6069131952051932,0.543958532090143,-0.05773321451804643,0.14547780312174,-0.3968523945177645,0.6915070498272593,-0.1199220975307389,0.26799165370599765,-0.4474844491325106,0.6545604938464202,0.31667535734144037,0.2722089412047544,1.1633539880794677,0.24478665774649616,0.11224962037501934,0.32282004794898334,0.3477157663787927,0.7280802177681577,0.11120600010679622,0.25203803172674705,0.4412270614276294,0.659083247743152,-0.05493035828300202,0.2434982158164397,-0.2255883399343307,0.8215383430041538
BCH,2860,2860,8,"log_daily_return,log_diff_AdrActCnt,log_diff_volume_trusted_spot_usd_1d,log_diff_TxCnt,log_UnemRt,log_IndPro,log_CPIPrc,log_TotRes",0,0.00104387104360526,-0.0017890424734636756,18267.203612675334,18320.73590059107,-9124.601806337667,0.5676687366671718,0.8051639966900024,1.9767872508268933,0.008009783462972743,0.11373464778602405,0.0704251836963705,0.9438602391190789,0.11879910987442883,0.07987190523170735,1.487370428059706,0.13702876323890517,-0.12829075231234374,0.21161200561411803,-0.6062546023323765,0.5443944788546606,0.04421621976520737,0.1481582810337748,0.29843907108457646,0.7653900523994484,0.09692026933888705,0.1775709570900538,0.5458114937665998,0.5852386784909,0.24462852129616183,0.24827188783780182,0.9853250943013724,0.32454890980041173,0.09501979583066517,0.33438794311126474,0.2841603526328344,0.7763083525706743,0.225745844345748,0.2054829558208086,1.098611042672608,0.27203151240959617,-0.16023645209309778,0.20310517974621276,-0.7889333609970903,0.4302172526232373
BNB,2877,2877,8,"log_daily_return,log_diff_AdrActCnt,log_diff_volume_trusted_spot_usd_1d,log_diff_TxCnt,log_UnemRt,log_IndPro,log_CPIPrc,log_TotRes",0,0.008519951384936664,0.005725081621398731,18036.09607943894,18089.682269224442,-9009.04803971947,2.1704217263747854,0.02686211227893419,1.973469076440901,0.31574603466211193,0.10637934871798306,2.968114003961148,0.0030213899650102793,0.2968870332211921,0.23943975484951788,1.2399237269841779,0.21510611731956625,-0.11386507045537327,0.4982967098172831,-0.22850857373135305,0.8192673548486775,0.12179264283728533,0.12156381990391973,1.001882327599992,0.3164858426617881,-0.19257988521547723,0.5112995845430135,-0.37664784216009134,0.7064634860534449,0.39852085566989465,0.2450134337769407,1.6265265521428776,0.1039487086178988,0.24620532164664116,0.3090319050139591,0.7966987150906634,0.4256926720328559,0.04065434965970863,0.1864176083769763,0.2180821329790737,0.8273807972280304,-0.3070255001789158,0.1848825556617337,-1.6606515367553563,0.09689391648683385
BSV,2389,2389,8,"log_daily_return,log_diff_AdrActCnt,log_diff_volume_trusted_spot_usd_1d,log_diff_TxCnt,log_UnemRt,log_IndPro,log_CPIPrc,log_TotRes",0,0.004075818215146243,0.0006854380218361822,15341.452076118596,15393.346013833265,-7661.726038059298,1.1702711854412415,0.3132002581693737,2.07971430870408,-0.0366888975038549,0.12749265975433377,-0.2877726260833441,0.7735461677172284,0.12277794138715564,0.18662848671194646,0.6578735301897317,0.5106838362361878,-0.18520880738817827,0.17316642202887605,-1.0695422658631482,0.28493523719008274,-0.06800341441830937,0.12527599851205543,-0.5428287559150075,0.587299189728627,-0.25631546046649833,0.1457285603598304,-1.758855366673552,0.0787322117309846,-0.07342777171788556,0.3782055803107864,-0.19414777449224063,0.8460769551042701,-0.18478689802490514,0.4615308683997812,-0.400378199329544,0.6889143718512349,0.07930132458063627,0.23181422299742124,0.34208998721151995,0.7323137623784782,-0.022527354781860638,0.22189091857676999,-0.10152445591894112,0.9191428059756163
BTC,3803,3803,8,"log_daily_return,log_diff_AdrActCnt,log_diff_volume_trusted_spot_usd_1d,log_diff_TxCnt,log_UnemRt,log_IndPro,log_CPIPrc,log_TotRes",0,0.0031926986179074968,0.0010740858625790661,20476.553517200486,20532.674148680166,-10229.276758600243,1.645503795110837,0.10674111623698238,2.0393771526880013,0.1566557144593926,0.058732196553494515,2.6672885342659933,0.007679339907648553,-0.08816524481180871,0.08557601378345131,-1.0302565042923055,0.3029558068005974,0.11729757841667532,0.06880385264587104,1.7048111974252131,0.08831216357612874,-0.003128163339178071,0.06818894117442519,-0.04587493639439754,0.9634123645899559,-0.08862230206137135,0.06016869936033492,-1.472897087747154,0.14086240052282178,0.29649886036142,0.1195308824949717,2.4805209680761187,0.013162448357019095,0.10835057144036925,0.19745569506641136,0.5487335850400623,0.583220840704026,0.290631594148475,0.16119758919489025,1.802952485828415,0.07147562603836513,-0.2479625663531873,0.14127047121832814,-1.7552328113209914,0.07930083702958703
BTG,2775,2775,8,"log_daily_return,log_diff_AdrActCnt,log_diff_volume_trusted_spot_usd_1d,log_diff_TxCnt,log_UnemRt,log_IndPro,log_CPIPrc,log_TotRes",0,0.0035352338952251428,0.0006215942282520315,18664.60524592755,18717.86307311304,-9323.302622963774,0.8435741712224628,0.5640857154829002,2.0273418476603315,-0.19396647023650324,0.13865021776408634,-1.3989626079530406,0.16193754566919008,0.10372327936230046,0.15785366612785498,0.6570850199848312,0.5111815181539985,-0.3693510762970175,0.4149677825948548,-0.8900716918007724,0.37350564769288386,0.0826490434955123,0.1437522147694937,0.5749410096257634,0.5653784666270633,0.2336611223017466,0.28879676647795494,0.8090849670908034,0.4185366261583444,0.2626767407885563,0.30570353983772985,0.8592531866918762,0.39027612120955635,0.01869221578749545,0.4016977212997824,0.046533039139511734,0.9628887972282132,-0.0247880385348017,0.2665909963976829,-0.09298152927049545,0.9259250428749997,0.06892421957144418,0.2401176025714432,0.287043593777915,0.774100677296364
BUSD,2080,2080,8,"log_daily_return,log_diff_AdrActCnt,log_diff_volume_trusted_spot_usd_1d,log_diff_TxCnt,log_UnemRt,log_IndPro,log_CPIPrc,log_TotRes",0,0.20111463583545908,0.19798328702932666,8113.668109376833,8164.298465026025,-4047.8340546884165,1.8897726731103694,0.05752154118147153,2.3268611907004613,-0.000489755628694799,0.04075277421116625,-0.012017724883146879,0.9904126481951327,-0.8655608099508838,0.31560484856630666,-2.7425459839506705,0.006149738520288841,-0.05304996900573904,0.10518638030894374,-0.5043425664988714,0.6140751101022781,-0.009144855136804167,0.013931518674891268,-0.6564148066130012,0.5116312634201023,0.08345635030012123,0.11706309483281893,0.7129176827189437,0.47597819385799767,-0.010264411604186771,0.04757845460671212,-0.2157365490122229,0.8292146667694633,0.009413466062360046,0.02284813525530774,0.4120015028435745,0.6803815867180442,-0.019088350004030086,0.09378262224660584,-0.20353824137947824,0.8387346492044746,-0.011549439819175042,0.018209777711004384,-0.6342438662606836,0.5259927618512505
COMP,1808,1808,8,"log_daily_return,log_diff_AdrActCnt,log_diff_volume_trusted_spot_usd_1d,log_diff_TxCnt,log_UnemRt,log_IndPro,log_CPIPrc,log_TotRes",0,0.027936170771781232,0.023540178327560946,11325.617859102455,11374.96705884712,-5653.808929551227,7.724541309582327,3.18246329916194e-10,2.1353146056688117,-0.07469231759714048,0.1385825412561802,-0.5389735021460326,0.5899729581531401,0.9561649595160443,0.12563381276882993,7.6107294560535,4.404814504150853e-14,-0.16460496195546964,0.25559103079941153,-0.6440169728985992,0.5196479158987313,-0.04653725408294816,0.22617370175969057,-0.20575890884252304,0.8370029155492259,0.007898128447380503,0.3077772855087364,0.02566183022351827,0.9795299632489651,0.7059359836076815,0.5141604832344107,1.3729876305679418,0.1699302023448016,0.7897506654815116,0.6829357781588693,1.1564054640842,0.24767149005233405,-0.056272206517847395,0.44894550596424965,-0.12534306674255574,0.9002662009739255,-0.19106414995756912,0.14866347882575387,-1.2852124238362026,0.19888630000601812
CRO,2264,2264,8,"log_daily_return,log_diff_AdrActCnt,log_diff_volume_trusted_spot_usd_1d,log_diff_TxCnt,log_UnemRt,log_IndPro,log_CPIPrc,log_TotRes",0,0.003940369467751892,0.00035903147033256033,13712.778726306806,13764.182667123468,-6847.389363153403,1.4802656595832007,0.15910825760290012,2.121613941172144,0.01653375315989184,0.10862123332250911,0.15221474341762628,0.8790313665070708,0.012306877506981256,0.1365878191188607,0.09010230624058528,0.9282140263600751,-0.0661369115343564,0.2954252204604543,-0.223870228246845,0.8228788352551745,-0.0586294301620575,0.14529710368433812,-0.40351410093783785,0.6866088372203727,-0.027474077066312566,0.3352264178841425,-0.08195677786888465,0.9346884555977516,-0.07702321396954775,0.26920498228163636,-0.28611362730637635,0.7748177299056047,-0.5805010830502566,0.2847666966327386,-2.0385146504646374,0.041616491921755164,0.21597447291815583,0.22644436556026593,0.9537639516169651,0.34030674280125195,0.31624842566792416,0.18520562805105542,1.7075529993113618,0.08785882010741747
CRV,1750,1750,8,"log_daily_return,log_diff_AdrActCnt,log_diff_volume_trusted_spot_usd_1d,log_diff_TxCnt,log_UnemRt,log_IndPro,log_CPIPrc,log_TotRes",0,0.010087542472538846,0.005459079783924237,11807.079946655931,11856.130662784199,-5894.5399733279655,2.6434888976636897,0.007002541288909419,2.0001626372841623,-0.15804637721079412,0.18565449680246085,-0.8512930197373987,0.39472572563714614,-0.40301873072426075,0.14775304982778117,-2.7276508416849166,0.006443898907740824,-0.05570793854345718,0.358283718795926,-0.15548554293974975,0.8764568909573871,0.5587019587527243,0.2673769938181317,2.089566311500795,0.03680414664146609,-0.24497176865214432,0.4367294959924433,-0.560923342481047,0.574923243617357,0.21243215245043146,0.6124826066287611,0.34683785327342553,0.728755788803925,1.252236982797612,1.0185154458226882,1.2294727467644238,0.21906365056154115,-0.8929203938055107,0.847178155061127,-1.0539936475829965,0.2920346386300087,0.1714946741939107,0.2016404949061643,0.8504971894346802,0.39516772228635866
CVC,2819,2819,8,"log_daily_return,log_diff_AdrActCnt,log_diff_volume_trusted_spot_usd_1d,log_diff_TxCnt,log_UnemRt,log_IndPro,log_CPIPrc,log_TotRes",0,0.007260328694371321,0.004403523884858651,18702.750234393265,18756.151179881912,-9342.375117196632,1.6633278301984546,0.10227919673584107,2.0082113445000975,-0.043831733332514514,0.12940073470876906,-0.3387286280187108,0.7348397535750977,-0.37328693828880455,0.3103219785216677,-1.2029020311970602,0.2291166687879215,-0.4879356040709977,0.29529191141782624,-1.6523839130174762,0.09856923833160776,0.28403421932048667,0.17099447063023837,1.661072538039476,0.09681163994583665,0.16160614117675828,0.2929641753769429,0.5516242420044275,0.5812501593940682,0.5527578789354748,0.38820415570183064,1.423884496898672,0.15459213688406478,0.18964975984688653,0.4295623263691996,0.4414953272319478,0.6588887796994418,0.2959281089316289,0.2819944008012195,1.0494112935959725,0.29408008150971016,-0.027578538393515928,0.3174455887924735,-0.0868764265977723,0.930775994193459
DAI,2019,2019,8,"log_daily_return,log_diff_AdrActCnt,log_diff_volume_trusted_spot_usd_1d,log_diff_TxCnt,log_UnemRt,log_IndPro,log_CPIPrc,log_TotRes",0,0.004451144157466502,0.0004287245379006599,1260.1445591455822,1310.503044655268,-621.0722795727911,0.4534803742444071,0.8888685625751065,2.614559201992553,0.003606408790034106,0.007610517822847736,0.47387166996800284,0.6356436692807739,-0.014928003410108324,0.01684386272546666,-0.8862577220804763,0.3755862908014006,0.007541932620519176,0.009413251840826248,0.8012037442586029,0.42310983702400196,0.010591200280660976,0.009548920132582694,1.1091516248546083,0.2674994739332363,-0.023679383463618447,0.017431291957087303,-1.3584411024674945,0.17447850661494946,-0.004422339165687282,0.024497806917654127,-0.18051979838653895,0.8567629868968807,-0.00920041231331291,0.025338083233375927,-0.36310608930331034,0.716564395258252,0.00814971086441629,0.021379149403048994,0.38119902297207464,0.7030964723784137,0.006522668016538206,0.00809897563668808,0.8053695071004715,0.42070318523583317
DASH,3803,3803,8,"log_daily_return,log_diff_AdrActCnt,log_diff_volume_trusted_spot_usd_1d,log_diff_TxCnt,log_UnemRt,log_IndPro,log_CPIPrc,log_TotRes",0,0.0041665192559346975,0.0020499762575414415,23663.498531128156,23719.619162607836,-11822.749265564078,1.9815460796936613,0.04485361574433583,2.0035350032282575,0.07217816217945353,0.08978791807448762,0.8038738811114305,0.4215205799164815,-0.21520173760186906,0.13656347501484464,-1.5758367131363369,0.1151474773279042,0.1184791805169728,0.10710731213290083,1.1061726613955314,0.26872248663678516,-0.029191454680112805,0.10132793106461728,-0.28808892447924633,0.7732945319521337,-0.12261092021111289,0.1473825729254557,-0.8319227828457574,0.40550530594282397,0.3143168640778588,0.19701213332531725,1.5954188139206713,0.11070256372409817,-0.029517993615664873,0.30891546721585056,-0.09555362792837942,0.9238801827551228,0.38855495621825964,0.22540481049951674,1.7238095112397465,0.0848243511764256,-0.354396931423085,0.23027765277603798,-1.5389983663232931,0.12388875135679496
DCR,3301,3301,8,"log_daily_return,log_diff_AdrActCnt,log_diff_volume_trusted_spot_usd_1d,log_diff_TxCnt,log_UnemRt,log_IndPro,log_CPIPrc,log_TotRes",0,0.012975380396652136,0.010554719159120984,21204.063738703782,21258.899397951627,-10593.031869351891,3.2069043205029444,0.0012397083583915525,2.0943984367238158,0.06780607562938454,0.10769447726871466,0.6296151608610134,0.5289904961479084,-0.43639053717107174,0.28486538534014944,-1.5319184415824707,0.12563953234947478,0.26248096668595783,0.27826831941095115,0.9432657200847995,0.34561485996916963,-0.2864254022196624,0.1286068904736982,-2.227138850528698,0.026005989704126906,-0.4121551125073266,0.3193781454475932,-1.2904925348906104,0.19697116466826212,0.7854897076162024,0.23553751334770762,3.3348815500851394,0.00086289646314806,0.679695553627324,0.3130200743655085,2.171412025267282,0.02997189113463904,0.3629916456580177,0.23798224264831905,1.5252887846528649,0.12728402714436207,-0.7013117170382942,0.26676120789430946,-2.628986885215159,0.008604150230795774
DGB,3763,3763,8,"log_daily_return,log_diff_AdrActCnt,log_diff_volume_trusted_spot_usd_1d,log_diff_TxCnt,log_UnemRt,log_IndPro,log_CPIPrc,log_TotRes",0,0.0025134904517492007,0.000370662289454482,25929.207564021905,25985.232271332137,-12955.603782010952,1.2753869952977024,0.2514470025087823,2.05967801391907,0.11877178718528131,0.12763911073759932,0.9305281625586732,0.3521580056293019,-0.06302938020397429,0.12274600933616618,-0.5134943330935905,0.6076360364415258,0.11917799407660806,0.12314642997851018,0.9677746573522705,0.33321976885082516,0.07477900073806235,0.14789625989908667,0.5056179296831842,0.613154816992729,-0.021125977248865252,0.13956120214700826,-0.15137428543078887,0.8796886721477288,0.5639180007620778,0.2527890927592184,2.230784542983465,0.02575473685879779,-0.007595868194212874,0.44090588117858376,-0.017227867711604092,0.9862557531610239,0.7159698475055845,0.36189337411010536,1.9783999894061393,0.047957178643903385,-0.5085601884352402,0.2899957757621299,-1.7536813669051114,0.07956737842085117
DOGE,3803,3803,8,"log_daily_return,log_diff_AdrActCnt,log_diff_volume_trusted_spot_usd_1d,log_diff_TxCnt,log_UnemRt,log_IndPro,log_CPIPrc,log_TotRes",0,0.0050268690450743225,0.0029121546328428893,25057.03967187075,25113.16030335043,-12519.519835935374,1.6901110841488518,0.0955429038167875,1.993830106096323,0.18650347922033234,0.10768190032576096,1.731985400110131,0.08335808715316696,0.00413504231182342,0.2413858153912809,0.017130427921460963,0.9863334724205826,-0.027457358732713356,0.10727870938231138,-0.25594415602878845,0.7980079442413561,0.30785689710778175,0.13764597379577792,2.2365848314934498,0.025371836307575425,0.012878265862372229,0.09098797377085893,0.1415381102430572,0.8874524299335833,0.7009887858660377,0.267045223010453,2.6249815591668484,0.008700406981932376,0.7127757953682724,0.3702665669081705,1.9250341755674834,0.0543003558653445,0.19876587140361757,0.2514021363342149,0.7906292058687103,0.4292102091155331,-0.4714452364757357,0.2070008400747738,-2.2775039768217273,0.02281199183593348
DOT,1745,1745,8,"log_daily_return,log_diff_AdrActCnt,log_diff_volume_trusted_spot_usd_1d,log_diff_TxCnt,log_UnemRt,log_IndPro,log_CPIPrc,log_TotRes",0,0.006186085887353032,0.0015257627262151852,10642.229260611632,10691.253775848032,-5312.114630305816,0.6664275893119436,0.721522713533265,2.0410584641092764,0.05039077265049807,0.1334444238721188,0.37761617299789224,0.7057627209940218,-0.07197631170668539,0.14495315558994604,-0.49654877407634496,0.6195712575727312,0.1422669471998092,0.20145766055724326,0.7061878253042887,0.4801677669831479,0.0061063631931573825,0.12514964204626,0.04879249427577461,0.9610903750905717,-0.13208208591971066,0.2171302976059677,-0.6083079486189608,0.5430642270038575,0.38275465758766136,0.4295372885958999,0.8910859842665471,0.3730086957779607,-0.883752887928552,0.7718501852695392,-1.144979822243529,0.2523781181037265,1.0223438093694148,0.6215884099138922,1.6447279149092222,0.10021016460732754,0.08040006384397005,0.1478181987866619,0.5439118085859453,0.5865732346412883
DRGN,2705,2705,8,"log_daily_return,log_diff_AdrActCnt,log_diff_volume_trusted_spot_usd_1d,log_diff_TxCnt,log_UnemRt,log_IndPro,log_CPIPrc,log_TotRes",0,0.009558994822270295,0.006586928790229152,19253.482873752615,19306.508215686586,-9617.741436876307,2.246637932520236,0.02173497928596639,2.003319032097619,-0.10625119553690313,0.1721928442860849,-0.6170476826573299,0.5372559673564108,-0.6436338083611682,0.26346764194444977,-2.4429330433559415,0.014632925492046277,0.1812297727845935,0.378833015949599,0.47838959423933847,0.6324121652649017,-0.2793101271032337,0.18997385618635765,-1.4702556062726881,0.14161054318324404,0.10016375657757343,0.4184590687638285,0.23936333097874438,0.8108422609737709,0.3931823518639305,0.3712438489136219,1.0590945897541675,0.2896526487336303,-0.4776039890807534,0.4791496336678386,-0.9967741922804919,0.31896458782453657,0.9734104642137196,0.40495559661138913,2.4037461696024947,0.016295902043622794,0.030112008788622746,0.2998999959858713,0.1004068329165345,0.9200288950037857
ELF,2717,2717,8,"log_daily_return,log_diff_AdrActCnt,log_diff_volume_trusted_spot_usd_1d,log_diff_TxCnt,log_UnemRt,log_IndPro,log_CPIPrc,log_TotRes",0,0.00424263148058146,0.0012680015522187338,17728.56778068024,17781.63340615778,-8855.28389034012,1.2380401909348488,0.2723212037625825,2.121723286660083,-0.04337917989444623,0.1251490623290683,-0.3466200951660712,0.7289039794720902,0.06383019536765637,0.3932450837989773,0.16231657558441515,0.8710688080698865,-0.11941236199681876,0.23586932608121608,-0.5062649051521939,0.6127123699969306,-0.35342372035330333,0.1640211332866253,-2.1547450213973276,0.031270696038752856,0.05163984597082051,0.23788430708841446,0.21707966617414376,0.828162796267575,0.20580212366774278,0.37671510468869834,0.5463070662850354,0.5849003888082591,-0.10751479229792471,0.38579024041808213,-0.2786871751379988,0.7805064226260672,0.20435376247437725,0.26930251467233657,0.7588260463256973,0.44802340276680785,0.1176770451582077,0.27309320382026775,0.4309043341688397,0.6665726114951476
EOS,2548,2548,8,"log_daily_return,log_diff_AdrActCnt,log_diff_volume_trusted_spot_usd_1d,log_diff_TxCnt,log_UnemRt,log_IndPro,log_CPIPrc,log_TotRes",0,0.00804993828638978,0.004887084363030314,15639.437835364342,15691.91881729578,-7810.718917682171,1.7925542208657315,0.07387535650202508,2.0114519919506173,-0.11338809559697319,0.10657140136865889,-1.0639636350913086,0.2874475588430817,-0.35421193838078335,0.17349647404188676,-2.0416088588363297,0.041294741552989164,0.08059323659212395,0.09731689972735594,0.8281525286760554,0.4076628904803653,-0.11805375462477129,0.11297437205175703,-1.044960485115042,0.29614189638399363,-0.23901896085222138,0.10159186714447456,-2.352737158697071,0.018712630353478102,0.28486621781393634,0.26494642123983003,1.075184244727257,0.282395629443883,0.037669939572764606,0.3142049159118058,0.11988972057756786,0.9045801063149854,0.2676677089389545,0.21319935725490438,1.2554808437763108,0.209421168424951,-0.05109626656095581,0.19391886502483893,-0.2634930157744628,0.792192243230958
ETC,3232,3232,8,"log_daily_return,log_diff_AdrActCnt,log_diff_volume_trusted_spot_usd_1d,log_diff_TxCnt,log_UnemRt,log_IndPro,log_CPIPrc,log_TotRes",0,0.006741563811277107,0.004252973930441106,21066.967513543328,21121.611291585337,-10524.483756771664,1.4438411198361742,0.1729022629792443,1.8458950896405102,0.10788694558172,0.11407216583310606,0.9457780063505117,0.34433338956093207,-0.48111001048859076,0.3035813291606214,-1.5847812901367229,0.1131150621573685,-0.047191776714737656,0.09257859779406148,-0.5097482338165723,0.6102630860328422,0.07769498482219761,0.11534196180052496,0.6736055431115789,0.5006108832715064,0.13856991169557656,0.1033748277545864,1.340460871427461,0.1801909223453977,0.3887411393383858,0.2736927140914706,1.420356185325653,0.1556016467152025,0.15641488999262998,0.43683090978032063,0.35806735853763183,0.7203165746695595,0.21532968611434183,0.22825410262716053,0.9433770680830654,0.3455594414864338,-0.27791764279338965,0.24804910088132362,-1.1204138285764491,0.2626217187760374
ETH,3584,3584,8,"log_daily_return,log_diff_AdrActCnt,log_diff_volume_trusted_spot_usd_1d,log_diff_TxCnt,log_UnemRt,log_IndPro,log_CPIPrc,log_TotRes",0,0.004522182943161979,0.0022756885746274547,22206.13695559845,22261.719416676882,-11094.068477799225,2.2015415676188574,0.02457453201013808,2.0340248353280863,0.21331610995158545,0.09181571526217355,2.323307173967722,0.020218953012042885,-0.17200028138333873,0.14852381003443269,-1.1580653724373446,0.24691537281337947,-0.007940680235942271,0.0851812753262799,-0.09322095971827311,0.9257332912874228,0.06755826394119809,0.1127464187997444,0.5992054085655024,0.5490742066812904,0.05004841587991227,0.15622282304792268,0.32036558361616274,0.7487100936254283,0.48213598145670206,0.21394021083661646,2.253601506567194,0.024282100848732162,0.06355593543381115,0.36786911279589524,0.17276779491153932,0.8628438151273552,0.40121856662861466,0.20566152228909404,1.9508684082607841,0.05115138295001327,-0.3560809129945414,0.24416703950272658,-1.4583496352322571,0.14483278270823574
FTT,2111,2111,8,"log_daily_return,log_diff_AdrActCnt,log_diff_volume_trusted_spot_usd_1d,log_diff_TxCnt,log_UnemRt,log_IndPro,log_CPIPrc,log_TotRes",0,0.0046652292969768805,0.0008222379043011374,14106.842882097408,14157.60831653495,-7044.421441048704,0.802566721952652,0.6003073716493084,1.9564636694491724,-0.016308658659064057,0.1568766065543519,-0.10395851247211747,0.9172123334689828,0.34690026513899735,0.9076051777775254,0.38221494724001065,0.7023411337106011,-0.07428501389027345,0.34334413602082586,-0.21635731063066013,0.828730537313429,-0.09171965670623969,0.26400692218824373,-0.34741383273595083,0.7283157275482202,-0.07352467893324174,0.29325281608888076,-0.2507211351414864,0.8020545778172403,0.3054674120221267,0.25040056231807833,1.2199150401032173,0.2226359160298226,0.006077492372550092,0.2900565695580447,0.020952783044391254,0.9832853385111138,-0.024562685548983096,0.2413529704249973,-0.10177080276132827,0.9189484485193427,0.12006778423903677,0.1933372654396451,0.6210276325467055,0.5346497512229991
FUN,2828,2828,8,"log_daily_return,log_diff_AdrActCnt,log_diff_volume_trusted_spot_usd_1d,log_diff_TxCnt,log_UnemRt,log_IndPro,log_CPIPrc,log_TotRes",0,0.0072717452360573365,0.004424191977501879,18651.931918929255,18705.361860326284,-9316.965959464627,1.3961057144874807,0.19287778651716148,2.0907830525064095,-0.06006544015257399,0.1280118157464117,-0.4692179374407294,0.6389505422558668,-0.36736481424979955,0.3104680922621312,-1.1832610931870897,0.2368065361852065,-0.029335254266142974,0.20114300293538664,-0.14584277771554582,0.8840560446546439,-0.3324825425781228,0.16506179958495087,-2.0142912740207164,0.04407479371496848,0.23603997615878983,0.24121742712162733,0.9785361653815049,0.3278940833537618,0.6002758583364577,0.32450341507657415,1.8498290940784354,0.06444390347594,0.26075080706663556,0.39154461148448866,0.6659542729448734,0.5054954042395159,0.35099259878942357,0.26337229747360275,1.332686095524541,0.18274370157058817,-0.14365810785639987,0.229006562641738,-0.627310004565857,0.5305073975405628
GAS,2853,2853,8,"log_daily_return,log_diff_AdrActCnt,log_diff_volume_trusted_spot_usd_1d,log_diff_TxCnt,log_UnemRt,log_IndPro,log_CPIPrc,log_TotRes",0,0.026194446352545087,0.0234259870671224,19150.666183685425,19204.176182539708,-9566.333091842713,2.4727787701787163,0.01139057958672021,2.1938061048460145,-0.036099157804321325,0.13478053273246274,-0.26783658643030883,0.7888447371508095,1.1056366545681715,0.4013266161689942,2.754954717736937,0.0059078006825072004,-0.22100017626872226,0.14368934994726856,-1.538041450878756,0.12415090905891045,-0.30813835939854234,0.14401419605204416,-2.1396387845486196,0.0324697524598146,-0.2590127897646876,0.13543988204146706,-1.9123819798173387,0.05592864329335815,0.350111593160537,0.30392030179141966,1.1519848825394312,0.24942514465584245,0.008694360253565792,0.3752695199795486,0.023168309150286483,0.9815176601127765,0.3366748464723937,0.24495750264462257,1.3744214520378748,0.16942032405418725,-0.06264825420371906,0.23472815695637317,-0.2668970566465229,0.7895679796230944
GNO,2951,2951,8,"log_daily_return,log_diff_AdrActCnt,log_diff_volume_trusted_spot_usd_1d,log_diff_TxCnt,log_UnemRt,log_IndPro,log_CPIPrc,log_TotRes",0,0.008126567931957096,0.005401640920781214,18464.659100659817,18518.47623238131,-9223.329550329909,5.05678372081463,2.918660720554589e-06,2.007511156874029,0.013628110083144216,0.10481890027203691,0.13001577051252328,0.8965629295101659,-0.35677440047860454,0.071210122817343,-5.010164094137937,5.763189928245645e-07,-0.16783577247700715,0.17569885578189887,-0.9552468155247839,0.3395321868734049,0.1393419286376727,0.1355613269320529,1.0278884973405045,0.3040876516929208,0.11059538928751972,0.20191504446281647,0.5477322880112895,0.5839177175255005,0.4349868514328525,0.2590594625985598,1.6791004160574166,0.09323975765628009,-0.14318622250372431,0.30110763075758945,-0.4755316965679897,0.6344437145711681,0.3842578290971685,0.23930321737770416,1.605736158952996,0.10844032088584653,0.036815169976104095,0.22836009296260654,0.1612154273475992,0.8719349142379311
GNT,3023,3023,8,"log_daily_return,log_diff_AdrActCnt,log_diff_volume_trusted_spot_usd_1d,log_diff_TxCnt,log_UnemRt,log_IndPro,log_CPIPrc,log_TotRes",0,0.0038555967844199346,0.0011849683575685388,19958.20576307848,20012.242046649153,-9970.10288153924,1.5557120632818253,0.13293307538484464,2.109603124072929,0.08310304675585453,0.123733645439116,0.6716285328936338,0.5018721995571649,0.16302686008021425,0.16764318844388953,0.9724633705280523,0.3308988994487103,-0.3164434422825584,0.1533520466557615,-2.063509742344019,0.03915051668640802,-0.1654363638373657,0.12851917447598576,-1.2872504395698405,0.19810684688592606,0.1766839347340815,0.1539849535052503,1.1474103846650008,0.2513040363974119,0.46389877337870705,0.2989684099391191,1.5516648513907332,0.1208484829236229,-0.0008276133955287257,0.3506662991815415,-0.002360116719115533,0.9981170588166226,0.42785301913440454,0.27778154212094386,1.5402499959774894,0.1236054573083535,-0.23704578614117822,0.2839064043773771,-0.834943426729077,0.4038164030090151
GUSD,2449,2449,8,"log_daily_return,log_diff_AdrActCnt,log_diff_volume_trusted_spot_usd_1d,log_diff_TxCnt,log_UnemRt,log_IndPro,log_CPIPrc,log_TotRes",0,0.13391289988622557,0.13103792196053665,8179.140531054747,8231.260516650238,-4080.5702655273735,1.533293315309883,0.1403741725845719,2.790129792927332,-0.01003409291586071,0.026420845462785048,-0.3797794029715734,0.704142635807798,0.5099146865626125,0.21922339086346418,2.32600492380941,0.02010085403343983,-0.06160116429509705,0.06964717589424753,-0.88447468980842,0.3765282489842444,0.0188352644925207,0.0530392145183215,0.355119597142872,0.7225310706975172,0.06540496001782882,0.049519853462012424,1.3207825840599903,0.1866992689284704,0.02364359812056316,0.05568008271946826,0.4246329560910708,0.6711421693668398,-0.010787930001163841,0.08705354719822922,-0.12392292271099185,0.9013866373215326,0.034741135242264666,0.06332392725514108,0.5486257209267471,0.583313149579433,0.029327575955254103,0.037291260756023493,0.7864463512544813,0.4316833593331407
HEDG,817,817,8,"log_daily_return,log_diff_AdrActCnt,log_diff_volume_trusted_spot_usd_1d,log_diff_TxCnt,log_UnemRt,log_IndPro,log_CPIPrc,log_TotRes",0,0.02214251286146629,0.012460755563064918,6330.157484862218,6372.5082367159575,-3156.078742431109,1.6659490790045666,0.10296057187196916,2.024774009821971,-0.033959725804650065,0.405266628786504,-0.08379600833736592,0.9332393774991368,-1.6654472015212918,0.6071186374138804,-2.7431989382100546,0.006219142390980427,0.3050164785415458,0.7923478529007438,0.38495274193638124,0.7003737347500337,0.637563298321934,0.4922226748281424,1.2952741328800765,0.19559562737055547,0.45298218410589464,0.8133424441595647,0.5569390695870617,0.5777232883035258,-0.29313793202601435,0.5138006958318022,-0.5705284839123222,0.5684779277453762,0.04878971052566217,0.6042160454953999,0.08074878330260037,0.9356617360191752,-0.19859383327796576,1.4651652736362344,-0.1355436392408464,0.892215823020196,-0.08867506369224265,1.504994222957149,-0.05892053427155744,0.9530299711255741
HT,2278,2278,8,"log_daily_return,log_diff_AdrActCnt,log_diff_volume_trusted_spot_usd_1d,log_diff_TxCnt,log_UnemRt,log_IndPro,log_CPIPrc,log_TotRes",0,0.0032291572174673044,-0.00033232859863829844,13601.47893874247,13652.939104641591,-6791.739469371235,1.1230469465954762,0.3441210976472221,2.038663217550101,-0.0757225095718369,0.10479250954098572,-0.7225946768859547,0.470004406482865,-0.03776396150964016,0.20292026121941198,-0.18610246844107425,0.8523812647112485,-0.05956568823926101,0.22347996598496828,-0.2665370382384411,0.7898501819032757,-0.07973212306564748,0.08895642383421384,-0.8963054002063134,0.3701860303080665,0.17954341443571212,0.22622443876842033,0.7936517177947592,0.4274823151749654,0.1950275673311117,0.2520831818645013,0.7736635418857182,0.4392114606492358,0.15432304677062553,0.2796600306587585,0.5518237497403792,0.5811241843428145,-0.14562557904874684,0.1900135283428094,-0.7663958472789324,0.4435215956041707,-0.12704194419285647,0.16626155080837293,-0.7641089811515137,0.4448828153577332
HUSD,1218,1218,8,"log_daily_return,log_diff_AdrActCnt,log_diff_volume_trusted_spot_usd_1d,log_diff_TxCnt,log_UnemRt,log_IndPro,log_CPIPrc,log_TotRes",0,0.008174228199234967,0.0016112785098998383,-586.7411895839541,-540.7965005495255,302.37059479197706,0.6280999470009128,0.7547061646065483,2.947316699221958,-0.0007582440578799542,0.0054291935238713245,-0.1396605323693238,0.8889514727118336,-0.0009853272312095687,0.006478056389856732,-0.15210229301992229,0.8791316334338185,0.00047155777027899776,0.00587174486407561,0.08030964920905759,0.9360042753581215,-0.0021677711217364796,0.0014610002922867556,-1.4837581711523735,0.13813372890704717,0.016494132161774495,0.018104729393269316,0.9110399721249861,0.3624559171600523,-0.0013448539680649537,0.0053236459454120135,-0.2526189723837601,0.800605609550489,-0.0016394310847420044,0.005350329053151477,-0.3064168705243164,0.759340024822801,-0.0020292040690473457,0.012346055489634397,-0.16436051747467373,0.8694748169405242,0.0020864786814641365,0.007564522287417765,0.2758242493296136,0.7827301947079138
ICP,1481,1481,8,"log_daily_return,log_diff_AdrActCnt,log_diff_volume_trusted_spot_usd_1d,log_diff_TxCnt,log_UnemRt,log_IndPro,log_CPIPrc,log_TotRes",0,0.027866374457096832,0.02247312272038171,9191.241221909411,9238.761296185368,-4586.620610954706,17.127138022047376,1.6240405263581657e-24,1.9604705584258735,-0.29851385031553657,0.1568922194171735,-1.9026682867032036,0.05728286801591607,-0.757181555977839,0.08649634275039833,-8.75391411822845,5.653140667238249e-18,-0.17626952461151904,0.4344910862379727,-0.4056919237118145,0.6850291638108277,0.1045798229701248,0.17430803694968436,0.5999713197407687,0.548619615863398,-0.005781625627840736,0.5201962560330865,-0.011114316108174763,0.9911337787425702,-1.238035457573976,0.740832895542679,-1.6711399629022732,0.09491101934829908,-0.7103404505949749,0.6382595102625985,-1.1129335938961884,0.26592244127291464,-0.07300260713263976,0.7659799644571356,-0.09530615749770698,0.9240848939094723,0.35322833361440725,0.2487017955322867,1.420288634661469,0.1557398379329998
KNC,2803,2803,8,"log_daily_return,log_diff_AdrActCnt,log_diff_volume_trusted_spot_usd_1d,log_diff_TxCnt,log_UnemRt,log_IndPro,log_CPIPrc,log_TotRes",0,0.002871904056091168,-1.4139636944854317e-05,18306.973925381422,18360.323090791964,-9144.486962690711,0.9868119193828178,0.44411083100632787,2.0267446168442467,-0.05197835000180978,0.12320312084842631,-0.42189150440237166,0.673137021772346,-0.17149394436852772,0.17571853381067176,-0.9759582022992758,0.32917058465045124,0.26697837849419037,0.27705569338093927,0.9636271149537684,0.33531720447359903,0.010944541302034372,0.13972109951576572,0.07833134250993654,0.9375701563200585,-0.2507786085211848,0.27578874316285923,-0.9093141570796259,0.3632636017084053,-0.09817281675698815,0.3095098062776697,-0.31718806566314295,0.7511248614794745,-0.5912809543099518,0.38017547527749124,-1.5552843167444559,0.11999285722344662,0.1489639609438109,0.2773404033565569,0.5371159742358148,0.5912307408475865,0.38762505312780293,0.25996588797708053,1.4910612163161086,0.13605953413367633
LDO,1358,1358,8,"log_daily_return,log_diff_AdrActCnt,log_diff_volume_trusted_spot_usd_1d,log_diff_TxCnt,log_UnemRt,log_IndPro,log_CPIPrc,log_TotRes",0,0.008056011449594669,0.0020396718677878622,8916.841336580519,8963.564200550847,-4449.4206682902595,1.2048237602410041,0.29231108978737225,2.030978341232803,-0.16700934962856573,0.18392229270009128,-0.9080429956410763,0.364021377481783,-0.10279599123830072,0.17688194735620713,-0.5811559222111504,0.5612346616333292,-0.1836892643602338,0.33601951121958046,-0.546662494965054,0.5847030876013489,-0.8555236171954905,0.32958878857839136,-2.595730336840653,0.00954382330048093,1.0048190456010002,0.46887674271515445,2.1430345207193056,0.0322928398176627,-0.6590662709488073,0.798574243242415,-0.825303691580172,0.4093484325431108,0.11832510122941123,0.642222326145484,0.1842432073945165,0.8538509861835486,-0.6866590711159148,0.9622121345240183,-0.7136254537629454,0.47558506097436404,0.04275543866737644,0.3006711895757006,0.14219998506578502,0.8869437604110462
LEND,2730,2730,8,"log_daily_return,log_diff_AdrActCnt,log_diff_volume_trusted_spot_usd_1d,log_diff_TxCnt,log_UnemRt,log_IndPro,log_CPIPrc,log_TotRes",0,0.009841366949138508,0.0068977515405889145,18546.572575161743,18599.681638629674,-9264.286287580871,2.39978671513087,0.014070379798064529,2.0037523615219746,0.17929600882322821,0.14358955225759654,1.248670296718908,0.21189430688522812,-0.24005265035302048,0.1888428072899406,-1.271177090607717,0.20377552066140142,-0.7072342334340879,0.3244423476488964,-2.179845629151468,0.02935530878340548,-0.319093819464983,0.2483505634697648,-1.2848524078498045,0.19895444661359832,0.5515498624836789,0.32313869253291977,1.7068518107824235,0.0879649663897598,0.7631582461680184,0.40304870361029227,1.8934640884142777,0.05840335735039894,-0.23078209747466788,0.44890193878365875,-0.5141035881912056,0.607221782248375,0.828614883118299,0.3110161868198309,2.6642178710727644,0.007762799079486028,-0.22155541872647777,0.26727399628136067,-0.8289449097518835,0.40720909994347654
LINK,2801,2801,8,"log_daily_return,log_diff_AdrActCnt,log_diff_volume_trusted_spot_usd_1d,log_diff_TxCnt,log_UnemRt,log_IndPro,log_CPIPrc,log_TotRes",0,0.008748408591914836,0.005877296089646711,18172.148971856415,18225.491643760182,-9077.074485928208,1.5901161498469993,0.12239215605330668,1.937272748985954,0.14609892900699842,0.12082939214472332,1.2091340228874818,0.2267148520838911,-0.5212893990827413,0.2303811586519966,-2.262725832845461,0.023729945314120166,0.22369679116003027,0.2922276026808691,0.7654882328289885,0.44404627660501494,0.11388699271878318,0.1654048681148145,0.6885347089042713,0.49117394755160515,-0.057848386983426314,0.3387358621733878,-0.17077727351412123,0.8644114085209396,0.3912162279443032,0.29728944303418464,1.3159438961285892,0.1883020812549534,-0.010340869430577715,0.3473382285087596,-0.02977175727236982,0.9762512341759404,0.3899905285178277,0.2503266111724661,1.5579267689168619,0.11936517667490061,-0.28188030785150553,0.2323416614473816,-1.2132146516277837,0.22515150807507167
LOOM,2585,2585,8,"log_daily_return,log_diff_AdrActCnt,log_diff_volume_trusted_spot_usd_1d,log_diff_TxCnt,log_UnemRt,log_IndPro,log_CPIPrc,log_TotRes",0,0.002470140563211709,-0.0006642816188364709,17321.988913998455,17374.601181522197,-8651.994456999228,0.851002209055618,0.5575987797807185,2.009188607100562,-0.12639722429776146,0.14248196254633622,-0.8871103544538567,0.3751032792782675,-0.1285119482451397,0.20515421000758025,-0.6264163345241187,0.5310980560927778,-0.20897911246525352,0.32112929268562085,-0.6507631574732732,0.5152581094572122,-0.054232052464558804,0.1619483334024271,-0.33487255672954047,0.7377488104714844,0.08275233629192405,0.3242740770064907,0.2551925736890392,0.7985949788416133,0.4491528660190555,0.3445146237805336,1.3037265619969145,0.1924446969333892,0.14143288671414173,0.39524016402846013,0.3578403704537415,0.7204924397154797,0.2393411148120851,0.2884454167327524,0.8297622389813774,0.4067510161669915,0.019165496275553834,0.2760425205571684,0.06942950758770752,0.9446531943049601
LPT,2354,2354,8,"log_daily_return,log_diff_AdrActCnt,log_diff_volume_trusted_spot_usd_1d,log_diff_TxCnt,log_UnemRt,log_IndPro,log_CPIPrc,log_TotRes",0,0.006534415367312363,0.003101272958214496,16168.539457716415,16220.298863778162,-8075.269728858208,2.486049927907594,0.011002366737008282,2.017643470406073,-0.01712088545403333,0.16278801015789668,-0.10517288980574725,0.9162477335891316,-0.3076770934156472,0.11378987806226055,-2.703905643059926,0.006903105491706622,-1.0169923783684023,0.47744213984319755,-2.130085079424294,0.033269767407678764,-0.09472370665818344,0.17102682955776957,-0.5538529066060223,0.5797330072760372,0.999007806038535,0.5276352316181493,1.8933682706796937,0.05843350567226301,0.6272680060195023,0.4446848316031717,1.4105900661330952,0.15849987637848664,-0.021083462190717883,0.4915774227068385,-0.04288940300517301,0.9657933948997421,0.422356031768324,0.36318558386357436,1.1629206954617894,0.2449815388473388,0.05605894434175632,0.2667208752276724,0.21017831579138496,0.8335469988815818
LTC,3803,3803,8,"log_daily_return,log_diff_AdrActCnt,log_diff_volume_trusted_spot_usd_1d,log_diff_TxCnt,log_UnemRt,log_IndPro,log_CPIPrc,log_TotRes",0,0.0019425103868290217,-0.00017875951670576207,23358.874256871983,23414.994888351663,-11670.437128435991,0.9859955477201792,0.4446857280287002,2.006538901105889,0.0964309816677752,0.08607610828158557,1.1202990422419559,0.2626578258414176,-0.10087691706622394,0.13600890353667178,-0.7416934806699969,0.4583193449165328,0.03841370374069737,0.08478123487340762,0.4530920527172714,0.650508574184471,-0.05313106381980124,0.0905037219756576,-0.5870594342417395,0.5571990003395446,-0.07709028855742851,0.0935549424978134,-0.824010859279084,0.40998559680532354,0.32419796443830445,0.18111199026793265,1.7900414211046651,0.07352760485716843,0.21423974332151235,0.29351147083691703,0.7299194907464104,0.46548482022621585,0.22559909622676994,0.21328254075891706,1.057747602893454,0.2902384044045831,-0.32372941637347036,0.214612605021727,-1.5084361719606199,0.13152685859637567
MAID,3675,3675,8,"log_daily_return,log_diff_AdrActCnt,log_diff_volume_trusted_spot_usd_1d,log_diff_TxCnt,log_UnemRt,log_IndPro,log_CPIPrc,log_TotRes",0,0.015312990365783818,0.013164191654088775,26073.24023364132,26129.124009346146,-13027.62011682066,1.8904602260432015,0.05713726323926692,2.212239818783322,0.04769670837851476,0.1384236867546118,0.34457042357980444,0.7304371089055419,-0.9041740216929739,0.6227523595091161,-1.4518997927293091,0.14661504218733326,-0.3958036261306614,0.4168015107803553,-0.9496213806653898,0.34236726716283705,-0.37057896162527104,0.19116811957119326,-1.9384977079677925,0.05263919682995931,0.4903528091705419,0.3960620909095213,1.2380705460714263,0.21576918299783096,0.5557272938616185,0.21670862767489874,2.564398565133769,0.010374966469354683,0.1247157270949114,0.3850739264059136,0.32387476414969274,0.7460513256951622,0.6177957034791931,0.4097256321904436,1.5078278119344921,0.13168476898906648,-0.46719592550799627,0.2460821409724618,-1.8985364954227968,0.05770389974166394
MANA,2836,2836,8,"log_daily_return,log_diff_AdrActCnt,log_diff_volume_trusted_spot_usd_1d,log_diff_TxCnt,log_UnemRt,log_IndPro,log_CPIPrc,log_TotRes",0,0.003440174758799097,0.0005898070069473293,20146.23389085033,20199.68952819629,-10064.116945425165,1.2066900260542104,0.2906636192126242,1.968685724184512,0.07702963232972991,0.16311645416972345,0.4722370451332899,0.6367944411691986,-0.37746401014375003,0.3398673139769799,-1.110621688584377,0.26682668898148565,-0.03108874278750373,0.44489803382115684,-0.06987835509293575,0.9442954764921379,0.21111915222226846,0.2531616711949531,0.8339301570643022,0.40439155419284045,-0.00032665317053651166,0.4843794608664482,-0.0006743745284992082,0.99946197510792,0.37982246483046195,0.3527246978656313,1.0768241269431986,0.28165171157129987,0.1672146184304559,0.4029985579474359,0.4149260962176101,0.6782278282298435,-0.09722832081086878,0.30475808014119654,-0.3190344313949682,0.7497242265869124,0.14384009557124872,0.34005251861384467,0.42299376624994217,0.6723323278315232
MKR,2713,2713,8,"log_daily_return,log_diff_AdrActCnt,log_diff_volume_trusted_spot_usd_1d,log_diff_TxCnt,log_UnemRt,log_IndPro,log_CPIPrc,log_TotRes",0,0.004183649669294631,0.0012043935725686294,17266.43656352886,17319.48878118269,-8624.21828176443,0.8492809694331928,0.5590961642861094,2.2305057665160084,0.013483619859942182,0.11592862061523165,0.11630967217918052,0.9074158543293108,-0.2721087622606827,0.2636527580314715,-1.0320725043513554,0.30213148833748055,0.019033159026479562,0.19396182532991574,0.09812837651999545,0.9218377097350332,0.07410042612990349,0.132678193621147,0.5584973996668353,0.5765515411224482,0.046556879910793644,0.19268243261341342,0.24162493320915562,0.8090893275027916,0.5728851234342711,0.290168796153514,1.97431678053758,0.048448486201676466,0.35793592383542355,0.3782900075601839,0.9461944980888185,0.3441348839649061,0.29572878658253243,0.2369240214773981,1.2482009411221484,0.21206676038046018,-0.27051003248126765,0.20545706197120517,-1.3166256242833827,0.18807697739228632
NEO,2877,2877,8,"log_daily_return,log_diff_AdrActCnt,log_diff_volume_trusted_spot_usd_1d,log_diff_TxCnt,log_UnemRt,log_IndPro,log_CPIPrc,log_TotRes",0,0.0035325010956638314,0.000723572275637463,18388.891355185897,18442.4775449714,-9185.445677592948,1.3512075680706233,0.21325995002641895,2.0156953847979406,0.01408825442686834,0.1136994708619235,0.12390782753929523,0.9013970298933408,-0.23334751213160904,0.144754416901602,-1.6120234333866919,0.10706803242478057,0.11248347678886521,0.13486475971307973,0.8340464701688569,0.4043249922061558,-0.1025183434000811,0.11945910956935142,-0.85818774114137,0.3908612745654597,-0.05696225996727143,0.12495234338058213,-0.45587188224053343,0.6485169888305904,0.39330617554433545,0.25392505157478157,1.5489065498072994,0.12151568543730096,0.016936675611508578,0.3164019137187492,0.05352899232639803,0.9573141987621743,0.3374276231928424,0.23822283159009128,1.4164369592141037,0.15675735791655393,-0.2626264049332807,0.220138540558319,-1.1930051151752132,0.2329670965352853
OMG,2877,2877,8,"log_daily_return,log_diff_AdrActCnt,log_diff_volume_trusted_spot_usd_1d,log_diff_TxCnt,log_UnemRt,log_IndPro,log_CPIPrc,log_TotRes",0,0.008683100284207379,0.005888690418905496,19084.946038696886,19138.53222848239,-9533.473019348443,2.7750201528114444,0.004668059262468662,1.9818396878727504,-0.015979248793415432,0.1292900757029425,-0.12359223015793906,0.9016468967324661,-0.3633352905499657,0.1874412834785473,-1.9383952340016362,0.05267406477443848,-0.27123631345901217,0.344324712261573,-0.7877340887835033,0.43091804644781506,0.20575568201632866,0.1703794549558101,1.2076320004057637,0.2272894745076588,-0.10149017418956396,0.35149035850950544,-0.28874241279315016,0.7727995914795938,0.27464622426374163,0.31572585977721873,0.8698882773097409,0.3844350287210143,-0.5412625922109797,0.38337936654180954,-1.4118198302984368,0.1581126471234709,0.4704848970193613,0.2950465430300798,1.5946124709259706,0.11091027141269796,-0.011660943312042843,0.26282860064930086,-0.044367101918266295,0.9646149059855151
PAX,2374,2374,8,"log_daily_return,log_diff_AdrActCnt,log_diff_volume_trusted_spot_usd_1d,log_diff_TxCnt,log_UnemRt,log_IndPro,log_CPIPrc,log_TotRes",0,0.0005150576071760726,-0.0029093019384953678,571.7041472075271,623.5406745637991,-276.85207360376353,0.07664200197871185,0.9997103874561142,2.8877395670283112,5.505510034821935e-05,0.005688440226624651,0.009678417660175959,0.9922786873227418,-0.004063523720644301,0.010275481578142818,-0.3954582264336791,0.6925408702199174,-0.006446864414158036,0.015122041870259555,-0.42632234915557615,0.6699122721805312,-0.0035568958825452687,0.008263308986800737,-0.43044449726215234,0.6669120583955404,0.008357075817541089,0.016409008090621003,0.5092980496680841,0.6105914496975096,-0.0006811954973458736,0.00888382451146031,-0.07667818026651899,0.9388861322268629,-0.0007421334058793716,0.007977753707016198,-0.09302535940996616,0.9258913952517598,0.00012116563782978151,0.011686648960612526,0.010367868346019946,0.9917286718109908,-3.628096258601141e-05,0.010698108941788395,-0.0033913435340233457,0.9972943942378092
PAXG,1932,1932,8,"log_daily_return,log_diff_AdrActCnt,log_diff_volume_trusted_spot_usd_1d,log_diff_TxCnt,log_UnemRt,log_IndPro,log_CPIPrc,log_TotRes",0,0.003956354408803375,-0.00025302180077391156,5369.136637326721,5419.092588514669,-2675.5683186633605,0.8660823190707843,0.5445331291890008,2.3619741857995975,0.04017531436324352,0.022193441934519092,1.8102336033220652,0.07041807347681629,-0.008643400930485531,0.011627924052294117,-0.7433313884416232,0.45737331411644233,-0.041866749240838684,0.04643787786623908,-0.9015646529204628,0.36740286507896425,0.009912044395597298,0.040468928141951306,0.24492974859203584,0.8065373741051953,0.05805801117216197,0.06342871500092256,0.9153269330983218,0.3601366041218045,0.02458285725732097,0.11771600043523159,0.2088319104151579,0.8346019276443477,-0.07352996605484215,0.08775452462789561,-0.8379051264493805,0.4021897684133279,0.10308587359719219,0.07284096483928222,1.415218398392209,0.15716895421005012,0.027334181796093454,0.02475477821549011,1.104198210064726,0.2696475007180583
PAY,2797,2797,8,"log_daily_return,log_diff_AdrActCnt,log_diff_volume_trusted_spot_usd_1d,log_diff_TxCnt,log_UnemRt,log_IndPro,log_CPIPrc,log_TotRes",0,0.004761474304779245,0.0018746330409786793,19004.27578960213,19057.60546042021,-9493.137894801064,0.8691111510903875,0.5418539075954771,2.160183085473951,-0.2354948337284626,0.14123236513682427,-1.6674282378569385,0.09554281309823628,-0.38109510679525455,0.31239560867157234,-1.21991185604631,0.22260259446461628,-0.23269756419590037,0.31870295137932625,-0.7301393450823095,0.4653670247981875,-0.21231516542374826,0.18439384579851217,-1.1514221882206732,0.24965839617269994,0.2536049685480023,0.3361204558965206,0.7545062018661493,0.45060973967791806,0.440371892535856,0.3365225346763558,1.3085955535173162,0.19078042132232184,0.0087165803668839,0.42100179175922964,0.020704378312643622,0.9834829740691957,0.4440942415565464,0.3401653638017525,1.3055245736757708,0.19182317687972458,-0.12528489685847616,0.30793803861129154,-0.4068509932175758,0.6841490016613612
PERP,1577,1577,8,"log_daily_return,log_diff_AdrActCnt,log_diff_volume_trusted_spot_usd_1d,log_diff_TxCnt,log_UnemRt,log_IndPro,log_CPIPrc,log_TotRes",0,0.006425480073736778,0.0012573421287368491,10408.939257606104,10457.035913261261,-5195.469628803052,1.6884472217693,0.09652380965896701,2.002870039182355,-0.17309862369793294,0.18240877878402847,-0.9489599396029139,0.3427900710788352,0.09691063620515672,0.0803965845889026,1.2054073776976542,0.2282314979011886,0.08282563439397146,0.3059442464629981,0.2707213335485577,0.7866416929945725,-0.8217037007047088,0.310685212780081,-2.6448111043068954,0.008256855723479619,0.5594965827968056,0.4426622758721315,1.2639355402366004,0.2064446931753253,0.6001633813453748,0.5546841706593687,1.0819911818142272,0.2794260592285416,-0.3837701649295885,0.6854175701893759,-0.5599071013361323,0.5756243403659934,0.9326162447406159,0.7111183569349587,1.3114782309380266,0.18989198756938203,-0.16240221834897,0.20376405658874963,-0.797011117013346,0.42556759301861435
POLY,2542,2542,8,"log_daily_return,log_diff_AdrActCnt,log_diff_volume_trusted_spot_usd_1d,log_diff_TxCnt,log_UnemRt,log_IndPro,log_CPIPrc,log_TotRes",0,0.039522521888184836,0.03645267777116756,17499.549453271706,17552.00896402,-8740.774726635853,6.612867885575239,1.3998715413649088e-08,2.0204217524902304,-0.11915791534589858,0.1584992680633332,-0.7517884265451965,0.45224898644112854,-1.58467290153577,0.24491789302798386,-6.470221027725026,1.1731515794022614e-10,-0.1717285512578517,0.3332303098657583,-0.5153449316391191,0.6063575166559787,0.2680846873724015,0.1942852166837387,1.379851189649674,0.16775570942602658,-0.050423090324024526,0.3661101368265286,-0.13772656163278033,0.8904676041795326,0.5558670570418738,0.37928444829973257,1.4655677540530092,0.14289168411592457,-0.055999165711583976,0.44053904435783203,-0.12711510234742807,0.8988595089832268,0.30100255778710233,0.33664100672474306,0.8941351522074649,0.37133554893971743,0.10659015551981968,0.3066460418830387,0.3475999718283513,0.7281698538984576
POWR,2767,2767,8,"log_daily_return,log_diff_AdrActCnt,log_diff_volume_trusted_spot_usd_1d,log_diff_TxCnt,log_UnemRt,log_IndPro,log_CPIPrc,log_TotRes",0,0.0022124957215736707,-0.0007135673408265042,18364.92586489721,18418.157424278575,-9173.462932448605,0.7196017757948281,0.6744224182923952,1.9780804196843491,0.01747755401516333,0.13106422973841766,0.13335106039264574,0.8939255834980032,-0.08403561716607716,0.2508485830931897,-0.33500534916259866,0.7376468077652552,-0.34749196151097816,0.27604194218770955,-1.2588375475009603,0.20819672649782778,-0.3023467128922839,0.21318665517444432,-1.4182253229916408,0.15623921163912427,0.4748805396914711,0.30580862211602755,1.5528683802489243,0.12057057942615902,0.12657541521535728,0.3244070622628831,0.39017465998562934,0.696437859900086,-0.19308678493386336,0.4265260355151637,-0.45269636283902487,0.6508033972260687,0.13505352908151863,0.3046589807689388,0.4432941012953322,0.6575881737393052,0.11955486327796867,0.2978400717970037,0.4014062397871454,0.6881524965565231
PPT,1818,1818,8,"log_daily_return,log_diff_AdrActCnt,log_diff_volume_trusted_spot_usd_1d,log_diff_TxCnt,log_UnemRt,log_IndPro,log_CPIPrc,log_TotRes",0,0.015769658972732525,0.01141706487200389,13021.597925637678,13071.147356110314,-6501.798962818839,2.8556260179635355,0.0037152277298100915,1.9827045817780584,-0.22554045745942025,0.20334398804274115,-1.1091572444817674,0.2675097813758403,-0.8758026290087364,0.28716170089472476,-3.049858759994638,0.00232271830005303,-0.8152140849303758,0.4185163280344685,-1.9478668580482141,0.05158538770911303,-0.007126011994370879,0.29274698360942886,-0.024341880167339708,0.9805825921646041,0.7570361697314111,0.46514141130715325,1.6275398219306407,0.10379664229413145,0.6856630227104812,0.333286403401382,2.057278711981318,0.03980248800872633,0.44524772327238904,0.35654753667208405,1.248775205203233,0.2119088817582812,-0.28676240575131057,0.3869446446668174,-0.7410941324649427,0.4587325545727624,-0.2863358504830814,0.45904787109991746,-0.6237603276473029,0.532863639694382
QASH,2593,2593,8,"log_daily_return,log_diff_AdrActCnt,log_diff_volume_trusted_spot_usd_1d,log_diff_TxCnt,log_UnemRt,log_IndPro,log_CPIPrc,log_TotRes",0,0.01807138807585207,0.015031361413548217,17978.094888860654,18030.8400259305,-8980.047444430327,1.5704823125170673,0.12837866163236486,2.057688485341718,-0.09739834611317136,0.15193581831087333,-0.641049274594923,0.5215475184409866,-1.0049554125458107,0.5171511342419617,-1.9432528442944843,0.052094074200501224,0.5594596965361298,0.4166339799035347,1.3428086126476393,0.17945189273424314,0.1446223392859093,0.16548175144569965,0.8739473568683188,0.3822281363086796,-0.58917602428659,0.47940956689366065,-1.2289617583231855,0.21919804868654222,0.3346165077009976,0.26082077327816655,1.2829365678788458,0.19962935834392773,0.2075659798857822,0.2994442521056194,0.6931706934637367,0.4882647340139994,0.14519609228992625,0.28772606729698347,0.5046330826190265,0.613859598567223,-0.1311791850805079,0.2929646973680213,-0.44776447899359373,0.6543607164073134
QNT,2268,2268,8,"log_daily_return,log_diff_AdrActCnt,log_diff_volume_trusted_spot_usd_1d,log_diff_TxCnt,log_UnemRt,log_IndPro,log_CPIPrc,log_TotRes",0,0.004394407062411232,0.0008211254367940235,14372.42783518532,14423.847876185167,-7177.21391759266,0.9777630013250357,0.451356327594301,2.132513991860006,0.144497248945792,0.12521179549855285,1.1540226571342636,0.2486145966293048,-0.14827594494704016,0.21763389728047047,-0.6813090552523309,0.4957467292914236,0.29091183278612087,0.38815968978653986,0.7494643066777532,0.45365649168136213,0.26707990397059755,0.18235472667603592,1.4646173907248425,0.14316635551300652,-0.25969642580709135,0.40712156144900197,-0.6378842350741529,0.5236145621048671,0.38701879563392305,0.3408597786475428,1.1354193714774126,0.2563217179632339,0.1614598822289327,0.3803112200433254,0.42454672310361774,0.6712081111530401,0.04653045879353762,0.2847554604552792,0.16340497463733525,0.8702143997912726,-0.08938043797333545,0.21173472754453673,-0.42213404957169803,0.6729678873383687
REN,2367,2367,8,"log_daily_return,log_diff_AdrActCnt,log_diff_volume_trusted_spot_usd_1d,log_diff_TxCnt,log_UnemRt,log_IndPro,log_CPIPrc,log_TotRes",0,0.010691237322849267,0.007291550853168349,15845.021764101428,15896.831374112278,-7913.510882050714,3.6641723674854765,0.00029629206152594794,2.0374802955019713,-0.021954414952067312,0.1475523422963505,-0.1487906908856324,0.8817316834614783,-0.5911451561709026,0.1434318797188524,-4.121434909237989,3.896966334874915e-05,0.3232957349316383,0.3062468853990758,1.0556702789331094,0.2912284208701378,-0.03581310445693418,0.19684828338583726,-0.1819325210306144,0.855651521673889,-0.3210805821076543,0.336621451216747,-0.953832802238482,0.34026730896566704,0.2391513303664782,0.39898477533205684,0.5993996391652876,0.5489647451376983,-0.39540032327948593,0.39277359159610276,-1.0066876484050493,0.3141895203689709,0.24831981891921462,0.29754167214470206,0.8345715648141225,0.40404460890167715,-0.006973332945061278,0.2520149038065302,-0.02767031965067689,0.9779274677922196
REP,3161,3161,8,"log_daily_return,log_diff_AdrActCnt,log_diff_volume_trusted_spot_usd_1d,log_diff_TxCnt,log_UnemRt,log_IndPro,log_CPIPrc,log_TotRes",0,0.010319101294483102,0.007783083616826558,21146.523148515385,21200.965118007323,-10564.261574257693,4.1598872705908905,5.823841718372782e-05,2.0470626563065566,-0.07784502984646025,0.12687358160908294,-0.6135637447858355,0.5395483466351908,-0.6798246533565927,0.12623344420476768,-5.385455951386587,7.761755351399138e-08,0.045288363586488856,0.32502048843485626,0.13934002685361782,0.8891904490582769,-0.09277438476141014,0.1478367153698093,-0.6275463069464016,0.5303470860904749,0.03184234547164871,0.34524246919755996,0.09223183215454119,0.9265197649755391,0.35624456580239533,0.2814484449265388,1.265754251708085,0.20569552592586077,0.07868323867092339,0.3779547889908832,0.20818161579855346,0.8351007421651815,0.25967777469135644,0.2795793535230259,0.928815992379672,0.35305625992719325,-0.22800449303703602,0.2651402365933357,-0.8599392380672218,0.38988856552230833
SNT,2903,2903,8,"log_daily_return,log_diff_AdrActCnt,log_diff_volume_trusted_spot_usd_1d,log_diff_TxCnt,log_UnemRt,log_IndPro,log_CPIPrc,log_TotRes",0,0.012732488156725563,0.009974757676716406,19468.107513424977,19521.77552195579,-9725.053756712488,0.8732498503913372,0.5382737868590443,1.7566972432265975,-0.0890679030045164,0.13324782020844111,-0.668437974183641,0.5039079299790125,-0.7150229506028349,0.6949579240947806,-1.0288722896917681,0.303626573321314,0.6334025065564607,0.6616954742401399,0.957241708935414,0.33852606425449283,0.05018173276631712,0.2724026719873698,0.18421894469759037,0.8538547401684757,-0.525348374062601,0.6028745480220854,-0.8714057937694787,0.38360566241912775,0.25595658262796084,0.31669930386642203,0.8082006480693706,0.41904220882074383,-0.057699583563823625,0.40444782167924115,-0.1426626142384911,0.8865666794091258,0.24615982392175034,0.25144590185309756,0.9789772754600888,0.3276738934669131,0.051811287628550196,0.2551182348564605,0.20308735538916398,0.8390811814301626
SNX,1878,1878,8,"log_daily_return,log_diff_AdrActCnt,log_diff_volume_trusted_spot_usd_1d,log_diff_TxCnt,log_UnemRt,log_IndPro,log_CPIPrc,log_TotRes",0,0.005566164309707133,0.001240187862984854,12142.04726757029,12191.744000840104,-6062.023633785145,1.3462525453901373,0.21590507970664008,2.0244308536970483,0.01066669016889505,0.14860245667859298,0.07178003922213519,0.9427847634563187,-0.18003098018406058,0.14274156804121235,-1.261237232115049,0.20738335571734862,0.041719099233144985,0.29115705695802857,0.14328726794061172,0.8860790087724332,0.2479199127892628,0.1999039458219689,1.2401951935959088,0.21506141807477014,-0.32510339578730735,0.352920599143803,-0.921179995092434,0.357077286327076,0.4814898439473865,0.5514897069189295,0.8730713155779112,0.38273819099090023,-0.14258262383190234,0.4120109064576542,-0.3460651686572689,0.7293333254996593,0.3095673790178969,0.36823386521831836,0.8406814480095705,0.4006357060598448,-0.1025818345624147,0.1675786678362144,-0.6121413655267546,0.5405199065378098
SOL,1877,1877,8,"log_daily_return,log_diff_AdrActCnt,log_diff_volume_trusted_spot_usd_1d,log_diff_TxCnt,log_UnemRt,log_IndPro,log_CPIPrc,log_TotRes",0,0.009094865745386205,0.004781894540796028,12199.015710303904,12248.707572125697,-6090.507855151952,1.6330544633457498,0.11049944777708608,1.9827288762507436,0.28369159942543326,0.15242777683669936,1.8611542155427545,0.0628819531759689,-0.36517099384479823,0.2606160329590556,-1.40118391680902,0.16132790180839437,0.09273672049519012,0.21860101491307668,0.42422822479605343,0.6714490252779322,0.2348649649946436,0.18278412385857618,1.2849308793162115,0.19897833987410118,-0.12074818603809434,0.15047746654573124,-0.8024336720302109,0.422405882278975,1.2316948013136761,0.5811147844206963,2.119537885344859,0.03417875922526686,0.6755146733002069,0.5107112371193895,1.3226939691211281,0.18610171549203777,0.3459872816583656,0.33951233594937946,1.0190713120655255,0.30830322914393926,0.05202437957675535,0.17438887493270663,0.29832395900730807,0.7654896400799778
SRM,1754,1754,8,"log_daily_return,log_diff_AdrActCnt,log_diff_volume_trusted_spot_usd_1d,log_diff_TxCnt,log_UnemRt,log_IndPro,log_CPIPrc,log_TotRes",0,0.009225367400240825,0.004603678151962054,12049.287335805278,12098.35895786629,-6015.643667902639,1.6551647169546502,0.1047115140402075,2.025767121448243,-0.27158401365226503,0.1924281982484012,-1.4113524739325543,0.15832209426151692,-0.36618784847717467,0.24246069447945784,-1.510297779453896,0.13115167224060728,0.5104655408118277,0.47305343583411336,1.0790864247962755,0.2807009411706503,0.705994089414511,0.2959176089128222,2.385779244460231,0.017150940559794645,-0.6222860796623002,0.5249014985085996,-1.1855292496409309,0.2359724919614126,0.7801239513320722,0.59061960907128,1.3208568414428001,0.18672531895338304,0.34566536726936564,0.8493738805542542,0.40696491284121383,0.6840845429270265,0.21072874923048443,0.6780509648931768,0.3107860030310311,0.7560010781347443,0.046949480289810955,0.19453698318402307,0.24133961327753756,0.8093207613868535
SUSHI,1733,1733,8,"log_daily_return,log_diff_AdrActCnt,log_diff_volume_trusted_spot_usd_1d,log_diff_TxCnt,log_UnemRt,log_IndPro,log_CPIPrc,log_TotRes",0,0.01394832703388571,0.00929164853109421,11641.982552044297,11690.94387217026,-5811.991276022149,1.93949246277365,0.05058126894270244,2.043568256235906,-0.17282752438430837,0.1897656621527553,-0.9107418192717486,0.3625609957029404,-0.7860188660131752,0.2828137023717324,-2.7792814118321116,0.005508107509019322,0.13409661189401278,0.3168333845972833,0.42324015843361545,0.672173775381931,0.2495525186777689,0.31902305655109403,0.7822397583912595,0.43418300779411545,-0.2145230333090222,0.40461751164974524,-0.5301872191204685,0.5960516176670085,0.7296465666589143,0.5637402684259404,1.2942956313839575,0.1957397351043041,1.5034905275948727,1.083520926136222,1.3875971301784082,0.1654422527590776,-0.7598276424285719,1.0195326526070183,-0.745270532028217,0.45621157955857283,-0.16014785170218704,0.18808091803442953,-0.8514837835535812,0.39462101729644705
SWRV,1647,1647,8,"log_daily_return,log_diff_AdrActCnt,log_diff_volume_trusted_spot_usd_1d,log_diff_TxCnt,log_UnemRt,log_IndPro,log_CPIPrc,log_TotRes",0,0.003092754523786767,-0.0017761453320188636,12414.915445726336,12463.575842297934,-6198.457722863168,0.34932713836952906,0.9464242626928407,2.010351696511717,-0.2886284494734805,0.25767132932211717,-1.1201418886331105,0.2628175138009702,-0.4078622339559959,0.5186895571494633,-0.7863320715332391,0.4317867084574951,-0.48025980550044245,0.5745999367296323,-0.8358159735169274,0.40338034078049645,-0.15068156862508253,0.3839615746373721,-0.39243918813332274,0.6947847940120888,0.4002035870486483,0.5822700675314743,0.6873160915609242,0.49198086200288815,0.6759648215222565,0.7951035130440832,0.8501595206570024,0.39536065113927565,0.7095396663424958,1.103605181469645,0.6429289008933597,0.5203602212262746,-0.19333695728579642,1.0303181369356484,-0.18764782483672016,0.8511759745242474,-0.19212431291798798,0.23847802235976703,-0.8056269127733288,0.4205749360932569
TRX,2532,2532,8,"log_daily_return,log_diff_AdrActCnt,log_diff_volume_trusted_spot_usd_1d,log_diff_TxCnt,log_UnemRt,log_IndPro,log_CPIPrc,log_TotRes",0,0.012368314501014721,0.0091990190802399,14882.812112093337,14935.235723312579,-7432.406056046669,2.34146468302228,0.016643312585092024,2.043554816514708,0.07743191438438896,0.09384384055720728,0.8251145085775384,0.4093855271048077,-0.45549079586092645,0.1445017187047308,-3.1521479463622066,0.0016399943342347656,0.06829567405262121,0.18799102805433118,0.3632921994175335,0.7164174211670269,0.08908010724482533,0.1207918583584234,0.7374678099619894,0.4609073145144076,-0.19370487745701126,0.11825978342247352,-1.637960698482055,0.10155608919129386,0.3459202122771211,0.26441018090455287,1.3082711531519728,0.19090196149814967,0.041864072011662555,0.3020836184076733,0.13858438346420163,0.8897897772773274,0.3202787785714989,0.19413597555368753,1.649765210482212,0.09911694449103631,-0.05589939746293793,0.17480445891949042,-0.3197824461027249,0.7491600512787453
TUSD,2521,2521,8,"log_daily_return,log_diff_AdrActCnt,log_diff_volume_trusted_spot_usd_1d,log_diff_TxCnt,log_UnemRt,log_IndPro,log_CPIPrc,log_TotRes",0,0.002724567303669434,-0.0004898579427330407,-670.0016299031686,-617.617674265809,344.0008149515843,0.6388658609666796,0.7455583911706014,2.7645129703203044,4.327661371626105e-05,0.004246453344676593,0.01019123729936022,0.9918695288994581,-0.0002930023969190845,0.006503740865110597,-0.04505136397590804,0.9640699920867584,-0.02371392554237551,0.010994049460142064,-2.1569782479466015,0.03110308744661166,0.0008618813475823823,0.005239859161091623,0.1644855941896778,0.8693622802315447,0.027637846723249315,0.012600957588355667,2.1933132088936627,0.02837728399116518,-0.00040217298936954344,0.004434955621469648,-0.09068252846152991,0.9277521709944871,-0.0005581122302354383,0.005180266486562381,-0.10773813117205114,0.9142121292174403,-7.655119888967839e-05,0.00732790999063408,-0.010446525542415193,0.9916658697154673,0.00016297891975063095,0.006013690647661423,0.02710131420112364,0.9783811053095501
UMA,1726,1726,8,"log_daily_return,log_diff_AdrActCnt,log_diff_volume_trusted_spot_usd_1d,log_diff_TxCnt,log_UnemRt,log_IndPro,log_CPIPrc,log_TotRes",0,0.004523398879887064,-0.00019729632400200536,11148.96951316389,11197.893763511056,-5565.484756581945,0.9790512279072331,0.4504328706658476,2.045745290738199,-0.1552826813230025,0.15934704473851427,-0.9744936379448936,0.3299512052103246,-0.10034780985725582,0.2441628846322348,-0.4109871572348213,0.6811341504638535,-0.6124323194886245,0.23839287213813412,-2.5690043246500984,0.010284416866075707,-0.10237144946011012,0.3063168416162262,-0.3342011784920654,0.7382692949477236,0.39936833306127995,0.3524996088099401,1.132961067416703,0.25739159398830513,0.11787992248770046,0.4630019897369867,0.25459917041536567,0.7990637305069047,0.25227956413782443,0.7236492692829665,0.34862132091668885,0.7274171206690276,-0.1160713911680043,0.6848476533011012,-0.16948498050408325,0.8654355053468672,0.016955298925933615,0.16114552393076054,0.10521731235438352,0.9162158819718271
UNI,1716,1716,8,"log_daily_return,log_diff_AdrActCnt,log_diff_volume_trusted_spot_usd_1d,log_diff_TxCnt,log_UnemRt,log_IndPro,log_CPIPrc,log_TotRes",0,0.01002702395337629,0.0053044337277514675,10761.570434422605,10810.441461669661,-5371.785217211303,1.5005954321821342,0.15194718743534963,1.9541666066326504,-0.024082633397188365,0.14612530810803862,-0.1648080931975365,0.8691148961749298,-0.5289606340875918,0.18759484442891677,-2.8196970748203314,0.004863415603599402,0.2202945100559851,0.311028205886246,0.7082782393586341,0.4788709202674153,0.11592941219302116,0.1978535746527065,0.5859353938715169,0.5579977776814169,-0.27264935374504173,0.34556967621673307,-0.7889851815992169,0.430232192516408,0.6323678167244521,0.4494489880763961,1.406984626733577,0.15961724401760224,0.7784140784029563,0.6772627451474345,1.1493531631265235,0.2505742754669726,-0.2607472505153904,0.6252345683463203,-0.41703908215606095,0.6767031991530594,-0.18192538416768617,0.1483998999577531,-1.2259131186710852,0.22040349161334064
USDC,2437,2437,8,"log_daily_return,log_diff_AdrActCnt,log_diff_volume_trusted_spot_usd_1d,log_diff_TxCnt,log_UnemRt,log_IndPro,log_CPIPrc,log_TotRes",0,0.0033270940989558184,2.0802343986270344e-06,-4561.240394718504,-4509.165166778456,2289.620197359252,0.589704660558478,0.7871548268074021,2.7201058495645065,7.679687456341004e-06,0.001897684882987534,0.004046871809533961,0.9967714088903563,-0.00024121606073499168,0.0010737267520241048,-0.22465311614921601,0.8222682802436773,-0.001303057487750254,0.004722642604804811,-0.2759170229025006,0.7826355737696014,0.007008726537958657,0.004485169040461344,1.562644902506894,0.11826809139571332,-0.002423740853553522,0.0056154731841899065,-0.43161827579863565,0.6660576743956909,1.1633980781008751e-05,0.002837213417734787,0.004100495474992236,0.9967286282110255,9.806951770515836e-05,0.003946033669376157,0.02485268143205239,0.9801745381431503,-5.897348896543882e-05,0.0020537451739175744,-0.028715095579723408,0.9770942062478989,-6.759953007934793e-05,0.002053515037628182,-0.03291893599056653,0.9737419718540581
VTC,3265,3265,8,"log_daily_return,log_diff_AdrActCnt,log_diff_volume_trusted_spot_usd_1d,log_diff_TxCnt,log_UnemRt,log_IndPro,log_CPIPrc,log_TotRes",0,0.0033226470572317313,0.0008738083522126239,23432.50052123593,23487.319656611322,-11707.250260617964,1.2814982415285856,0.24822909381716077,1.9957571780526042,0.02275889214217675,0.15298975099314885,0.14876089407581253,0.8817515215197558,-0.3218428809278108,0.34005202602125806,-0.9464518847115797,0.34398838415072774,-0.36930299369629505,0.2683124034480656,-1.3763918065300216,0.1687950079059283,0.09441872315135447,0.1644062798063415,0.5743011961743357,0.5658036721209938,0.3782789713339252,0.27246010266991644,1.388382987553255,0.1651154292493056,0.2970535695893942,0.25732275983599023,1.1544006825464146,0.24842065531297122,0.08005374468696316,0.4524083290552281,0.17695020083768295,0.8595585119367672,0.08394834568558762,0.27902649539927427,0.3008615564104812,0.7635392761325108,-0.27338134053323776,0.3371270743838248,-0.8109148190868484,0.41747385817785954
WNXM,1739,1739,8,"log_daily_return,log_diff_AdrActCnt,log_diff_volume_trusted_spot_usd_1d,log_diff_TxCnt,log_UnemRt,log_IndPro,log_CPIPrc,log_TotRes",0,0.005562058147728588,0.0008823501860708571,10866.241198129324,10915.234171277365,-5424.120599064662,1.803452284541271,0.07210164541256683,2.0135797058516474,-0.01499164395401175,0.1430668066645682,-0.10478771633703185,0.9165566187287,-0.3503290854495585,0.12072533230169219,-2.901868885099337,0.003757195488801376,0.2507897002518049,0.20319166367239633,1.2342519162407686,0.21727963642407844,-0.17486895070099695,0.17449978443931674,-1.002115568582886,0.31643039502247894,-0.14783541711962433,0.23217914991957841,-0.6367299439714168,0.5243864912688015,0.15460047941924737,0.4630136982950483,0.33390044395777385,0.7384958669127604,0.18976508630390962,0.8967843574525717,0.2116061511632084,0.8324396746016471,-0.007304467462438263,0.7957241004436373,-0.009179648396178812,0.9926768802036445,-0.10965446394972403,0.1489835831276238,-0.736017094284749,0.46182183571394364
WTC,2484,2484,8,"log_daily_return,log_diff_AdrActCnt,log_diff_volume_trusted_spot_usd_1d,log_diff_TxCnt,log_UnemRt,log_IndPro,log_CPIPrc,log_TotRes",0,0.006148031293959466,0.002935580486020717,18642.612599812834,18694.971228800314,-9312.306299906417,1.58981761009895,0.12254713214302242,2.0740647341052996,-0.23658357636225702,0.20658965605789523,-1.1451859733768868,0.25224285123938567,-0.48409717353838616,0.8913638827389129,-0.543097137894897,0.5871118289091626,0.1378389563511622,0.363690530055741,0.3790006749145663,0.7047198727922532,-0.40226624242757275,0.2562718159621194,-1.5696858467145423,0.11661604330082452,-0.16989537949597908,0.3429521210603491,-0.4953909571128813,0.6203681560191798,0.2950321061141652,0.32444281185560697,0.909350108349662,0.3632538908120708,0.04176355135746463,0.3907210806448826,0.10688840051459256,0.9148861784736714,-0.1883822009875406,0.4560461819616681,-0.413077026930081,0.6795859633908448,-0.052738134580169335,0.28494076850859074,-0.18508455233066912,0.8531778827194056
XAUT,1953,1953,8,"log_daily_return,log_diff_AdrActCnt,log_diff_volume_trusted_spot_usd_1d,log_diff_TxCnt,log_UnemRt,log_IndPro,log_CPIPrc,log_TotRes",0,0.0035330895240412996,-0.0006318714392856695,4896.979659850278,4947.034435560577,-2439.489829925139,4.953769757836335,4.3482630383111985e-06,2.10838646872201,0.04015421804731042,0.01977803894619745,2.0302426421822024,0.042469914774979765,0.010511907203587882,0.0030667397090386643,3.427714185395625,0.0006215670933961713,0.024982978878630466,0.04152456487857627,0.6016433634328078,0.5474828109343214,-0.010144008448262434,0.02148516124996215,-0.47214020552348906,0.6368805390470176,-0.021125999438457777,0.050120110883046465,-0.42150743616179465,0.673431914156438,0.021256290140697246,0.06622958352462899,0.3209485702532405,0.7482844047722388,-0.070407456735157,0.06311137126865883,-1.1156065114706422,0.2647306484824135,0.09707933104592772,0.05273139511209225,1.8410157903003348,0.0657739284325829,0.025022928357932794,0.024286710486508954,1.0303136100639403,0.30299298817728276
XEM,3713,3713,8,"log_daily_return,log_diff_AdrActCnt,log_diff_volume_trusted_spot_usd_1d,log_diff_TxCnt,log_UnemRt,log_IndPro,log_CPIPrc,log_TotRes",0,0.0073955609518276955,0.005234201258745186,24529.464301726217,24585.36764797422,-12255.732150863108,5.157003259613321,2.0318119007980394e-06,2.0935779189744204,0.1274584579972958,0.11082951924786912,1.1500407009096216,0.2502019591762402,-0.40960683221495975,0.09048065969318855,-4.527009789759471,6.172046439537923e-06,0.09152635106828497,0.15100955737935323,0.6060964130790764,0.5444881759456195,0.03461919868939062,0.12923024217248663,0.2678877490857253,0.788800762110591,-0.14207665344571827,0.13668169326870028,-1.0394709785048692,0.2986541495996088,0.590995572885888,0.22851496203926494,2.5862445400154552,0.009740929542858144,0.19560481338932165,0.3424129519914472,0.5712541311644294,0.5678623309727968,0.6038809474425746,0.24496590181339367,2.465163285878823,0.013740486384404837,-0.6801445058328145,0.24496763041202768,-2.7764668527381895,0.0055231703026658915
XLM,3531,3531,8,"log_daily_return,log_diff_AdrActCnt,log_diff_volume_trusted_spot_usd_1d,log_diff_TxCnt,log_UnemRt,log_IndPro,log_CPIPrc,log_TotRes",0,0.0021044843997538587,-0.00018164507470253,23091.12559374274,23146.572829031335,-11536.56279687137,0.9675570435714472,0.4594191842994687,1.9763623717380958,0.1476925106012749,0.10976584537795975,1.3455233738028547,0.17854363735453663,0.12969930384357778,0.3135556891262061,0.4136404101134769,0.6791628750238536,-0.17854228462894686,0.11263926807197558,-1.5850802982389747,0.1130386384733413,0.04392249238383847,0.12689461189597798,0.3461336279576944,0.7292631447621589,0.06686979492691422,0.12316156672697424,0.5429436853068931,0.5872032285093411,0.3327567430572406,0.2396540762261227,1.3884877248792216,0.16507713966882798,0.06229719240798132,0.3448726031995775,0.18063827578652275,0.8566619926910239,0.3321433003542999,0.24499363610629252,1.3557221552081327,0.17527525565306937,-0.27254811584210836,0.25487638956922176,-1.069334497019337,0.2849928814538253
XRP,3803,3803,8,"log_daily_return,log_diff_AdrActCnt,log_diff_volume_trusted_spot_usd_1d,log_diff_TxCnt,log_UnemRt,log_IndPro,log_CPIPrc,log_TotRes",0,0.002947489289681915,0.000828355366812028,24481.82644720768,24537.94707868736,-12231.91322360384,1.555067308274012,0.13302798621012835,2.070904606777566,0.1266573957399408,0.10019785934378962,1.264072871111604,0.20628214648825624,-0.14953773664017023,0.148744210182864,-1.0053348392944552,0.3148002678331187,-0.06500498213712926,0.10915877000417468,-0.5955085618374337,0.5515393801694685,0.09955164958711556,0.11121009348621033,0.8951673941309978,0.37075485115596607,-0.0577520827045942,0.113782729020714,-0.5075645768179853,0.6117884761013976,0.5294465534246589,0.21108972951227256,2.508158756221616,0.012177958077951934,0.5831269082060112,0.3148443734780956,1.8521115742491763,0.06408804998424851,0.39524181427698385,0.225574955620294,1.7521529071794957,0.07982894300778415,-0.6308753166226495,0.23087632758193935,-2.732524911627192,0.006314441341101202
XTZ,2527,2527,8,"log_daily_return,log_diff_AdrActCnt,log_diff_volume_trusted_spot_usd_1d,log_diff_TxCnt,log_UnemRt,log_IndPro,log_CPIPrc,log_TotRes",0,0.007929017086241608,0.004739078234428873,15744.70357110632,15797.109178718838,-7863.35178555316,1.6414152735909697,0.10803465615520395,1.9850025477397435,-0.07890555115795338,0.11167715267565978,-0.7065505277262587,0.4799120029545465,-0.36653272624946437,0.17368355541208785,-2.1103478989695694,0.034927968428316164,-0.023001602355677386,0.12984626651039058,-0.17714488813459067,0.8594090029857776,-0.2196327472107111,0.14385548996512842,-1.5267595784071335,0.12694791441906841,-0.10793774669486385,0.22980792194560962,-0.46968679661273943,0.6386199631405751,-0.0032543816612508603,0.29182868817094526,-0.011151685194652736,0.9911033210516949,-0.36319911255266696,0.34493034439061443,-1.0529636445709867,0.2924599042089652,0.15141001989045869,0.2510419468363165,0.6031263770798453,0.5464795942811037,0.20829350085670056,0.23802093559158996,0.8751057983155841,0.38160081219860487
XVG,2800,2800,8,"log_daily_return,log_diff_AdrActCnt,log_diff_volume_trusted_spot_usd_1d,log_diff_TxCnt,log_UnemRt,log_IndPro,log_CPIPrc,log_TotRes",0,0.005553591277896119,0.002672181908183413,19221.424217488235,19274.76364088087,-9601.712108744117,1.3440500960544268,0.2166803797344223,1.9929347710756367,-0.00030782724601749467,0.14702114808166486,-0.00209376168009862,0.9983295723613765,-0.15097192831150028,0.20083099702833773,-0.7517361888623089,0.4522737966385253,0.6305220398447628,0.3220258169479231,1.9579859957213577,0.050332229576695336,0.1450915941179062,0.2054972347245597,0.7060513213833811,0.4802157925716538,-0.38730845393769553,0.2805785064973968,-1.3803924569015018,0.16757758572006828,0.5791425274181485,0.327860197082563,1.7664313404664571,0.07743399108597304,0.19705454602803066,0.3718201527248318,0.5299727424238414,0.5961734440516104,0.4554431182189079,0.29356606778989275,1.5514160803654995,0.12091661444157832,-0.31957334601558884,0.2447363741453002,-1.3057860611510812,0.19173410709824343
YFI,1771,1771,8,"log_daily_return,log_diff_AdrActCnt,log_diff_volume_trusted_spot_usd_1d,log_diff_TxCnt,log_UnemRt,log_IndPro,log_CPIPrc,log_TotRes",0,0.010012033149989774,0.005439340462460973,11281.194658765166,11330.354593223079,-5631.597329382583,3.2012553402236366,0.0012953014967251012,1.96018749831104,0.0653210601935961,0.1543947771358916,0.42307817275517895,0.6722907512731434,-0.27368663799948756,0.06286139166721799,-4.353811309942955,1.416145450947678e-05,0.02532947320047002,0.274648084762413,0.09222519509787054,0.9265297860616164,0.26381654255135256,0.23630924653997779,1.1164038073589355,0.2644041786394961,-0.06803064249610352,0.33597222968205703,-0.20248888594299427,0.8395583282292519,0.38850686947307783,0.45958156804260636,0.8453491099039476,0.39803271143076113,-1.2439431978516595,0.9336162853771113,-1.3323923514778873,0.18290656510907832,1.3693628330302061,0.7637585464432243,1.7929263631906223,0.07315913342005631,0.009179395650512664,0.14633035516237938,0.06273063193434132,0.9499882428819817
ZEC,3136,3136,8,"log_daily_return,log_diff_AdrActCnt,log_diff_volume_trusted_spot_usd_1d,log_diff_TxCnt,log_UnemRt,log_IndPro,log_CPIPrc,log_TotRes",0,0.0023280171563732077,-0.00024911421681017565,20664.521548342822,20718.8913673762,-10323.260774171411,1.022840308705145,0.41610269258268723,2.0568881670871204,-0.12610428032658255,0.12083049747065468,-1.0436461238373091,0.2967306000995612,0.019311492624592478,0.8441164170672457,0.022877759790157055,0.9817492547022773,-0.08205089751765336,0.10626441341511934,-0.7721389963084211,0.4400910233254828,0.05625466579616703,0.1430295708149854,0.39330793957939464,0.6941191272625308,0.17144290957786454,0.16732854667501754,1.0245885294804946,0.305637399936369,0.13328596494870987,0.2667447204950842,0.49967611243187166,0.6173386516809873,-0.13220257716514747,0.38474426067591494,-0.3436115640370964,0.7311617516400444,0.12122172114092233,0.2728099555937231,0.4443449319036194,0.6568242675141195,0.26691350790620666,0.27078101846619623,0.9857172021070879,0.3243489064933154
ZRX,2850,2850,8,"log_daily_return,log_diff_AdrActCnt,log_diff_volume_trusted_spot_usd_1d,log_diff_TxCnt,log_UnemRt,log_IndPro,log_CPIPrc,log_TotRes",0,0.00938040137204621,0.0065611353496259905,19058.38843712083,19111.88886659622,-9520.194218560415,0.9031182061078669,0.5127354644248812,2.0690401304664565,0.03530369215661809,0.13332999645685553,0.2647843178188493,0.7911950315317255,0.2931952890396801,0.3782880516722345,0.7750582862546171,0.4383704105600532,0.7185319951172146,0.593114623609111,1.2114555374557063,0.22582269484275092,0.6796819717157238,0.3278302576610171,2.073274067394134,0.03823767331199361,-1.4976347707500468,0.8612860367561693,-1.73883553992183,0.08217317477430248,0.20870746836509887,0.2887517717343672,0.7227919922759681,0.4698678183812768,-0.19835595816171342,0.36196373054854414,-0.5479995408962978,0.5837357300754671,0.2984916877603481,0.28318277793361846,1.0540601725092134,0.2919459593480883,-0.06534490140334423,0.2375670111746777,-0.27505881847921043,0.7832912645416706
