group,proxy,n,nobs,n_regs,regs_used,opt_hac_lag,r2,adj_r2,aic,bic,log_likelihood,fstat,f_pval,durbin_watson,coef_Intercept,stderr_Intercept,tval_Intercept,pval_Intercept,coef_R_g_t_lag,stderr_R_g_t_lag,tval_R_g_t_lag,pval_R_g_t_lag,coef_log_diff_AdrActCnt,stderr_log_diff_AdrActCnt,tval_log_diff_AdrActCnt,pval_log_diff_AdrActCnt,coef_log_diff_volume_trusted_spot_usd_1d,stderr_log_diff_volume_trusted_spot_usd_1d,tval_log_diff_volume_trusted_spot_usd_1d,pval_log_diff_volume_trusted_spot_usd_1d,coef_log_diff_TxCnt,stderr_log_diff_TxCnt,tval_log_diff_TxCnt,pval_log_diff_TxCnt,coef_log_UnemRt,stderr_log_UnemRt,tval_log_UnemRt,pval_log_UnemRt,coef_log_IndPro,stderr_log_IndPro,tval_log_IndPro,pval_log_IndPro,coef_log_CPIPrc,stderr_log_CPIPrc,tval_log_CPIPrc,pval_log_CPIPrc,coef_log_TotRes,stderr_log_TotRes,tval_log_TotRes,pval_log_TotRes,coef_EPU_DUS,stderr_EPU_DUS,tval_EPU_DUS,pval_EPU_DUS,coef_VIX,stderr_VIX,tval_VIX,pval_VIX,coef_InvSIX,stderr_InvSIX,tval_InvSIX,pval_InvSIX,coef_TwitSIX,stderr_TwitSIX,tval_TwitSIX,pval_TwitSIX,coef_ConSIX,stderr_ConSIX,tval_ConSIX,pval_ConSIX,coef_fng_value,stderr_fng_value,tval_fng_value,pval_fng_value
Asset,ConSIX,1922,1922,9,"R_g_t_lag,ConSIX,log_diff_AdrActCnt,log_diff_volume_trusted_spot_usd_1d,log_diff_TxCnt,log_UnemRt,log_IndPro,log_CPIPrc,log_TotRes",0,0.015748616104513946,0.011115633648938972,13794.078303254697,13849.689519149999,-6887.0391516273485,0.5367176416827744,0.8486000631279099,2.017900029861347,0.1916286688264612,0.19916451412356448,0.9621627109113026,0.3360895407999305,-0.15326296933102962,0.15847509446234043,-0.9671107617951324,0.3336109765861289,0.6065720828629493,0.537597800534797,1.1283009012677085,0.25933441824835457,0.16421737178502915,0.10395802033501869,1.5796508172800579,0.11435226283554076,-1.0855738519670892,0.9554462751705377,-1.1361955979924931,0.25601710075112594,-1.8768787997682015,2.019535101300066,-0.929361811319828,0.3528189256600719,-0.9960685665873994,1.0250267325276405,-0.9717488675940846,0.3312984133124566,-0.8078436755098543,0.8873650700664044,-0.9103848041363637,0.3627343604161173,0.03826761938722011,0.08593422610103249,0.44531289945206515,0.6561440586188951,,,,,,,,,,,,,,,,,0.7888474167421535,0.792340069913308,0.9955919771020333,0.3195744127138898,,,,
Asset,EPU_DUS,1922,1922,9,"R_g_t_lag,EPU_DUS,log_diff_AdrActCnt,log_diff_volume_trusted_spot_usd_1d,log_diff_TxCnt,log_UnemRt,log_IndPro,log_CPIPrc,log_TotRes",0,0.010151701082066977,0.005492373315193921,13804.976739225278,13860.58795512058,-6892.488369612639,0.5694094642538783,0.8230826415311081,2.0062845079759337,0.19162866882646035,0.19972998280484847,0.9594386688236802,0.3374591093571545,-0.08782112852333496,0.09427026678754624,-0.9315888404267966,0.35166666502457233,0.602804516487286,0.535525072752344,1.125632668119828,0.26046230552750804,0.1493624375075794,0.08167317933441204,1.828781966427592,0.06758797535267536,-1.0567712605554833,0.930994458018716,-1.135099410585577,0.25647594185097644,-1.3402581824786697,1.4939281721634128,-0.8971369624402973,0.36975878287152597,-1.1550251701836467,1.1865981381804103,-0.9733920297185202,0.33048162603494013,-0.5702609072290561,0.6637109831659006,-0.8592006486150225,0.3903375312869064,0.039005254103060084,0.08785424063014147,0.44397690792489725,0.6571095196238907,-0.19187051523151294,0.20487310730195096,-0.9365334365174917,0.3491168792729681,,,,,,,,,,,,,,,,,,,,
Asset,InvSIX,1922,1922,9,"R_g_t_lag,InvSIX,log_diff_AdrActCnt,log_diff_volume_trusted_spot_usd_1d,log_diff_TxCnt,log_UnemRt,log_IndPro,log_CPIPrc,log_TotRes",0,0.012965574291939674,0.008319491744150698,13799.505228048156,13855.116443943458,-6889.752614024078,0.7647603967791933,0.6492940404181484,2.0119550812178955,0.19162866882645385,0.19944589137814273,0.9608052966262028,0.33677156085754023,-0.12108959898175764,0.12000584423568914,-1.0090308497304517,0.31308751390931744,0.610678757247558,0.5412528451672126,1.128268909254227,0.2593479214900731,0.1520626519638385,0.08561664081062077,1.7760875750800897,0.07587748443789603,-1.074271628583649,0.9438212081916694,-1.138215182345731,0.2551732400762742,-1.776403983707192,1.862870204673985,-0.9535844092895753,0.34041458721533735,-1.2112990906104757,1.206066727840055,-1.0043383692209065,0.3153426302977528,-0.9343314542555143,0.9809900729455652,-0.9524372162605564,0.34099567791149443,-0.021892241434820037,0.08053252062656979,-0.2718434896175001,0.7857717133487976,,,,,,,,,0.5204547430034923,0.4267588317246158,1.2195523661460805,0.22278502988447546,,,,,,,,,,,,
Asset,TwitSIX,1239,1239,9,"R_g_t_lag,TwitSIX,log_diff_AdrActCnt,log_diff_volume_trusted_spot_usd_1d,log_diff_TxCnt,log_UnemRt,log_IndPro,log_CPIPrc,log_TotRes",0,0.01921254784049342,0.012030214993108967,9421.211058657129,9472.43165747342,-4700.605529328564,0.5086526118188233,0.8690906190709513,2.0132377250259497,0.29807899909840563,0.30665065704187916,0.9720474822191465,0.33121819587456336,-0.21421984568901437,0.214136650426443,-1.0003885148217537,0.31731944659237593,0.9794650070303095,0.8972506513588683,1.0916291958628608,0.2752100707931119,0.22313129828196684,0.1509313573332975,1.4783627618827562,0.13956693862688996,-1.7003843640804177,1.5201811358540964,-1.118540629123829,0.26355474259006306,-2.68165107983565,2.7844028018035973,-0.9630973931281099,0.33568810358907697,-0.4540570193432581,0.5305172148442269,-0.8558761273686106,0.39223313097912693,-2.599574302881559,2.6161514090010045,-0.9936635524754374,0.320582285794543,-0.5319818389261569,0.5407078045344188,-0.983861957354628,0.32537703370381577,,,,,,,,,,,,,0.2305190486496263,0.3221318506928658,0.7156046449731944,0.47437143359716794,,,,,,,,
Asset,VIX,1922,1922,9,"R_g_t_lag,VIX,log_diff_AdrActCnt,log_diff_volume_trusted_spot_usd_1d,log_diff_TxCnt,log_UnemRt,log_IndPro,log_CPIPrc,log_TotRes",0,0.013934955688585826,0.00929343612854261,13797.616675319245,13853.227891214547,-6888.808337659622,0.5437673054418634,0.8432276001441494,2.017047763132956,0.19162866882644777,0.1993479279103234,0.9612774551268567,0.33653422828940305,-0.13580021828884997,0.14186270764812267,-0.957265094824567,0.33855448972366253,0.6148130618834085,0.545412797342413,1.1272435573187067,0.2597809618593399,0.1535693709215248,0.09114912641405656,1.68481451181349,0.0921875606161656,-1.0585425303501932,0.9289222980842018,-1.139538293497011,0.2546214433228284,-1.7166371836179144,1.8650336700840175,-0.9204322748449801,0.3574630211932669,-1.4555648235082228,1.488891357657879,-0.9776165440290546,0.3283876861036269,-0.9328933033064833,1.0156768878103464,-0.9184941731987891,0.3584760583595822,-0.03262200238193465,0.0881155330568043,-0.3702185216414074,0.7112606825491938,,,,,-0.6943018040153082,0.7119413774610802,-0.9752232782020928,0.3295728823900467,,,,,,,,,,,,,,,,
Asset,fng_value,1921,1921,9,"R_g_t_lag,fng_value,log_diff_AdrActCnt,log_diff_volume_trusted_spot_usd_1d,log_diff_TxCnt,log_UnemRt,log_IndPro,log_CPIPrc,log_TotRes",0,0.014471260654759788,0.009829838020480874,13790.376974409983,13845.982986037669,-6885.188487204991,0.8320283095117813,0.586520288654298,2.0154712007582143,0.19089212729847319,0.1993963773148854,0.9573500274632253,0.3385117081060094,-0.12139423568116864,0.11907336248987976,-1.0194911199512495,0.30809891296126757,0.6123645140459604,0.543058905591443,1.1276207935104885,0.25962165822460265,0.1509498659385147,0.08780012486491265,1.7192443196494636,0.0857318300358957,-1.0794578015789038,0.9479632997166643,-1.138712650480817,0.25496575063911825,-2.2246852523210365,2.209668672448253,-1.0067958513690407,0.3141603494332256,-1.410296038418296,1.3590281573059266,-1.0377239285564182,0.29952988580898104,-1.2096102415568382,1.1919311683048788,-1.014832293778425,0.3103142438310607,0.06442858877904165,0.0968627349316492,0.6651535167214246,0.5060325721812808,,,,,,,,,,,,,,,,,,,,,0.6712030546009272,0.5367926846900606,1.2503953085509614,0.2113082616104562
Asset,no_sentiment,1922,1922,8,"R_g_t_lag,log_diff_AdrActCnt,log_diff_volume_trusted_spot_usd_1d,log_diff_TxCnt,log_UnemRt,log_IndPro,log_CPIPrc,log_TotRes",0,0.009821604081243773,0.005680763951944279,13803.617585576609,13853.667679882381,-6892.808792788304,0.6309880353299868,0.7523095271374289,2.005733839671579,0.19162866882646157,0.1997110643774087,0.9595295554798444,0.33741329299585887,-0.08640008379138216,0.09292648427269269,-0.9297681330312807,0.3526084561476145,0.603740776626774,0.536383799655526,1.1255760837939284,0.26048618714390664,0.14769565515124444,0.08056434571410538,1.8332632610877837,0.06691873810789198,-1.060196926416917,0.9343588531945957,-1.1346785261273846,0.25665219268609857,-1.4593345803978668,1.6103969352562404,-0.9061955772821083,0.3649464657922501,-1.0307817034460658,1.063869723354057,-0.968898428838002,0.3327183487802253,-0.7514391198722545,0.8345188655071727,-0.9004459346950449,0.36799632360677514,0.02780541948060683,0.0823996113663899,0.3374460027119548,0.735817731774588,,,,,,,,,,,,,,,,,,,,,,,,
Hybrid (A-P),ConSIX,2490,2490,9,"R_g_t_lag,ConSIX,log_diff_AdrActCnt,log_diff_volume_trusted_spot_usd_1d,log_diff_TxCnt,log_UnemRt,log_IndPro,log_CPIPrc,log_TotRes",0,0.0099226830901461,0.0063296605691022245,12628.32611566286,12686.526495557448,-6304.16305783143,0.7557074335025538,0.6577630635987003,1.8043394834316933,0.034708072384629134,0.061105520800832286,0.5680022349822832,0.5700848700084842,-0.2471241812045048,0.1751199789456809,-1.4111706881894859,0.1583197243622174,-0.2165263797293833,0.1205228862851354,-1.7965582007148497,0.07252743518533157,-0.010350285299228233,0.09021821989525262,-0.11472500024103087,0.9086723846417059,0.07620758581692433,0.1680826482683493,0.4533935334910746,0.650305059116157,-0.026955402481644505,0.05663189999014879,-0.475975598317087,0.6341336878210091,0.016587115199975026,0.02389409368299617,0.6941931098135338,0.48762613373951147,-0.03076025127962663,0.04876538986250647,-0.6307803826926197,0.5282422548667285,-0.05674728936545241,0.06714778411152872,-0.8451103802799856,0.39813073593739123,,,,,,,,,,,,,,,,,0.023711577321906995,0.05353068190801095,0.442953022019294,0.6578383479692287,,,,
Hybrid (A-P),EPU_DUS,2490,2490,9,"R_g_t_lag,EPU_DUS,log_diff_AdrActCnt,log_diff_volume_trusted_spot_usd_1d,log_diff_TxCnt,log_UnemRt,log_IndPro,log_CPIPrc,log_TotRes",0,0.009992557080400477,0.006399788134321294,12628.150379513241,12686.35075940783,-6304.075189756621,0.9529019669212863,0.4775469358986425,1.8043136396699817,0.03470807238462996,0.06110336452382965,0.5680222792166246,0.5700712617632537,-0.2473296861931046,0.1749405169233245,-1.41379304544703,0.15754818824487968,-0.21549558454628337,0.12068758587874596,-1.78556545793194,0.07429180423698921,-0.011444920111493423,0.09096931564805281,-0.1258107750944524,0.899891910078534,0.07570920344707438,0.1671926976424049,0.4528260176111444,0.6507136380748285,-0.05126555746231087,0.052071684950413546,-0.9845188898943769,0.32495648559044144,0.03984970948642088,0.03268667947041602,1.2191421744900077,0.22290617755847253,-0.081677118716164,0.06167260259620083,-1.3243663357446096,0.18550344360924506,-0.0660924682148075,0.08500097773487757,-0.7775495056180803,0.4369088037416994,0.03677162260399278,0.034587348960715025,1.0631523868961075,0.28781635950005263,,,,,,,,,,,,,,,,,,,,
Hybrid (A-P),InvSIX,2490,2490,9,"R_g_t_lag,InvSIX,log_diff_AdrActCnt,log_diff_volume_trusted_spot_usd_1d,log_diff_TxCnt,log_UnemRt,log_IndPro,log_CPIPrc,log_TotRes",0,0.009927592284601161,0.006334587579182371,12628.313769228607,12686.514149123195,-6304.156884614304,0.7598060297528346,0.6539320176352498,1.804378661934801,0.03470807238462978,0.06110536930799,0.5680036431772524,0.5700839139647861,-0.24719895474189932,0.17493919488364088,-1.4130564331585116,0.15776462195251964,-0.21719439583268796,0.12065072986812143,-1.8001913131407876,0.07195191170109565,-0.010534488182678395,0.09027249930635925,-0.11669653841007914,0.9071099823877037,0.07715416552213794,0.16796398421722541,0.4593494604316814,0.6460234948279742,-0.02688008683762662,0.06684957896213105,-0.40209807234318784,0.6876465022315668,0.0230090370242426,0.02385429536071152,0.964565780557028,0.3348563898638034,-0.04527620411074077,0.07851792849027177,-0.5766352345420118,0.5642382238821191,-0.06691875316425182,0.0846469379454212,-0.7905631885632981,0.42927452512046615,,,,,,,,,-0.017010015843339048,0.015169757697621212,-1.1213109782238915,0.26226407596330825,,,,,,,,,,,,
Hybrid (A-P),TwitSIX,1807,1807,9,"R_g_t_lag,TwitSIX,log_diff_AdrActCnt,log_diff_volume_trusted_spot_usd_1d,log_diff_TxCnt,log_UnemRt,log_IndPro,log_CPIPrc,log_TotRes",0,0.011035638980346096,0.006082562047025619,9746.44335599757,9801.437588903493,-4863.221677998785,0.6952540958793192,0.7137860548311201,1.8058456406064773,0.047059609041026594,0.08420071098342308,0.5588980008766363,0.5763009725471148,-0.29295067276611747,0.20227863959219664,-1.4482531292316378,0.14772072133054967,-0.36292519828947983,0.1937331773600815,-1.8733249680560917,0.06118572930224272,-0.053834242525633694,0.09816769959177041,-0.5483905882434137,0.5834918564403522,0.19992403717842025,0.20077857432969703,0.9957438827617455,0.3195086622699325,-0.03319089167815785,0.07087795493715267,-0.46828229888387923,0.6396395177732264,0.024398085624873445,0.03204008780726575,0.761486228490943,0.4464666205483241,-0.0667469760272136,0.10000780440547731,-0.6674176722907632,0.5045910766201013,-0.06437376321639637,0.078610182360902,-0.8188985355720745,0.41295288895006677,,,,,,,,,,,,,7.901319733657e-05,0.035442922915593617,0.0022293081618786873,0.9982215183514227,,,,,,,,
Hybrid (A-P),VIX,2490,2490,9,"R_g_t_lag,VIX,log_diff_AdrActCnt,log_diff_volume_trusted_spot_usd_1d,log_diff_TxCnt,log_UnemRt,log_IndPro,log_CPIPrc,log_TotRes",0,0.009936941341742389,0.0063439705643535405,12628.290256542048,12686.490636436636,-6304.145128271024,0.72658850934946,0.684900191646197,1.8043243800144055,0.03470807238462917,0.06110508080437371,0.5680063249690502,0.5700820932601072,-0.24724035595821417,0.1751320412883595,-1.411736848034144,0.15815290996260645,-0.21661043129441787,0.12053792905605705,-1.7970312995313003,0.07245227844718442,-0.010065483885520789,0.09090485708245502,-0.11072547945805489,0.9118430000268252,0.07656929335246696,0.16742474953215827,0.45733557055589225,0.6474699256011166,-0.025647780168109847,0.051840894835534675,-0.4947403058816302,0.6208272707513691,0.003489577225649817,0.035799045598001226,0.09747682284146288,0.9223556160903011,-0.03571971956466165,0.05682149429181858,-0.6286304154765028,0.5296489341145623,-0.06087082745788318,0.07464676638752674,-0.8154516317809919,0.41489214685222653,,,,,-0.021622285982654928,0.05873120248526371,-0.3681567049147375,0.7127878111035992,,,,,,,,,,,,,,,,
Hybrid (A-P),fng_value,2489,2489,9,"R_g_t_lag,fng_value,log_diff_AdrActCnt,log_diff_volume_trusted_spot_usd_1d,log_diff_TxCnt,log_UnemRt,log_IndPro,log_CPIPrc,log_TotRes",0,0.010131623479499585,0.006537910131906077,12623.736719089247,12681.933082112922,-6301.868359544624,0.7021171800680714,0.7075213711757398,1.8046308114962266,0.0347290275108052,0.061123666355093774,0.5681764459129346,0.569966622271473,-0.24761439211337702,0.17528024604153436,-1.4126771139669805,0.1578762131824469,-0.21844109226330943,0.12129453679784474,-1.8009145179174373,0.07183784528097174,-0.00921492024545165,0.09052861661627955,-0.10179013653230345,0.9189314870531408,0.07827560988010146,0.16723601881367792,0.46805473148287746,0.6397865970550245,0.007362043349317535,0.051329248033659965,0.14342784340985784,0.8859639515575757,0.0434543284577635,0.036178455970898735,1.2011106414468693,0.22982303035420015,-0.02233012180467602,0.06928339958721508,-0.3223011852437538,0.7472517125890757,-0.07506039597122355,0.09047491437780918,-0.8296266040969434,0.4068298096618397,,,,,,,,,,,,,,,,,,,,,-0.05119467262268383,0.03433094958431202,-1.4912105037163874,0.13603346708955494
Hybrid (A-P),no_sentiment,2490,2490,8,"R_g_t_lag,log_diff_AdrActCnt,log_diff_volume_trusted_spot_usd_1d,log_diff_TxCnt,log_UnemRt,log_IndPro,log_CPIPrc,log_TotRes",0,0.009897400588033678,0.006704808570582643,12626.389699208723,12678.770041113852,-6304.1948496043615,0.790924355129227,0.6106565021143426,1.8042991631327574,0.034708072384629585,0.06109398489343098,0.5681094864768186,0.5700120368963366,-0.24700702606934408,0.17501174281061205,-1.4113740146947815,0.15825974996924871,-0.21672745988123654,0.1205925324427085,-1.797188063731891,0.07242733985499726,-0.010369559145060228,0.0901544107450301,-0.11501998692428775,0.9084385875486646,0.07646098340351633,0.16758640527461194,0.4562481263216139,0.6482514962980559,-0.030595236065305106,0.06459670701545125,-0.4736346089280814,0.6358021643959393,0.016731090144671508,0.023981997389447555,0.6976520709669263,0.4854601818535311,-0.044522337143979115,0.07893231334957776,-0.5640571681561806,0.5727662097475423,-0.06531237040028279,0.08539842023521296,-0.7647960023193972,0.444465765849817,,,,,,,,,,,,,,,,,,,,,,,,
Hybrid (U-A),ConSIX,2788,2788,9,"R_g_t_lag,ConSIX,log_diff_AdrActCnt,log_diff_volume_trusted_spot_usd_1d,log_diff_TxCnt,log_UnemRt,log_IndPro,log_CPIPrc,log_TotRes",0,0.005627639730514722,0.0024061310039397155,18702.370271146083,18761.701068864888,-9341.185135573041,1.3639963183012134,0.19881375488590397,2.106366313742572,-0.047061544844116926,0.1309178863129045,-0.3594737599997297,0.7192680262518578,-0.22067746486394363,0.2232575672850514,-0.988443381998275,0.32302163257366834,-0.5497596438638189,0.3150060888634727,-1.745234975766107,0.08105454011026923,0.19478525981809872,0.1813046966427977,1.074353083096684,0.28275776757986537,0.1871378699762151,0.2996187778188993,0.6245865874579068,0.5322937170076969,0.544112137289104,0.39496858653171013,1.3776086398846301,0.16843512079456166,0.18144779887146698,0.43077301489276504,0.4212144043345795,0.6736311131815624,0.30210850435092046,0.2974210945011557,1.0157601795448523,0.30983205889006704,-0.018951345174612506,0.32531879618729503,-0.058254688621501266,0.9535499492278374,,,,,,,,,,,,,,,,,0.027234876297462643,0.18769650035119867,0.1451006078776296,0.884641964613653,,,,
Hybrid (U-A),EPU_DUS,2788,2788,9,"R_g_t_lag,EPU_DUS,log_diff_AdrActCnt,log_diff_volume_trusted_spot_usd_1d,log_diff_TxCnt,log_UnemRt,log_IndPro,log_CPIPrc,log_TotRes",0,0.0061021084770565,0.002882136906247834,18701.03964832026,18760.370446039065,-9340.51982416013,1.4534383036883323,0.15961248605730377,2.1072754713125574,-0.047061544844109945,0.13088664858977012,-0.35955955287396824,0.7192038645342587,-0.2213329903497869,0.2226254211640266,-0.9941945946357696,0.3202147267835245,-0.5492087812068075,0.3149849352187418,-1.743603327649332,0.08133890294355621,0.19041094419432383,0.1810899932208443,1.0514713751306644,0.29313360361223395,0.18634225983928854,0.2997368207777174,0.6216862491428058,0.5341992085772562,0.4330657242726036,0.37912963715255404,1.1422629144087377,0.2534431917650111,0.303201062723363,0.46351166700955754,0.6541390094439867,0.5130763975882735,0.0817374277610747,0.31167867159057216,0.2622490250742815,0.7931489033712255,-0.03562001622331866,0.3194454173675191,-0.1115057981324495,0.9112233235237279,0.1890626577090982,0.15635270265423024,1.2092062017450709,0.22668653622194787,,,,,,,,,,,,,,,,,,,,
Hybrid (U-A),InvSIX,2788,2788,9,"R_g_t_lag,InvSIX,log_diff_AdrActCnt,log_diff_volume_trusted_spot_usd_1d,log_diff_TxCnt,log_UnemRt,log_IndPro,log_CPIPrc,log_TotRes",0,0.005628394698389938,0.0024068884177151917,18702.368154382464,18761.69895210127,-9341.184077191232,1.3595051672014704,0.20097109437012378,2.1063781910982264,-0.04706154484411761,0.13091783661380635,-0.3594738964633532,0.7192679241935527,-0.22078835660507606,0.22321981482538258,-0.9891073369888396,0.32269676919419443,-0.549459127405926,0.3149373635929835,-1.7446616087001732,0.08115437408162005,0.19502065497020593,0.1814261261557295,1.0749314836982595,0.2824987568408533,0.18671644625098333,0.2995001630605003,0.6234268600824294,0.5330552322778122,0.5376898953877841,0.39037909571629315,1.3773531966438815,0.1685140360460568,0.17581044672049378,0.4283650535303421,0.4104220110197218,0.6815280535038608,0.28836566269187136,0.27553625940449883,1.046561578919232,0.29539287944335724,-0.026916421940285526,0.3181194832151528,-0.0846110450961635,0.9325767145973431,,,,,,,,,0.0171067430890045,0.1135209329155808,0.15069241107916045,0.8802293005255816,,,,,,,,,,,,
Hybrid (U-A),TwitSIX,2105,2105,9,"R_g_t_lag,TwitSIX,log_diff_AdrActCnt,log_diff_volume_trusted_spot_usd_1d,log_diff_TxCnt,log_UnemRt,log_IndPro,log_CPIPrc,log_TotRes",0,0.006083907795408239,0.0018141011940521201,14414.95878586733,14471.479493328494,-7197.479392933665,1.2181771728222988,0.2789263885534994,2.110732962651078,-0.08416797846441446,0.1614818003541959,-0.521222690605378,0.6022667386480115,-0.19761951615267997,0.26993984550430744,-0.7320872388568014,0.4641972092791504,-0.6090844592011858,0.35107854966174334,-1.734895110476062,0.08290645271635247,0.2566102673698152,0.20592955439260296,1.2461070395004588,0.21286442520308838,0.24476114264136717,0.3396036945647193,0.7207257946798405,0.471158649623555,0.4838469003101973,0.3639002809185301,1.3296139785572763,0.1837902423897536,0.19897659772608112,0.37875215713153687,0.525347761008206,0.5993970550686495,0.04912789278725069,0.22542550588897822,0.21793404696381657,0.827501723294291,-0.017532347881479796,0.346536612017159,-0.050593060800778154,0.9596546154040442,,,,,,,,,,,,,-0.05497178261467843,0.1699437232930155,-0.3234705086453623,0.7463712236517617,,,,,,,,
Hybrid (U-A),VIX,2788,2788,9,"R_g_t_lag,VIX,log_diff_AdrActCnt,log_diff_volume_trusted_spot_usd_1d,log_diff_TxCnt,log_UnemRt,log_IndPro,log_CPIPrc,log_TotRes",0,0.005640848569434476,0.0024193826360741078,18702.33323623947,18761.664033958274,-9341.166618119734,1.3587821784148788,0.20132012857442547,2.105895388409766,-0.047061544844116565,0.13091701677997897,-0.359476147575291,0.7192662406344894,-0.21938475905186244,0.2236120674331415,-0.9810953477162274,0.32663115752117544,-0.549870269893941,0.31502315067604,-1.7454916208980797,0.08100988570406471,0.19527618093457932,0.18133781745085464,1.0768640743539455,0.28163450033607795,0.18676445835202776,0.29946738364498793,0.6236554247705085,0.5329051055525065,0.5298502290445735,0.3973249779103861,1.3335437198818079,0.1824627679388446,0.20053592915688756,0.4291244361393231,0.4673141687316541,0.6403117726506473,0.26967335287876715,0.2796826289026112,0.9642120210929175,0.3350235635398705,-0.03835730910451178,0.32140352937784256,-0.11934314840525245,0.9050121295495406,,,,,0.033490288084156605,0.17879820446042838,0.18730774274396406,0.8514330311647644,,,,,,,,,,,,,,,,
Hybrid (U-A),fng_value,2642,2642,9,"R_g_t_lag,fng_value,log_diff_AdrActCnt,log_diff_volume_trusted_spot_usd_1d,log_diff_TxCnt,log_UnemRt,log_IndPro,log_CPIPrc,log_TotRes",0,0.006043823652622127,0.00264503733532484,17590.268182914802,17649.061097765625,-8785.134091457401,1.305686880241547,0.2283307635788293,2.1304331800792173,-0.05087853849993311,0.1311380163763752,-0.38797703294449853,0.6980644052483352,-0.2601548177283983,0.2353557320378817,-1.1053685222611238,0.26910096779400944,-0.47239388427059215,0.32368557054885144,-1.4594221283005795,0.14456829385033307,0.17608921668767594,0.18480983330256837,0.9528130269961602,0.3407723048670479,0.15321633359971576,0.3072114448896714,0.4987325054076036,0.618009518676129,0.4625442688572297,0.3959469981031256,1.1681974382257057,0.24283293754069923,0.08581185449518193,0.4228155852379788,0.2029533855685176,0.8391871543619668,0.25431670253869876,0.2836928123181026,0.8964509902828816,0.37009392755939996,0.044430332235093864,0.3096822317799321,0.1434707182899249,0.8859294182647255,,,,,,,,,,,,,,,,,,,,,0.10440230665475597,0.16606146383949147,0.6286967743200624,0.5296021449738292
Hybrid (U-A),no_sentiment,2788,2788,8,"R_g_t_lag,log_diff_AdrActCnt,log_diff_volume_trusted_spot_usd_1d,log_diff_TxCnt,log_UnemRt,log_IndPro,log_CPIPrc,log_TotRes",0,0.005622373461221075,0.0027598254179284076,18700.385036560427,18753.78275450735,-9341.192518280213,1.5284861221215604,0.1418984457040979,2.1063582198523725,-0.047061544844117446,0.1308946759506657,-0.3595375022117399,0.719220345489769,-0.22062363952180516,0.2232191372294674,-0.9883724229925945,0.32305633341169515,-0.5497891634218941,0.31497136230843376,-1.7455211146577716,0.08100471549999862,0.1948775512114202,0.18127267248919404,1.0750520116209858,0.2824447704982398,0.18710126809671265,0.2995440343878548,0.6246202448300161,0.5322716062416692,0.5395671323629609,0.39149242008886836,1.3782313645829458,0.16824281596475277,0.18124776467222575,0.43063500171661945,0.42088488847800704,0.6738716862712217,0.2859306418814512,0.2762257229928062,1.0351340157009843,0.3006963945985923,-0.029177309596450915,0.31794331997220254,-0.09176890270568307,0.926888266074109,,,,,,,,,,,,,,,,,,,,,,,,
Hybrid (U-P),ConSIX,3772,3772,9,"R_g_t_lag,ConSIX,log_diff_AdrActCnt,log_diff_volume_trusted_spot_usd_1d,log_diff_TxCnt,log_UnemRt,log_IndPro,log_CPIPrc,log_TotRes",0,0.0025357232874787528,0.00014944511352532608,31082.615276250137,31144.96888268767,-15531.307638125068,1.8149953805540495,0.06059264662647969,2.0202982032564667,-0.13483359891236166,0.24225469365150396,-0.5565778597723553,0.5778489896220744,-0.0011271711309074877,0.21820925381643722,-0.005165551465822301,0.9958787784520021,-0.13739808347867088,0.1464025358545615,-0.9384952431094787,0.34805020871149095,0.22361399970161977,0.16766863901267728,1.3336662181930903,0.18239400961430602,0.2481549963819698,0.3285466866953909,0.7553112127776364,0.45010955696560706,1.256980497953148,0.7492443649688955,1.6776642664577543,0.0934957263200248,1.6233123807891416,1.435650769819806,1.1307153626176718,0.2582469923193929,0.6330816944922,0.3320963268679344,1.9063194720125864,0.056684893964261435,-1.2619239586508912,0.9101765047491821,-1.3864607052218298,0.16568842813167747,,,,,,,,,,,,,,,,,0.03522110365184215,0.13953663780561829,0.25241473641429546,0.800734300386741,,,,
Hybrid (U-P),EPU_DUS,3772,3772,9,"R_g_t_lag,EPU_DUS,log_diff_AdrActCnt,log_diff_volume_trusted_spot_usd_1d,log_diff_TxCnt,log_UnemRt,log_IndPro,log_CPIPrc,log_TotRes",0,0.0025596549629102183,0.00017343404176883848,31082.524775402373,31144.878381839906,-15531.262387701187,2.073300339842703,0.02852087216138705,2.0204227769774796,-0.1348335989123604,0.24225178748453016,-0.5565845367434933,0.577844427077236,-0.002010332441734956,0.21787983486134882,-0.00922679440717523,0.9926386768868731,-0.13781820761360403,0.14656062648166573,-0.9403494712193021,0.34709870533240317,0.223458517448093,0.1676639277284063,1.3327763489476798,0.18268592119937369,0.24809544342287482,0.3285861966811934,0.7550391523706831,0.4502727554833784,1.183214406505616,0.7419496468674154,1.5947368012118666,0.11085510549600262,1.6641449149770278,1.4496974747329652,1.1479256493038756,0.25107224895860053,0.4965408186303296,0.33278176236560925,1.4920914388475628,0.1357590253400391,-1.2735795001841543,0.9205224733322124,-1.3835398233938883,0.1665814937484053,0.09324316437771933,0.10691128839589971,0.872154529018803,0.3831797399731519,,,,,,,,,,,,,,,,,,,,
Hybrid (U-P),InvSIX,3772,3772,9,"R_g_t_lag,InvSIX,log_diff_AdrActCnt,log_diff_volume_trusted_spot_usd_1d,log_diff_TxCnt,log_UnemRt,log_IndPro,log_CPIPrc,log_TotRes",0,0.002717710369576576,0.0003318675714175656,31081.927013102162,31144.280619539695,-15530.963506551081,1.8315735558277477,0.057812062713185945,2.020720300910832,-0.13483359891236013,0.24223259299238065,-0.5566286404596317,0.5778142903080294,0.0021864061014396094,0.218364955611791,0.010012623570086952,0.9920117466279063,-0.13826501909763658,0.14675349588954886,-0.9421582651884425,0.34617211387063185,0.22208766329610494,0.16699763652821412,1.3298850685146277,0.18363676486605982,0.24871073565522533,0.32901047535649636,0.7559356138607352,0.4497351297175164,1.2478495633059485,0.7412979542023055,1.6833306448939713,0.09239407142062059,1.6661586696997006,1.4723574752040653,1.1316264546887806,0.25786364129114014,0.5644734231005064,0.2869769757858353,1.966964149492469,0.049260729028961545,-1.277945962749696,0.9218125527421068,-1.3863403779306354,0.16572514713607225,,,,,,,,,-0.2023536075055431,0.19350421992816827,-1.0457322717853899,0.29575184391645437,,,,,,,,,,,,
Hybrid (U-P),TwitSIX,3089,3089,9,"R_g_t_lag,TwitSIX,log_diff_AdrActCnt,log_diff_volume_trusted_spot_usd_1d,log_diff_TxCnt,log_UnemRt,log_IndPro,log_CPIPrc,log_TotRes",0,0.0041214088110601566,0.0012104288433107957,26041.12150320669,26101.477530135875,-13010.560751603345,1.985102515124465,0.03714263060197347,2.0236724754237883,-0.16287910421225427,0.29428162190623064,-0.5534803809942089,0.5799746980854228,-0.013624642533742615,0.22907231279077694,-0.05947747402448708,0.9525756666846136,-0.14276249218515497,0.16636923168416584,-0.8581063381729997,0.3909005392811471,0.2624076327263128,0.20083378528505086,1.3065910815447106,0.1914492116604078,0.2713514448696723,0.36402688710843734,0.7454159417319122,0.4560772072592585,1.0327932199346537,0.6033693182238048,1.7117098744347568,0.08705085355083352,1.104544733991439,0.9625085459116216,1.1475687552937937,0.2512357917152778,0.5411612443313454,0.43511318434318064,1.2437252278352544,0.2136953894999184,-0.8648821320435264,0.6669434423327202,-1.2967848203417223,0.19480240625393377,,,,,,,,,,,,,0.690282433688667,0.5160100529349936,1.337730592189893,0.1810830714797689,,,,,,,,
Hybrid (U-P),VIX,3772,3772,9,"R_g_t_lag,VIX,log_diff_AdrActCnt,log_diff_volume_trusted_spot_usd_1d,log_diff_TxCnt,log_UnemRt,log_IndPro,log_CPIPrc,log_TotRes",0,0.0025631139544673998,0.00017690130842540341,31082.51169458121,31144.865301018745,-15531.255847290606,1.8519840307812592,0.0545481694145223,2.020193971905023,-0.134833598912359,0.2422513674355404,-0.5565855018268835,0.5778437676125201,-0.0005406798776336685,0.21886560678957906,-0.002470373877214463,0.9980290598105549,-0.1372935049626804,0.1464736792635864,-0.9373254338454499,0.34865135288254956,0.223415877724144,0.16739391359793393,1.3346714520383944,0.18206467034666715,0.2481507558602305,0.32850071589378876,0.7554040032608723,0.45005390321215,1.2180743850945852,0.712072627816979,1.7106041399581247,0.08723665984270539,1.6686181490105458,1.4853202353038852,1.1234063263597558,0.2613366476871096,0.5631692267341513,0.2937940263040656,1.916884539208747,0.05532827195605453,-1.3114492334491925,0.9570400274575537,-1.370318059666901,0.17066940105190212,,,,,0.09001568167259437,0.1934453718453124,0.46532869106103475,0.6417230259102538,,,,,,,,,,,,,,,,
Hybrid (U-P),fng_value,2642,2642,9,"R_g_t_lag,fng_value,log_diff_AdrActCnt,log_diff_volume_trusted_spot_usd_1d,log_diff_TxCnt,log_UnemRt,log_IndPro,log_CPIPrc,log_TotRes",0,0.008139300109953784,0.004747679175679309,15651.207755664156,15710.000670514979,-7815.603877832078,2.069358524351624,0.02897859400913889,2.1312841014596633,-0.07362110008162132,0.090856563887683,-0.8103002901654064,0.4178408646384315,0.16266276755344766,0.12046220985455208,1.3503219619650775,0.1770288267701249,-0.13701957652316626,0.14068818290299448,-0.973923848441786,0.330183849841057,-0.010612527244618676,0.09540007838656839,-0.11124233254417158,0.9114326654035075,-0.13083386225976373,0.096220233035211,-1.359733375535332,0.17403077907245185,0.430006536157334,0.23134555051951772,1.858719716855138,0.06317842526807388,-0.06435273105889751,0.27423037146671675,-0.23466668084467798,0.8144857039937267,0.36213292755996584,0.1822669693033641,1.9868269546811514,0.04704509711119697,0.010933510006727681,0.1715513888991908,0.06373314769927377,0.9491875500311207,,,,,,,,,,,,,,,,,,,,,0.03922628133142419,0.10954301053170545,0.358090225392069,0.7203045092162366
Hybrid (U-P),no_sentiment,3772,3772,8,"R_g_t_lag,log_diff_AdrActCnt,log_diff_volume_trusted_spot_usd_1d,log_diff_TxCnt,log_UnemRt,log_IndPro,log_CPIPrc,log_TotRes",0,0.0025340088428769114,0.00041343272561478184,31080.62175956952,31136.7400053633,-15531.31087978476,2.0410208569035126,0.038206208448293096,2.020308605576062,-0.13483359891236107,0.2422227106418331,-0.5566513501359299,0.5777987639158191,-0.0010853641332458572,0.2181626627708846,-0.004975022395952837,0.9960307865284612,-0.1374336984443452,0.1463790151648953,-0.9388893502905916,0.3478478165689577,0.22363168440079467,0.16766690334004136,1.3337854993794,0.18235488562294866,0.2482331174832523,0.3285676199681782,0.7555008540016624,0.4499958057952803,1.2532195215837945,0.745735293559135,1.6805152343033327,0.09294010970342195,1.6324551285145026,1.4438555186079234,1.1306222177191354,0.25828618706705836,0.6059393090945915,0.30957275737882767,1.95734054322195,0.05038126458072794,-1.2766820868726005,0.9207626577645854,-1.386548505314183,0.165661617140343,,,,,,,,,,,,,,,,,,,,,,,,
Payment,ConSIX,3772,3772,9,"R_g_t_lag,ConSIX,log_diff_AdrActCnt,log_diff_volume_trusted_spot_usd_1d,log_diff_TxCnt,log_UnemRt,log_IndPro,log_CPIPrc,log_TotRes",0,0.004853845313266603,0.0024731128857863327,23197.172773027596,23259.52637946513,-11588.586386513798,1.9375953363822538,0.042610619346671916,2.06169915941325,-0.0009273778534669586,0.0851768330997332,-0.01088767707976529,0.9913136394908253,0.22114135810849597,0.10659508508856914,2.074592444152102,0.03809216234625852,-0.019940629490680782,0.1010079374723211,-0.19741646042564776,0.8435123147847589,-0.06321111933478467,0.10556663603905667,-0.598779327508346,0.5493561010928888,0.06981547997383376,0.08162171793609474,0.8553542088944439,0.39240955662737786,0.5377861924171493,0.21028223811948896,2.557449441410084,0.010583168854712744,0.46396484425905016,0.3818687921999613,1.2149849732054046,0.22444807174373538,0.3914296203077911,0.20458788298807468,1.9132590581163955,0.055790723596210186,-0.4690605252828679,0.2730708677285538,-1.717724520321727,0.08592916778844667,,,,,,,,,,,,,,,,,0.07780403912527593,0.12650610321545955,0.6150220198685874,0.5385773769149353,,,,
Payment,EPU_DUS,3772,3772,9,"R_g_t_lag,EPU_DUS,log_diff_AdrActCnt,log_diff_volume_trusted_spot_usd_1d,log_diff_TxCnt,log_UnemRt,log_IndPro,log_CPIPrc,log_TotRes",0,0.004812138718140013,0.0024313065141163825,23197.330854310014,23259.684460747547,-11588.665427155007,1.9518529502918969,0.04087353366467096,2.061481131707679,-0.0009273778534653367,0.0851786179624173,-0.010887448935535868,0.9913138215006964,0.2212778610280573,0.10657405722024697,2.076282603849475,0.03793556774441338,-0.019891095874751116,0.10105326757027962,-0.19683773076330693,0.843965156673837,-0.06349055408073351,0.1057114776435864,-0.6006022760820383,0.5481411015989894,0.06951799087284863,0.08153483020687725,0.8526171048184137,0.3939259507573176,0.5047323966853464,0.22403287792196672,2.252938949706974,0.02432038022541906,0.49532519333472547,0.37853360078061765,1.3085369233094724,0.1907711940998045,0.2928231394055773,0.21533165106417082,1.359870404366673,0.17395242735498836,-0.5005398707564124,0.26208155571189995,-1.9098630172458377,0.05622682620778285,0.032927308410319246,0.09184672637200217,0.3585027982048639,0.7199871901242358,,,,,,,,,,,,,,,,,,,,
Payment,InvSIX,3772,3772,9,"R_g_t_lag,InvSIX,log_diff_AdrActCnt,log_diff_volume_trusted_spot_usd_1d,log_diff_TxCnt,log_UnemRt,log_IndPro,log_CPIPrc,log_TotRes",0,0.004791571515776805,0.002410690107919722,23197.40880812023,23259.762414557765,-11588.704404060116,1.8995728965887233,0.04758060490531038,2.0615479824468497,-0.0009273778534655917,0.08517949813634691,-0.010887336433717148,0.9913139112528746,0.22142850297751437,0.10658717058825992,2.0774404813960197,0.03782860593657735,-0.019900699901514517,0.10096926164323623,-0.1970966171054261,0.8437625780185176,-0.06319565647289303,0.10555951415064717,-0.598673241169949,0.5494268487757086,0.069698590541704,0.08159715429840239,0.8541791823623517,0.39306010360014654,0.5297600408104287,0.21138604659404578,2.5061258741822305,0.012248103899551738,0.48211349207188325,0.3773909952344425,1.277490714298536,0.20150788651788115,0.3339151114966498,0.19257653298469166,1.7339345886094724,0.08301161235196204,-0.5015473096499923,0.262218759336785,-1.912705677193071,0.055861593176053735,,,,,,,,,0.012030904759100387,0.0688300641225559,0.17479142163341102,0.8612529350575423,,,,,,,,,,,,
Payment,TwitSIX,3089,3089,9,"R_g_t_lag,TwitSIX,log_diff_AdrActCnt,log_diff_volume_trusted_spot_usd_1d,log_diff_TxCnt,log_UnemRt,log_IndPro,log_CPIPrc,log_TotRes",0,0.006183756112161487,0.00327880444116746,19398.27362915786,19458.629656087043,-9689.13681457893,1.9973288973577072,0.035828260041824635,2.0702699336717587,-0.005273076509066298,0.10041330853298994,-0.05251372139912981,0.9581227689372978,0.23792872545921057,0.12027262928815503,1.9782449828145796,0.04799007872555169,0.027557568144115828,0.11704088927106247,0.2354524843048099,0.813873212721548,-0.08758602839296939,0.12930054252170783,-0.6773833016072989,0.49821368246373177,0.06610265879604643,0.10054683343299145,0.6574315325414993,0.5109526234581004,0.46005380625338826,0.1750368973791452,2.628324731195798,0.008623275370306964,0.4115831150488024,0.2879646812518247,1.429283317869366,0.15302426536598548,0.16328916486426018,0.197617611829517,0.826288524350392,0.40870446436255503,-0.39913477651349283,0.23084685701300867,-1.7290024290475863,0.08390889725986124,,,,,,,,,,,,,0.1619041858702742,0.14343603415683612,1.1287553146738887,0.2590890055009857,,,,,,,,
Payment,VIX,3772,3772,9,"R_g_t_lag,VIX,log_diff_AdrActCnt,log_diff_volume_trusted_spot_usd_1d,log_diff_TxCnt,log_UnemRt,log_IndPro,log_CPIPrc,log_TotRes",0,0.004817267947421877,0.002436448014281667,23197.311413254247,23259.66501969178,-11588.655706627123,1.9001599578593524,0.04749998610342536,2.062161646921043,-0.000927377853466204,0.08517839845550784,-0.010887476992780174,0.991313799117069,0.22013144327088022,0.10667747845805049,2.0635231208379565,0.039131397284925915,-0.019799734367446427,0.10092441603857177,-0.19618378926145355,0.8444769120880269,-0.06278353338229216,0.10563401469619554,-0.5943495905448469,0.5523140568705674,0.06966221033645606,0.08157602308091544,0.8539544795822904,0.39318458347861474,0.5423597458705748,0.2214708774211526,2.448898709328788,0.014374699551353664,0.47115333844191004,0.3749026776319322,1.2567350583301882,0.2089276133222868,0.3470740219025178,0.19966316302423004,1.7382977242547177,0.08224018433904635,-0.4891484714796537,0.2627725138104733,-1.8614902463979006,0.06275291179641042,,,,,-0.032698894060340766,0.1284471257487967,-0.2545708506104668,0.7990684894296276,,,,,,,,,,,,,,,,
Payment,fng_value,2642,2642,9,"R_g_t_lag,fng_value,log_diff_AdrActCnt,log_diff_volume_trusted_spot_usd_1d,log_diff_TxCnt,log_UnemRt,log_IndPro,log_CPIPrc,log_TotRes",0,0.004537124566754036,0.0011331861629169104,15169.642609319544,15228.435524170367,-7574.821304659772,1.1124288737125694,0.3499879251509171,2.1299770089260788,-0.039661976251327044,0.08294233145839769,-0.478187380966265,0.6325565575134878,0.14793753762195946,0.1138485872256508,1.2994235697342778,0.19391241151407707,-0.1179552687731139,0.09013975634942513,-1.3085820680040718,0.19079021033880111,0.023557663642572828,0.08611609079388348,0.273557048693228,0.7844465094457049,0.03441242509391637,0.07405907086369312,0.4646618529316007,0.642212065116597,0.25564038362620256,0.21167973184615022,1.207675299834578,0.2272806905225471,-0.010782289777525891,0.263411640084702,-0.040933232009256554,0.9673522289790589,0.18376161668151827,0.17359788785377836,1.0585475373773028,0.28990302768103005,-0.029176315325910182,0.16062075317329644,-0.181647232686248,0.8558735664504098,,,,,,,,,,,,,,,,,,,,,0.07561562220327853,0.1014869101431856,0.7450775878051085,0.45629134213947975
Payment,no_sentiment,3772,3772,8,"R_g_t_lag,log_diff_AdrActCnt,log_diff_volume_trusted_spot_usd_1d,log_diff_TxCnt,log_UnemRt,log_IndPro,log_CPIPrc,log_TotRes",0,0.004786329581197624,0.0026705418152261906,23195.428675843006,23251.546921636786,-11588.714337921503,2.136658858588058,0.029407173597375026,2.0615322795779334,-0.000927377853465491,0.08516840365119525,-0.010888754675543061,0.9913127796484739,0.2213538906847675,0.10651890689587938,2.0780713690681933,0.03777041623448831,-0.01990220950306769,0.1009852270174942,-0.1970804056282403,0.8437752603727571,-0.06313445470488772,0.10557557729681444,-0.5980024577785823,0.5498742804839466,0.06966095781092113,0.08156194618685074,0.854086508079815,0.3931114255546777,0.5294540303179307,0.21134934036269676,2.505113237681907,0.012283156675628359,0.4841311305259354,0.37737254916665186,1.282899701091236,0.1996062276566953,0.33145660943980765,0.1938816489540782,1.7095821663777717,0.08742561078782561,-0.5016346027095567,0.26215780764243335,-1.913483360349712,0.05576199918309369,,,,,,,,,,,,,,,,,,,,,,,,
Utility,ConSIX,3270,3270,9,"R_g_t_lag,ConSIX,log_diff_AdrActCnt,log_diff_volume_trusted_spot_usd_1d,log_diff_TxCnt,log_UnemRt,log_IndPro,log_CPIPrc,log_TotRes",0,0.004857799275405195,0.0021104741813801065,23385.727847921844,23446.653300560756,-11682.863923960922,1.6945297748373016,0.08476941767735194,2.062816776481343,0.28599461457442427,0.1509300930598337,1.8948813240381857,0.05819652782024097,0.005812332567046288,0.12490112792790371,0.04653546900234018,0.9628863148773598,-0.10745758739987377,0.23935815105310962,-0.44894058099584294,0.6535043613514675,-0.16617993571501766,0.23151172092489175,-0.7178035524556903,0.47292985555523537,0.015180568512738496,0.26568577731509646,0.05713730206466692,0.9544393238399387,1.0777988911005472,0.40033749731273144,2.692225680420347,0.007133974301483415,0.49288136112651443,0.3598846978529088,1.369553537749926,0.17092064175295274,0.6322854058509109,0.3653359397224523,1.7306958804306565,0.0836006463691617,-0.663820837666138,0.28892245699305297,-2.2975743892490135,0.021649079207415406,,,,,,,,,,,,,,,,,0.06497145355034062,0.17039794749791695,0.3812924656920229,0.7030110912049062,,,,
Utility,EPU_DUS,3270,3270,9,"R_g_t_lag,EPU_DUS,log_diff_AdrActCnt,log_diff_volume_trusted_spot_usd_1d,log_diff_TxCnt,log_UnemRt,log_IndPro,log_CPIPrc,log_TotRes",0,0.004843310063174955,0.0020959449682572684,23385.775458583958,23446.70091122287,-11682.887729291979,1.7081175275900786,0.08167547015661426,2.062864306192763,0.2859946145744266,0.15093119182249776,1.8948675295082136,0.05819835645029467,0.005640941754197069,0.12482166230366247,0.0451920095445769,0.963957031102288,-0.10778281757221689,0.23934697601392482,-0.45032036488293153,0.6525094014801088,-0.16625637519014824,0.2314484326055105,-0.7183300976313887,0.4726052533614937,0.01524834892899643,0.2656198178610422,0.05740666886901313,0.9542247689826716,1.0566451054084753,0.4229245899067098,2.4984243778342465,0.012523547305001608,0.5116876263996093,0.36320877759634407,1.4087975235231753,0.15899041663532265,0.5661480427779451,0.41985526407590557,1.348436214141622,0.1776117946294121,-0.6907667517452676,0.28084705955587425,-2.4595833505881526,0.013961402275812452,0.019191146405135927,0.12016871261906172,0.15970168929055947,0.8731259637233506,,,,,,,,,,,,,,,,,,,,
Utility,InvSIX,3270,3270,9,"R_g_t_lag,InvSIX,log_diff_AdrActCnt,log_diff_volume_trusted_spot_usd_1d,log_diff_TxCnt,log_UnemRt,log_IndPro,log_CPIPrc,log_TotRes",0,0.004856429412959273,0.002109100537105335,23385.732349235434,23446.657801874346,-11682.866174617717,1.7234078705558187,0.0783144624079393,2.062757156097986,0.2859946145744243,0.1509301969411642,1.8948800198406361,0.05819670070519173,0.005663098869823184,0.12455622163881934,0.045466206306776856,0.9637384952166957,-0.10759062543051995,0.23943137941830536,-0.449358917331177,0.6532026345051911,-0.16616840849151462,0.23156090807439153,-0.717601299257866,0.47305457232056347,0.015222775074904382,0.26567524019656796,0.05729843346952974,0.9543109797670427,1.062778083286318,0.41346877560520984,2.5703950237371362,0.010202273439487763,0.48516012168601175,0.36267832004436895,1.3377147043877857,0.18108276707982537,0.5918109539655355,0.3697914327875534,1.6003911975579304,0.10960872241706572,-0.6809753571300164,0.2854153081822095,-2.3859104175844728,0.01709365868591448,,,,,,,,,0.03524412770893347,0.15776538309290328,0.22339582370981384,0.8232414513617589,,,,,,,,,,,,
Utility,TwitSIX,2587,2587,9,"R_g_t_lag,TwitSIX,log_diff_AdrActCnt,log_diff_volume_trusted_spot_usd_1d,log_diff_TxCnt,log_UnemRt,log_IndPro,log_CPIPrc,log_TotRes",0,0.005432578914214781,0.00195911877072541,19013.278778652733,19071.861320474593,-9496.639389326367,1.9219810589481119,0.04474704315481092,2.0653781173741406,0.3644342304851639,0.18726679147784586,1.9460697094726342,0.051754930764328806,0.003322862227842137,0.14075506875028204,0.023607407231190588,0.9811675914203646,-0.1929086597229619,0.3729630037228989,-0.5172326954613644,0.6050381213571208,-0.2045818746018751,0.26695332462319266,-0.7663582197024311,0.4435333781776728,0.08339418825772538,0.3917914043647876,0.21285354228976153,0.8314580354862287,0.9938926054177855,0.3552673184954862,2.7975908665812534,0.005186775670860235,0.5047262551792269,0.3271541268422211,1.5427782007550364,0.12300738146975525,0.3057122243974717,0.31080718249871747,0.9836073347459826,0.3254009532391552,-0.6320418253877689,0.3099871113227773,-2.038929369323516,0.0415589244623443,,,,,,,,,,,,,0.2193622227817486,0.35229903727871825,0.622659160456922,0.5335636182111521,,,,,,,,
Utility,VIX,3270,3270,9,"R_g_t_lag,VIX,log_diff_AdrActCnt,log_diff_volume_trusted_spot_usd_1d,log_diff_TxCnt,log_UnemRt,log_IndPro,log_CPIPrc,log_TotRes",0,0.0049665275869652525,0.002219502663125539,23385.370551243006,23446.29600388192,-11682.685275621503,1.6440167262432037,0.09720227956259801,2.06399495156744,0.28599461457441944,0.15092184759378627,1.8949848490073373,0.058182805870611545,0.002427415899658822,0.12414617088845432,0.019552885782034,0.9844012449127786,-0.1071761028836214,0.23950799262632225,-0.4474844522238403,0.654555042147841,-0.1663707299980213,0.2314998681218115,-0.7186644698669102,0.4723991848078002,0.015486806331759695,0.2658353798122752,0.058257130193490436,0.953547385138239,1.0971136214813937,0.40917858863509915,2.681258628759256,0.0073715309861892946,0.43979902681583105,0.3320001006870875,1.3246954621569371,0.1853650291064869,0.6307334738759472,0.3684798425247647,1.7117177144732336,0.08704381655884869,-0.6306176141594755,0.26887526819419977,-2.3453909256689283,0.019066783690405657,,,,,-0.1107880550220153,0.20020459194723705,-0.5533741955889451,0.5800451521715151,,,,,,,,,,,,,,,,
Utility,fng_value,2642,2642,9,"R_g_t_lag,fng_value,log_diff_AdrActCnt,log_diff_volume_trusted_spot_usd_1d,log_diff_TxCnt,log_UnemRt,log_IndPro,log_CPIPrc,log_TotRes",0,0.010428711027665072,0.007044918626163965,17359.685807692604,17418.478722543427,-8669.842903846302,1.0127846003237695,0.4270546319859608,2.0763300881859372,0.13064454298155076,0.12553849985711432,1.0406731252185428,0.2981228641410003,0.07004369876561792,0.13546378574806048,0.5170658591801593,0.6051536320327505,0.0610024309565323,0.1360573322632871,0.448358276189668,0.6539315546516646,-0.26751679005174017,0.16997298827815688,-1.5738782541962204,0.11563578654876096,-0.054487407193206244,0.15218285330962253,-0.35803906950245756,0.7203427867581851,0.9669237222534162,0.4513396967602352,2.142341409794216,0.03225751111961945,0.10629555080323166,0.3195251259692924,0.3326672682806393,0.7394119529124878,0.6451246847667846,0.3566419048576579,1.8088863814931264,0.07058271834835218,-0.3320930268406393,0.2294207558655145,-1.4475282569259378,0.14786812380445713,,,,,,,,,,,,,,,,,,,,,0.08280754140225512,0.13004163798013507,0.636777132989548,0.5243253999208042
Utility,no_sentiment,3270,3270,8,"R_g_t_lag,log_diff_AdrActCnt,log_diff_volume_trusted_spot_usd_1d,log_diff_TxCnt,log_UnemRt,log_IndPro,log_CPIPrc,log_TotRes",0,0.004840058497736832,0.0023986970957072806,23383.786142933186,23438.619050308207,-11682.893071466593,1.8489614971387542,0.06373723207769927,2.062770986893878,0.2859946145744255,0.15090829472856912,1.895155034975573,0.058160226926886,0.006126965111199437,0.12493045424244749,0.0490430067540544,0.960888026104904,-0.10746393840452204,0.23926739348183915,-0.44913741417373176,0.6533623783731785,-0.16617658850863287,0.23150741161219204,-0.7178024554436399,0.4729305161932401,0.01506118058968861,0.2655765053027984,0.05671126883952528,0.954778671614574,1.0677331873295872,0.4043510079341786,2.6406096841074174,0.008315160348026769,0.4996272744010079,0.36136432234774707,1.3826137321885585,0.16687800980740342,0.5870835485367771,0.3805402586494779,1.5427633087240575,0.12298524382333653,-0.688308796121134,0.2820358537152056,-2.440501046424314,0.01471978608105583,,,,,,,,,,,,,,,,,,,,,,,,
