group,proxy,n,nobs,n_regs,regs_used,opt_hac_lag,r2,adj_r2,aic,bic,log_likelihood,fstat,f_pval,durbin_watson,coef_Intercept,stderr_Intercept,tval_Intercept,pval_Intercept,coef_R_g_t_lag,stderr_R_g_t_lag,tval_R_g_t_lag,pval_R_g_t_lag,coef_log_diff_AdrActCnt,stderr_log_diff_AdrActCnt,tval_log_diff_AdrActCnt,pval_log_diff_AdrActCnt,coef_log_diff_volume_trusted_spot_usd_1d,stderr_log_diff_volume_trusted_spot_usd_1d,tval_log_diff_volume_trusted_spot_usd_1d,pval_log_diff_volume_trusted_spot_usd_1d,coef_log_diff_TxCnt,stderr_log_diff_TxCnt,tval_log_diff_TxCnt,pval_log_diff_TxCnt,coef_log_UnemRt,stderr_log_UnemRt,tval_log_UnemRt,pval_log_UnemRt,coef_log_IndPro,stderr_log_IndPro,tval_log_IndPro,pval_log_IndPro,coef_log_CPIPrc,stderr_log_CPIPrc,tval_log_CPIPrc,pval_log_CPIPrc,coef_log_TotRes,stderr_log_TotRes,tval_log_TotRes,pval_log_TotRes
Asset,ConSIX,1922,1922,8,"R_g_t_lag,log_diff_AdrActCnt,log_diff_volume_trusted_spot_usd_1d,log_diff_TxCnt,log_UnemRt,log_IndPro,log_CPIPrc,log_TotRes",0,0.009821604081243773,0.005680763951944279,13803.617585576609,13853.667679882381,-6892.808792788304,0.6309880353299868,0.7523095271374289,2.005733839671579,0.19162866882646157,0.1997110643774087,0.9595295554798444,0.33741329299585887,-0.08640008379138216,0.09292648427269269,-0.9297681330312807,0.3526084561476145,0.603740776626774,0.536383799655526,1.1255760837939284,0.26048618714390664,0.14769565515124444,0.08056434571410538,1.8332632610877837,0.06691873810789198,-1.060196926416917,0.9343588531945957,-1.1346785261273846,0.25665219268609857,-1.4593345803978668,1.6103969352562404,-0.9061955772821083,0.3649464657922501,-1.0307817034460658,1.063869723354057,-0.968898428838002,0.3327183487802253,-0.7514391198722545,0.8345188655071727,-0.9004459346950449,0.36799632360677514,0.02780541948060683,0.0823996113663899,0.3374460027119548,0.735817731774588
Asset,EPU_DUS,1922,1922,8,"R_g_t_lag,log_diff_AdrActCnt,log_diff_volume_trusted_spot_usd_1d,log_diff_TxCnt,log_UnemRt,log_IndPro,log_CPIPrc,log_TotRes",0,0.009821604081243773,0.005680763951944279,13803.617585576609,13853.667679882381,-6892.808792788304,0.6309880353299868,0.7523095271374289,2.005733839671579,0.19162866882646157,0.1997110643774087,0.9595295554798444,0.33741329299585887,-0.08640008379138216,0.09292648427269269,-0.9297681330312807,0.3526084561476145,0.603740776626774,0.536383799655526,1.1255760837939284,0.26048618714390664,0.14769565515124444,0.08056434571410538,1.8332632610877837,0.06691873810789198,-1.060196926416917,0.9343588531945957,-1.1346785261273846,0.25665219268609857,-1.4593345803978668,1.6103969352562404,-0.9061955772821083,0.3649464657922501,-1.0307817034460658,1.063869723354057,-0.968898428838002,0.3327183487802253,-0.7514391198722545,0.8345188655071727,-0.9004459346950449,0.36799632360677514,0.02780541948060683,0.0823996113663899,0.3374460027119548,0.735817731774588
Asset,InvSIX,1922,1922,8,"R_g_t_lag,log_diff_AdrActCnt,log_diff_volume_trusted_spot_usd_1d,log_diff_TxCnt,log_UnemRt,log_IndPro,log_CPIPrc,log_TotRes",0,0.009821604081243773,0.005680763951944279,13803.617585576609,13853.667679882381,-6892.808792788304,0.6309880353299868,0.7523095271374289,2.005733839671579,0.19162866882646157,0.1997110643774087,0.9595295554798444,0.33741329299585887,-0.08640008379138216,0.09292648427269269,-0.9297681330312807,0.3526084561476145,0.603740776626774,0.536383799655526,1.1255760837939284,0.26048618714390664,0.14769565515124444,0.08056434571410538,1.8332632610877837,0.06691873810789198,-1.060196926416917,0.9343588531945957,-1.1346785261273846,0.25665219268609857,-1.4593345803978668,1.6103969352562404,-0.9061955772821083,0.3649464657922501,-1.0307817034460658,1.063869723354057,-0.968898428838002,0.3327183487802253,-0.7514391198722545,0.8345188655071727,-0.9004459346950449,0.36799632360677514,0.02780541948060683,0.0823996113663899,0.3374460027119548,0.735817731774588
Asset,TwitSIX,1922,1922,8,"R_g_t_lag,log_diff_AdrActCnt,log_diff_volume_trusted_spot_usd_1d,log_diff_TxCnt,log_UnemRt,log_IndPro,log_CPIPrc,log_TotRes",0,0.009821604081243773,0.005680763951944279,13803.617585576609,13853.667679882381,-6892.808792788304,0.6309880353299868,0.7523095271374289,2.005733839671579,0.19162866882646157,0.1997110643774087,0.9595295554798444,0.33741329299585887,-0.08640008379138216,0.09292648427269269,-0.9297681330312807,0.3526084561476145,0.603740776626774,0.536383799655526,1.1255760837939284,0.26048618714390664,0.14769565515124444,0.08056434571410538,1.8332632610877837,0.06691873810789198,-1.060196926416917,0.9343588531945957,-1.1346785261273846,0.25665219268609857,-1.4593345803978668,1.6103969352562404,-0.9061955772821083,0.3649464657922501,-1.0307817034460658,1.063869723354057,-0.968898428838002,0.3327183487802253,-0.7514391198722545,0.8345188655071727,-0.9004459346950449,0.36799632360677514,0.02780541948060683,0.0823996113663899,0.3374460027119548,0.735817731774588
Asset,VIX,1922,1922,8,"R_g_t_lag,log_diff_AdrActCnt,log_diff_volume_trusted_spot_usd_1d,log_diff_TxCnt,log_UnemRt,log_IndPro,log_CPIPrc,log_TotRes",0,0.009821604081243773,0.005680763951944279,13803.617585576609,13853.667679882381,-6892.808792788304,0.6309880353299868,0.7523095271374289,2.005733839671579,0.19162866882646157,0.1997110643774087,0.9595295554798444,0.33741329299585887,-0.08640008379138216,0.09292648427269269,-0.9297681330312807,0.3526084561476145,0.603740776626774,0.536383799655526,1.1255760837939284,0.26048618714390664,0.14769565515124444,0.08056434571410538,1.8332632610877837,0.06691873810789198,-1.060196926416917,0.9343588531945957,-1.1346785261273846,0.25665219268609857,-1.4593345803978668,1.6103969352562404,-0.9061955772821083,0.3649464657922501,-1.0307817034460658,1.063869723354057,-0.968898428838002,0.3327183487802253,-0.7514391198722545,0.8345188655071727,-0.9004459346950449,0.36799632360677514,0.02780541948060683,0.0823996113663899,0.3374460027119548,0.735817731774588
Asset,fng_value,1922,1922,8,"R_g_t_lag,log_diff_AdrActCnt,log_diff_volume_trusted_spot_usd_1d,log_diff_TxCnt,log_UnemRt,log_IndPro,log_CPIPrc,log_TotRes",0,0.009821604081243773,0.005680763951944279,13803.617585576609,13853.667679882381,-6892.808792788304,0.6309880353299868,0.7523095271374289,2.005733839671579,0.19162866882646157,0.1997110643774087,0.9595295554798444,0.33741329299585887,-0.08640008379138216,0.09292648427269269,-0.9297681330312807,0.3526084561476145,0.603740776626774,0.536383799655526,1.1255760837939284,0.26048618714390664,0.14769565515124444,0.08056434571410538,1.8332632610877837,0.06691873810789198,-1.060196926416917,0.9343588531945957,-1.1346785261273846,0.25665219268609857,-1.4593345803978668,1.6103969352562404,-0.9061955772821083,0.3649464657922501,-1.0307817034460658,1.063869723354057,-0.968898428838002,0.3327183487802253,-0.7514391198722545,0.8345188655071727,-0.9004459346950449,0.36799632360677514,0.02780541948060683,0.0823996113663899,0.3374460027119548,0.735817731774588
Asset,no_sentiment,1922,1922,8,"R_g_t_lag,log_diff_AdrActCnt,log_diff_volume_trusted_spot_usd_1d,log_diff_TxCnt,log_UnemRt,log_IndPro,log_CPIPrc,log_TotRes",0,0.009821604081243773,0.005680763951944279,13803.617585576609,13853.667679882381,-6892.808792788304,0.6309880353299868,0.7523095271374289,2.005733839671579,0.19162866882646157,0.1997110643774087,0.9595295554798444,0.33741329299585887,-0.08640008379138216,0.09292648427269269,-0.9297681330312807,0.3526084561476145,0.603740776626774,0.536383799655526,1.1255760837939284,0.26048618714390664,0.14769565515124444,0.08056434571410538,1.8332632610877837,0.06691873810789198,-1.060196926416917,0.9343588531945957,-1.1346785261273846,0.25665219268609857,-1.4593345803978668,1.6103969352562404,-0.9061955772821083,0.3649464657922501,-1.0307817034460658,1.063869723354057,-0.968898428838002,0.3327183487802253,-0.7514391198722545,0.8345188655071727,-0.9004459346950449,0.36799632360677514,0.02780541948060683,0.0823996113663899,0.3374460027119548,0.735817731774588
Hybrid (A-P),ConSIX,2490,2490,8,"R_g_t_lag,log_diff_AdrActCnt,log_diff_volume_trusted_spot_usd_1d,log_diff_TxCnt,log_UnemRt,log_IndPro,log_CPIPrc,log_TotRes",0,0.009897400588033678,0.006704808570582643,12626.389699208723,12678.770041113852,-6304.1948496043615,0.790924355129227,0.6106565021143426,1.8042991631327574,0.034708072384629585,0.06109398489343098,0.5681094864768186,0.5700120368963366,-0.24700702606934408,0.17501174281061205,-1.4113740146947815,0.15825974996924871,-0.21672745988123654,0.1205925324427085,-1.797188063731891,0.07242733985499726,-0.010369559145060228,0.0901544107450301,-0.11501998692428775,0.9084385875486646,0.07646098340351633,0.16758640527461194,0.4562481263216139,0.6482514962980559,-0.030595236065305106,0.06459670701545125,-0.4736346089280814,0.6358021643959393,0.016731090144671508,0.023981997389447555,0.6976520709669263,0.4854601818535311,-0.044522337143979115,0.07893231334957776,-0.5640571681561806,0.5727662097475423,-0.06531237040028279,0.08539842023521296,-0.7647960023193972,0.444465765849817
Hybrid (A-P),EPU_DUS,2490,2490,8,"R_g_t_lag,log_diff_AdrActCnt,log_diff_volume_trusted_spot_usd_1d,log_diff_TxCnt,log_UnemRt,log_IndPro,log_CPIPrc,log_TotRes",0,0.009897400588033678,0.006704808570582643,12626.389699208723,12678.770041113852,-6304.1948496043615,0.790924355129227,0.6106565021143426,1.8042991631327574,0.034708072384629585,0.06109398489343098,0.5681094864768186,0.5700120368963366,-0.24700702606934408,0.17501174281061205,-1.4113740146947815,0.15825974996924871,-0.21672745988123654,0.1205925324427085,-1.797188063731891,0.07242733985499726,-0.010369559145060228,0.0901544107450301,-0.11501998692428775,0.9084385875486646,0.07646098340351633,0.16758640527461194,0.4562481263216139,0.6482514962980559,-0.030595236065305106,0.06459670701545125,-0.4736346089280814,0.6358021643959393,0.016731090144671508,0.023981997389447555,0.6976520709669263,0.4854601818535311,-0.044522337143979115,0.07893231334957776,-0.5640571681561806,0.5727662097475423,-0.06531237040028279,0.08539842023521296,-0.7647960023193972,0.444465765849817
Hybrid (A-P),InvSIX,2490,2490,8,"R_g_t_lag,log_diff_AdrActCnt,log_diff_volume_trusted_spot_usd_1d,log_diff_TxCnt,log_UnemRt,log_IndPro,log_CPIPrc,log_TotRes",0,0.009897400588033678,0.006704808570582643,12626.389699208723,12678.770041113852,-6304.1948496043615,0.790924355129227,0.6106565021143426,1.8042991631327574,0.034708072384629585,0.06109398489343098,0.5681094864768186,0.5700120368963366,-0.24700702606934408,0.17501174281061205,-1.4113740146947815,0.15825974996924871,-0.21672745988123654,0.1205925324427085,-1.797188063731891,0.07242733985499726,-0.010369559145060228,0.0901544107450301,-0.11501998692428775,0.9084385875486646,0.07646098340351633,0.16758640527461194,0.4562481263216139,0.6482514962980559,-0.030595236065305106,0.06459670701545125,-0.4736346089280814,0.6358021643959393,0.016731090144671508,0.023981997389447555,0.6976520709669263,0.4854601818535311,-0.044522337143979115,0.07893231334957776,-0.5640571681561806,0.5727662097475423,-0.06531237040028279,0.08539842023521296,-0.7647960023193972,0.444465765849817
Hybrid (A-P),TwitSIX,2490,2490,8,"R_g_t_lag,log_diff_AdrActCnt,log_diff_volume_trusted_spot_usd_1d,log_diff_TxCnt,log_UnemRt,log_IndPro,log_CPIPrc,log_TotRes",0,0.009897400588033678,0.006704808570582643,12626.389699208723,12678.770041113852,-6304.1948496043615,0.790924355129227,0.6106565021143426,1.8042991631327574,0.034708072384629585,0.06109398489343098,0.5681094864768186,0.5700120368963366,-0.24700702606934408,0.17501174281061205,-1.4113740146947815,0.15825974996924871,-0.21672745988123654,0.1205925324427085,-1.797188063731891,0.07242733985499726,-0.010369559145060228,0.0901544107450301,-0.11501998692428775,0.9084385875486646,0.07646098340351633,0.16758640527461194,0.4562481263216139,0.6482514962980559,-0.030595236065305106,0.06459670701545125,-0.4736346089280814,0.6358021643959393,0.016731090144671508,0.023981997389447555,0.6976520709669263,0.4854601818535311,-0.044522337143979115,0.07893231334957776,-0.5640571681561806,0.5727662097475423,-0.06531237040028279,0.08539842023521296,-0.7647960023193972,0.444465765849817
Hybrid (A-P),VIX,2490,2490,8,"R_g_t_lag,log_diff_AdrActCnt,log_diff_volume_trusted_spot_usd_1d,log_diff_TxCnt,log_UnemRt,log_IndPro,log_CPIPrc,log_TotRes",0,0.009897400588033678,0.006704808570582643,12626.389699208723,12678.770041113852,-6304.1948496043615,0.790924355129227,0.6106565021143426,1.8042991631327574,0.034708072384629585,0.06109398489343098,0.5681094864768186,0.5700120368963366,-0.24700702606934408,0.17501174281061205,-1.4113740146947815,0.15825974996924871,-0.21672745988123654,0.1205925324427085,-1.797188063731891,0.07242733985499726,-0.010369559145060228,0.0901544107450301,-0.11501998692428775,0.9084385875486646,0.07646098340351633,0.16758640527461194,0.4562481263216139,0.6482514962980559,-0.030595236065305106,0.06459670701545125,-0.4736346089280814,0.6358021643959393,0.016731090144671508,0.023981997389447555,0.6976520709669263,0.4854601818535311,-0.044522337143979115,0.07893231334957776,-0.5640571681561806,0.5727662097475423,-0.06531237040028279,0.08539842023521296,-0.7647960023193972,0.444465765849817
Hybrid (A-P),fng_value,2490,2490,8,"R_g_t_lag,log_diff_AdrActCnt,log_diff_volume_trusted_spot_usd_1d,log_diff_TxCnt,log_UnemRt,log_IndPro,log_CPIPrc,log_TotRes",0,0.009897400588033678,0.006704808570582643,12626.389699208723,12678.770041113852,-6304.1948496043615,0.790924355129227,0.6106565021143426,1.8042991631327574,0.034708072384629585,0.06109398489343098,0.5681094864768186,0.5700120368963366,-0.24700702606934408,0.17501174281061205,-1.4113740146947815,0.15825974996924871,-0.21672745988123654,0.1205925324427085,-1.797188063731891,0.07242733985499726,-0.010369559145060228,0.0901544107450301,-0.11501998692428775,0.9084385875486646,0.07646098340351633,0.16758640527461194,0.4562481263216139,0.6482514962980559,-0.030595236065305106,0.06459670701545125,-0.4736346089280814,0.6358021643959393,0.016731090144671508,0.023981997389447555,0.6976520709669263,0.4854601818535311,-0.044522337143979115,0.07893231334957776,-0.5640571681561806,0.5727662097475423,-0.06531237040028279,0.08539842023521296,-0.7647960023193972,0.444465765849817
Hybrid (A-P),no_sentiment,2490,2490,8,"R_g_t_lag,log_diff_AdrActCnt,log_diff_volume_trusted_spot_usd_1d,log_diff_TxCnt,log_UnemRt,log_IndPro,log_CPIPrc,log_TotRes",0,0.009897400588033678,0.006704808570582643,12626.389699208723,12678.770041113852,-6304.1948496043615,0.790924355129227,0.6106565021143426,1.8042991631327574,0.034708072384629585,0.06109398489343098,0.5681094864768186,0.5700120368963366,-0.24700702606934408,0.17501174281061205,-1.4113740146947815,0.15825974996924871,-0.21672745988123654,0.1205925324427085,-1.797188063731891,0.07242733985499726,-0.010369559145060228,0.0901544107450301,-0.11501998692428775,0.9084385875486646,0.07646098340351633,0.16758640527461194,0.4562481263216139,0.6482514962980559,-0.030595236065305106,0.06459670701545125,-0.4736346089280814,0.6358021643959393,0.016731090144671508,0.023981997389447555,0.6976520709669263,0.4854601818535311,-0.044522337143979115,0.07893231334957776,-0.5640571681561806,0.5727662097475423,-0.06531237040028279,0.08539842023521296,-0.7647960023193972,0.444465765849817
Hybrid (U-A),ConSIX,2788,2788,8,"R_g_t_lag,log_diff_AdrActCnt,log_diff_volume_trusted_spot_usd_1d,log_diff_TxCnt,log_UnemRt,log_IndPro,log_CPIPrc,log_TotRes",0,0.005622373461221075,0.0027598254179284076,18700.385036560427,18753.78275450735,-9341.192518280213,1.5284861221215604,0.1418984457040979,2.1063582198523725,-0.047061544844117446,0.1308946759506657,-0.3595375022117399,0.719220345489769,-0.22062363952180516,0.2232191372294674,-0.9883724229925945,0.32305633341169515,-0.5497891634218941,0.31497136230843376,-1.7455211146577716,0.08100471549999862,0.1948775512114202,0.18127267248919404,1.0750520116209858,0.2824447704982398,0.18710126809671265,0.2995440343878548,0.6246202448300161,0.5322716062416692,0.5395671323629609,0.39149242008886836,1.3782313645829458,0.16824281596475277,0.18124776467222575,0.43063500171661945,0.42088488847800704,0.6738716862712217,0.2859306418814512,0.2762257229928062,1.0351340157009843,0.3006963945985923,-0.029177309596450915,0.31794331997220254,-0.09176890270568307,0.926888266074109
Hybrid (U-A),EPU_DUS,2788,2788,8,"R_g_t_lag,log_diff_AdrActCnt,log_diff_volume_trusted_spot_usd_1d,log_diff_TxCnt,log_UnemRt,log_IndPro,log_CPIPrc,log_TotRes",0,0.005622373461221075,0.0027598254179284076,18700.385036560427,18753.78275450735,-9341.192518280213,1.5284861221215604,0.1418984457040979,2.1063582198523725,-0.047061544844117446,0.1308946759506657,-0.3595375022117399,0.719220345489769,-0.22062363952180516,0.2232191372294674,-0.9883724229925945,0.32305633341169515,-0.5497891634218941,0.31497136230843376,-1.7455211146577716,0.08100471549999862,0.1948775512114202,0.18127267248919404,1.0750520116209858,0.2824447704982398,0.18710126809671265,0.2995440343878548,0.6246202448300161,0.5322716062416692,0.5395671323629609,0.39149242008886836,1.3782313645829458,0.16824281596475277,0.18124776467222575,0.43063500171661945,0.42088488847800704,0.6738716862712217,0.2859306418814512,0.2762257229928062,1.0351340157009843,0.3006963945985923,-0.029177309596450915,0.31794331997220254,-0.09176890270568307,0.926888266074109
Hybrid (U-A),InvSIX,2788,2788,8,"R_g_t_lag,log_diff_AdrActCnt,log_diff_volume_trusted_spot_usd_1d,log_diff_TxCnt,log_UnemRt,log_IndPro,log_CPIPrc,log_TotRes",0,0.005622373461221075,0.0027598254179284076,18700.385036560427,18753.78275450735,-9341.192518280213,1.5284861221215604,0.1418984457040979,2.1063582198523725,-0.047061544844117446,0.1308946759506657,-0.3595375022117399,0.719220345489769,-0.22062363952180516,0.2232191372294674,-0.9883724229925945,0.32305633341169515,-0.5497891634218941,0.31497136230843376,-1.7455211146577716,0.08100471549999862,0.1948775512114202,0.18127267248919404,1.0750520116209858,0.2824447704982398,0.18710126809671265,0.2995440343878548,0.6246202448300161,0.5322716062416692,0.5395671323629609,0.39149242008886836,1.3782313645829458,0.16824281596475277,0.18124776467222575,0.43063500171661945,0.42088488847800704,0.6738716862712217,0.2859306418814512,0.2762257229928062,1.0351340157009843,0.3006963945985923,-0.029177309596450915,0.31794331997220254,-0.09176890270568307,0.926888266074109
Hybrid (U-A),TwitSIX,2788,2788,8,"R_g_t_lag,log_diff_AdrActCnt,log_diff_volume_trusted_spot_usd_1d,log_diff_TxCnt,log_UnemRt,log_IndPro,log_CPIPrc,log_TotRes",0,0.005622373461221075,0.0027598254179284076,18700.385036560427,18753.78275450735,-9341.192518280213,1.5284861221215604,0.1418984457040979,2.1063582198523725,-0.047061544844117446,0.1308946759506657,-0.3595375022117399,0.719220345489769,-0.22062363952180516,0.2232191372294674,-0.9883724229925945,0.32305633341169515,-0.5497891634218941,0.31497136230843376,-1.7455211146577716,0.08100471549999862,0.1948775512114202,0.18127267248919404,1.0750520116209858,0.2824447704982398,0.18710126809671265,0.2995440343878548,0.6246202448300161,0.5322716062416692,0.5395671323629609,0.39149242008886836,1.3782313645829458,0.16824281596475277,0.18124776467222575,0.43063500171661945,0.42088488847800704,0.6738716862712217,0.2859306418814512,0.2762257229928062,1.0351340157009843,0.3006963945985923,-0.029177309596450915,0.31794331997220254,-0.09176890270568307,0.926888266074109
Hybrid (U-A),VIX,2788,2788,8,"R_g_t_lag,log_diff_AdrActCnt,log_diff_volume_trusted_spot_usd_1d,log_diff_TxCnt,log_UnemRt,log_IndPro,log_CPIPrc,log_TotRes",0,0.005622373461221075,0.0027598254179284076,18700.385036560427,18753.78275450735,-9341.192518280213,1.5284861221215604,0.1418984457040979,2.1063582198523725,-0.047061544844117446,0.1308946759506657,-0.3595375022117399,0.719220345489769,-0.22062363952180516,0.2232191372294674,-0.9883724229925945,0.32305633341169515,-0.5497891634218941,0.31497136230843376,-1.7455211146577716,0.08100471549999862,0.1948775512114202,0.18127267248919404,1.0750520116209858,0.2824447704982398,0.18710126809671265,0.2995440343878548,0.6246202448300161,0.5322716062416692,0.5395671323629609,0.39149242008886836,1.3782313645829458,0.16824281596475277,0.18124776467222575,0.43063500171661945,0.42088488847800704,0.6738716862712217,0.2859306418814512,0.2762257229928062,1.0351340157009843,0.3006963945985923,-0.029177309596450915,0.31794331997220254,-0.09176890270568307,0.926888266074109
Hybrid (U-A),fng_value,2788,2788,8,"R_g_t_lag,log_diff_AdrActCnt,log_diff_volume_trusted_spot_usd_1d,log_diff_TxCnt,log_UnemRt,log_IndPro,log_CPIPrc,log_TotRes",0,0.005622373461221075,0.0027598254179284076,18700.385036560427,18753.78275450735,-9341.192518280213,1.5284861221215604,0.1418984457040979,2.1063582198523725,-0.047061544844117446,0.1308946759506657,-0.3595375022117399,0.719220345489769,-0.22062363952180516,0.2232191372294674,-0.9883724229925945,0.32305633341169515,-0.5497891634218941,0.31497136230843376,-1.7455211146577716,0.08100471549999862,0.1948775512114202,0.18127267248919404,1.0750520116209858,0.2824447704982398,0.18710126809671265,0.2995440343878548,0.6246202448300161,0.5322716062416692,0.5395671323629609,0.39149242008886836,1.3782313645829458,0.16824281596475277,0.18124776467222575,0.43063500171661945,0.42088488847800704,0.6738716862712217,0.2859306418814512,0.2762257229928062,1.0351340157009843,0.3006963945985923,-0.029177309596450915,0.31794331997220254,-0.09176890270568307,0.926888266074109
Hybrid (U-A),no_sentiment,2788,2788,8,"R_g_t_lag,log_diff_AdrActCnt,log_diff_volume_trusted_spot_usd_1d,log_diff_TxCnt,log_UnemRt,log_IndPro,log_CPIPrc,log_TotRes",0,0.005622373461221075,0.0027598254179284076,18700.385036560427,18753.78275450735,-9341.192518280213,1.5284861221215604,0.1418984457040979,2.1063582198523725,-0.047061544844117446,0.1308946759506657,-0.3595375022117399,0.719220345489769,-0.22062363952180516,0.2232191372294674,-0.9883724229925945,0.32305633341169515,-0.5497891634218941,0.31497136230843376,-1.7455211146577716,0.08100471549999862,0.1948775512114202,0.18127267248919404,1.0750520116209858,0.2824447704982398,0.18710126809671265,0.2995440343878548,0.6246202448300161,0.5322716062416692,0.5395671323629609,0.39149242008886836,1.3782313645829458,0.16824281596475277,0.18124776467222575,0.43063500171661945,0.42088488847800704,0.6738716862712217,0.2859306418814512,0.2762257229928062,1.0351340157009843,0.3006963945985923,-0.029177309596450915,0.31794331997220254,-0.09176890270568307,0.926888266074109
Hybrid (U-P),ConSIX,3772,3772,8,"R_g_t_lag,log_diff_AdrActCnt,log_diff_volume_trusted_spot_usd_1d,log_diff_TxCnt,log_UnemRt,log_IndPro,log_CPIPrc,log_TotRes",0,0.0025340088428769114,0.00041343272561478184,31080.62175956952,31136.7400053633,-15531.31087978476,2.0410208569035126,0.038206208448293096,2.020308605576062,-0.13483359891236107,0.2422227106418331,-0.5566513501359299,0.5777987639158191,-0.0010853641332458572,0.2181626627708846,-0.004975022395952837,0.9960307865284612,-0.1374336984443452,0.1463790151648953,-0.9388893502905916,0.3478478165689577,0.22363168440079467,0.16766690334004136,1.3337854993794,0.18235488562294866,0.2482331174832523,0.3285676199681782,0.7555008540016624,0.4499958057952803,1.2532195215837945,0.745735293559135,1.6805152343033327,0.09294010970342195,1.6324551285145026,1.4438555186079234,1.1306222177191354,0.25828618706705836,0.6059393090945915,0.30957275737882767,1.95734054322195,0.05038126458072794,-1.2766820868726005,0.9207626577645854,-1.386548505314183,0.165661617140343
Hybrid (U-P),EPU_DUS,3772,3772,8,"R_g_t_lag,log_diff_AdrActCnt,log_diff_volume_trusted_spot_usd_1d,log_diff_TxCnt,log_UnemRt,log_IndPro,log_CPIPrc,log_TotRes",0,0.0025340088428769114,0.00041343272561478184,31080.62175956952,31136.7400053633,-15531.31087978476,2.0410208569035126,0.038206208448293096,2.020308605576062,-0.13483359891236107,0.2422227106418331,-0.5566513501359299,0.5777987639158191,-0.0010853641332458572,0.2181626627708846,-0.004975022395952837,0.9960307865284612,-0.1374336984443452,0.1463790151648953,-0.9388893502905916,0.3478478165689577,0.22363168440079467,0.16766690334004136,1.3337854993794,0.18235488562294866,0.2482331174832523,0.3285676199681782,0.7555008540016624,0.4499958057952803,1.2532195215837945,0.745735293559135,1.6805152343033327,0.09294010970342195,1.6324551285145026,1.4438555186079234,1.1306222177191354,0.25828618706705836,0.6059393090945915,0.30957275737882767,1.95734054322195,0.05038126458072794,-1.2766820868726005,0.9207626577645854,-1.386548505314183,0.165661617140343
Hybrid (U-P),InvSIX,3772,3772,8,"R_g_t_lag,log_diff_AdrActCnt,log_diff_volume_trusted_spot_usd_1d,log_diff_TxCnt,log_UnemRt,log_IndPro,log_CPIPrc,log_TotRes",0,0.0025340088428769114,0.00041343272561478184,31080.62175956952,31136.7400053633,-15531.31087978476,2.0410208569035126,0.038206208448293096,2.020308605576062,-0.13483359891236107,0.2422227106418331,-0.5566513501359299,0.5777987639158191,-0.0010853641332458572,0.2181626627708846,-0.004975022395952837,0.9960307865284612,-0.1374336984443452,0.1463790151648953,-0.9388893502905916,0.3478478165689577,0.22363168440079467,0.16766690334004136,1.3337854993794,0.18235488562294866,0.2482331174832523,0.3285676199681782,0.7555008540016624,0.4499958057952803,1.2532195215837945,0.745735293559135,1.6805152343033327,0.09294010970342195,1.6324551285145026,1.4438555186079234,1.1306222177191354,0.25828618706705836,0.6059393090945915,0.30957275737882767,1.95734054322195,0.05038126458072794,-1.2766820868726005,0.9207626577645854,-1.386548505314183,0.165661617140343
Hybrid (U-P),TwitSIX,3772,3772,8,"R_g_t_lag,log_diff_AdrActCnt,log_diff_volume_trusted_spot_usd_1d,log_diff_TxCnt,log_UnemRt,log_IndPro,log_CPIPrc,log_TotRes",0,0.0025340088428769114,0.00041343272561478184,31080.62175956952,31136.7400053633,-15531.31087978476,2.0410208569035126,0.038206208448293096,2.020308605576062,-0.13483359891236107,0.2422227106418331,-0.5566513501359299,0.5777987639158191,-0.0010853641332458572,0.2181626627708846,-0.004975022395952837,0.9960307865284612,-0.1374336984443452,0.1463790151648953,-0.9388893502905916,0.3478478165689577,0.22363168440079467,0.16766690334004136,1.3337854993794,0.18235488562294866,0.2482331174832523,0.3285676199681782,0.7555008540016624,0.4499958057952803,1.2532195215837945,0.745735293559135,1.6805152343033327,0.09294010970342195,1.6324551285145026,1.4438555186079234,1.1306222177191354,0.25828618706705836,0.6059393090945915,0.30957275737882767,1.95734054322195,0.05038126458072794,-1.2766820868726005,0.9207626577645854,-1.386548505314183,0.165661617140343
Hybrid (U-P),VIX,3772,3772,8,"R_g_t_lag,log_diff_AdrActCnt,log_diff_volume_trusted_spot_usd_1d,log_diff_TxCnt,log_UnemRt,log_IndPro,log_CPIPrc,log_TotRes",0,0.0025340088428769114,0.00041343272561478184,31080.62175956952,31136.7400053633,-15531.31087978476,2.0410208569035126,0.038206208448293096,2.020308605576062,-0.13483359891236107,0.2422227106418331,-0.5566513501359299,0.5777987639158191,-0.0010853641332458572,0.2181626627708846,-0.004975022395952837,0.9960307865284612,-0.1374336984443452,0.1463790151648953,-0.9388893502905916,0.3478478165689577,0.22363168440079467,0.16766690334004136,1.3337854993794,0.18235488562294866,0.2482331174832523,0.3285676199681782,0.7555008540016624,0.4499958057952803,1.2532195215837945,0.745735293559135,1.6805152343033327,0.09294010970342195,1.6324551285145026,1.4438555186079234,1.1306222177191354,0.25828618706705836,0.6059393090945915,0.30957275737882767,1.95734054322195,0.05038126458072794,-1.2766820868726005,0.9207626577645854,-1.386548505314183,0.165661617140343
Hybrid (U-P),fng_value,3772,3772,8,"R_g_t_lag,log_diff_AdrActCnt,log_diff_volume_trusted_spot_usd_1d,log_diff_TxCnt,log_UnemRt,log_IndPro,log_CPIPrc,log_TotRes",0,0.0025340088428769114,0.00041343272561478184,31080.62175956952,31136.7400053633,-15531.31087978476,2.0410208569035126,0.038206208448293096,2.020308605576062,-0.13483359891236107,0.2422227106418331,-0.5566513501359299,0.5777987639158191,-0.0010853641332458572,0.2181626627708846,-0.004975022395952837,0.9960307865284612,-0.1374336984443452,0.1463790151648953,-0.9388893502905916,0.3478478165689577,0.22363168440079467,0.16766690334004136,1.3337854993794,0.18235488562294866,0.2482331174832523,0.3285676199681782,0.7555008540016624,0.4499958057952803,1.2532195215837945,0.745735293559135,1.6805152343033327,0.09294010970342195,1.6324551285145026,1.4438555186079234,1.1306222177191354,0.25828618706705836,0.6059393090945915,0.30957275737882767,1.95734054322195,0.05038126458072794,-1.2766820868726005,0.9207626577645854,-1.386548505314183,0.165661617140343
Hybrid (U-P),no_sentiment,3772,3772,8,"R_g_t_lag,log_diff_AdrActCnt,log_diff_volume_trusted_spot_usd_1d,log_diff_TxCnt,log_UnemRt,log_IndPro,log_CPIPrc,log_TotRes",0,0.0025340088428769114,0.00041343272561478184,31080.62175956952,31136.7400053633,-15531.31087978476,2.0410208569035126,0.038206208448293096,2.020308605576062,-0.13483359891236107,0.2422227106418331,-0.5566513501359299,0.5777987639158191,-0.0010853641332458572,0.2181626627708846,-0.004975022395952837,0.9960307865284612,-0.1374336984443452,0.1463790151648953,-0.9388893502905916,0.3478478165689577,0.22363168440079467,0.16766690334004136,1.3337854993794,0.18235488562294866,0.2482331174832523,0.3285676199681782,0.7555008540016624,0.4499958057952803,1.2532195215837945,0.745735293559135,1.6805152343033327,0.09294010970342195,1.6324551285145026,1.4438555186079234,1.1306222177191354,0.25828618706705836,0.6059393090945915,0.30957275737882767,1.95734054322195,0.05038126458072794,-1.2766820868726005,0.9207626577645854,-1.386548505314183,0.165661617140343
Payment,ConSIX,3772,3772,8,"R_g_t_lag,log_diff_AdrActCnt,log_diff_volume_trusted_spot_usd_1d,log_diff_TxCnt,log_UnemRt,log_IndPro,log_CPIPrc,log_TotRes",0,0.004786329581197624,0.0026705418152261906,23195.428675843006,23251.546921636786,-11588.714337921503,2.136658858588058,0.029407173597375026,2.0615322795779334,-0.000927377853465491,0.08516840365119525,-0.010888754675543061,0.9913127796484739,0.2213538906847675,0.10651890689587938,2.0780713690681933,0.03777041623448831,-0.01990220950306769,0.1009852270174942,-0.1970804056282403,0.8437752603727571,-0.06313445470488772,0.10557557729681444,-0.5980024577785823,0.5498742804839466,0.06966095781092113,0.08156194618685074,0.854086508079815,0.3931114255546777,0.5294540303179307,0.21134934036269676,2.505113237681907,0.012283156675628359,0.4841311305259354,0.37737254916665186,1.282899701091236,0.1996062276566953,0.33145660943980765,0.1938816489540782,1.7095821663777717,0.08742561078782561,-0.5016346027095567,0.26215780764243335,-1.913483360349712,0.05576199918309369
Payment,EPU_DUS,3772,3772,8,"R_g_t_lag,log_diff_AdrActCnt,log_diff_volume_trusted_spot_usd_1d,log_diff_TxCnt,log_UnemRt,log_IndPro,log_CPIPrc,log_TotRes",0,0.004786329581197624,0.0026705418152261906,23195.428675843006,23251.546921636786,-11588.714337921503,2.136658858588058,0.029407173597375026,2.0615322795779334,-0.000927377853465491,0.08516840365119525,-0.010888754675543061,0.9913127796484739,0.2213538906847675,0.10651890689587938,2.0780713690681933,0.03777041623448831,-0.01990220950306769,0.1009852270174942,-0.1970804056282403,0.8437752603727571,-0.06313445470488772,0.10557557729681444,-0.5980024577785823,0.5498742804839466,0.06966095781092113,0.08156194618685074,0.854086508079815,0.3931114255546777,0.5294540303179307,0.21134934036269676,2.505113237681907,0.012283156675628359,0.4841311305259354,0.37737254916665186,1.282899701091236,0.1996062276566953,0.33145660943980765,0.1938816489540782,1.7095821663777717,0.08742561078782561,-0.5016346027095567,0.26215780764243335,-1.913483360349712,0.05576199918309369
Payment,InvSIX,3772,3772,8,"R_g_t_lag,log_diff_AdrActCnt,log_diff_volume_trusted_spot_usd_1d,log_diff_TxCnt,log_UnemRt,log_IndPro,log_CPIPrc,log_TotRes",0,0.004786329581197624,0.0026705418152261906,23195.428675843006,23251.546921636786,-11588.714337921503,2.136658858588058,0.029407173597375026,2.0615322795779334,-0.000927377853465491,0.08516840365119525,-0.010888754675543061,0.9913127796484739,0.2213538906847675,0.10651890689587938,2.0780713690681933,0.03777041623448831,-0.01990220950306769,0.1009852270174942,-0.1970804056282403,0.8437752603727571,-0.06313445470488772,0.10557557729681444,-0.5980024577785823,0.5498742804839466,0.06966095781092113,0.08156194618685074,0.854086508079815,0.3931114255546777,0.5294540303179307,0.21134934036269676,2.505113237681907,0.012283156675628359,0.4841311305259354,0.37737254916665186,1.282899701091236,0.1996062276566953,0.33145660943980765,0.1938816489540782,1.7095821663777717,0.08742561078782561,-0.5016346027095567,0.26215780764243335,-1.913483360349712,0.05576199918309369
Payment,TwitSIX,3772,3772,8,"R_g_t_lag,log_diff_AdrActCnt,log_diff_volume_trusted_spot_usd_1d,log_diff_TxCnt,log_UnemRt,log_IndPro,log_CPIPrc,log_TotRes",0,0.004786329581197624,0.0026705418152261906,23195.428675843006,23251.546921636786,-11588.714337921503,2.136658858588058,0.029407173597375026,2.0615322795779334,-0.000927377853465491,0.08516840365119525,-0.010888754675543061,0.9913127796484739,0.2213538906847675,0.10651890689587938,2.0780713690681933,0.03777041623448831,-0.01990220950306769,0.1009852270174942,-0.1970804056282403,0.8437752603727571,-0.06313445470488772,0.10557557729681444,-0.5980024577785823,0.5498742804839466,0.06966095781092113,0.08156194618685074,0.854086508079815,0.3931114255546777,0.5294540303179307,0.21134934036269676,2.505113237681907,0.012283156675628359,0.4841311305259354,0.37737254916665186,1.282899701091236,0.1996062276566953,0.33145660943980765,0.1938816489540782,1.7095821663777717,0.08742561078782561,-0.5016346027095567,0.26215780764243335,-1.913483360349712,0.05576199918309369
Payment,VIX,3772,3772,8,"R_g_t_lag,log_diff_AdrActCnt,log_diff_volume_trusted_spot_usd_1d,log_diff_TxCnt,log_UnemRt,log_IndPro,log_CPIPrc,log_TotRes",0,0.004786329581197624,0.0026705418152261906,23195.428675843006,23251.546921636786,-11588.714337921503,2.136658858588058,0.029407173597375026,2.0615322795779334,-0.000927377853465491,0.08516840365119525,-0.010888754675543061,0.9913127796484739,0.2213538906847675,0.10651890689587938,2.0780713690681933,0.03777041623448831,-0.01990220950306769,0.1009852270174942,-0.1970804056282403,0.8437752603727571,-0.06313445470488772,0.10557557729681444,-0.5980024577785823,0.5498742804839466,0.06966095781092113,0.08156194618685074,0.854086508079815,0.3931114255546777,0.5294540303179307,0.21134934036269676,2.505113237681907,0.012283156675628359,0.4841311305259354,0.37737254916665186,1.282899701091236,0.1996062276566953,0.33145660943980765,0.1938816489540782,1.7095821663777717,0.08742561078782561,-0.5016346027095567,0.26215780764243335,-1.913483360349712,0.05576199918309369
Payment,fng_value,3772,3772,8,"R_g_t_lag,log_diff_AdrActCnt,log_diff_volume_trusted_spot_usd_1d,log_diff_TxCnt,log_UnemRt,log_IndPro,log_CPIPrc,log_TotRes",0,0.004786329581197624,0.0026705418152261906,23195.428675843006,23251.546921636786,-11588.714337921503,2.136658858588058,0.029407173597375026,2.0615322795779334,-0.000927377853465491,0.08516840365119525,-0.010888754675543061,0.9913127796484739,0.2213538906847675,0.10651890689587938,2.0780713690681933,0.03777041623448831,-0.01990220950306769,0.1009852270174942,-0.1970804056282403,0.8437752603727571,-0.06313445470488772,0.10557557729681444,-0.5980024577785823,0.5498742804839466,0.06966095781092113,0.08156194618685074,0.854086508079815,0.3931114255546777,0.5294540303179307,0.21134934036269676,2.505113237681907,0.012283156675628359,0.4841311305259354,0.37737254916665186,1.282899701091236,0.1996062276566953,0.33145660943980765,0.1938816489540782,1.7095821663777717,0.08742561078782561,-0.5016346027095567,0.26215780764243335,-1.913483360349712,0.05576199918309369
Payment,no_sentiment,3772,3772,8,"R_g_t_lag,log_diff_AdrActCnt,log_diff_volume_trusted_spot_usd_1d,log_diff_TxCnt,log_UnemRt,log_IndPro,log_CPIPrc,log_TotRes",0,0.004786329581197624,0.0026705418152261906,23195.428675843006,23251.546921636786,-11588.714337921503,2.136658858588058,0.029407173597375026,2.0615322795779334,-0.000927377853465491,0.08516840365119525,-0.010888754675543061,0.9913127796484739,0.2213538906847675,0.10651890689587938,2.0780713690681933,0.03777041623448831,-0.01990220950306769,0.1009852270174942,-0.1970804056282403,0.8437752603727571,-0.06313445470488772,0.10557557729681444,-0.5980024577785823,0.5498742804839466,0.06966095781092113,0.08156194618685074,0.854086508079815,0.3931114255546777,0.5294540303179307,0.21134934036269676,2.505113237681907,0.012283156675628359,0.4841311305259354,0.37737254916665186,1.282899701091236,0.1996062276566953,0.33145660943980765,0.1938816489540782,1.7095821663777717,0.08742561078782561,-0.5016346027095567,0.26215780764243335,-1.913483360349712,0.05576199918309369
Utility,ConSIX,3270,3270,8,"R_g_t_lag,log_diff_AdrActCnt,log_diff_volume_trusted_spot_usd_1d,log_diff_TxCnt,log_UnemRt,log_IndPro,log_CPIPrc,log_TotRes",0,0.004840058497736832,0.0023986970957072806,23383.786142933186,23438.619050308207,-11682.893071466593,1.8489614971387542,0.06373723207769927,2.062770986893878,0.2859946145744255,0.15090829472856912,1.895155034975573,0.058160226926886,0.006126965111199437,0.12493045424244749,0.0490430067540544,0.960888026104904,-0.10746393840452204,0.23926739348183915,-0.44913741417373176,0.6533623783731785,-0.16617658850863287,0.23150741161219204,-0.7178024554436399,0.4729305161932401,0.01506118058968861,0.2655765053027984,0.05671126883952528,0.954778671614574,1.0677331873295872,0.4043510079341786,2.6406096841074174,0.008315160348026769,0.4996272744010079,0.36136432234774707,1.3826137321885585,0.16687800980740342,0.5870835485367771,0.3805402586494779,1.5427633087240575,0.12298524382333653,-0.688308796121134,0.2820358537152056,-2.440501046424314,0.01471978608105583
Utility,EPU_DUS,3270,3270,8,"R_g_t_lag,log_diff_AdrActCnt,log_diff_volume_trusted_spot_usd_1d,log_diff_TxCnt,log_UnemRt,log_IndPro,log_CPIPrc,log_TotRes",0,0.004840058497736832,0.0023986970957072806,23383.786142933186,23438.619050308207,-11682.893071466593,1.8489614971387542,0.06373723207769927,2.062770986893878,0.2859946145744255,0.15090829472856912,1.895155034975573,0.058160226926886,0.006126965111199437,0.12493045424244749,0.0490430067540544,0.960888026104904,-0.10746393840452204,0.23926739348183915,-0.44913741417373176,0.6533623783731785,-0.16617658850863287,0.23150741161219204,-0.7178024554436399,0.4729305161932401,0.01506118058968861,0.2655765053027984,0.05671126883952528,0.954778671614574,1.0677331873295872,0.4043510079341786,2.6406096841074174,0.008315160348026769,0.4996272744010079,0.36136432234774707,1.3826137321885585,0.16687800980740342,0.5870835485367771,0.3805402586494779,1.5427633087240575,0.12298524382333653,-0.688308796121134,0.2820358537152056,-2.440501046424314,0.01471978608105583
Utility,InvSIX,3270,3270,8,"R_g_t_lag,log_diff_AdrActCnt,log_diff_volume_trusted_spot_usd_1d,log_diff_TxCnt,log_UnemRt,log_IndPro,log_CPIPrc,log_TotRes",0,0.004840058497736832,0.0023986970957072806,23383.786142933186,23438.619050308207,-11682.893071466593,1.8489614971387542,0.06373723207769927,2.062770986893878,0.2859946145744255,0.15090829472856912,1.895155034975573,0.058160226926886,0.006126965111199437,0.12493045424244749,0.0490430067540544,0.960888026104904,-0.10746393840452204,0.23926739348183915,-0.44913741417373176,0.6533623783731785,-0.16617658850863287,0.23150741161219204,-0.7178024554436399,0.4729305161932401,0.01506118058968861,0.2655765053027984,0.05671126883952528,0.954778671614574,1.0677331873295872,0.4043510079341786,2.6406096841074174,0.008315160348026769,0.4996272744010079,0.36136432234774707,1.3826137321885585,0.16687800980740342,0.5870835485367771,0.3805402586494779,1.5427633087240575,0.12298524382333653,-0.688308796121134,0.2820358537152056,-2.440501046424314,0.01471978608105583
Utility,TwitSIX,3270,3270,8,"R_g_t_lag,log_diff_AdrActCnt,log_diff_volume_trusted_spot_usd_1d,log_diff_TxCnt,log_UnemRt,log_IndPro,log_CPIPrc,log_TotRes",0,0.004840058497736832,0.0023986970957072806,23383.786142933186,23438.619050308207,-11682.893071466593,1.8489614971387542,0.06373723207769927,2.062770986893878,0.2859946145744255,0.15090829472856912,1.895155034975573,0.058160226926886,0.006126965111199437,0.12493045424244749,0.0490430067540544,0.960888026104904,-0.10746393840452204,0.23926739348183915,-0.44913741417373176,0.6533623783731785,-0.16617658850863287,0.23150741161219204,-0.7178024554436399,0.4729305161932401,0.01506118058968861,0.2655765053027984,0.05671126883952528,0.954778671614574,1.0677331873295872,0.4043510079341786,2.6406096841074174,0.008315160348026769,0.4996272744010079,0.36136432234774707,1.3826137321885585,0.16687800980740342,0.5870835485367771,0.3805402586494779,1.5427633087240575,0.12298524382333653,-0.688308796121134,0.2820358537152056,-2.440501046424314,0.01471978608105583
Utility,VIX,3270,3270,8,"R_g_t_lag,log_diff_AdrActCnt,log_diff_volume_trusted_spot_usd_1d,log_diff_TxCnt,log_UnemRt,log_IndPro,log_CPIPrc,log_TotRes",0,0.004840058497736832,0.0023986970957072806,23383.786142933186,23438.619050308207,-11682.893071466593,1.8489614971387542,0.06373723207769927,2.062770986893878,0.2859946145744255,0.15090829472856912,1.895155034975573,0.058160226926886,0.006126965111199437,0.12493045424244749,0.0490430067540544,0.960888026104904,-0.10746393840452204,0.23926739348183915,-0.44913741417373176,0.6533623783731785,-0.16617658850863287,0.23150741161219204,-0.7178024554436399,0.4729305161932401,0.01506118058968861,0.2655765053027984,0.05671126883952528,0.954778671614574,1.0677331873295872,0.4043510079341786,2.6406096841074174,0.008315160348026769,0.4996272744010079,0.36136432234774707,1.3826137321885585,0.16687800980740342,0.5870835485367771,0.3805402586494779,1.5427633087240575,0.12298524382333653,-0.688308796121134,0.2820358537152056,-2.440501046424314,0.01471978608105583
Utility,fng_value,3270,3270,8,"R_g_t_lag,log_diff_AdrActCnt,log_diff_volume_trusted_spot_usd_1d,log_diff_TxCnt,log_UnemRt,log_IndPro,log_CPIPrc,log_TotRes",0,0.004840058497736832,0.0023986970957072806,23383.786142933186,23438.619050308207,-11682.893071466593,1.8489614971387542,0.06373723207769927,2.062770986893878,0.2859946145744255,0.15090829472856912,1.895155034975573,0.058160226926886,0.006126965111199437,0.12493045424244749,0.0490430067540544,0.960888026104904,-0.10746393840452204,0.23926739348183915,-0.44913741417373176,0.6533623783731785,-0.16617658850863287,0.23150741161219204,-0.7178024554436399,0.4729305161932401,0.01506118058968861,0.2655765053027984,0.05671126883952528,0.954778671614574,1.0677331873295872,0.4043510079341786,2.6406096841074174,0.008315160348026769,0.4996272744010079,0.36136432234774707,1.3826137321885585,0.16687800980740342,0.5870835485367771,0.3805402586494779,1.5427633087240575,0.12298524382333653,-0.688308796121134,0.2820358537152056,-2.440501046424314,0.01471978608105583
Utility,no_sentiment,3270,3270,8,"R_g_t_lag,log_diff_AdrActCnt,log_diff_volume_trusted_spot_usd_1d,log_diff_TxCnt,log_UnemRt,log_IndPro,log_CPIPrc,log_TotRes",0,0.004840058497736832,0.0023986970957072806,23383.786142933186,23438.619050308207,-11682.893071466593,1.8489614971387542,0.06373723207769927,2.062770986893878,0.2859946145744255,0.15090829472856912,1.895155034975573,0.058160226926886,0.006126965111199437,0.12493045424244749,0.0490430067540544,0.960888026104904,-0.10746393840452204,0.23926739348183915,-0.44913741417373176,0.6533623783731785,-0.16617658850863287,0.23150741161219204,-0.7178024554436399,0.4729305161932401,0.01506118058968861,0.2655765053027984,0.05671126883952528,0.954778671614574,1.0677331873295872,0.4043510079341786,2.6406096841074174,0.008315160348026769,0.4996272744010079,0.36136432234774707,1.3826137321885585,0.16687800980740342,0.5870835485367771,0.3805402586494779,1.5427633087240575,0.12298524382333653,-0.688308796121134,0.2820358537152056,-2.440501046424314,0.01471978608105583
